gene,oe_lof,oe_lof_lower,oe_lof_upper,oe_lof_upper_rank,pLI
MED13,0.0,0.0,0.03,0.0,1.0
NIPBL,0.0066527,0.001,0.032,1.0,1.0
SMC3,0.0,0.0,0.037,2.0,1.0
CNOT1,0.0079978,0.002,0.038,3.0,1.0
RLF,0.0,0.0,0.04,4.0,1.0
PCF11,0.0,0.0,0.04,5.0,1.0
FNDC3B,0.0,0.0,0.042,6.0,1.0
TAF1,0.0,0.0,0.043,7.0,1.0
RSF1,0.0,0.0,0.044,8.0,1.0
NCKAP1,0.0,0.0,0.044,9.0,1.0
KDM2A,0.0,0.0,0.045,10.0,1.0
BRD4,0.0,0.0,0.048,11.0,1.0
HELZ,0.010152,0.003,0.048,12.0,1.0
FBN1,0.018895,0.008,0.049,13.0,1.0
XPO1,0.0,0.0,0.051,14.0,1.0
PRR12,0.0,0.0,0.051,15.0,1.0
USP9X,0.010698,0.003,0.051,16.0,1.0
POLA1,0.0,0.0,0.051,17.0,1.0
SYNGAP1,0.0,0.0,0.052,18.0,1.0
PRKDC,0.024934,0.012,0.052,19.0,1.0
HDAC4,0.0,0.0,0.052,20.0,1.0
SMG1,0.023202,0.01,0.053,21.0,1.0
ZC3H4,0.0,0.0,0.054,22.0,1.0
COL5A1,0.017445,0.006,0.055,23.0,1.0
SMARCA4,0.011662,0.003,0.055,24.0,1.0
TNPO1,0.0,0.0,0.056,25.0,1.0
AGO1,0.0,0.0,0.057,26.0,1.0
ARHGAP35,0.0,0.0,0.057,27.0,1.0
LRP1,0.032397,0.018,0.058,28.0,1.0
TOP1,0.0,0.0,0.059,29.0,1.0
TRIP12,0.018956,0.007,0.06,30.0,1.0
KMT2E,0.012722,0.004,0.06,31.0,1.0
HCFC1,0.0,0.0,0.06,32.0,1.0
UBTF,0.0,0.0,0.06,33.0,1.0
HUWE1,0.026088,0.012,0.06,34.0,1.0
KDM3B,0.012543,0.003,0.06,35.0,1.0
TRRAP,0.030535,0.016,0.06,36.0,1.0
GRIN2B,0.0,0.0,0.061,37.0,1.0
USP7,0.012958,0.004,0.061,38.0,1.0
ATP1A3,0.0,0.0,0.062,39.0,1.0
ASH1L,0.023938,0.01,0.062,40.0,1.0
ANKRD17,0.019796,0.007,0.062,41.0,1.0
SMC1A,0.0,0.0,0.062,42.0,1.0
NPEPPS,0.0,0.0,0.062,43.0,1.0
CHERP,0.0,0.0,0.062,44.0,1.0
MED13L,0.020314,0.007,0.064,45.0,1.0
RPRD2,0.0,0.0,0.064,46.0,1.0
KMT2A,0.031118,0.015,0.065,47.0,1.0
CREBBP,0.025349,0.011,0.066,48.0,1.0
SF3B1,0.013864,0.004,0.066,49.0,1.0
EIF3B,0.0,0.0,0.067,50.0,1.0
PPFIA1,0.01413,0.004,0.067,51.0,1.0
ZSWIM6,0.0,0.0,0.067,52.0,1.0
PRPF3,0.0,0.0,0.068,53.0,1.0
KAT6A,0.021841,0.008,0.069,54.0,1.0
KMT2B,0.026915,0.011,0.07,55.0,1.0
SIN3A,0.014832,0.004,0.07,56.0,1.0
CHD2,0.027031,0.011,0.07,57.0,1.0
ARID1A,0.022463,0.008,0.071,58.0,1.0
GLTSCR1L,0.0,0.0,0.071,59.0,1.0
SCN1A,0.022602,0.008,0.071,60.0,1.0
MED12,0.022555,0.008,0.071,61.0,1.0
TJP1,0.022625,0.008,0.071,62.0,1.0
SPEN,0.03101,0.014,0.071,63.0,1.0
WDFY3,0.03799,0.021,0.071,64.0,1.0
HDAC6,0.0,0.0,0.072,65.0,1.0
EHMT1,0.015126,0.004,0.072,66.0,1.0
JMJD1C,0.027844,0.012,0.072,67.0,1.0
MAP3K12,0.0,0.0,0.072,68.0,1.0
GGNBP2,0.0,0.0,0.073,69.0,1.0
CASK,0.0,0.0,0.073,70.0,1.0
TLE3,0.0,0.0,0.073,71.0,1.0
CHD6,0.031735,0.015,0.073,72.0,1.0
UBR5,0.037137,0.019,0.073,73.0,1.0
EIF4G1,0.023611,0.009,0.074,74.0,1.0
NBEA,0.035174,0.017,0.074,75.0,1.0
SMARCA5,0.01569,0.005,0.074,76.0,1.0
TSC2,0.023406,0.009,0.074,77.0,1.0
SUPT5H,0.015513,0.005,0.074,78.0,1.0
GREB1L,0.023739,0.009,0.075,79.0,1.0
PTCH1,0.015809,0.005,0.075,80.0,1.0
CHD7,0.036285,0.018,0.076,81.0,1.0
RAD54L2,0.016026,0.005,0.076,82.0,1.0
CNOT3,0.0,0.0,0.076,83.0,1.0
AHDC1,0.0,0.0,0.076,84.0,1.0
U2SURP,0.016335,0.005,0.077,85.0,1.0
RBM25,0.016196,0.005,0.077,86.0,1.0
GIGYF2,0.02997,0.013,0.077,87.0,1.0
MBTD1,0.0,0.0,0.077,88.0,1.0
DCAF5,0.0,0.0,0.078,89.0,1.0
SUV420H1,0.0,0.0,0.078,90.0,1.0
RABGAP1,0.016372,0.005,0.078,91.0,1.0
KHSRP,0.0,0.0,0.078,92.0,1.0
TM9SF2,0.0,0.0,0.079,93.0,1.0
MATR3,0.0,0.0,0.079,94.0,1.0
PHF21A,0.0,0.0,0.08,95.0,1.0
NAV1,0.025417,0.009,0.08,96.0,1.0
HIVEP2,0.025372,0.009,0.08,97.0,1.0
OGT,0.0,0.0,0.08,98.0,1.0
RBBP6,0.025497,0.009,0.08,99.0,1.0
GTPBP4,0.0,0.0,0.08,100.0,1.0
MYBL1,0.0,0.0,0.08,101.0,1.0
TEX11,0.0,0.0,0.08,102.0,1.0
DYNC1H1,0.048236,0.029,0.08,103.0,1.0
SBNO1,0.025601,0.009,0.081,104.0,1.0
THOC2,0.016971,0.005,0.081,105.0,1.0
PRKCB,0.0,0.0,0.081,106.0,1.0
INO80,0.031343,0.013,0.081,107.0,1.0
TAF4,0.0,0.0,0.081,108.0,1.0
FLNA,0.02614,0.01,0.082,109.0,1.0
TRIM28,0.0,0.0,0.082,110.0,1.0
CHD8,0.038764,0.019,0.082,111.0,1.0
RBM33,0.017334,0.005,0.082,112.0,1.0
SNRNP200,0.035815,0.017,0.082,113.0,1.0
XPO6,0.017294,0.005,0.082,114.0,1.0
SMARCAD1,0.017414,0.005,0.083,115.0,1.0
FRMPD4,0.0,0.0,0.083,116.0,1.0
MACF1,0.056465,0.038,0.084,117.0,1.0
WAC,0.0,0.0,0.084,118.0,1.0
BRWD3,0.026535,0.01,0.084,119.0,1.0
C17orf104,0.0,0.0,0.084,120.0,1.0
ATP2B1,0.017765,0.005,0.084,121.0,1.0
EIF4G2,0.017981,0.005,0.085,122.0,1.0
ZNF462,0.032888,0.014,0.085,123.0,1.0
WDR26,0.0,0.0,0.085,124.0,1.0
CUL4B,0.0,0.0,0.085,125.0,1.0
TRIM33,0.018203,0.005,0.086,126.0,1.0
STXBP1,0.0,0.0,0.086,127.0,1.0
TOPBP1,0.027431,0.01,0.086,128.0,1.0
NF2,0.0,0.0,0.086,129.0,1.0
TET3,0.018143,0.005,0.086,130.0,1.0
MN1,0.0,0.0,0.087,131.0,0.99999
SUPT6H,0.037832,0.018,0.087,132.0,1.0
RP11-762I7.5,0.0,0.0,0.087,133.0,1.0
NHS,0.0,0.0,0.087,134.0,0.99999
RPS6KA3,0.0,0.0,0.087,135.0,0.99999
MYT1L,0.018386,0.006,0.087,136.0,1.0
UBP1,0.0,0.0,0.088,137.0,0.99999
PLCL2,0.0,0.0,0.088,138.0,0.99999
SPTBN1,0.041887,0.021,0.088,139.0,1.0
MYH9,0.038313,0.018,0.088,140.0,1.0
ZDHHC5,0.0,0.0,0.088,141.0,0.99999
LUC7L3,0.0,0.0,0.089,142.0,0.99999
COPB2,0.018746,0.006,0.089,143.0,1.0
DNAJC14,0.0,0.0,0.089,144.0,0.99999
RNF17,0.03429,0.015,0.089,145.0,1.0
ANK3,0.049308,0.028,0.089,146.0,1.0
F8,0.028416,0.011,0.089,147.0,1.0
TM9SF3,0.0,0.0,0.09,148.0,0.99999
DLG3,0.0,0.0,0.09,149.0,0.99999
MGA,0.042833,0.021,0.09,150.0,1.0
ANKRD52,0.018933,0.006,0.09,151.0,1.0
STAG2,0.018923,0.006,0.09,152.0,1.0
SATB2,0.0,0.0,0.091,153.0,0.99999
USP34,0.054952,0.034,0.091,154.0,1.0
MAP3K2,0.0,0.0,0.091,155.0,0.99999
PREX1,0.035185,0.015,0.091,156.0,1.0
MED14,0.01933,0.006,0.092,157.0,1.0
CYFIP2,0.029307,0.011,0.092,158.0,1.0
ZNF407,0.029252,0.011,0.092,159.0,1.0
KPNB1,0.019307,0.006,0.092,160.0,1.0
ETV5,0.0,0.0,0.092,161.0,0.99999
CUL2,0.019602,0.006,0.093,162.0,1.0
HNRNPM,0.0,0.0,0.093,163.0,0.99999
PIAS1,0.0,0.0,0.094,164.0,0.99999
DAAM2,0.019827,0.006,0.094,165.0,1.0
EFTUD2,0.019846,0.006,0.094,166.0,1.0
YTHDC1,0.019789,0.006,0.094,167.0,1.0
NCBP1,0.019877,0.006,0.094,168.0,1.0
TCF20,0.030129,0.011,0.095,169.0,1.0
DLL1,0.0,0.0,0.095,170.0,0.99999
UBR4,0.062772,0.042,0.095,171.0,1.0
STAT3,0.019945,0.006,0.095,172.0,1.0
IGF2BP3,0.0,0.0,0.095,173.0,0.99999
NSD1,0.045197,0.023,0.095,174.0,1.0
SRCAP,0.048453,0.026,0.096,175.0,1.0
ZNF777,0.0,0.0,0.096,176.0,0.99998
HNRNPK,0.0,0.0,0.096,177.0,0.99998
SCAF8,0.030519,0.011,0.096,178.0,1.0
ARID2,0.037297,0.016,0.096,179.0,1.0
CCT3,0.0,0.0,0.097,180.0,0.99998
COL5A2,0.042311,0.02,0.097,181.0,1.0
PHC3,0.02036,0.006,0.097,182.0,1.0
GATAD2B,0.0,0.0,0.097,183.0,0.99998
FBXO11,0.02046,0.006,0.097,184.0,1.0
NOTCH1,0.046153,0.023,0.097,185.0,1.0
COL3A1,0.042706,0.02,0.098,186.0,1.0
PPP3CB,0.0,0.0,0.098,187.0,0.99998
ILF3,0.02065,0.006,0.098,188.0,1.0
PLEKHA5,0.037955,0.016,0.098,189.0,1.0
ZNF521,0.020618,0.006,0.098,190.0,1.0
TAB2,0.0,0.0,0.098,191.0,0.99998
CTNND2,0.031044,0.012,0.098,192.0,1.0
DDX5,0.0,0.0,0.098,193.0,0.99998
ACTN4,0.02077,0.006,0.099,194.0,1.0
UPF2,0.031537,0.012,0.099,195.0,1.0
CARM1,0.0,0.0,0.099,196.0,0.99998
PAXIP1,0.03149,0.012,0.099,197.0,1.0
BPTF,0.052698,0.029,0.099,198.0,1.0
EP300,0.049966,0.026,0.099,199.0,1.0
FBXL19,0.0,0.0,0.1,200.0,0.99997
CREBRF,0.0,0.0,0.1,201.0,0.99997
HDAC2,0.0,0.0,0.1,202.0,0.99997
SP1,0.0,0.0,0.1,203.0,0.99997
MAPK8IP2,0.0,0.0,0.1,204.0,0.99997
AP2A1,0.021266,0.007,0.101,205.0,1.0
ARCN1,0.0,0.0,0.101,206.0,0.99997
SPTAN1,0.055885,0.032,0.101,207.0,1.0
RPTOR,0.039042,0.017,0.101,208.0,1.0
CAND1,0.021234,0.007,0.101,209.0,1.0
COPS2,0.0,0.0,0.101,210.0,0.99997
SALL4,0.0,0.0,0.101,211.0,0.99997
CACNA1C,0.048672,0.024,0.102,212.0,1.0
ARID1B,0.044396,0.021,0.102,213.0,1.0
PSMD2,0.021599,0.007,0.102,214.0,1.0
PSMD3,0.0,0.0,0.102,215.0,0.99997
KMT2D,0.066852,0.044,0.103,216.0,1.0
UBAP2L,0.03259,0.012,0.103,217.0,1.0
ZNF148,0.0,0.0,0.103,218.0,0.99997
BTK,0.0,0.0,0.103,219.0,0.99996
RRM1,0.021629,0.007,0.103,220.0,1.0
PPP2R5E,0.0,0.0,0.103,221.0,0.99997
RFX3,0.021827,0.007,0.104,222.0,1.0
BIRC6,0.066571,0.043,0.104,223.0,1.0
LMNB2,0.0,0.0,0.104,224.0,0.99996
CLTC,0.045332,0.021,0.104,225.0,1.0
COPA,0.040587,0.017,0.105,226.0,1.0
COL1A1,0.0461,0.022,0.105,227.0,1.0
DHX15,0.022077,0.007,0.105,228.0,1.0
DHX9,0.040774,0.018,0.105,229.0,1.0
MAP2,0.033266,0.013,0.105,230.0,1.0
ZMYM3,0.022443,0.007,0.106,231.0,1.0
AGO2,0.022251,0.007,0.106,232.0,1.0
ANK2,0.062573,0.038,0.106,233.0,1.0
RALGAPB,0.041206,0.018,0.106,234.0,1.0
IPO7,0.033534,0.013,0.106,235.0,1.0
PRPF19,0.0,0.0,0.106,236.0,0.99995
SCAF4,0.033544,0.013,0.106,237.0,1.0
TBL1XR1,0.0,0.0,0.106,238.0,0.99995
ZCCHC11,0.046618,0.022,0.107,239.0,1.0
ZCCHC6,0.041431,0.018,0.107,240.0,1.0
ANKRD11,0.046779,0.022,0.107,241.0,1.0
PAFAH1B1,0.0,0.0,0.107,242.0,0.99995
ZEB2,0.022589,0.007,0.107,243.0,1.0
AP2A2,0.022726,0.007,0.108,244.0,1.0
SMU1,0.0,0.0,0.108,245.0,0.99994
NAA25,0.034183,0.013,0.108,246.0,1.0
UBA1,0.022675,0.007,0.108,247.0,1.0
BAZ1B,0.042263,0.018,0.109,248.0,1.0
HNRNPH1,0.0,0.0,0.109,249.0,0.99993
VPRBP,0.023066,0.007,0.109,250.0,1.0
CTIF,0.0,0.0,0.109,251.0,0.99994
ABCB7,0.0,0.0,0.109,252.0,0.99994
UTP15,0.0,0.0,0.11,253.0,0.99993
SETBP1,0.023109,0.007,0.11,254.0,1.0
ARID5B,0.023254,0.007,0.11,255.0,1.0
RBM10,0.023218,0.007,0.11,256.0,1.0
TPR,0.063762,0.037,0.111,257.0,1.0
RCOR1,0.0,0.0,0.111,258.0,0.99992
SUFU,0.0,0.0,0.111,259.0,0.99992
TRPS1,0.023333,0.007,0.111,260.0,1.0
MTA1,0.023416,0.007,0.111,261.0,1.0
RUVBL2,0.0,0.0,0.111,262.0,0.99992
EIF4G3,0.04915,0.023,0.112,263.0,1.0
MDM4,0.0,0.0,0.112,264.0,0.99992
NTRK2,0.023575,0.007,0.112,265.0,1.0
ANKHD1,0.056598,0.03,0.112,266.0,1.0
ANKHD1-EIF4EBP3,0.056598,0.03,0.112,267.0,1.0
RORB,0.0,0.0,0.112,268.0,0.99991
TIAL1,0.0,0.0,0.112,269.0,0.99992
NRXN3,0.023512,0.007,0.112,270.0,1.0
PTPRD,0.053067,0.027,0.112,271.0,1.0
WAPAL,0.035428,0.013,0.112,272.0,1.0
RBM26,0.035521,0.014,0.112,273.0,1.0
RIF1,0.057117,0.03,0.113,274.0,1.0
NLK,0.0,0.0,0.113,275.0,0.99991
PHIP,0.057367,0.03,0.113,276.0,1.0
LPHN2,0.043796,0.019,0.113,277.0,1.0
DPYSL5,0.0,0.0,0.113,278.0,0.99991
USP8,0.035998,0.014,0.113,279.0,1.0
TIPARP,0.0,0.0,0.113,280.0,0.99991
ZBTB4,0.0,0.0,0.113,281.0,0.99991
ISY1,0.0,0.0,0.114,282.0,0.9999
HNRNPU,0.023985,0.008,0.114,283.0,1.0
TLK2,0.036368,0.014,0.114,284.0,1.0
TRERF1,0.036207,0.014,0.114,285.0,1.0
DHX30,0.036387,0.014,0.115,286.0,1.0
MYCBP2,0.077305,0.052,0.115,287.0,1.0
FUBP1,0.024336,0.008,0.115,288.0,1.0
TRIM24,0.036616,0.014,0.115,289.0,1.0
ZC3H7A,0.036397,0.014,0.115,290.0,1.0
UBXN7,0.0,0.0,0.116,291.0,0.99988
SLC17A7,0.0,0.0,0.116,292.0,0.99988
NOTCH2,0.058619,0.031,0.116,293.0,1.0
SMARCC1,0.044984,0.019,0.116,294.0,1.0
RAI1,0.036788,0.014,0.116,295.0,1.0
CSE1L,0.037158,0.014,0.117,296.0,1.0
EIF4A1,0.0,0.0,0.117,297.0,0.99987
PIK3CA,0.045187,0.02,0.117,298.0,1.0
KIF5C,0.037254,0.014,0.117,299.0,1.0
REV3L,0.066905,0.039,0.117,300.0,1.0
AGPS,0.024715,0.008,0.117,301.0,1.0
ADAM10,0.0247,0.008,0.117,302.0,1.0
MED1,0.037292,0.014,0.117,303.0,1.0
SMARCC2,0.045283,0.02,0.117,304.0,1.0
MYRF,0.037076,0.014,0.117,305.0,1.0
DOT1L,0.045607,0.02,0.118,306.0,1.0
CHAF1A,0.02493,0.008,0.118,307.0,1.0
PSMD1,0.037612,0.014,0.118,308.0,1.0
SRRM2,0.062848,0.035,0.118,309.0,1.0
PIAS4,0.0,0.0,0.118,310.0,0.99986
ACTR3,0.0,0.0,0.118,311.0,0.99986
DDX3X,0.0,0.0,0.118,312.0,0.99986
TSC1,0.037521,0.014,0.118,313.0,1.0
SON,0.051624,0.024,0.118,314.0,1.0
WHSC1,0.045949,0.02,0.119,315.0,1.0
TCEB3,0.025027,0.008,0.119,316.0,1.0
STAG1,0.052126,0.025,0.119,317.0,1.0
ATRX,0.056501,0.029,0.119,318.0,1.0
VCPIP1,0.02505,0.008,0.119,319.0,1.0
EIF4A3,0.0,0.0,0.119,320.0,0.99985
MAU2,0.025133,0.008,0.119,321.0,1.0
PSMC2,0.0,0.0,0.119,322.0,0.99985
DAZAP1,0.0,0.0,0.119,323.0,0.99985
POGZ,0.045859,0.02,0.119,324.0,1.0
PRKAR1A,0.0,0.0,0.119,325.0,0.99985
SF3A3,0.025121,0.008,0.119,326.0,1.0
FXR1,0.025167,0.008,0.119,327.0,1.0
CDC42BPB,0.060953,0.032,0.12,328.0,1.0
XPO7,0.046473,0.02,0.12,329.0,1.0
RARB,0.0,0.0,0.12,330.0,0.99983
RERE,0.046333,0.02,0.12,331.0,1.0
ZMYND11,0.025252,0.008,0.12,332.0,1.0
RPL4,0.0,0.0,0.12,333.0,0.99984
SUPT16H,0.046458,0.02,0.12,334.0,1.0
ZBTB47,0.0,0.0,0.12,335.0,0.99983
PRRC2C,0.071353,0.043,0.121,336.0,1.0
PPFIA3,0.046834,0.02,0.121,337.0,1.0
ATP1A1,0.038449,0.015,0.121,338.0,1.0
KIF11,0.038378,0.015,0.121,339.0,1.0
NCOA2,0.046929,0.02,0.121,340.0,1.0
HIPK1,0.038558,0.015,0.121,341.0,1.0
KIAA0430,0.052813,0.025,0.121,342.0,1.0
ARMCX4,0.025809,0.008,0.122,343.0,1.0
KMT2C,0.082126,0.056,0.122,344.0,1.0
PIK3AP1,0.025645,0.008,0.122,345.0,1.0
SEMA4C,0.025727,0.008,0.122,346.0,1.0
CYTH1,0.0,0.0,0.122,347.0,0.99981
RBM17,0.0,0.0,0.122,348.0,0.99981
RTF1,0.025638,0.008,0.122,349.0,1.0
IPO5,0.047375,0.021,0.122,350.0,1.0
NUP98,0.057874,0.029,0.122,351.0,1.0
TRAF2,0.0,0.0,0.123,352.0,0.99979
EIF4B,0.025964,0.008,0.123,353.0,0.99999
ADNP,0.025868,0.008,0.123,354.0,1.0
RET,0.039068,0.015,0.123,355.0,1.0
TEAD1,0.0,0.0,0.123,356.0,0.9998
CCDC22,0.0,0.0,0.123,357.0,0.99979
SHANK3,0.039226,0.015,0.123,358.0,1.0
CACNA1E,0.068996,0.039,0.124,359.0,1.0
PRMT5,0.026112,0.008,0.124,360.0,0.99999
JADE3,0.0,0.0,0.124,361.0,0.99978
WDR5,0.0,0.0,0.124,362.0,0.99978
CUL4A,0.02609,0.008,0.124,363.0,0.99999
PCLO,0.080854,0.053,0.124,364.0,1.0
ZNF219,0.0,0.0,0.124,365.0,0.99977
GAPVD1,0.054558,0.026,0.125,366.0,1.0
EPC1,0.039853,0.015,0.125,367.0,1.0
KCNB1,0.0,0.0,0.125,368.0,0.99977
NLGN2,0.0,0.0,0.126,369.0,0.99974
PCDH19,0.0,0.0,0.126,370.0,0.99975
DDX17,0.026525,0.008,0.126,371.0,0.99999
RB1,0.048569,0.021,0.126,372.0,1.0
WNK1,0.067205,0.037,0.126,373.0,1.0
ZC3H18,0.039887,0.015,0.126,374.0,1.0
CDK12,0.048648,0.021,0.126,375.0,1.0
HECTD4,0.084692,0.057,0.127,376.0,1.0
RALGPS1,0.026813,0.009,0.127,377.0,0.99999
TNRC6C,0.055578,0.026,0.127,378.0,1.0
SCN2A,0.060487,0.031,0.127,379.0,1.0
SOBP,0.0,0.0,0.127,380.0,0.99972
VCP,0.026683,0.008,0.127,381.0,0.99999
TLN1,0.075712,0.046,0.128,382.0,1.0
BTAF1,0.068134,0.038,0.128,383.0,1.0
EPHA7,0.040592,0.016,0.128,384.0,1.0
COL4A1,0.065014,0.035,0.128,385.0,1.0
SIK3,0.049592,0.022,0.128,386.0,1.0
KAT6B,0.060836,0.031,0.128,387.0,1.0
KAT7,0.026879,0.009,0.128,388.0,0.99999
ZFR,0.04934,0.021,0.128,389.0,1.0
GSE1,0.040689,0.016,0.128,390.0,1.0
GSK3A,0.0,0.0,0.128,391.0,0.9997
L1CAM,0.040841,0.016,0.129,392.0,1.0
CTNNB1,0.02724,0.009,0.129,393.0,0.99999
PBRM1,0.061482,0.031,0.129,394.0,1.0
PRICKLE1,0.027138,0.009,0.129,395.0,0.99999
PUM1,0.049979,0.022,0.129,396.0,1.0
AHCTF1,0.071387,0.041,0.129,397.0,1.0
TNPO2,0.041138,0.016,0.129,398.0,1.0
AAK1,0.041108,0.016,0.129,399.0,1.0
RASA1,0.04992,0.022,0.129,400.0,1.0
CDC5L,0.040964,0.016,0.129,401.0,1.0
FERMT2,0.027446,0.009,0.13,402.0,0.99999
WTAP,0.0,0.0,0.13,403.0,0.99966
UBR3,0.066032,0.035,0.13,404.0,1.0
SCN8A,0.061954,0.031,0.13,405.0,1.0
FNIP2,0.041279,0.016,0.13,406.0,1.0
MSN,0.0,0.0,0.13,407.0,0.99967
PPP1R12A,0.050147,0.022,0.13,408.0,1.0
RANBP9,0.027369,0.009,0.13,409.0,0.99999
USP47,0.056706,0.027,0.13,410.0,1.0
CCDC88A,0.069474,0.039,0.13,411.0,1.0
MLLT3,0.0,0.0,0.131,412.0,0.99964
EIF3A,0.066251,0.035,0.131,413.0,1.0
YTHDC2,0.062394,0.032,0.131,414.0,1.0
KSR2,0.041703,0.016,0.131,415.0,1.0
ZMYND8,0.050672,0.022,0.131,416.0,1.0
CCNA2,0.0,0.0,0.132,417.0,0.99962
PTPN6,0.0279,0.009,0.132,418.0,0.99999
SCML2,0.0,0.0,0.132,419.0,0.99961
SNRK,0.0,0.0,0.132,420.0,0.99961
MINK1,0.062681,0.032,0.132,421.0,1.0
IRF6,0.0,0.0,0.132,422.0,0.99961
ZRSR2,0.0,0.0,0.132,423.0,0.99963
RFX7,0.041992,0.016,0.132,424.0,1.0
CSTF2,0.0,0.0,0.133,425.0,0.99959
NR4A2,0.0,0.0,0.133,426.0,0.99959
TULP4,0.051297,0.022,0.133,427.0,1.0
MAP1B,0.063238,0.032,0.133,428.0,1.0
USP42,0.04234,0.016,0.133,429.0,1.0
ZNF592,0.028117,0.009,0.133,430.0,0.99998
NPAS2,0.042405,0.016,0.133,431.0,1.0
ZSWIM8,0.063091,0.032,0.133,432.0,1.0
IQSEC2,0.028106,0.009,0.133,433.0,0.99998
U2AF2,0.0,0.0,0.133,434.0,0.9996
ITPR1,0.080881,0.05,0.134,435.0,1.0
COL2A1,0.067873,0.036,0.134,436.0,1.0
NPLOC4,0.028252,0.009,0.134,437.0,0.99998
MAPKAPK2,0.0,0.0,0.134,438.0,0.99957
DDX42,0.042617,0.016,0.134,439.0,1.0
CACNA1A,0.07669,0.045,0.134,440.0,1.0
SUZ12,0.028213,0.009,0.134,441.0,0.99998
PHF12,0.042754,0.016,0.135,442.0,1.0
DACH1,0.0,0.0,0.135,443.0,0.99954
PORCN,0.0,0.0,0.135,444.0,0.99953
CTR9,0.058954,0.028,0.135,445.0,1.0
RBM5,0.052212,0.023,0.135,446.0,1.0
NRBP1,0.028379,0.009,0.135,447.0,0.99998
TBX5,0.0,0.0,0.135,448.0,0.99954
FRMD4A,0.052425,0.023,0.135,449.0,1.0
PTPN11,0.028439,0.009,0.135,450.0,0.99998
DLGAP3,0.028591,0.009,0.136,451.0,0.99998
HIRA,0.052563,0.023,0.136,452.0,1.0
SETD1A,0.059487,0.028,0.136,453.0,1.0
NAA35,0.043359,0.017,0.136,454.0,1.0
ELMSAN1,0.043188,0.017,0.136,455.0,1.0
CACTIN,0.028772,0.009,0.136,456.0,0.99998
ARHGEF6,0.028593,0.009,0.136,457.0,0.99998
FAM120C,0.028743,0.009,0.136,458.0,0.99998
RBM6,0.059555,0.028,0.136,459.0,1.0
KIF1A,0.072632,0.04,0.136,460.0,1.0
MECOM,0.043346,0.017,0.136,461.0,1.0
MBD5,0.043103,0.017,0.136,462.0,1.0
MEIS1,0.0,0.0,0.136,463.0,0.99951
INTS6,0.04324,0.017,0.136,464.0,1.0
ZFHX3,0.080128,0.048,0.136,465.0,1.0
JPH4,0.0,0.0,0.137,466.0,0.99948
SMARCA1,0.043444,0.017,0.137,467.0,1.0
HEATR1,0.075658,0.043,0.137,468.0,1.0
BAI3,0.069944,0.037,0.138,469.0,1.0
SLC12A5,0.053293,0.023,0.138,470.0,1.0
TAF3,0.029185,0.009,0.138,471.0,0.99997
SHOC2,0.0,0.0,0.138,472.0,0.99946
PSMC1,0.0,0.0,0.138,473.0,0.99945
RBM22,0.0,0.0,0.138,474.0,0.99947
NFKB1,0.043865,0.017,0.138,475.0,1.0
AFF4,0.053282,0.023,0.138,476.0,1.0
RB1CC1,0.065412,0.033,0.138,477.0,1.0
SAFB,0.043902,0.017,0.138,478.0,1.0
TRAPPC8,0.065769,0.033,0.138,479.0,1.0
ARID4A,0.060714,0.029,0.139,480.0,1.0
TRIO,0.088725,0.058,0.139,481.0,1.0
YTHDF2,0.0,0.0,0.139,482.0,0.99943
PPFIA2,0.066311,0.034,0.139,483.0,1.0
KDM6B,0.061331,0.029,0.14,484.0,1.0
SPTB,0.080201,0.047,0.14,485.0,1.0
SOS1,0.066728,0.034,0.14,486.0,1.0
BAI1,0.06118,0.029,0.14,487.0,1.0
AMBRA1,0.054064,0.024,0.14,488.0,1.0
UBE2O,0.054284,0.024,0.14,489.0,1.0
ZNF292,0.074664,0.041,0.14,490.0,1.0
BCOR,0.044884,0.017,0.141,491.0,1.0
HDAC5,0.05466,0.024,0.141,492.0,1.0
PODXL2,0.0,0.0,0.141,493.0,0.99936
AFTPH,0.029678,0.01,0.141,494.0,0.99997
RANBP3,0.029665,0.01,0.141,495.0,0.99997
SPAG9,0.067581,0.034,0.142,496.0,1.0
FNBP4,0.055054,0.024,0.142,497.0,1.0
AGPAT3,0.0,0.0,0.142,498.0,0.99933
RANBP2,0.085586,0.053,0.142,499.0,1.0
TKTL1,0.0,0.0,0.142,500.0,0.99933
ZBTB44,0.0,0.0,0.142,501.0,0.99929
WHSC1L1,0.067444,0.034,0.142,502.0,1.0
CNOT4,0.03024,0.01,0.143,503.0,0.99996
JAG2,0.062561,0.03,0.143,504.0,1.0
TFCP2L1,0.030151,0.01,0.143,505.0,0.99996
MAOA,0.0,0.0,0.143,506.0,0.99928
SAMD4B,0.030155,0.01,0.143,507.0,0.99996
CSNK1E,0.0,0.0,0.143,508.0,0.99926
DNMT1,0.076163,0.042,0.143,509.0,1.0
PHEX,0.03008,0.01,0.143,510.0,0.99996
ATXN2L,0.05519,0.024,0.143,511.0,1.0
XPO4,0.062273,0.03,0.143,512.0,1.0
ARFGEF1,0.079167,0.045,0.143,513.0,1.0
COPS5,0.0,0.0,0.144,514.0,0.99925
SPOP,0.0,0.0,0.144,515.0,0.99922
CSDE1,0.045633,0.018,0.144,516.0,1.0
API5,0.030306,0.01,0.144,517.0,0.99996
CUL1,0.055613,0.024,0.144,518.0,1.0
DDX46,0.062993,0.03,0.144,519.0,1.0
ZFHX4,0.085054,0.051,0.144,520.0,1.0
GNB1,0.0,0.0,0.145,521.0,0.9992
HOMER1,0.0,0.0,0.145,522.0,0.9992
ZFPM2,0.046144,0.018,0.145,523.0,1.0
AEBP2,0.0,0.0,0.145,524.0,0.99921
NUP85,0.046109,0.018,0.145,525.0,1.0
CBLL1,0.0,0.0,0.145,526.0,0.99918
RNF38,0.030651,0.01,0.145,527.0,0.99995
BAZ2A,0.077856,0.043,0.146,528.0,1.0
JAG1,0.063704,0.03,0.146,529.0,1.0
ASXL2,0.056442,0.025,0.146,530.0,1.0
SP3,0.030846,0.01,0.146,531.0,0.99995
SRRM1,0.05643,0.025,0.146,532.0,1.0
MAML1,0.030681,0.01,0.146,533.0,0.99995
CCNC,0.0,0.0,0.146,534.0,0.99914
KIF23,0.063665,0.03,0.146,535.0,1.0
EZH2,0.046301,0.018,0.146,536.0,1.0
RFX4,0.046817,0.018,0.147,537.0,0.99999
XRCC5,0.04655,0.018,0.147,538.0,0.99999
USP24,0.094237,0.061,0.147,539.0,1.0
CHD3,0.086585,0.052,0.147,540.0,1.0
HNRNPA1,0.0,0.0,0.147,541.0,0.99911
PPP1CB,0.0,0.0,0.147,542.0,0.99912
FLT4,0.070024,0.036,0.147,543.0,1.0
UNC79,0.08876,0.055,0.147,544.0,1.0
ZNF217,0.031032,0.01,0.147,545.0,0.99995
EFHC2,0.0,0.0,0.147,546.0,0.9991
WBP11,0.031137,0.01,0.148,547.0,0.99994
ITPKB,0.031173,0.01,0.148,548.0,0.99994
CTCF,0.031238,0.01,0.148,549.0,0.99994
ATP2B2,0.057152,0.025,0.148,550.0,1.0
MAOB,0.0,0.0,0.148,551.0,0.99903
KLHDC3,0.0,0.0,0.148,552.0,0.99908
PRMT1,0.0,0.0,0.148,553.0,0.99907
TGFB2,0.0,0.0,0.148,554.0,0.99905
DIP2C,0.079428,0.044,0.149,555.0,1.0
NFIX,0.0,0.0,0.149,556.0,0.99903
FBXL17,0.0,0.0,0.149,557.0,0.99901
WAS,0.0,0.0,0.149,558.0,0.99901
GCM1,0.0,0.0,0.149,559.0,0.999
YBX2,0.0,0.0,0.15,560.0,0.99896
TLE4,0.047513,0.018,0.15,561.0,0.99999
SLC6A1,0.031589,0.01,0.15,562.0,0.99993
EBF3,0.031575,0.01,0.15,563.0,0.99993
MAPK8IP3,0.071508,0.036,0.15,564.0,1.0
AHSA1,0.0,0.0,0.15,565.0,0.99896
PAN3,0.047671,0.018,0.15,566.0,0.99999
PKN2,0.058011,0.025,0.15,567.0,1.0
ABCD1,0.0,0.0,0.15,568.0,0.99896
SETD1B,0.065972,0.031,0.151,569.0,1.0
CLCN4,0.0,0.0,0.151,570.0,0.99893
ARHGEF9,0.0,0.0,0.151,571.0,0.9989
B4GALT5,0.0,0.0,0.151,572.0,0.99889
MSL1,0.0,0.0,0.151,573.0,0.9989
SERPINC1,0.0,0.0,0.151,574.0,0.99892
KALRN,0.08449,0.049,0.152,575.0,1.0
CASZ1,0.066338,0.032,0.152,576.0,1.0
MARCH6,0.066419,0.032,0.152,577.0,1.0
SFPQ,0.031943,0.01,0.152,578.0,0.99992
BCORL1,0.048329,0.019,0.152,579.0,0.99999
CMIP,0.048205,0.019,0.152,580.0,0.99999
PPRC1,0.066231,0.032,0.152,581.0,1.0
DDX26B,0.032135,0.01,0.152,582.0,0.99992
C11orf30,0.066802,0.032,0.153,583.0,1.0
EFEMP1,0.032236,0.01,0.153,584.0,0.99992
MAPKAP1,0.032277,0.01,0.153,585.0,0.99991
ATP1B1,0.0,0.0,0.153,586.0,0.99881
ELFN1,0.0,0.0,0.153,587.0,0.99882
SMCHD1,0.087839,0.052,0.153,588.0,1.0
FBXW2,0.0,0.0,0.153,589.0,0.99877
GGA1,0.032168,0.01,0.153,590.0,0.99992
CAMSAP3,0.059639,0.026,0.154,591.0,1.0
AHR,0.048874,0.019,0.154,592.0,0.99999
DMD,0.10275,0.069,0.154,593.0,1.0
PPP1R10,0.059491,0.026,0.154,594.0,1.0
HDLBP,0.067232,0.032,0.154,595.0,1.0
ZNF609,0.059613,0.026,0.154,596.0,1.0
ARHGAP42,0.060017,0.026,0.155,597.0,1.0
OCRL,0.049158,0.019,0.155,598.0,0.99999
RICTOR,0.089025,0.053,0.155,599.0,1.0
ZNF541,0.059827,0.026,0.155,600.0,1.0
FASN,0.091093,0.055,0.155,601.0,1.0
ATAD2B,0.07371,0.038,0.155,602.0,1.0
PCIF1,0.049269,0.019,0.155,603.0,0.99999
DENND5B,0.067576,0.032,0.155,604.0,1.0
HOOK3,0.060036,0.026,0.155,605.0,1.0
ARHGEF2,0.068157,0.033,0.156,606.0,1.0
XPR1,0.049452,0.019,0.156,607.0,0.99999
INTS10,0.049703,0.019,0.156,608.0,0.99999
USP3,0.032965,0.011,0.156,609.0,0.99989
MARK2,0.049568,0.019,0.156,610.0,0.99999
IKZF1,0.0,0.0,0.156,611.0,0.9986
CDH11,0.032824,0.011,0.156,612.0,0.9999
KDM4A,0.068127,0.033,0.156,613.0,1.0
RREB1,0.060456,0.027,0.156,614.0,1.0
CHD4,0.092235,0.056,0.156,615.0,1.0
HIPK2,0.060345,0.026,0.156,616.0,1.0
NR2E1,0.0,0.0,0.156,617.0,0.99864
KPNA4,0.032852,0.011,0.156,618.0,0.99989
CHD5,0.089818,0.053,0.157,619.0,1.0
PLXND1,0.083467,0.046,0.157,620.0,1.0
RXRA,0.0,0.0,0.157,621.0,0.99852
LRRC7,0.079784,0.043,0.157,622.0,1.0
ZFC3H1,0.092805,0.056,0.157,623.0,1.0
UBE4B,0.074661,0.038,0.157,624.0,1.0
DOCK3,0.095432,0.059,0.158,625.0,1.0
DMXL2,0.10244,0.068,0.158,626.0,1.0
PELP1,0.050088,0.019,0.158,627.0,0.99998
TXLNG,0.0,0.0,0.158,628.0,0.99845
UNC13A,0.090828,0.054,0.158,629.0,1.0
MAT2A,0.0,0.0,0.158,630.0,0.99846
HECTD1,0.10096,0.066,0.158,631.0,1.0
KCNQ2,0.050284,0.02,0.158,632.0,0.99998
TANC2,0.087423,0.05,0.158,633.0,1.0
PPP3CA,0.033252,0.011,0.158,634.0,0.99988
LARP4B,0.050289,0.02,0.158,635.0,0.99998
EPC2,0.050553,0.02,0.159,636.0,0.99998
ROBO2,0.080518,0.043,0.159,637.0,1.0
MAST1,0.075424,0.038,0.159,638.0,1.0
POLR2A,0.084559,0.047,0.159,639.0,1.0
GRIPAP1,0.050591,0.02,0.159,640.0,0.99998
PSMD11,0.033512,0.011,0.159,641.0,0.99987
TNRC6A,0.091024,0.054,0.159,642.0,1.0
ESPL1,0.090935,0.054,0.159,643.0,1.0
CUL5,0.061498,0.027,0.159,644.0,1.0
FBRS,0.033412,0.011,0.159,645.0,0.99987
SAP130,0.061702,0.027,0.159,646.0,1.0
ALG13,0.050979,0.02,0.16,647.0,0.99998
SMAD5,0.0,0.0,0.16,648.0,0.99838
GNB2L1,0.0,0.0,0.16,649.0,0.99836
SLIT2,0.085237,0.047,0.16,650.0,1.0
PPM1A,0.0,0.0,0.16,651.0,0.99834
PPP4R2,0.0,0.0,0.16,652.0,0.99835
GSPT1,0.033726,0.011,0.16,653.0,0.99986
PIP4K2B,0.0,0.0,0.16,654.0,0.99837
ZFX,0.0,0.0,0.16,655.0,0.99831
KANSL3,0.050861,0.02,0.16,656.0,0.99998
RORC,0.033914,0.011,0.161,657.0,0.99985
ZNF800,0.033959,0.011,0.161,658.0,0.99985
DPF2,0.033975,0.011,0.161,659.0,0.99985
APC,0.09718,0.06,0.161,660.0,1.0
FKBP8,0.0,0.0,0.161,661.0,0.99825
OPHN1,0.033915,0.011,0.161,662.0,0.99985
USP48,0.076433,0.039,0.161,663.0,1.0
KDM6A,0.070167,0.034,0.161,664.0,1.0
CAPZA2,0.0,0.0,0.161,665.0,0.99828
NPM1,0.0,0.0,0.162,666.0,0.99816
PSMD12,0.034078,0.011,0.162,667.0,0.99984
ZNF131,0.034229,0.011,0.162,668.0,0.99983
GPC3,0.0,0.0,0.162,669.0,0.9982
GRAMD4,0.05151,0.02,0.162,670.0,0.99998
KIF2A,0.051499,0.02,0.162,671.0,0.99998
FGD5,0.070985,0.034,0.162,672.0,1.0
CKAP5,0.095249,0.058,0.162,673.0,1.0
UPF1,0.071,0.034,0.162,674.0,1.0
UTP14A,0.034238,0.011,0.162,675.0,0.99983
CHD1,0.092848,0.055,0.162,676.0,1.0
ZBTB2,0.0,0.0,0.162,677.0,0.9982
CPSF6,0.034391,0.011,0.163,678.0,0.99982
FAM120A,0.062966,0.028,0.163,679.0,1.0
WDR43,0.05191,0.02,0.163,680.0,0.99997
CUX1,0.082514,0.044,0.163,681.0,1.0
ZNF865,0.0,0.0,0.163,682.0,0.99814
MAPK8IP1,0.034273,0.011,0.163,683.0,0.99983
CDK19,0.034454,0.011,0.163,684.0,0.99982
NFKB2,0.062881,0.028,0.163,685.0,1.0
KDM5A,0.090209,0.052,0.163,686.0,1.0
TEX10,0.063048,0.028,0.163,687.0,1.0
KIAA0947,0.087294,0.049,0.164,688.0,1.0
MDM2,0.034611,0.011,0.164,689.0,0.99981
CASKIN1,0.063267,0.028,0.164,690.0,1.0
MYC,0.0,0.0,0.164,691.0,0.99801
CLK2,0.052046,0.02,0.164,692.0,0.99997
PAX5,0.0,0.0,0.165,693.0,0.99798
ZNF608,0.063872,0.028,0.165,694.0,0.99999
DSCAML1,0.091288,0.053,0.165,695.0,1.0
CCNJ,0.0,0.0,0.165,696.0,0.99796
CCNK,0.034844,0.011,0.165,697.0,0.9998
TLK1,0.063831,0.028,0.165,698.0,0.99999
LARP1,0.071971,0.034,0.165,699.0,1.0
ARIH1,0.05279,0.021,0.166,700.0,0.99997
LRRC4,0.0,0.0,0.166,701.0,0.99787
RBFOX3,0.0,0.0,0.166,702.0,0.99785
ZNF629,0.035048,0.011,0.166,703.0,0.99978
KDM5C,0.072601,0.035,0.166,704.0,1.0
PHF6,0.0,0.0,0.166,705.0,0.99784
DICER1,0.091986,0.053,0.166,706.0,1.0
GRIN2D,0.052927,0.021,0.167,707.0,0.99996
RPL5,0.0,0.0,0.167,708.0,0.99776
PHF23,0.0,0.0,0.167,709.0,0.99774
SIPA1L1,0.088969,0.05,0.167,710.0,1.0
MYH10,0.10329,0.065,0.167,711.0,1.0
GABBR2,0.064595,0.028,0.167,712.0,0.99999
CECR2,0.084684,0.045,0.167,713.0,1.0
F9,0.0,0.0,0.167,714.0,0.99776
PAK7,0.035234,0.012,0.167,715.0,0.99977
USP11,0.053185,0.021,0.167,716.0,0.99996
PPP1R9B,0.035502,0.012,0.168,717.0,0.99975
SFSWAP,0.06489,0.029,0.168,718.0,0.99999
HNF1B,0.035393,0.012,0.168,719.0,0.99976
NOP2,0.053219,0.021,0.168,720.0,0.99996
TMEM63B,0.065089,0.029,0.168,721.0,0.99999
STAU1,0.035339,0.012,0.168,722.0,0.99976
ARPC2,0.0,0.0,0.168,723.0,0.99769
CSK,0.035312,0.012,0.168,724.0,0.99977
SOX9,0.0,0.0,0.168,725.0,0.99772
NCOR2,0.10232,0.063,0.169,726.0,1.0
ANK1,0.096997,0.057,0.169,727.0,1.0
ZNF236,0.093883,0.054,0.169,728.0,1.0
ABCA2,0.10405,0.066,0.169,729.0,1.0
PPP1R16B,0.035676,0.012,0.169,730.0,0.99974
RC3H2,0.080322,0.041,0.169,731.0,1.0
PAX6,0.035553,0.012,0.169,732.0,0.99975
CENPI,0.035647,0.012,0.169,733.0,0.99974
ZNF638,0.093445,0.054,0.169,734.0,1.0
NACC1,0.0,0.0,0.169,735.0,0.99763
PDGFRA,0.074,0.035,0.169,736.0,1.0
CADM4,0.0,0.0,0.169,737.0,0.99762
ACVR2A,0.035913,0.012,0.17,738.0,0.99972
TRIM9,0.035768,0.012,0.17,739.0,0.99973
DYRK2,0.0,0.0,0.17,740.0,0.99751
TRPC5,0.035801,0.012,0.17,741.0,0.99973
C7orf60,0.0,0.0,0.17,742.0,0.99746
MKL2,0.065739,0.029,0.17,743.0,0.99999
GPATCH8,0.074428,0.036,0.17,744.0,1.0
ESCO1,0.053881,0.021,0.17,745.0,0.99995
GRID2,0.074416,0.036,0.17,746.0,1.0
WEE1,0.0358,0.012,0.17,747.0,0.99973
MBTPS2,0.0,0.0,0.17,748.0,0.99752
PRPF4B,0.074446,0.036,0.17,749.0,1.0
ZNF654,0.0,0.0,0.17,750.0,0.99753
CHD9,0.11019,0.073,0.17,751.0,1.0
KIF1B,0.10332,0.064,0.171,752.0,1.0
RNF2,0.0,0.0,0.171,753.0,0.99743
DAGLA,0.066036,0.029,0.171,754.0,0.99999
MNT,0.0,0.0,0.171,755.0,0.99739
PRKCD,0.054411,0.021,0.171,756.0,0.99995
KDM4B,0.074715,0.036,0.171,757.0,1.0
CELF1,0.036,0.012,0.171,758.0,0.99971
ANKRD28,0.074738,0.036,0.171,759.0,1.0
MEN1,0.036021,0.012,0.171,760.0,0.99971
SYVN1,0.03615,0.012,0.171,761.0,0.9997
FZR1,0.036261,0.012,0.172,762.0,0.99969
ZFP91,0.036209,0.012,0.172,763.0,0.9997
ARMC8,0.066471,0.029,0.172,764.0,0.99999
CAMTA1,0.091344,0.051,0.172,765.0,1.0
LIN54,0.054796,0.021,0.172,766.0,0.99994
TRIM71,0.036284,0.012,0.172,767.0,0.99969
NKAP,0.0,0.0,0.172,768.0,0.99735
TFAP4,0.0,0.0,0.172,769.0,0.99731
ACVR1B,0.036324,0.012,0.172,770.0,0.99969
PSMD4,0.0,0.0,0.172,771.0,0.99726
FBLN5,0.036178,0.012,0.172,772.0,0.9997
EEF2,0.054534,0.021,0.172,773.0,0.99995
ISY1-RAB43,0.03621,0.012,0.172,774.0,0.9997
CFLAR,0.036503,0.012,0.173,775.0,0.99967
OTUD5,0.0,0.0,0.173,776.0,0.99717
HIVEP1,0.095681,0.055,0.173,777.0,1.0
GTF3C1,0.1043,0.065,0.173,778.0,1.0
ENAH,0.054844,0.021,0.173,779.0,0.99994
FOXO1,0.0,0.0,0.173,780.0,0.99725
TNRC6B,0.099192,0.059,0.173,781.0,1.0
EEF1G,0.036526,0.012,0.173,782.0,0.99967
TENM4,0.10454,0.065,0.173,783.0,1.0
KLF4,0.0,0.0,0.174,784.0,0.99714
SEC24C,0.076008,0.036,0.174,785.0,1.0
CTDSPL2,0.036587,0.012,0.174,786.0,0.99966
JADE2,0.05532,0.022,0.174,787.0,0.99994
PCGF1,0.0,0.0,0.174,788.0,0.99713
TTC28,0.10229,0.062,0.174,789.0,1.0
GATA6,0.0,0.0,0.174,790.0,0.99709
SCN3A,0.096275,0.056,0.174,791.0,1.0
PSME3,0.0,0.0,0.174,792.0,0.99714
TET1,0.092479,0.052,0.174,793.0,1.0
NUP153,0.082553,0.042,0.174,794.0,1.0
CELF2,0.036763,0.012,0.174,795.0,0.99965
DDX6,0.036784,0.012,0.174,796.0,0.99964
BAG6,0.076118,0.036,0.174,797.0,1.0
EPHA4,0.076659,0.037,0.175,798.0,1.0
MKLN1,0.067816,0.03,0.175,799.0,0.99998
ZMYM4,0.096768,0.056,0.175,800.0,1.0
PPP2R5D,0.055747,0.022,0.175,801.0,0.99993
ANAPC2,0.055487,0.022,0.175,802.0,0.99993
FOXP1,0.067765,0.03,0.175,803.0,0.99998
TDRD1,0.08318,0.042,0.175,804.0,1.0
MAP4K4,0.093011,0.052,0.175,805.0,1.0
MAPK1,0.0,0.0,0.175,806.0,0.99698
NCDN,0.03686,0.012,0.175,807.0,0.99964
BSN,0.10985,0.071,0.175,808.0,1.0
ADRM1,0.0,0.0,0.175,809.0,0.99704
NCOR1,0.11365,0.075,0.175,810.0,1.0
CNOT7,0.0,0.0,0.176,811.0,0.99686
MTM1,0.037153,0.012,0.176,812.0,0.99961
BAZ1A,0.09756,0.056,0.176,813.0,1.0
ABL1,0.068016,0.03,0.176,814.0,0.99998
JAKMIP2,0.077004,0.037,0.176,815.0,1.0
ZNF516,0.055946,0.022,0.176,816.0,0.99992
PTBP1,0.037138,0.012,0.176,817.0,0.99961
CLASP1,0.10108,0.06,0.176,818.0,1.0
HTT,0.11983,0.083,0.176,819.0,1.0
RELN,0.12413,0.088,0.176,820.0,1.0
BRPF1,0.076842,0.037,0.176,821.0,1.0
R3HDM2,0.077055,0.037,0.176,822.0,1.0
MYO9B,0.10411,0.063,0.177,823.0,1.0
PHF2,0.077138,0.037,0.177,824.0,1.0
PAPOLA,0.068562,0.03,0.177,825.0,0.99998
ZZZ3,0.06854,0.03,0.177,826.0,0.99998
EIF4ENIF1,0.077353,0.037,0.177,827.0,0.99999
PSME4,0.11149,0.072,0.177,828.0,1.0
NCL,0.056129,0.022,0.177,829.0,0.99992
GLA,0.0,0.0,0.177,830.0,0.99675
GPHN,0.068323,0.03,0.177,831.0,0.99998
BRPF3,0.068357,0.03,0.177,832.0,0.99998
MSL3,0.0,0.0,0.178,833.0,0.99665
PRPF8,0.11398,0.074,0.178,834.0,1.0
KDM2B,0.090385,0.048,0.178,835.0,1.0
AKT3,0.037422,0.012,0.178,836.0,0.99958
HIC2,0.0,0.0,0.178,837.0,0.99668
PNISR,0.06878,0.03,0.178,838.0,0.99998
DPP10,0.077826,0.037,0.178,839.0,0.99999
MGAT5,0.068872,0.03,0.178,840.0,0.99998
NKRF,0.0,0.0,0.178,841.0,0.99661
ADRBK1,0.0687,0.03,0.178,842.0,0.99998
ZER1,0.056425,0.022,0.178,843.0,0.99992
EXOC5,0.056495,0.022,0.178,844.0,0.99991
SF3B3,0.090365,0.048,0.178,845.0,1.0
SYMPK,0.085093,0.043,0.179,846.0,1.0
SPPL3,0.0,0.0,0.179,847.0,0.99656
PKD1,0.12051,0.082,0.179,848.0,1.0
TEK,0.085371,0.044,0.179,849.0,1.0
G3BP2,0.037735,0.012,0.179,850.0,0.99954
ZBTB18,0.0,0.0,0.179,851.0,0.99658
PTPN2,0.037813,0.012,0.179,852.0,0.99953
ARHGEF12,0.10539,0.064,0.179,853.0,1.0
LAS1L,0.037645,0.012,0.179,854.0,0.99955
PLK2,0.057079,0.022,0.18,855.0,0.9999
PITPNM2,0.08551,0.044,0.18,856.0,1.0
IDS,0.0,0.0,0.18,857.0,0.9964
DST,0.13701,0.105,0.18,858.0,1.0
DNM2,0.069552,0.031,0.18,859.0,0.99998
PDS5B,0.099793,0.058,0.18,860.0,1.0
PTPRT,0.099575,0.057,0.18,861.0,1.0
RPL7,0.0,0.0,0.181,862.0,0.99626
TOX3,0.038082,0.013,0.181,863.0,0.9995
CENPB,0.0,0.0,0.181,864.0,0.99634
SERBP1,0.038056,0.013,0.181,865.0,0.9995
ZRANB2,0.038143,0.013,0.181,866.0,0.99949
HCN1,0.057498,0.023,0.181,867.0,0.99989
RELA,0.03818,0.013,0.181,868.0,0.99948
COPS3,0.038109,0.013,0.181,869.0,0.99949
TFDP2,0.038062,0.013,0.181,870.0,0.9995
WDR7,0.10052,0.058,0.181,871.0,1.0
TNIK,0.10345,0.061,0.181,872.0,1.0
ZDHHC17,0.057458,0.022,0.181,873.0,0.99989
NOL6,0.08633,0.044,0.182,874.0,1.0
NOVA1,0.0,0.0,0.182,875.0,0.99621
LMTK3,0.070594,0.031,0.182,876.0,0.99997
ATP5A1,0.038388,0.013,0.182,877.0,0.99945
SLC7A3,0.0,0.0,0.182,878.0,0.99614
MLLT10,0.086722,0.044,0.182,879.0,1.0
MLLT6,0.070559,0.031,0.182,880.0,0.99997
RP11-152F13.10,0.0,0.0,0.182,881.0,0.9961
ATP2C1,0.08672,0.044,0.182,882.0,1.0
RNF8,0.038545,0.013,0.183,883.0,0.99943
SET,0.0,0.0,0.183,884.0,0.99597
UBE3C,0.087141,0.045,0.183,885.0,1.0
SYCP2,0.10471,0.062,0.183,886.0,1.0
CIC,0.080123,0.038,0.183,887.0,0.99999
ACAN,0.097582,0.054,0.183,888.0,1.0
SF1,0.038556,0.013,0.183,889.0,0.99943
EPHB2,0.071037,0.031,0.184,890.0,0.99997
CSNK2A2,0.038742,0.013,0.184,891.0,0.9994
FAT4,0.12097,0.081,0.184,892.0,1.0
NAP1L1,0.038693,0.013,0.184,893.0,0.99941
MED12L,0.11978,0.079,0.184,894.0,1.0
ALAS2,0.0,0.0,0.184,895.0,0.99586
CEP350,0.12242,0.083,0.184,896.0,1.0
DDX21,0.071063,0.031,0.184,897.0,0.99997
MEIS2,0.038881,0.013,0.184,898.0,0.99938
MTF2,0.058381,0.023,0.184,899.0,0.99987
MAP3K4,0.10564,0.063,0.184,900.0,1.0
SHANK1,0.097941,0.055,0.184,901.0,1.0
KLHL2,0.058822,0.023,0.185,902.0,0.99985
MTOR,0.12599,0.087,0.185,903.0,1.0
PACS1,0.080976,0.039,0.185,904.0,0.99999
GLUL,0.0,0.0,0.185,905.0,0.9957
NAV3,0.11405,0.072,0.185,906.0,1.0
NCAM1,0.081003,0.039,0.185,907.0,0.99999
SARNP,0.0,0.0,0.185,908.0,0.99574
WWC3,0.071408,0.032,0.185,909.0,0.99996
LRRC41,0.058665,0.023,0.185,910.0,0.99986
CTNND1,0.08064,0.039,0.185,911.0,0.99999
LPHN3,0.093542,0.05,0.185,912.0,1.0
CNKSR2,0.07167,0.032,0.185,913.0,0.99996
FXR2,0.071457,0.032,0.185,914.0,0.99996
SYK,0.058627,0.023,0.185,915.0,0.99986
PTPN12,0.071888,0.032,0.186,916.0,0.99996
PAPD7,0.039127,0.013,0.186,917.0,0.99934
PARP6,0.071949,0.032,0.186,918.0,0.99996
EEF1A2,0.0,0.0,0.186,919.0,0.99558
HNRNPUL1,0.081254,0.039,0.186,920.0,0.99999
ZC3H11A,0.07182,0.032,0.186,921.0,0.99996
PRRC2A,0.11713,0.075,0.186,922.0,1.0
XKR6,0.03918,0.013,0.186,923.0,0.99934
ARID4B,0.094988,0.051,0.187,924.0,1.0
EIF3D,0.059533,0.023,0.187,925.0,0.99983
NDST1,0.072234,0.032,0.187,926.0,0.99995
PTPRF,0.11017,0.067,0.187,927.0,1.0
LPHN1,0.099642,0.056,0.187,928.0,1.0
ARHGEF7,0.072331,0.032,0.187,929.0,0.99995
GPKOW,0.0,0.0,0.187,930.0,0.99553
EED,0.039445,0.013,0.187,931.0,0.99929
ZNF423,0.072199,0.032,0.187,932.0,0.99996
CUX2,0.094949,0.051,0.187,933.0,1.0
NFATC2,0.07252,0.032,0.187,934.0,0.99995
STAT1,0.081756,0.039,0.187,935.0,0.99999
TMEM108,0.0,0.0,0.187,936.0,0.99555
DIDO1,0.10344,0.06,0.187,937.0,1.0
PHF20L1,0.088879,0.045,0.187,938.0,1.0
PRDM16,0.081747,0.039,0.187,939.0,0.99999
DLL4,0.059792,0.023,0.188,940.0,0.99982
SEPT7,0.039718,0.013,0.188,941.0,0.99924
CDC73,0.072753,0.032,0.188,942.0,0.99995
JARID2,0.089409,0.046,0.188,943.0,0.99999
SNRNP70,0.039649,0.013,0.188,944.0,0.99926
PRRC2B,0.11824,0.076,0.188,945.0,1.0
SOX5,0.072808,0.032,0.188,946.0,0.99995
GRIN2A,0.08196,0.039,0.188,947.0,0.99998
PLAG1,0.0,0.0,0.188,948.0,0.99532
ASAP1,0.095039,0.051,0.188,949.0,1.0
CCT5,0.039525,0.013,0.188,950.0,0.99928
CNOT2,0.060025,0.024,0.189,951.0,0.99981
ELAVL2,0.0,0.0,0.189,952.0,0.99514
SUGP2,0.073157,0.032,0.189,953.0,0.99995
RSPRY1,0.059976,0.024,0.189,954.0,0.99981
USP37,0.090067,0.046,0.189,955.0,0.99999
NRF1,0.039864,0.013,0.189,956.0,0.99922
NFKBIZ,0.060173,0.024,0.189,957.0,0.99981
RBBP5,0.060144,0.024,0.189,958.0,0.99981
DSCAM,0.11397,0.071,0.189,959.0,1.0
TTC7B,0.082545,0.04,0.189,960.0,0.99998
PRKD2,0.073073,0.032,0.189,961.0,0.99995
PAXBP1,0.09018,0.046,0.19,962.0,0.99999
UNK,0.073458,0.032,0.19,963.0,0.99994
KIAA2018,0.10097,0.056,0.19,964.0,1.0
AP2M1,0.040028,0.013,0.19,965.0,0.99919
NOS1,0.10519,0.061,0.19,966.0,1.0
CBX2,0.0,0.0,0.19,967.0,0.99503
PPARD,0.0,0.0,0.19,968.0,0.99497
YAP1,0.04008,0.013,0.19,969.0,0.99918
ESR1,0.039964,0.013,0.19,970.0,0.9992
THRAP3,0.083154,0.04,0.19,971.0,0.99998
UBE2Q1,0.040039,0.013,0.19,972.0,0.99919
RNF31,0.096516,0.052,0.19,973.0,1.0
NYAP1,0.040116,0.013,0.19,974.0,0.99917
SCARF2,0.0604,0.024,0.19,975.0,0.9998
C20orf112,0.0,0.0,0.191,976.0,0.99496
DOCK9,0.12243,0.08,0.191,977.0,1.0
COL4A5,0.09686,0.052,0.191,978.0,1.0
NR2F1,0.0,0.0,0.191,979.0,0.99482
WNK3,0.090691,0.046,0.191,980.0,0.99999
DKC1,0.040178,0.013,0.191,981.0,0.99916
SENP5,0.060746,0.024,0.191,982.0,0.99978
LGI1,0.040264,0.013,0.191,983.0,0.99914
BMPR2,0.083459,0.04,0.191,984.0,0.99998
SMARCE1,0.040213,0.013,0.191,985.0,0.99915
FURIN,0.073795,0.033,0.191,986.0,0.99994
SPTBN4,0.12022,0.077,0.191,987.0,1.0
RPL7A,0.0,0.0,0.191,988.0,0.99485
TENM2,0.12005,0.077,0.191,989.0,1.0
ASIC2,0.040373,0.013,0.192,990.0,0.99912
ACTR3B,0.04043,0.013,0.192,991.0,0.99911
ARHGAP31,0.091226,0.047,0.192,992.0,0.99999
SNX27,0.061002,0.024,0.192,993.0,0.99977
AJAP1,0.0,0.0,0.192,994.0,0.99469
PTPRA,0.083788,0.04,0.192,995.0,0.99998
GRIK3,0.083968,0.04,0.192,996.0,0.99998
MAP1A,0.11025,0.065,0.192,997.0,1.0
CEP170,0.097041,0.052,0.192,998.0,1.0
GDI1,0.0,0.0,0.192,999.0,0.99471
XKR4,0.040379,0.013,0.192,1000.0,0.99912
HPN,0.040409,0.013,0.192,1001.0,0.99911
TNS3,0.097174,0.052,0.192,1002.0,1.0
MTPAP,0.040733,0.013,0.193,1003.0,0.99904
VDAC3,0.0,0.0,0.193,1004.0,0.99454
SNAP91,0.074662,0.033,0.193,1005.0,0.99993
EBF2,0.061258,0.024,0.193,1006.0,0.99976
TAF5L,0.040754,0.013,0.193,1007.0,0.99904
ZBTB16,0.040622,0.013,0.193,1008.0,0.99907
AGO3,0.084318,0.041,0.193,1009.0,0.99997
PPME1,0.040772,0.013,0.193,1010.0,0.99904
GRIA3,0.061265,0.024,0.193,1011.0,0.99976
NFKBIA,0.0,0.0,0.193,1012.0,0.99452
TENM1,0.11355,0.069,0.193,1013.0,1.0
CYBB,0.040752,0.013,0.193,1014.0,0.99904
SCAF11,0.097605,0.052,0.193,1015.0,1.0
TBX18,0.040708,0.013,0.193,1016.0,0.99905
SEC24B,0.098206,0.053,0.194,1017.0,1.0
ZNF280C,0.040994,0.014,0.194,1018.0,0.99899
ATN1,0.074967,0.033,0.194,1019.0,0.99992
EXOC8,0.040827,0.014,0.194,1020.0,0.99902
BHLHE40,0.0,0.0,0.194,1021.0,0.99444
SH3KBP1,0.040974,0.014,0.194,1022.0,0.99899
SKI,0.040872,0.014,0.194,1023.0,0.99901
DCUN1D5,0.0,0.0,0.194,1024.0,0.99432
SOGA1,0.098466,0.053,0.194,1025.0,1.0
CHM,0.040999,0.014,0.194,1026.0,0.99899
RBFOX2,0.04085,0.014,0.194,1027.0,0.99902
RAE1,0.040844,0.014,0.194,1028.0,0.99902
RUVBL1,0.040857,0.014,0.194,1029.0,0.99902
SMEK1,0.075152,0.033,0.194,1030.0,0.99992
TBR1,0.0409,0.014,0.194,1031.0,0.99901
PSMD13,0.04088,0.014,0.194,1032.0,0.99901
GLI3,0.092871,0.048,0.195,1033.0,0.99999
SGIP1,0.085172,0.041,0.195,1034.0,0.99997
FOXP3,0.0,0.0,0.195,1035.0,0.99424
KIAA0232,0.092713,0.047,0.195,1036.0,0.99999
WDR44,0.062079,0.024,0.195,1037.0,0.99972
CACNG3,0.0,0.0,0.195,1038.0,0.99417
SIN3B,0.092676,0.047,0.195,1039.0,0.99999
ATRN,0.11146,0.066,0.195,1040.0,1.0
KLHL15,0.0,0.0,0.195,1041.0,0.99422
ACTR2,0.041109,0.014,0.195,1042.0,0.99896
GLYR1,0.061917,0.024,0.195,1043.0,0.99973
CLIP2,0.08565,0.041,0.196,1044.0,0.99997
PDS5A,0.10409,0.058,0.196,1045.0,1.0
PIK3CD,0.093265,0.048,0.196,1046.0,0.99999
ROCK1,0.11549,0.07,0.196,1047.0,1.0
SALL1,0.062296,0.024,0.196,1048.0,0.99971
ATXN7L3,0.041284,0.014,0.196,1049.0,0.99892
FGD1,0.062403,0.025,0.196,1050.0,0.9997
LINGO1,0.0,0.0,0.196,1051.0,0.99413
TNFAIP3,0.062106,0.024,0.196,1052.0,0.99972
NUFIP2,0.041312,0.014,0.196,1053.0,0.99891
RIC8B,0.041296,0.014,0.196,1054.0,0.99892
IL1RAPL1,0.041528,0.014,0.197,1055.0,0.99886
POU2F2,0.041629,0.014,0.197,1056.0,0.99884
COPS4,0.041526,0.014,0.197,1057.0,0.99886
DNAJC13,0.13129,0.089,0.197,1058.0,1.0
XRN1,0.12171,0.077,0.197,1059.0,1.0
ANKRD12,0.11286,0.067,0.197,1060.0,1.0
PACSIN1,0.041505,0.014,0.197,1061.0,0.99887
RAPGEF2,0.10939,0.063,0.197,1062.0,1.0
ETS2,0.041457,0.014,0.197,1063.0,0.99888
HCFC2,0.07658,0.034,0.198,1064.0,0.99989
PAIP1,0.041634,0.014,0.198,1065.0,0.99884
LAMC1,0.11325,0.067,0.198,1066.0,1.0
SSBP3,0.062741,0.025,0.198,1067.0,0.99968
NEDD4L,0.1056,0.059,0.198,1068.0,1.0
KIAA0368,0.1286,0.085,0.198,1069.0,1.0
PDGFC,0.0,0.0,0.198,1070.0,0.99374
KIAA2022,0.062743,0.025,0.198,1071.0,0.99968
IPO13,0.094362,0.048,0.198,1072.0,0.99998
PSMA5,0.0,0.0,0.198,1073.0,0.99376
YY1,0.0,0.0,0.198,1074.0,0.9938
ASXL3,0.11024,0.064,0.199,1075.0,1.0
PA2G4,0.041928,0.014,0.199,1076.0,0.99876
DLGAP2,0.076806,0.034,0.199,1077.0,0.99989
MPPED2,0.0,0.0,0.199,1078.0,0.99349
CPSF7,0.042028,0.014,0.199,1079.0,0.99873
VCAN,0.12503,0.08,0.199,1080.0,1.0
PAX8,0.042191,0.014,0.2,1081.0,0.99869
PRKCE,0.077281,0.034,0.2,1082.0,0.99988
KCTD16,0.0,0.0,0.2,1083.0,0.99329
KIF4A,0.095177,0.049,0.2,1084.0,0.99998
DAB2IP,0.087552,0.042,0.2,1085.0,0.99995
SIPA1L3,0.10625,0.059,0.2,1086.0,1.0
TOX,0.042182,0.014,0.2,1087.0,0.99869
NTNG2,0.042302,0.014,0.201,1088.0,0.99866
CLASP2,0.11878,0.072,0.201,1089.0,1.0
HERC2,0.15234,0.116,0.201,1090.0,1.0
DCAF8,0.063873,0.025,0.201,1091.0,0.9996
STIP1,0.077714,0.034,0.201,1092.0,0.99987
ACIN1,0.11113,0.064,0.201,1093.0,1.0
HSPA8,0.042415,0.014,0.201,1094.0,0.99863
RPL6,0.0,0.0,0.201,1095.0,0.99326
SETDB1,0.1071,0.06,0.201,1096.0,1.0
NFIA,0.064017,0.025,0.202,1097.0,0.99959
RNF220,0.064254,0.025,0.202,1098.0,0.99958
JPH3,0.042681,0.014,0.202,1099.0,0.99855
CACNA1I,0.11933,0.073,0.202,1100.0,1.0
RFWD2,0.088137,0.042,0.202,1101.0,0.99994
STAT5A,0.08816,0.042,0.202,1102.0,0.99994
GATAD2A,0.064323,0.025,0.202,1103.0,0.99957
COL1A2,0.11599,0.069,0.202,1104.0,1.0
DMXL1,0.13771,0.095,0.202,1105.0,1.0
AP1G1,0.095868,0.049,0.202,1106.0,0.99998
OSBPL6,0.10255,0.055,0.202,1107.0,0.99999
USP19,0.10783,0.06,0.203,1108.0,0.99999
SMARCA2,0.12277,0.076,0.203,1109.0,1.0
ARHGAP21,0.11982,0.073,0.203,1110.0,1.0
CAMSAP2,0.10814,0.06,0.203,1111.0,0.99999
PHF1,0.06446,0.025,0.203,1112.0,0.99956
PRKCG,0.078397,0.035,0.203,1113.0,0.99985
KIAA1244,0.12515,0.079,0.203,1114.0,1.0
PDZD8,0.078625,0.035,0.203,1115.0,0.99984
BTBD11,0.089131,0.043,0.204,1116.0,0.99993
UNC5A,0.078927,0.035,0.204,1117.0,0.99983
CTDSP1,0.0,0.0,0.204,1118.0,0.99254
CELF5,0.043033,0.014,0.204,1119.0,0.99844
RBM14,0.043068,0.014,0.204,1120.0,0.99843
TRAPPC10,0.10865,0.061,0.204,1121.0,0.99999
CYLD,0.089287,0.043,0.204,1122.0,0.99993
FTSJ1,0.0,0.0,0.204,1123.0,0.99254
ATP9A,0.10901,0.061,0.205,1124.0,0.99999
BRSK1,0.079442,0.035,0.205,1125.0,0.99982
NFAT5,0.11776,0.07,0.205,1126.0,1.0
ATF7,0.043163,0.014,0.205,1127.0,0.9984
IL21R,0.043318,0.014,0.205,1128.0,0.99835
RBM39,0.079454,0.035,0.205,1129.0,0.99981
EIF4A2,0.043305,0.014,0.205,1130.0,0.99835
MORC2,0.10379,0.056,0.205,1131.0,0.99999
FBN2,0.14342,0.101,0.205,1132.0,1.0
ZC3H12B,0.043323,0.014,0.206,1133.0,0.99835
CSNK1G3,0.065455,0.026,0.206,1134.0,0.99947
PDE4D,0.079828,0.035,0.206,1135.0,0.9998
GNAL,0.043491,0.014,0.206,1136.0,0.99829
PITPNM3,0.089903,0.043,0.206,1137.0,0.99992
UBE3A,0.07987,0.035,0.206,1138.0,0.9998
ZNF512B,0.090214,0.043,0.206,1139.0,0.99992
BHLHE41,0.0,0.0,0.206,1140.0,0.99212
SETD2,0.13162,0.086,0.206,1141.0,1.0
SMARCD1,0.065514,0.026,0.206,1142.0,0.99947
RBM27,0.10961,0.061,0.206,1143.0,0.99999
SLC9A6,0.043371,0.014,0.206,1144.0,0.99833
TOMM40,0.0,0.0,0.206,1145.0,0.99218
RIMS2,0.12172,0.074,0.206,1146.0,1.0
ANKIB1,0.098617,0.051,0.207,1147.0,0.99996
CDK1,0.0,0.0,0.207,1148.0,0.99206
FBXO41,0.065808,0.026,0.207,1149.0,0.99944
MAPK8,0.043681,0.015,0.207,1150.0,0.99823
GLG1,0.11836,0.07,0.207,1151.0,1.0
PTPRC,0.11451,0.066,0.207,1152.0,1.0
RASGRF1,0.11009,0.062,0.207,1153.0,0.99999
ACHE,0.043553,0.014,0.207,1154.0,0.99827
HMGCS1,0.043641,0.015,0.207,1155.0,0.99824
QSER1,0.11548,0.067,0.208,1156.0,0.99999
ATAD5,0.11935,0.071,0.208,1157.0,1.0
SF3B4,0.0,0.0,0.208,1158.0,0.99176
DDI2,0.043781,0.015,0.208,1159.0,0.99819
EP400,0.14673,0.105,0.208,1160.0,1.0
PAPD5,0.065962,0.026,0.208,1161.0,0.99943
GCN1L1,0.14008,0.096,0.208,1162.0,1.0
CORO1C,0.043951,0.015,0.209,1163.0,0.99813
IL2RG,0.0,0.0,0.209,1164.0,0.99152
MBD6,0.066547,0.026,0.209,1165.0,0.99937
ARHGAP30,0.091543,0.044,0.209,1166.0,0.9999
PPP5C,0.066449,0.026,0.209,1167.0,0.99938
LMNA,0.066263,0.026,0.209,1168.0,0.9994
RAB11A,0.0,0.0,0.209,1169.0,0.99151
SYNCRIP,0.066338,0.026,0.209,1170.0,0.99939
SOX10,0.0,0.0,0.209,1171.0,0.99166
BRAF,0.099581,0.051,0.209,1172.0,0.99995
SVOP,0.066444,0.026,0.209,1173.0,0.99938
HNRNPR,0.066666,0.026,0.21,1174.0,0.99935
RPGR,0.044187,0.015,0.21,1175.0,0.99804
WNK2,0.12359,0.075,0.21,1176.0,1.0
MAPRE1,0.0,0.0,0.21,1177.0,0.99129
WDR45,0.0,0.0,0.21,1178.0,0.99145
MEPCE,0.044194,0.015,0.21,1179.0,0.99804
BRINP2,0.066564,0.026,0.21,1180.0,0.99936
C11orf84,0.0,0.0,0.21,1181.0,0.99142
NPAS3,0.081486,0.036,0.211,1182.0,0.99974
USP15,0.10683,0.057,0.211,1183.0,0.99997
ZC3H13,0.135,0.088,0.211,1184.0,1.0
DGCR8,0.081672,0.036,0.211,1185.0,0.99973
CACNA1G,0.13277,0.085,0.211,1186.0,1.0
ING3,0.066882,0.026,0.211,1187.0,0.99933
CSMD1,0.15269,0.112,0.211,1188.0,1.0
ERCC6L,0.066998,0.026,0.211,1189.0,0.99932
DNAJA2,0.044408,0.015,0.211,1190.0,0.99796
TAF5,0.081687,0.036,0.211,1191.0,0.99973
C10orf12,0.081494,0.036,0.211,1192.0,0.99974
KIF26B,0.11229,0.063,0.211,1193.0,0.99999
RP11-159G9.5,0.0,0.0,0.211,1194.0,0.99105
UBN1,0.10016,0.051,0.211,1195.0,0.99995
MTSS1,0.082177,0.036,0.212,1196.0,0.9997
ASTN1,0.11286,0.063,0.212,1197.0,0.99998
NCOA5,0.067459,0.027,0.212,1198.0,0.99926
OTUD4,0.10726,0.058,0.212,1199.0,0.99997
SORT1,0.092693,0.045,0.212,1200.0,0.99987
UCHL1,0.0,0.0,0.212,1201.0,0.99095
LEF1,0.044589,0.015,0.212,1202.0,0.99789
FRY,0.15079,0.108,0.212,1203.0,1.0
MAP3K7,0.08209,0.036,0.212,1204.0,0.99971
LCK,0.067478,0.027,0.212,1205.0,0.99926
ZNF445,0.082172,0.036,0.212,1206.0,0.9997
IGF2R,0.14162,0.096,0.212,1207.0,1.0
BTBD18,0.044773,0.015,0.212,1208.0,0.99782
CHRM1,0.0,0.0,0.213,1209.0,0.99059
ASH2L,0.082591,0.037,0.213,1210.0,0.99968
ACTN1,0.10784,0.058,0.213,1211.0,0.99997
ATF7IP,0.10127,0.052,0.213,1212.0,0.99993
ATP6AP1,0.0,0.0,0.213,1213.0,0.99079
HSP90AB1,0.067674,0.027,0.213,1214.0,0.99923
PDE10A,0.093091,0.045,0.213,1215.0,0.99986
RFX2,0.0823,0.036,0.213,1216.0,0.9997
COPB1,0.10121,0.052,0.213,1217.0,0.99994
RNF111,0.092972,0.045,0.213,1218.0,0.99987
TBC1D10B,0.067816,0.027,0.213,1219.0,0.99922
WDR33,0.12563,0.077,0.213,1220.0,1.0
NRG2,0.067516,0.027,0.213,1221.0,0.99925
UBN2,0.10146,0.052,0.213,1222.0,0.99993
UBR2,0.13807,0.091,0.213,1223.0,1.0
FAM193A,0.10142,0.052,0.213,1224.0,0.99993
SLC6A8,0.044865,0.015,0.213,1225.0,0.99778
SARS,0.067544,0.027,0.213,1226.0,0.99925
MLLT4,0.12865,0.08,0.213,1227.0,1.0
SRCIN1,0.092863,0.045,0.213,1228.0,0.99987
CACNA1D,0.14269,0.097,0.214,1229.0,1.0
ST5,0.1084,0.058,0.214,1230.0,0.99996
MAP3K1,0.11383,0.064,0.214,1231.0,0.99998
IGSF1,0.10187,0.052,0.214,1232.0,0.99993
COG3,0.10171,0.052,0.214,1233.0,0.99993
JAK1,0.11395,0.064,0.214,1234.0,0.99998
RAB14,0.0,0.0,0.214,1235.0,0.99047
EVI5L,0.093709,0.045,0.214,1236.0,0.99985
DYRK1A,0.082845,0.037,0.214,1237.0,0.99967
NEURL4,0.1184,0.068,0.214,1238.0,0.99999
DAB1,0.068307,0.027,0.215,1239.0,0.99915
KCNH4,0.093998,0.045,0.215,1240.0,0.99984
ARHGEF11,0.13263,0.084,0.215,1241.0,1.0
CCAR1,0.12304,0.073,0.215,1242.0,0.99999
THSD7A,0.1376,0.09,0.215,1243.0,1.0
SOX6,0.093871,0.045,0.215,1244.0,0.99984
FGFR1,0.094037,0.045,0.215,1245.0,0.99984
TTYH3,0.068219,0.027,0.215,1246.0,0.99916
ROCK2,0.13006,0.081,0.215,1247.0,1.0
ANKS1B,0.11454,0.064,0.215,1248.0,0.99998
NFASC,0.11918,0.069,0.215,1249.0,0.99999
WASF1,0.045346,0.015,0.215,1250.0,0.99757
SENP6,0.11427,0.064,0.215,1251.0,0.99998
CSNK1A1,0.045337,0.015,0.215,1252.0,0.99758
WDR48,0.093748,0.045,0.215,1253.0,0.99985
GCLM,0.0,0.0,0.216,1254.0,0.99011
RPS8,0.0,0.0,0.216,1255.0,0.99003
FAF2,0.068586,0.027,0.216,1256.0,0.99911
HS6ST3,0.0,0.0,0.216,1257.0,0.99001
RBM4,0.0,0.0,0.216,1258.0,0.99005
CSNK1G1,0.068633,0.027,0.216,1259.0,0.99911
ACACA,0.14874,0.104,0.216,1260.0,1.0
COL11A1,0.14411,0.098,0.216,1261.0,1.0
U2AF1,0.0,0.0,0.216,1262.0,0.9899
ATP7A,0.094246,0.045,0.216,1263.0,0.99983
TPX2,0.094866,0.046,0.217,1264.0,0.99981
NUMA1,0.14104,0.093,0.217,1265.0,1.0
NR2F2,0.0,0.0,0.217,1266.0,0.98972
TCF4,0.094955,0.046,0.217,1267.0,0.99981
HTATSF1,0.045727,0.015,0.217,1268.0,0.9974
TRAF6,0.045755,0.015,0.217,1269.0,0.99739
RSRC2,0.069037,0.027,0.217,1270.0,0.99905
SNRPA1,0.0,0.0,0.217,1271.0,0.98984
SNW1,0.083834,0.037,0.217,1272.0,0.99961
NXN,0.046035,0.015,0.218,1273.0,0.99725
CCT4,0.069155,0.027,0.218,1274.0,0.99903
SAMD4A,0.084368,0.037,0.218,1275.0,0.99958
RGAG1,0.045917,0.015,0.218,1276.0,0.99731
ZMIZ2,0.095055,0.046,0.218,1277.0,0.99981
ANP32A,0.0,0.0,0.218,1278.0,0.98961
GPM6A,0.0,0.0,0.218,1279.0,0.98962
ITCH,0.11599,0.065,0.218,1280.0,0.99997
XRCC6,0.069115,0.027,0.218,1281.0,0.99904
AGO4,0.1037,0.053,0.218,1282.0,0.9999
DDX39B,0.046048,0.015,0.218,1283.0,0.99725
ZNF536,0.084301,0.037,0.218,1284.0,0.99958
HNRNPA2B1,0.045898,0.015,0.218,1285.0,0.99732
EWSR1,0.095166,0.046,0.218,1286.0,0.99981
NUMBL,0.069224,0.027,0.218,1287.0,0.99902
STRBP,0.084308,0.037,0.218,1288.0,0.99958
CPEB1,0.0694,0.027,0.218,1289.0,0.99899
SUV39H1,0.0,0.0,0.218,1290.0,0.98957
FOXP2,0.11083,0.06,0.219,1291.0,0.99994
RXRB,0.04617,0.015,0.219,1292.0,0.99719
SP2,0.046137,0.015,0.219,1293.0,0.99721
AQR,0.13201,0.082,0.219,1294.0,1.0
SEMA3F,0.10429,0.054,0.219,1295.0,0.99989
SMG7,0.12165,0.07,0.219,1296.0,0.99998
SRP54,0.069654,0.027,0.219,1297.0,0.99895
KDM3A,0.12548,0.075,0.219,1298.0,0.99999
FRS2,0.046119,0.015,0.219,1299.0,0.99721
BRD2,0.084546,0.038,0.219,1300.0,0.99957
ADAMTS6,0.12207,0.071,0.22,1301.0,0.99998
GIT1,0.095984,0.046,0.22,1302.0,0.99978
ATP13A3,0.12209,0.071,0.22,1303.0,0.99998
RAB2A,0.0,0.0,0.22,1304.0,0.98913
ASAP2,0.11721,0.066,0.22,1305.0,0.99996
PRKAR2B,0.046297,0.015,0.22,1306.0,0.99713
SMARCB1,0.046352,0.015,0.22,1307.0,0.9971
STAT5B,0.10466,0.054,0.22,1308.0,0.99988
HAUS7,0.0,0.0,0.22,1309.0,0.98913
SYCP1,0.1169,0.065,0.22,1310.0,0.99997
YTHDF3,0.046466,0.016,0.22,1311.0,0.99704
ARHGAP44,0.10486,0.054,0.22,1312.0,0.99988
MAP2K4,0.046375,0.015,0.22,1313.0,0.99709
WDR1,0.06988,0.028,0.22,1314.0,0.99892
NR2C2,0.069846,0.028,0.22,1315.0,0.99892
ARHGAP23,0.10452,0.054,0.22,1316.0,0.99988
SEMA6A,0.096546,0.047,0.221,1317.0,0.99976
BCL3,0.0,0.0,0.221,1318.0,0.98871
MGAT1,0.0,0.0,0.221,1319.0,0.98879
SOCS6,0.0,0.0,0.221,1320.0,0.98865
AFF3,0.1179,0.066,0.221,1321.0,0.99996
RP11-1055B8.7,0.13333,0.083,0.221,1322.0,0.99999
FNDC3A,0.12232,0.071,0.221,1323.0,0.99998
DPYSL3,0.070136,0.028,0.221,1324.0,0.99887
C17orf85,0.085631,0.038,0.221,1325.0,0.99949
ITSN1,0.14559,0.098,0.221,1326.0,1.0
NOL4,0.085634,0.038,0.221,1327.0,0.99949
PROX1,0.070323,0.028,0.221,1328.0,0.99884
CAMKV,0.046623,0.016,0.221,1329.0,0.99696
ZBTB38,0.085589,0.038,0.221,1330.0,0.99949
UBQLN1,0.070301,0.028,0.221,1331.0,0.99884
ATXN7L1,0.070348,0.028,0.221,1332.0,0.99884
LYN,0.070197,0.028,0.221,1333.0,0.99886
SMAD4,0.070498,0.028,0.222,1334.0,0.99881
BRWD1,0.14816,0.1,0.222,1335.0,1.0
ELAVL1,0.0,0.0,0.222,1336.0,0.98849
SF3B2,0.11272,0.061,0.222,1337.0,0.99992
CLCN3,0.097095,0.047,0.222,1338.0,0.99973
SLIT1,0.13429,0.084,0.222,1339.0,0.99999
TUBB2B,0.0,0.0,0.222,1340.0,0.9884
PHF19,0.085941,0.038,0.222,1341.0,0.99946
FAM135B,0.11798,0.066,0.222,1342.0,0.99996
FCHO2,0.097089,0.047,0.222,1343.0,0.99973
PRDM2,0.11814,0.066,0.222,1344.0,0.99996
DNAJC6,0.10574,0.054,0.222,1345.0,0.99986
ATP2B3,0.086074,0.038,0.222,1346.0,0.99945
RAPGEF1,0.11841,0.066,0.222,1347.0,0.99995
NTN1,0.046785,0.016,0.222,1348.0,0.99687
FEZF2,0.0,0.0,0.222,1349.0,0.9886
FBXO32,0.046699,0.016,0.222,1350.0,0.99692
PTBP2,0.070403,0.028,0.222,1351.0,0.99883
EFNB2,0.0,0.0,0.222,1352.0,0.98845
CDK17,0.085862,0.038,0.222,1353.0,0.99947
MAML3,0.10627,0.055,0.223,1354.0,0.99984
THRB,0.046989,0.016,0.223,1355.0,0.99676
MORC3,0.10625,0.055,0.223,1356.0,0.99985
RAPH1,0.106,0.054,0.223,1357.0,0.99985
CREB1,0.047046,0.016,0.223,1358.0,0.99673
IREB2,0.11318,0.061,0.223,1359.0,0.99991
GDF6,0.0,0.0,0.223,1360.0,0.98833
OLFM1,0.046946,0.016,0.223,1361.0,0.99679
SLC25A14,0.0,0.0,0.223,1362.0,0.98821
SLC16A2,0.0,0.0,0.223,1363.0,0.98828
TRAF3,0.071138,0.028,0.224,1364.0,0.99869
MAST3,0.11362,0.061,0.224,1365.0,0.99991
SPAST,0.0868,0.039,0.224,1366.0,0.99939
USP32,0.14079,0.091,0.224,1367.0,1.0
LRP8,0.10666,0.055,0.224,1368.0,0.99983
GJC1,0.0,0.0,0.224,1369.0,0.98795
GABBR1,0.11325,0.061,0.224,1370.0,0.99991
PPP1R8,0.0,0.0,0.224,1371.0,0.98791
BMP2,0.0,0.0,0.224,1372.0,0.98799
P4HB,0.047252,0.016,0.224,1373.0,0.99662
GDA,0.071239,0.028,0.224,1374.0,0.99867
IQSEC1,0.098024,0.047,0.224,1375.0,0.99969
KPNA6,0.086658,0.038,0.224,1376.0,0.9994
LHX2,0.0,0.0,0.224,1377.0,0.98812
NFIB,0.07156,0.028,0.225,1378.0,0.99861
WIZ,0.071356,0.028,0.225,1379.0,0.99865
ZBTB43,0.0,0.0,0.225,1380.0,0.98767
BMPR1B,0.071438,0.028,0.225,1381.0,0.99863
TTC17,0.12481,0.072,0.225,1382.0,0.99996
PSMA7,0.0,0.0,0.225,1383.0,0.98768
E2F1,0.0,0.0,0.225,1384.0,0.9877
LIMK1,0.086991,0.039,0.225,1385.0,0.99937
APC2,0.11972,0.067,0.225,1386.0,0.99994
CSF1,0.047731,0.016,0.226,1387.0,0.99634
VAV1,0.12033,0.067,0.226,1388.0,0.99993
IGF2BP1,0.08739,0.039,0.226,1389.0,0.99933
UFD1L,0.047659,0.016,0.226,1390.0,0.99638
CDKL5,0.087497,0.039,0.226,1391.0,0.99932
MIER3,0.07177,0.028,0.226,1392.0,0.99856
CCT2,0.071923,0.028,0.226,1393.0,0.99853
SHROOM4,0.098842,0.048,0.226,1394.0,0.99965
TBX21,0.0477,0.016,0.226,1395.0,0.99636
HNRNPUL2,0.10805,0.055,0.227,1396.0,0.99979
CARD11,0.12606,0.073,0.227,1397.0,0.99995
PCNX,0.15103,0.102,0.227,1398.0,1.0
PCNXL3,0.14309,0.092,0.227,1399.0,0.99999
SCHIP1,0.0,0.0,0.227,1400.0,0.98715
RAD23B,0.047801,0.016,0.227,1401.0,0.9963
PRPF4,0.087762,0.039,0.227,1402.0,0.9993
COL6A1,0.12599,0.073,0.227,1403.0,0.99995
DCLK1,0.09909,0.048,0.227,1404.0,0.99964
STK40,0.047901,0.016,0.227,1405.0,0.99624
FANCB,0.047779,0.016,0.227,1406.0,0.99631
SETD5,0.13025,0.078,0.227,1407.0,0.99997
HNRNPD,0.047945,0.016,0.227,1408.0,0.99621
TCERG1,0.12564,0.073,0.227,1409.0,0.99996
GNL1,0.087921,0.039,0.227,1410.0,0.99928
CPEB3,0.072245,0.029,0.227,1411.0,0.99846
PYGO1,0.0,0.0,0.228,1412.0,0.98683
CUL3,0.099704,0.048,0.228,1413.0,0.9996
LZTS3,0.048027,0.016,0.228,1414.0,0.99616
KIF5A,0.1263,0.073,0.228,1415.0,0.99995
INO80D,0.099462,0.048,0.228,1416.0,0.99962
SAFB2,0.1082,0.056,0.228,1417.0,0.99979
NAA30,0.0,0.0,0.228,1418.0,0.98682
PCBP2,0.048006,0.016,0.228,1419.0,0.99617
ZNF384,0.072437,0.029,0.228,1420.0,0.99842
LATS1,0.11558,0.062,0.228,1421.0,0.99987
MAML2,0.11558,0.062,0.228,1422.0,0.99987
CAMK1D,0.047957,0.016,0.228,1423.0,0.9962
TRIM46,0.088197,0.039,0.228,1424.0,0.99925
PIK3R1,0.10842,0.056,0.228,1425.0,0.99978
IL6ST,0.10832,0.056,0.228,1426.0,0.99978
ARHGAP6,0.072286,0.029,0.228,1427.0,0.99845
REL,0.072716,0.029,0.229,1428.0,0.99836
MAGED1,0.072887,0.029,0.229,1429.0,0.99831
GABRA2,0.048314,0.016,0.229,1430.0,0.99598
JAKMIP1,0.11589,0.062,0.229,1431.0,0.99986
PLXNA4,0.14155,0.09,0.229,1432.0,0.99999
CACNA2D2,0.1352,0.082,0.229,1433.0,0.99997
SNAP25,0.0,0.0,0.229,1434.0,0.98653
CCND2,0.0,0.0,0.229,1435.0,0.98658
FAM168A,0.0,0.0,0.229,1436.0,0.98674
PATZ1,0.04831,0.016,0.229,1437.0,0.99598
DENND1A,0.10885,0.056,0.229,1438.0,0.99976
KDM7A,0.11606,0.063,0.229,1439.0,0.99986
SOX30,0.073166,0.029,0.23,1440.0,0.99825
WDTC1,0.089065,0.04,0.23,1441.0,0.99915
THOC1,0.1006,0.049,0.23,1442.0,0.99955
FMNL1,0.11633,0.063,0.23,1443.0,0.99985
MRTO4,0.0,0.0,0.23,1444.0,0.98629
STK39,0.088981,0.04,0.23,1445.0,0.99916
IPO9,0.12245,0.069,0.23,1446.0,0.9999
HERPUD1,0.048552,0.016,0.23,1447.0,0.99582
REEP1,0.0,0.0,0.23,1448.0,0.98632
GPS1,0.073386,0.029,0.231,1449.0,0.99819
PLRG1,0.089437,0.04,0.231,1450.0,0.99911
UBE2K,0.0,0.0,0.231,1451.0,0.98621
PSMA6,0.0,0.0,0.231,1452.0,0.98619
CNOT6L,0.073314,0.029,0.231,1453.0,0.99821
AGAP1,0.11687,0.063,0.231,1454.0,0.99984
CSNK1D,0.048639,0.016,0.231,1455.0,0.99577
CELF4,0.073465,0.029,0.231,1456.0,0.99817
RDH10,0.0,0.0,0.231,1457.0,0.98594
MAP2K7,0.048993,0.016,0.232,1458.0,0.99552
GABPA,0.07369,0.029,0.232,1459.0,0.99812
KIF13A,0.15038,0.1,0.232,1460.0,0.99999
FAM169A,0.089687,0.04,0.232,1461.0,0.99907
ACTB,0.0,0.0,0.232,1462.0,0.98564
NUP205,0.15675,0.107,0.232,1463.0,1.0
GNL3L,0.048917,0.016,0.232,1464.0,0.99558
PABPC4,0.08987,0.04,0.232,1465.0,0.99905
RALGAPA1,0.15297,0.103,0.232,1466.0,0.99999
FADS2,0.073548,0.029,0.232,1467.0,0.99815
FBXW7,0.10134,0.049,0.232,1468.0,0.99949
TMEM132D,0.089742,0.04,0.232,1469.0,0.99907
ATP11C,0.11032,0.057,0.232,1470.0,0.9997
CASKIN2,0.11023,0.057,0.232,1471.0,0.99971
NUDT21,0.0,0.0,0.232,1472.0,0.98576
BACH2,0.07402,0.029,0.233,1473.0,0.99803
PTPRM,0.14386,0.091,0.233,1474.0,0.99998
HMBOX1,0.073949,0.029,0.233,1475.0,0.99805
SOCS7,0.073866,0.029,0.233,1476.0,0.99807
HNRNPA3,0.049133,0.016,0.233,1477.0,0.99543
MAGED2,0.049203,0.016,0.233,1478.0,0.99538
PTGES3,0.0,0.0,0.233,1479.0,0.98536
SRSF11,0.073903,0.029,0.233,1480.0,0.99806
LSM14B,0.049305,0.017,0.234,1481.0,0.9953
NCSTN,0.10226,0.049,0.234,1482.0,0.99942
AIFM1,0.074313,0.029,0.234,1483.0,0.99795
ZNF704,0.049282,0.017,0.234,1484.0,0.99532
TTBK1,0.11109,0.057,0.234,1485.0,0.99967
PBX2,0.049279,0.017,0.234,1486.0,0.99532
YIPF5,0.0,0.0,0.234,1487.0,0.98529
KBTBD2,0.074319,0.029,0.234,1488.0,0.99795
SLC30A1,0.0,0.0,0.234,1489.0,0.98532
KIAA1468,0.13431,0.08,0.234,1490.0,0.99993
ZNF827,0.11145,0.057,0.234,1491.0,0.99965
PICALM,0.090537,0.04,0.234,1492.0,0.99896
PRKG1,0.10277,0.05,0.235,1493.0,0.99938
YWHAE,0.0,0.0,0.235,1494.0,0.98479
CRTC2,0.0909,0.04,0.235,1495.0,0.99891
PSMD6,0.049475,0.017,0.235,1496.0,0.99518
SMC2,0.13028,0.075,0.235,1497.0,0.9999
THBS1,0.1251,0.07,0.235,1498.0,0.99985
MAN1A2,0.090821,0.04,0.235,1499.0,0.99892
GMEB2,0.049787,0.017,0.236,1500.0,0.99495
SCFD1,0.11201,0.058,0.236,1501.0,0.99962
TNFRSF1A,0.049846,0.017,0.236,1502.0,0.9949
SSBP2,0.074954,0.03,0.236,1503.0,0.99777
CDYL,0.049666,0.017,0.236,1504.0,0.99504
REV1,0.13071,0.076,0.236,1505.0,0.99989
POLD3,0.074976,0.03,0.236,1506.0,0.99776
ESRP1,0.10319,0.05,0.236,1507.0,0.99934
FUS,0.10355,0.05,0.237,1508.0,0.9993
RARG,0.050001,0.017,0.237,1509.0,0.99478
EPB41L4B,0.1202,0.065,0.237,1510.0,0.99972
NDC1,0.10338,0.05,0.237,1511.0,0.99932
MSI2,0.050011,0.017,0.237,1512.0,0.99478
RBM14-RBM4,0.0,0.0,0.237,1513.0,0.98438
ZMAT2,0.0,0.0,0.237,1514.0,0.98418
AZIN1,0.049921,0.017,0.237,1515.0,0.99485
CRIM1,0.12043,0.065,0.238,1516.0,0.99971
PPP1R7,0.050265,0.017,0.238,1517.0,0.99458
RNF40,0.13166,0.076,0.238,1518.0,0.99987
MTMR1,0.075506,0.03,0.238,1519.0,0.9976
PRPF39,0.091894,0.041,0.238,1520.0,0.99875
EVL,0.075456,0.03,0.238,1521.0,0.99761
HEXIM1,0.0,0.0,0.238,1522.0,0.98396
DLG4,0.11327,0.058,0.238,1523.0,0.99954
KANSL1,0.1204,0.065,0.238,1524.0,0.99972
AMIGO1,0.0,0.0,0.238,1525.0,0.98411
DAZL,0.050375,0.017,0.239,1526.0,0.99449
RPL3,0.050474,0.017,0.239,1527.0,0.99441
CAMSAP1,0.13248,0.077,0.239,1528.0,0.99985
MDGA2,0.1044,0.05,0.239,1529.0,0.99922
TLE1,0.10434,0.05,0.239,1530.0,0.99922
LMTK2,0.12735,0.071,0.239,1531.0,0.99978
HCN4,0.092366,0.041,0.239,1532.0,0.99867
CHMP6,0.0,0.0,0.239,1533.0,0.98358
ACTN2,0.12109,0.065,0.239,1534.0,0.99968
HDAC7,0.12095,0.065,0.239,1535.0,0.99969
HELLS,0.12701,0.071,0.239,1536.0,0.99979
ENG,0.092876,0.041,0.24,1537.0,0.99858
SLMAP,0.12792,0.072,0.24,1538.0,0.99976
C6orf62,0.0,0.0,0.24,1539.0,0.98336
CACNA1B,0.15813,0.106,0.24,1540.0,0.99998
KHDRBS1,0.050693,0.017,0.24,1541.0,0.99423
TRIB2,0.0,0.0,0.24,1542.0,0.98349
VEZF1,0.050684,0.017,0.24,1543.0,0.99423
HERC1,0.18748,0.147,0.24,1544.0,1.0
CCND3,0.0,0.0,0.24,1545.0,0.98347
GSPT2,0.0,0.0,0.24,1546.0,0.98321
TXLNA,0.076371,0.03,0.24,1547.0,0.99731
MED15,0.12835,0.072,0.241,1548.0,0.99974
FBXL5,0.093097,0.041,0.241,1549.0,0.99854
PCSK2,0.09311,0.041,0.241,1550.0,0.99853
FOSL2,0.0,0.0,0.241,1551.0,0.98293
CAMK2G,0.10544,0.051,0.241,1552.0,0.9991
SH3GLB1,0.050882,0.017,0.241,1553.0,0.99407
SLC2A1,0.050848,0.017,0.241,1554.0,0.9941
TAOK2,0.12809,0.072,0.241,1555.0,0.99976
TAOK3,0.12832,0.072,0.241,1556.0,0.99975
TSHZ1,0.076402,0.03,0.241,1557.0,0.9973
FBXO33,0.050759,0.017,0.241,1558.0,0.99417
YTHDF1,0.050729,0.017,0.241,1559.0,0.9942
YWHAB,0.0,0.0,0.241,1560.0,0.98314
TMEM259,0.050861,0.017,0.241,1561.0,0.99408
UBA2,0.093209,0.041,0.241,1562.0,0.99851
RBPJ,0.093119,0.041,0.241,1563.0,0.99853
ITPK1,0.051083,0.017,0.242,1564.0,0.99389
RPS6KA5,0.10554,0.051,0.242,1565.0,0.99909
SHH,0.0,0.0,0.242,1566.0,0.98258
PDLIM4,0.0,0.0,0.242,1567.0,0.98283
SRSF1,0.0,0.0,0.242,1568.0,0.98268
FOXJ2,0.093484,0.042,0.242,1569.0,0.99846
MEMO1,0.05108,0.017,0.242,1570.0,0.9939
BCL9L,0.11525,0.059,0.242,1571.0,0.99939
TOPORS,0.10589,0.051,0.242,1572.0,0.99904
IGBP1,0.0,0.0,0.242,1573.0,0.98274
LRCH2,0.076889,0.03,0.242,1574.0,0.99713
TOMM70A,0.093731,0.042,0.242,1575.0,0.99841
NOVA2,0.0,0.0,0.242,1576.0,0.98259
SLC38A2,0.07699,0.03,0.242,1577.0,0.99709
DCHS1,0.15685,0.104,0.242,1578.0,0.99997
SRGAP3,0.12934,0.073,0.243,1579.0,0.9997
PHC1,0.11534,0.059,0.243,1580.0,0.99938
DDB1,0.13443,0.078,0.243,1581.0,0.99979
PCDH1,0.09387,0.042,0.243,1582.0,0.99838
SCAI,0.11564,0.059,0.243,1583.0,0.99936
PPP4R1,0.12299,0.066,0.243,1584.0,0.99958
PTK2,0.14353,0.088,0.243,1585.0,0.99987
PLAGL2,0.0,0.0,0.243,1586.0,0.98253
MEF2D,0.077115,0.031,0.243,1587.0,0.99705
RPL18A,0.0,0.0,0.243,1588.0,0.98228
TNFSF13B,0.0,0.0,0.244,1589.0,0.98193
PIM3,0.0,0.0,0.244,1590.0,0.98192
GMPS,0.094515,0.042,0.244,1591.0,0.99825
GRID1,0.11613,0.06,0.244,1592.0,0.99931
HNRNPL,0.077633,0.031,0.244,1593.0,0.99685
NONO,0.051527,0.017,0.244,1594.0,0.9935
ELL2,0.094522,0.042,0.244,1595.0,0.99824
DNAJC11,0.10677,0.052,0.244,1596.0,0.99893
GRM7,0.10652,0.051,0.244,1597.0,0.99896
TMEM131,0.15618,0.102,0.244,1598.0,0.99995
LONP1,0.11623,0.06,0.244,1599.0,0.9993
SRC,0.077465,0.031,0.244,1600.0,0.99691
HSPA4,0.12362,0.067,0.244,1601.0,0.99954
KIAA1211L,0.077392,0.031,0.244,1602.0,0.99694
SPI1,0.0,0.0,0.244,1603.0,0.98206
TRIM27,0.077621,0.031,0.244,1604.0,0.99685
CEPT1,0.051509,0.017,0.244,1605.0,0.99351
RPL19,0.0,0.0,0.244,1606.0,0.98197
EPS15L1,0.13062,0.073,0.245,1607.0,0.99964
KPNA1,0.094819,0.042,0.245,1608.0,0.99818
CACNA2D1,0.14777,0.092,0.245,1609.0,0.99989
STK11,0.051631,0.017,0.245,1610.0,0.9934
GABRD,0.051581,0.017,0.245,1611.0,0.99345
EIF5B,0.14029,0.084,0.245,1612.0,0.99981
UHRF2,0.11639,0.06,0.245,1613.0,0.99928
CELSR3,0.17022,0.12,0.245,1614.0,0.99998
BRD1,0.12432,0.067,0.245,1615.0,0.99949
KLF7,0.0,0.0,0.245,1616.0,0.98178
RAB11FIP3,0.094724,0.042,0.245,1617.0,0.9982
RABL6,0.09485,0.042,0.245,1618.0,0.99817
GRAMD1B,0.11636,0.06,0.245,1619.0,0.99929
PUF60,0.077845,0.031,0.245,1620.0,0.99677
FBL,0.051861,0.017,0.246,1621.0,0.99319
TBX2,0.051753,0.017,0.246,1622.0,0.99329
ZRANB1,0.10729,0.052,0.246,1623.0,0.99885
ATP2A2,0.12482,0.067,0.246,1624.0,0.99945
FLT1,0.14517,0.089,0.246,1625.0,0.99983
ACTL6A,0.078124,0.031,0.246,1626.0,0.99665
HERC4,0.13116,0.074,0.246,1627.0,0.99961
AKAP4,0.051823,0.017,0.246,1628.0,0.99323
JADE1,0.10731,0.052,0.246,1629.0,0.99885
TRA2B,0.051934,0.017,0.246,1630.0,0.99312
BCAR1,0.09523,0.042,0.246,1631.0,0.99808
ADD3,0.10759,0.052,0.246,1632.0,0.9988
PSMC6,0.078207,0.031,0.246,1633.0,0.99662
POLR1B,0.12471,0.067,0.246,1634.0,0.99946
PRPF40B,0.13072,0.073,0.246,1635.0,0.99963
ASTN2,0.13659,0.079,0.246,1636.0,0.99971
GRIA2,0.11752,0.06,0.247,1637.0,0.99916
LNPEP,0.13167,0.074,0.247,1638.0,0.99957
RLIM,0.052048,0.018,0.247,1639.0,0.99301
RASIP1,0.095466,0.042,0.247,1640.0,0.99803
NAV2,0.16465,0.112,0.247,1641.0,0.99995
ILF2,0.078489,0.031,0.247,1642.0,0.9965
NUS1,0.0,0.0,0.247,1643.0,0.98117
NPTN,0.052015,0.017,0.247,1644.0,0.99304
WT1,0.07854,0.031,0.247,1645.0,0.99648
CLOCK,0.13173,0.074,0.247,1646.0,0.99957
KCNH3,0.11732,0.06,0.247,1647.0,0.99919
TOP2B,0.15225,0.097,0.247,1648.0,0.99989
DCTN2,0.07843,0.031,0.247,1649.0,0.99653
NCOA1,0.14577,0.089,0.247,1650.0,0.99981
RHEB,0.0,0.0,0.247,1651.0,0.98119
ANKRD34A,0.0,0.0,0.247,1652.0,0.98103
HDAC9,0.14235,0.085,0.248,1653.0,0.99973
ANKRD13C,0.09587,0.043,0.248,1654.0,0.99793
WWP1,0.13746,0.08,0.248,1655.0,0.99966
ZNF319,0.052211,0.018,0.248,1656.0,0.99285
WDR18,0.052355,0.018,0.248,1657.0,0.99271
CBX8,0.052364,0.018,0.248,1658.0,0.9927
LENG8,0.1256,0.068,0.248,1659.0,0.99938
KAL1,0.095842,0.043,0.248,1660.0,0.99793
LRRC8B,0.079203,0.031,0.249,1661.0,0.99619
ZBTB21,0.096428,0.043,0.249,1662.0,0.99778
MORC4,0.096253,0.043,0.249,1663.0,0.99783
ARHGAP29,0.1378,0.08,0.249,1664.0,0.99964
NELL2,0.13244,0.074,0.249,1665.0,0.99952
PDE8B,0.1185,0.061,0.249,1666.0,0.99905
ZNF281,0.079091,0.031,0.249,1667.0,0.99624
ARFGEF2,0.16407,0.11,0.249,1668.0,0.99993
PHF13,0.0,0.0,0.249,1669.0,0.98042
INPP4A,0.13252,0.074,0.249,1670.0,0.99952
MUC5B,0.18333,0.136,0.249,1671.0,0.99999
KDR,0.1506,0.094,0.249,1672.0,0.99982
BAI2,0.15051,0.094,0.249,1673.0,0.99982
NLGN4X,0.052401,0.018,0.249,1674.0,0.99267
LRP2,0.19529,0.154,0.249,1675.0,0.99999
CHRM3,0.052535,0.018,0.249,1676.0,0.99253
PITPNC1,0.052544,0.018,0.249,1677.0,0.99252
ZNF496,0.079081,0.031,0.249,1678.0,0.99624
USF2,0.052539,0.018,0.249,1679.0,0.99253
PDIA3,0.079445,0.031,0.25,1680.0,0.99608
FLNC,0.16868,0.116,0.25,1681.0,0.99994
MTMR4,0.13865,0.08,0.25,1682.0,0.99959
TRIP13,0.07948,0.031,0.25,1683.0,0.99606
ACE2,0.096752,0.043,0.25,1684.0,0.99769
KIRREL,0.10913,0.053,0.25,1685.0,0.99855
CELSR1,0.16835,0.115,0.25,1686.0,0.99994
HGF,0.13314,0.075,0.25,1687.0,0.99947
RYR2,0.19733,0.156,0.25,1688.0,0.99999
TM9SF4,0.11886,0.061,0.25,1689.0,0.999
FAM160B1,0.11901,0.061,0.25,1690.0,0.99898
SYN1,0.052904,0.018,0.251,1691.0,0.99216
CAD,0.17132,0.119,0.251,1692.0,0.99993
FAF1,0.1192,0.061,0.251,1693.0,0.99895
FNIP1,0.13895,0.081,0.251,1694.0,0.99957
ETF1,0.079619,0.032,0.251,1695.0,0.996
INHBA,0.0,0.0,0.251,1696.0,0.97979
SLC30A10,0.0,0.0,0.251,1697.0,0.97952
STT3B,0.11918,0.061,0.251,1698.0,0.99896
MRC1L1,0.096923,0.043,0.251,1699.0,0.99765
MEX3A,0.0,0.0,0.251,1700.0,0.97977
CAMK2A,0.10964,0.053,0.251,1701.0,0.99845
INTS3,0.14817,0.09,0.251,1702.0,0.99972
RNPS1,0.0,0.0,0.251,1703.0,0.9798
NFE2L1,0.097104,0.043,0.251,1704.0,0.99759
SLC6A3,0.09715,0.043,0.251,1705.0,0.99758
CELSR2,0.1729,0.121,0.251,1706.0,0.99994
TFAP2D,0.053059,0.018,0.252,1707.0,0.99199
PIK3CB,0.14414,0.086,0.252,1708.0,0.99964
ZC3H12C,0.10999,0.053,0.252,1709.0,0.99838
DOPEY1,0.17516,0.123,0.252,1710.0,0.99993
ZMIZ1,0.13435,0.075,0.252,1711.0,0.99937
ZYG11B,0.11008,0.053,0.252,1712.0,0.99836
SKIDA1,0.053119,0.018,0.252,1713.0,0.99193
SEPT9,0.080052,0.032,0.252,1714.0,0.99579
SCUBE3,0.13412,0.075,0.252,1715.0,0.99939
KLF6,0.0,0.0,0.252,1716.0,0.97946
SFMBT2,0.13409,0.075,0.252,1717.0,0.99939
DNM1,0.12772,0.069,0.252,1718.0,0.99917
ZNFX1,0.15852,0.102,0.252,1719.0,0.99983
RBBP4,0.080331,0.032,0.253,1720.0,0.99565
LEMD3,0.12045,0.062,0.253,1721.0,0.99877
RUSC2,0.14012,0.081,0.253,1722.0,0.99949
AKAP6,0.16193,0.106,0.253,1723.0,0.99983
TMEM132B,0.12051,0.062,0.253,1724.0,0.99876
RBM15B,0.080499,0.032,0.253,1725.0,0.99557
ZNF644,0.12799,0.069,0.253,1726.0,0.99914
AUTS2,0.13464,0.076,0.253,1727.0,0.99934
SIM1,0.1105,0.053,0.253,1728.0,0.99828
FAT3,0.1808,0.131,0.253,1729.0,0.99995
TP53BP1,0.16429,0.109,0.253,1730.0,0.99985
HECW1,0.16212,0.106,0.253,1731.0,0.99982
NEGR1,0.053303,0.018,0.253,1732.0,0.99173
XPO5,0.15314,0.095,0.253,1733.0,0.99971
SVEP1,0.18599,0.137,0.254,1734.0,0.99995
SCAF1,0.11092,0.054,0.254,1735.0,0.99819
DLGAP1,0.12058,0.062,0.254,1736.0,0.99875
DLX2,0.0,0.0,0.254,1737.0,0.97847
TTYH1,0.080845,0.032,0.254,1738.0,0.99539
CSNK1G2,0.053624,0.018,0.254,1739.0,0.99138
RAB35,0.0,0.0,0.254,1740.0,0.97845
PIAS2,0.098448,0.044,0.254,1741.0,0.99718
ADCY5,0.13523,0.076,0.254,1742.0,0.99928
GRM5,0.12077,0.062,0.254,1743.0,0.99872
BOD1L1,0.16716,0.112,0.254,1744.0,0.99985
PTPRS,0.165,0.109,0.254,1745.0,0.99983
EDNRA,0.053444,0.018,0.254,1746.0,0.99158
NRXN1,0.14962,0.091,0.254,1747.0,0.99964
ARHGAP32,0.15984,0.103,0.254,1748.0,0.99978
FRMD5,0.098285,0.044,0.254,1749.0,0.99724
VPS54,0.1351,0.076,0.254,1750.0,0.99929
UBE2R2,0.0,0.0,0.255,1751.0,0.97816
AMMECR1L,0.0537,0.018,0.255,1752.0,0.9913
CCT6A,0.080966,0.032,0.255,1753.0,0.99532
TCFL5,0.053719,0.018,0.255,1754.0,0.99128
PBX1,0.081067,0.032,0.255,1755.0,0.99527
TCP1,0.081058,0.032,0.255,1756.0,0.99527
IRF1,0.05405,0.018,0.256,1757.0,0.9909
PRKAG2,0.099222,0.044,0.256,1758.0,0.99692
LRP12,0.11175,0.054,0.256,1759.0,0.99799
EBF1,0.099086,0.044,0.256,1760.0,0.99697
FAM131B,0.054035,0.018,0.256,1761.0,0.99092
SOS2,0.15097,0.092,0.256,1762.0,0.99955
RAD21,0.098977,0.044,0.256,1763.0,0.99701
MOSPD2,0.053922,0.018,0.256,1764.0,0.99105
STXBP5,0.15083,0.092,0.256,1765.0,0.99956
KCNJ3,0.05389,0.018,0.256,1766.0,0.99108
POLR1A,0.1687,0.113,0.256,1767.0,0.9998
TP73,0.099113,0.044,0.256,1768.0,0.99696
CWC15,0.0,0.0,0.256,1769.0,0.97769
NDFIP1,0.0,0.0,0.257,1770.0,0.97747
EPHB1,0.12203,0.063,0.257,1771.0,0.9985
PHLPP1,0.14251,0.083,0.257,1772.0,0.99927
MAGI2,0.147,0.088,0.257,1773.0,0.99943
PPP2R2A,0.081651,0.032,0.257,1774.0,0.99495
ZNF618,0.12245,0.063,0.257,1775.0,0.99842
HECW2,0.16135,0.104,0.257,1776.0,0.9997
USP1,0.099271,0.044,0.257,1777.0,0.99691
PHACTR3,0.099359,0.044,0.257,1778.0,0.99687
FBXL20,0.099271,0.044,0.257,1779.0,0.99691
BRD7,0.11275,0.055,0.258,1780.0,0.99774
MTMR3,0.14766,0.088,0.258,1781.0,0.99937
CDK16,0.081906,0.032,0.258,1782.0,0.9948
HMGXB3,0.13754,0.077,0.258,1783.0,0.999
MARK4,0.11265,0.054,0.258,1784.0,0.99777
FAM208A,0.15585,0.097,0.258,1785.0,0.99954
CALD1,0.13055,0.07,0.258,1786.0,0.99879
PPP2R4,0.054331,0.018,0.258,1787.0,0.99057
DLC1,0.15182,0.093,0.258,1788.0,0.99948
ELF2,0.081879,0.032,0.258,1789.0,0.99482
LIN9,0.11287,0.055,0.258,1790.0,0.99771
NRG1,0.099974,0.045,0.258,1791.0,0.99665
NRXN2,0.14799,0.088,0.258,1792.0,0.99934
GRIA1,0.13117,0.071,0.259,1793.0,0.99869
STMN2,0.0,0.0,0.259,1794.0,0.97687
TSKS,0.10032,0.045,0.259,1795.0,0.99652
IRF2BP1,0.054609,0.018,0.259,1796.0,0.99024
TMEM57,0.11337,0.055,0.259,1797.0,0.99757
NTRK3,0.123,0.063,0.259,1798.0,0.9983
TFAP2B,0.054619,0.018,0.259,1799.0,0.99023
DKFZP761J1410,0.0546,0.018,0.259,1800.0,0.99025
DEF6,0.11298,0.055,0.259,1801.0,0.99768
MKL1,0.11298,0.055,0.259,1802.0,0.99768
SMAD2,0.10008,0.045,0.259,1803.0,0.99661
MBD3,0.0,0.0,0.26,1804.0,0.9765
CBX1,0.0,0.0,0.26,1805.0,0.97622
HMGCR,0.13159,0.071,0.26,1806.0,0.99861
PLAGL1,0.0,0.0,0.26,1807.0,0.9764
TRIM8,0.082619,0.033,0.26,1808.0,0.99438
SLC8A2,0.10079,0.045,0.26,1809.0,0.99633
DSP,0.18479,0.133,0.26,1810.0,0.99978
PPP1R37,0.082444,0.033,0.26,1811.0,0.99448
OSBP,0.13194,0.071,0.26,1812.0,0.99855
PITX2,0.0,0.0,0.26,1813.0,0.97618
ADCY2,0.14484,0.084,0.261,1814.0,0.99898
DAAM1,0.14946,0.089,0.261,1815.0,0.99918
DOCK2,0.17963,0.125,0.261,1816.0,0.99969
TTBK2,0.13921,0.078,0.261,1817.0,0.99875
DUSP6,0.0,0.0,0.261,1818.0,0.97603
RPS6,0.0,0.0,0.261,1819.0,0.9759
EXT1,0.11425,0.055,0.261,1820.0,0.99732
PHF20,0.1392,0.078,0.261,1821.0,0.99875
RPS18,0.0,0.0,0.261,1822.0,0.9759
STXBP5L,0.15406,0.094,0.261,1823.0,0.99926
TFAP2A,0.055092,0.019,0.261,1824.0,0.98964
PCNA,0.0,0.0,0.261,1825.0,0.97606
YLPM1,0.17615,0.121,0.261,1826.0,0.99965
ERF,0.055062,0.019,0.261,1827.0,0.98968
CIT,0.18451,0.132,0.261,1828.0,0.9997
GNAO1,0.055101,0.019,0.261,1829.0,0.98963
MKRN1,0.082894,0.033,0.261,1830.0,0.99421
NR5A1,0.055128,0.019,0.262,1831.0,0.9896
ZBTB1,0.083111,0.033,0.262,1832.0,0.99407
KCNB2,0.10129,0.045,0.262,1833.0,0.99613
KCNC1,0.055148,0.019,0.262,1834.0,0.98957
GRIK2,0.13263,0.072,0.262,1835.0,0.99841
PKNOX1,0.083206,0.033,0.262,1836.0,0.99401
RELB,0.083219,0.033,0.262,1837.0,0.994
ARRB1,0.083316,0.033,0.262,1838.0,0.99394
CAMTA2,0.15473,0.094,0.262,1839.0,0.99918
RAB8A,0.0,0.0,0.262,1840.0,0.97543
RAN,0.0,0.0,0.262,1841.0,0.97576
ATG4A,0.055179,0.019,0.262,1842.0,0.98953
PLXNA1,0.17033,0.113,0.262,1843.0,0.99951
CBX6,0.0,0.0,0.262,1844.0,0.97568
DLG5,0.16769,0.11,0.262,1845.0,0.99948
PHF8,0.12496,0.064,0.263,1846.0,0.99785
DDX4,0.13337,0.072,0.263,1847.0,0.99826
OPN1LW,0.0,0.0,0.263,1848.0,0.97535
PPP2CA,0.055359,0.019,0.263,1849.0,0.9893
PTGS2,0.10166,0.045,0.263,1850.0,0.99597
TPP2,0.15517,0.095,0.263,1851.0,0.99912
HUNK,0.10183,0.045,0.263,1852.0,0.99589
AP1B1,0.13327,0.072,0.263,1853.0,0.99828
AP2B1,0.13319,0.072,0.263,1854.0,0.9983
CBFA2T2,0.10192,0.045,0.263,1855.0,0.99585
ARHGAP5,0.13996,0.079,0.263,1856.0,0.99862
DBN1,0.11508,0.056,0.263,1857.0,0.99705
MSI1,0.08387,0.033,0.264,1858.0,0.99357
TENM3,0.18303,0.129,0.264,1859.0,0.99955
FCHO1,0.14081,0.079,0.264,1860.0,0.99845
HSPH1,0.13352,0.072,0.264,1861.0,0.99822
ST7,0.11515,0.056,0.264,1862.0,0.99703
TEAD3,0.083795,0.033,0.264,1863.0,0.99362
ITGB8,0.12564,0.065,0.264,1864.0,0.99767
SMAP1,0.083867,0.033,0.264,1865.0,0.99357
CCNL1,0.10216,0.046,0.264,1866.0,0.99575
SLC9A7,0.083946,0.033,0.264,1867.0,0.99352
EYA3,0.11516,0.056,0.264,1868.0,0.99702
VRTN,0.055584,0.019,0.264,1869.0,0.98901
CTDNEP1,0.0,0.0,0.264,1870.0,0.97468
RRAS2,0.0,0.0,0.264,1871.0,0.97463
NFATC3,0.13394,0.072,0.264,1872.0,0.99813
FBXO38,0.15204,0.091,0.265,1873.0,0.99879
MORF4L1,0.084133,0.033,0.265,1874.0,0.99339
CHRM4,0.0,0.0,0.265,1875.0,0.97439
HECTD2,0.13425,0.073,0.265,1876.0,0.99806
SBF1,0.1746,0.117,0.265,1877.0,0.99933
SLC44A1,0.11592,0.056,0.265,1878.0,0.99676
NKD1,0.084064,0.033,0.265,1879.0,0.99344
GNB2,0.055767,0.019,0.265,1880.0,0.98876
FAM135A,0.15642,0.095,0.265,1881.0,0.99893
ARPC4,0.0,0.0,0.265,1882.0,0.97453
NMNAT2,0.055944,0.019,0.265,1883.0,0.98853
NMT1,0.10269,0.046,0.265,1884.0,0.9955
ERBB4,0.1638,0.104,0.265,1885.0,0.99912
SESTD1,0.13441,0.073,0.265,1886.0,0.99802
ATRNL1,0.16714,0.108,0.266,1887.0,0.99915
PAPOLG,0.13488,0.073,0.266,1888.0,0.9979
DIP2B,0.17526,0.118,0.266,1889.0,0.99924
GIT2,0.13477,0.073,0.266,1890.0,0.99793
NCOA6,0.16732,0.108,0.266,1891.0,0.99913
AMOT,0.1162,0.056,0.266,1892.0,0.99666
PSIP1,0.11614,0.056,0.266,1893.0,0.99668
PDHA1,0.056023,0.019,0.266,1894.0,0.98842
CBLB,0.14175,0.08,0.266,1895.0,0.99825
EDA,0.0,0.0,0.266,1896.0,0.97391
SLC4A8,0.14764,0.086,0.266,1897.0,0.99849
HDGFRP3,0.0,0.0,0.266,1898.0,0.9738
RABEP1,0.14752,0.086,0.266,1899.0,0.99851
IWS1,0.12699,0.065,0.267,1900.0,0.99727
AGAP2,0.14211,0.08,0.267,1901.0,0.99816
TP63,0.12696,0.065,0.267,1902.0,0.99728
SLC7A1,0.084811,0.034,0.267,1903.0,0.99291
FOXO3,0.056282,0.019,0.267,1904.0,0.98806
ZIC2,0.0,0.0,0.267,1905.0,0.97362
ROR1,0.11675,0.057,0.267,1906.0,0.99645
SMAD1,0.056303,0.019,0.267,1907.0,0.98803
PPARGC1A,0.12689,0.065,0.267,1908.0,0.9973
MMP14,0.10326,0.046,0.267,1909.0,0.99522
SRGAP1,0.14781,0.086,0.267,1910.0,0.99845
CNNM2,0.10328,0.046,0.267,1911.0,0.99521
MEGF9,0.056255,0.019,0.267,1912.0,0.9881
GANAB,0.15754,0.096,0.267,1913.0,0.99873
RBL2,0.14829,0.086,0.268,1914.0,0.99835
RPS6KA4,0.12737,0.066,0.268,1915.0,0.99715
LRFN3,0.0,0.0,0.268,1916.0,0.97322
APEX2,0.0,0.0,0.268,1917.0,0.97302
MBD1,0.12729,0.066,0.268,1918.0,0.99717
HSPD1,0.085265,0.034,0.268,1919.0,0.99257
MPP1,0.056538,0.019,0.268,1920.0,0.9877
STX1B,0.056564,0.019,0.268,1921.0,0.98766
ACRC,0.056414,0.019,0.268,1922.0,0.98788
SWT1,0.13601,0.073,0.268,1923.0,0.99759
LPCAT3,0.10354,0.046,0.268,1924.0,0.99508
ATP6V0A1,0.14291,0.08,0.268,1925.0,0.99797
ATP6V0D1,0.05659,0.019,0.268,1926.0,0.98763
CPE,0.085571,0.034,0.269,1927.0,0.99233
DPP8,0.14313,0.08,0.269,1928.0,0.99791
PPP1R13B,0.14928,0.087,0.269,1929.0,0.99811
RALA,0.0,0.0,0.269,1930.0,0.97289
TERF2,0.085519,0.034,0.269,1931.0,0.99237
SAE1,0.056612,0.019,0.269,1932.0,0.9876
INHBB,0.0,0.0,0.269,1933.0,0.97287
WNT5A,0.0568,0.019,0.269,1934.0,0.98732
TRIM39,0.10418,0.046,0.269,1935.0,0.99474
L3MBTL3,0.13651,0.074,0.269,1936.0,0.99744
GPRASP2,0.056668,0.019,0.269,1937.0,0.98751
LSAMP,0.056736,0.019,0.269,1938.0,0.98742
SRPK2,0.12789,0.066,0.269,1939.0,0.99697
PABPC1,0.11783,0.057,0.27,1940.0,0.99601
FOXJ3,0.11789,0.057,0.27,1941.0,0.99598
NABP2,0.0,0.0,0.27,1942.0,0.97257
GRHL2,0.12829,0.066,0.27,1943.0,0.99683
GTF2I,0.11804,0.057,0.27,1944.0,0.99592
FGFR2,0.13692,0.074,0.27,1945.0,0.99731
HNRNPH3,0.085734,0.034,0.27,1946.0,0.99221
TRIM2,0.11778,0.057,0.27,1947.0,0.99603
TGFB3,0.056837,0.019,0.27,1948.0,0.98727
SLC8A1,0.11854,0.057,0.271,1949.0,0.9957
APPBP2,0.11859,0.057,0.271,1950.0,0.99567
HSP90B1,0.13725,0.074,0.271,1951.0,0.9972
RAB10,0.0,0.0,0.271,1952.0,0.97213
FBXO28,0.057147,0.019,0.271,1953.0,0.98681
SUGP1,0.11857,0.057,0.271,1954.0,0.99568
CHAMP1,0.086028,0.034,0.271,1955.0,0.99197
ODF1,0.0,0.0,0.271,1956.0,0.9721
LSM12,0.0,0.0,0.271,1957.0,0.97211
MCMBP,0.11864,0.057,0.271,1958.0,0.99565
MYO16,0.17878,0.12,0.272,1959.0,0.99851
ADCY1,0.14465,0.081,0.272,1960.0,0.99747
DCAF15,0.10514,0.047,0.272,1961.0,0.9942
FRYL,0.20128,0.15,0.272,1962.0,0.99727
RPL15,0.0,0.0,0.272,1963.0,0.97146
COPS6,0.057253,0.019,0.272,1964.0,0.98666
PKNOX2,0.08631,0.034,0.272,1965.0,0.99174
RBPMS,0.0,0.0,0.272,1966.0,0.97173
RPS10,0.0,0.0,0.273,1967.0,0.97108
TCF7L2,0.11923,0.058,0.273,1968.0,0.99537
ATAD2,0.17159,0.111,0.273,1969.0,0.9982
SPRY2,0.0,0.0,0.273,1970.0,0.97126
PLXNC1,0.17187,0.111,0.273,1971.0,0.99811
SLC4A4,0.1454,0.082,0.273,1972.0,0.99722
OMG,0.0,0.0,0.273,1973.0,0.97114
GMDS,0.08681,0.034,0.273,1974.0,0.99132
TAF7L,0.057448,0.019,0.273,1975.0,0.98636
BANP,0.10567,0.047,0.273,1976.0,0.99388
CDC27,0.13853,0.075,0.273,1977.0,0.99675
RFX1,0.14533,0.082,0.273,1978.0,0.99724
DPYSL2,0.10589,0.047,0.274,1979.0,0.99375
SPIN1,0.0,0.0,0.274,1980.0,0.97049
PPP1CA,0.057757,0.02,0.274,1981.0,0.98588
TAOK1,0.16541,0.103,0.274,1982.0,0.99787
FBXO42,0.11991,0.058,0.274,1983.0,0.99503
FBXO45,0.0,0.0,0.274,1984.0,0.97063
KCNH2,0.13054,0.067,0.274,1985.0,0.99593
LMX1A,0.087022,0.035,0.274,1986.0,0.99114
OGDH,0.15207,0.088,0.274,1987.0,0.99728
SLTM,0.16548,0.103,0.274,1988.0,0.99785
FMN2,0.16154,0.099,0.274,1989.0,0.99772
ADD2,0.13015,0.067,0.274,1990.0,0.9961
KCNN2,0.08719,0.035,0.274,1991.0,0.99099
VWC2,0.0,0.0,0.274,1992.0,0.97088
ERP44,0.087111,0.035,0.274,1993.0,0.99106
IQGAP1,0.18561,0.127,0.275,1994.0,0.99754
QRICH1,0.1309,0.067,0.275,1995.0,0.99576
SSRP1,0.1307,0.067,0.275,1996.0,0.99585
EIF3G,0.058025,0.02,0.275,1997.0,0.98546
RQCD1,0.057904,0.02,0.275,1998.0,0.98565
FAM193B,0.10659,0.048,0.275,1999.0,0.9933
DAPK1,0.16602,0.104,0.275,2000.0,0.99767
AFF2,0.1309,0.067,0.275,2001.0,0.99577
TARDBP,0.058054,0.02,0.275,2002.0,0.98542
ADAM23,0.15258,0.089,0.275,2003.0,0.99709
MTMR12,0.13945,0.075,0.275,2004.0,0.99638
NR0B1,0.0,0.0,0.275,2005.0,0.97025
PTK7,0.15225,0.088,0.275,2006.0,0.99721
ZNF770,0.087446,0.035,0.275,2007.0,0.99077
FHL1,0.0,0.0,0.276,2008.0,0.96979
RPS3A,0.0,0.0,0.276,2009.0,0.97002
PSMB1,0.0,0.0,0.276,2010.0,0.96996
NASP,0.13141,0.068,0.276,2011.0,0.99553
ARID3A,0.087574,0.035,0.276,2012.0,0.99065
RBM15,0.12046,0.058,0.276,2013.0,0.99474
GNA12,0.0,0.0,0.276,2014.0,0.96994
ARHGAP26,0.14701,0.083,0.276,2015.0,0.99661
DCUN1D1,0.058151,0.02,0.276,2016.0,0.98526
KDM1A,0.14688,0.083,0.276,2017.0,0.99667
KCNMA1,0.16272,0.099,0.276,2018.0,0.99731
XPOT,0.15828,0.094,0.276,2019.0,0.99711
SETD8,0.058136,0.02,0.276,2020.0,0.98528
INTS2,0.16353,0.1,0.277,2021.0,0.99698
AC005358.1,0.107,0.048,0.277,2022.0,0.99303
GRHL3,0.10716,0.048,0.277,2023.0,0.99292
PRR14L,0.16763,0.105,0.277,2024.0,0.99705
BAP1,0.12103,0.059,0.277,2025.0,0.99443
PSPC1,0.088138,0.035,0.277,2026.0,0.99013
ARNTL,0.121,0.059,0.277,2027.0,0.99444
ZFHX2,0.16322,0.1,0.277,2028.0,0.99711
GTF2A1,0.087875,0.035,0.277,2029.0,0.99038
CEP170B,0.15354,0.089,0.277,2030.0,0.99671
HAS2,0.088135,0.035,0.277,2031.0,0.99013
PDZD2,0.18849,0.13,0.277,2032.0,0.99694
PRICKLE2,0.13159,0.068,0.277,2033.0,0.99544
RAB7A,0.0,0.0,0.277,2034.0,0.96933
SIK2,0.14725,0.083,0.277,2035.0,0.99651
FAM196B,0.058514,0.02,0.278,2036.0,0.98467
TESK1,0.10768,0.048,0.278,2037.0,0.99255
CTBP1,0.058665,0.02,0.278,2038.0,0.98442
AGFG1,0.10739,0.048,0.278,2039.0,0.99276
SART3,0.15948,0.095,0.278,2040.0,0.99661
PSMA3,0.058546,0.02,0.278,2041.0,0.98462
SLC39A10,0.10747,0.048,0.278,2042.0,0.9927
ATP6V0B,0.0,0.0,0.278,2043.0,0.96895
SSH2,0.16386,0.1,0.278,2044.0,0.99684
FOXJ1,0.0,0.0,0.278,2045.0,0.96901
ZNF710,0.088245,0.035,0.278,2046.0,0.99003
FYN,0.12166,0.059,0.278,2047.0,0.99406
CNP,0.058882,0.02,0.279,2048.0,0.98405
PACS2,0.14875,0.084,0.279,2049.0,0.99583
RAPGEF6,0.17869,0.117,0.279,2050.0,0.99644
CLCN5,0.10787,0.048,0.279,2051.0,0.99242
PIK3C2B,0.18114,0.12,0.279,2052.0,0.99651
ARNT,0.14879,0.084,0.279,2053.0,0.99581
TLN2,0.20126,0.147,0.279,2054.0,0.99231
NRIP1,0.12186,0.059,0.279,2055.0,0.99394
RYR3,0.22328,0.179,0.279,2056.0,0.70566
KCND3,0.088568,0.035,0.279,2057.0,0.98972
LRCH1,0.14133,0.076,0.279,2058.0,0.99552
PTPN4,0.16431,0.1,0.279,2059.0,0.99663
ZNF182,0.058883,0.02,0.279,2060.0,0.98405
ASB7,0.058946,0.02,0.28,2061.0,0.98395
YEATS2,0.17591,0.114,0.28,2062.0,0.99639
STRN4,0.12216,0.059,0.28,2063.0,0.99376
CUL9,0.20057,0.145,0.28,2064.0,0.99191
NAA15,0.14885,0.084,0.28,2065.0,0.99578
DCAF8,0.14193,0.077,0.28,2066.0,0.99521
EML1,0.15494,0.09,0.28,2067.0,0.99608
RBBP7,0.058953,0.02,0.28,2068.0,0.98393
FLI1,0.088891,0.035,0.28,2069.0,0.9894
TMEM185B,0.0,0.0,0.28,2070.0,0.96815
ADAM17,0.1418,0.077,0.28,2071.0,0.99528
DENND4A,0.18153,0.12,0.28,2072.0,0.99627
IVNS1ABP,0.13349,0.069,0.281,2073.0,0.99442
FIGN,0.089124,0.035,0.281,2074.0,0.98917
MICAL3,0.18752,0.127,0.281,2075.0,0.99499
CRMP1,0.10879,0.049,0.281,2076.0,0.99173
AHCYL1,0.13371,0.069,0.281,2077.0,0.99429
KCNA4,0.059336,0.02,0.281,2078.0,0.98327
TBX3,0.089223,0.035,0.281,2079.0,0.98907
SLC1A3,0.089157,0.035,0.281,2080.0,0.98914
EHD1,0.059254,0.02,0.281,2081.0,0.98342
PLCG2,0.18249,0.121,0.281,2082.0,0.99562
CDK6,0.059407,0.02,0.282,2083.0,0.98315
COL12A1,0.21059,0.159,0.282,2084.0,0.97361
USP10,0.13401,0.069,0.282,2085.0,0.99411
BCL11B,0.089479,0.036,0.282,2086.0,0.98881
DBF4,0.12338,0.06,0.282,2087.0,0.99296
MFN2,0.13395,0.069,0.282,2088.0,0.99415
RIBC1,0.059491,0.02,0.282,2089.0,0.983
PLS3,0.089829,0.036,0.283,2090.0,0.98844
ARIH2,0.1346,0.069,0.283,2091.0,0.99374
PYGO2,0.0,0.0,0.283,2092.0,0.96676
DCC,0.18387,0.122,0.283,2093.0,0.99448
CDC42BPA,0.19108,0.131,0.283,2094.0,0.99309
LASP1,0.05966,0.02,0.283,2095.0,0.9827
DIAPH2,0.14331,0.077,0.283,2096.0,0.99443
SP4,0.12349,0.06,0.283,2097.0,0.99288
KIAA1429,0.18398,0.122,0.283,2098.0,0.99438
FZD5,0.059745,0.02,0.283,2099.0,0.98255
SHE,0.08977,0.036,0.283,2100.0,0.9885
RND3,0.0,0.0,0.283,2101.0,0.96682
ATF2,0.10931,0.049,0.283,2102.0,0.99131
DDX1,0.15116,0.085,0.284,2103.0,0.99449
LEPR,0.16287,0.097,0.284,2104.0,0.99475
CLUH,0.16761,0.102,0.284,2105.0,0.99474
PPP6R3,0.15715,0.091,0.284,2106.0,0.99487
ST18,0.15758,0.091,0.284,2107.0,0.99459
RPL18,0.0,0.0,0.284,2108.0,0.96644
MAP4K5,0.15743,0.091,0.284,2109.0,0.99469
RAC2,0.0,0.0,0.284,2110.0,0.96627
PSMA1,0.059768,0.02,0.284,2111.0,0.98251
PSMA2,0.059859,0.02,0.284,2112.0,0.98234
PTP4A2,0.0,0.0,0.284,2113.0,0.96626
PTCHD1,0.059913,0.02,0.284,2114.0,0.98224
AMD1,0.059898,0.02,0.284,2115.0,0.98227
AF196779.12,0.0,0.0,0.284,2116.0,0.96638
BRINP1,0.12401,0.06,0.284,2117.0,0.99251
PUM2,0.16262,0.097,0.284,2118.0,0.99492
ERBB2IP,0.17612,0.112,0.285,2119.0,0.99402
PLXNB2,0.18991,0.129,0.285,2120.0,0.99234
TSHZ3,0.11024,0.049,0.285,2121.0,0.99053
PSAP,0.11027,0.049,0.285,2122.0,0.99051
SP8,0.0,0.0,0.285,2123.0,0.9658
CBX4,0.060071,0.02,0.285,2124.0,0.98196
C9orf172,0.090446,0.036,0.285,2125.0,0.98777
CHUK,0.15187,0.085,0.285,2126.0,0.99403
GRM4,0.1356,0.07,0.285,2127.0,0.99307
DPF1,0.11029,0.049,0.285,2128.0,0.99049
GTF3C2,0.16808,0.103,0.285,2129.0,0.9944
RAB11FIP4,0.12471,0.06,0.285,2130.0,0.99199
E2F7,0.13546,0.07,0.285,2131.0,0.99317
NISCH,0.16805,0.103,0.285,2132.0,0.99443
ZCCHC2,0.14435,0.078,0.285,2133.0,0.99376
EIF5,0.090621,0.036,0.285,2134.0,0.98758
RIMS1,0.19453,0.135,0.285,2135.0,0.9902
SENP1,0.14462,0.078,0.285,2136.0,0.99358
GRIK5,0.15154,0.085,0.285,2137.0,0.99425
IRAK1,0.090473,0.036,0.285,2138.0,0.98774
KIF5B,0.16827,0.103,0.285,2139.0,0.99427
ZFP36L2,0.0,0.0,0.285,2140.0,0.966
GALNT13,0.11009,0.049,0.285,2141.0,0.99066
LOX,0.090525,0.036,0.285,2142.0,0.98769
PAK3,0.09099,0.036,0.286,2143.0,0.98716
IRS2,0.11048,0.049,0.286,2144.0,0.99032
PHF3,0.1857,0.123,0.286,2145.0,0.99256
PTPRZ1,0.19314,0.133,0.286,2146.0,0.98997
IKZF2,0.090858,0.036,0.286,2147.0,0.98731
REST,0.12488,0.061,0.286,2148.0,0.99186
UBE2D2,0.0,0.0,0.286,2149.0,0.96547
ARRDC3,0.091003,0.036,0.286,2150.0,0.98715
DLG1,0.1687,0.103,0.286,2151.0,0.99393
TMEM201,0.1108,0.049,0.286,2152.0,0.99004
CTPS1,0.13626,0.07,0.287,2153.0,0.99259
MEF2A,0.091078,0.036,0.287,2154.0,0.98706
MYO18A,0.19731,0.138,0.287,2155.0,0.98723
DDX3Y,0.0,0.0,0.287,2156.0,0.96494
KCNJ4,0.0,0.0,0.287,2157.0,0.9649
DLGAP4,0.13641,0.07,0.287,2158.0,0.99248
KIF3C,0.12531,0.061,0.287,2159.0,0.99153
SYT2,0.060409,0.02,0.287,2160.0,0.98133
UBE2I,0.0,0.0,0.287,2161.0,0.96496
TNRC18,0.18902,0.127,0.287,2162.0,0.99093
SIPA1L2,0.18367,0.12,0.287,2163.0,0.99215
RC3H1,0.17713,0.113,0.287,2164.0,0.99309
PITPNB,0.060582,0.021,0.287,2165.0,0.981
ATP6V1B2,0.12529,0.061,0.287,2166.0,0.99154
RAPGEF4,0.17801,0.113,0.288,2167.0,0.99218
KLF12,0.060757,0.021,0.288,2168.0,0.98067
TOP2A,0.18699,0.124,0.288,2169.0,0.99086
SFRP1,0.0,0.0,0.288,2170.0,0.96457
LHX9,0.060782,0.021,0.288,2171.0,0.98062
FBXL3,0.060738,0.021,0.288,2172.0,0.9807
BAZ2B,0.20148,0.143,0.288,2173.0,0.98162
EPB41L2,0.15954,0.093,0.288,2174.0,0.99318
GK,0.11153,0.05,0.288,2175.0,0.98937
FAM60A,0.0,0.0,0.288,2176.0,0.96459
FMNL2,0.16495,0.098,0.288,2177.0,0.9932
ULK1,0.15954,0.093,0.288,2178.0,0.99318
MLLT1,0.091398,0.036,0.288,2179.0,0.98669
NSDHL,0.0,0.0,0.289,2180.0,0.96393
RYK,0.11168,0.05,0.289,2181.0,0.98922
CACNG8,0.0,0.0,0.289,2182.0,0.9638
CDC23,0.13736,0.071,0.289,2183.0,0.99175
CXorf22,0.11185,0.05,0.289,2184.0,0.98906
HNRNPF,0.0,0.0,0.289,2185.0,0.96415
C16orf72,0.060847,0.021,0.289,2186.0,0.98049
CNTNAP5,0.17846,0.113,0.289,2187.0,0.99167
DHX37,0.17032,0.104,0.289,2188.0,0.99252
YWHAG,0.0,0.0,0.289,2189.0,0.964
ZBTB10,0.12633,0.061,0.289,2190.0,0.99067
CMTR1,0.16034,0.093,0.289,2191.0,0.99252
NRK,0.16549,0.099,0.289,2192.0,0.99274
NF1,0.21503,0.161,0.29,2193.0,0.90175
TFE3,0.061175,0.021,0.29,2194.0,0.97985
PDPK1,0.061032,0.021,0.29,2195.0,0.98013
CDH2,0.14706,0.08,0.29,2196.0,0.99171
DENND4B,0.17903,0.114,0.29,2197.0,0.99098
IKBKB,0.16637,0.099,0.29,2198.0,0.99192
UBE2E2,0.0,0.0,0.29,2199.0,0.96378
CYP26B1,0.061167,0.021,0.29,2200.0,0.97987
AHCYL2,0.13793,0.071,0.29,2201.0,0.99127
MAP7D1,0.14672,0.079,0.29,2202.0,0.99199
FST,0.061028,0.021,0.29,2203.0,0.98014
MCL1,0.0,0.0,0.29,2204.0,0.96349
ARNT2,0.14739,0.08,0.291,2205.0,0.99142
LDB1,0.092545,0.037,0.291,2206.0,0.98529
DNAJC7,0.12701,0.062,0.291,2207.0,0.99007
ZZEF1,0.21798,0.164,0.291,2208.0,0.83468
SLC6A6,0.12723,0.062,0.291,2209.0,0.98987
GMEB1,0.092389,0.037,0.291,2210.0,0.98549
SLC40A1,0.11256,0.05,0.291,2211.0,0.98835
GTF2H1,0.12728,0.062,0.291,2212.0,0.98982
RAB3GAP2,0.19133,0.129,0.291,2213.0,0.98674
AR,0.11254,0.05,0.291,2214.0,0.98837
SRSF3,0.0,0.0,0.291,2215.0,0.96323
RCOR3,0.1129,0.05,0.292,2216.0,0.988
ZNF331,0.061468,0.021,0.292,2217.0,0.97927
GNAZ,0.0,0.0,0.292,2218.0,0.96272
IGFBP5,0.0,0.0,0.292,2219.0,0.96283
FAM50A,0.061537,0.021,0.292,2220.0,0.97913
RBM47,0.092829,0.037,0.292,2221.0,0.98493
CREB3L1,0.092863,0.037,0.292,2222.0,0.98488
PGD,0.11301,0.05,0.292,2223.0,0.98788
UPF3B,0.092796,0.037,0.292,2224.0,0.98497
DNAJC2,0.14784,0.08,0.292,2225.0,0.99102
BEND4,0.092898,0.037,0.292,2226.0,0.98484
GATA2,0.061466,0.021,0.292,2227.0,0.97927
SPATA2,0.061655,0.021,0.292,2228.0,0.97889
TUBB,0.061654,0.021,0.292,2229.0,0.97889
TSPAN14,0.061563,0.021,0.292,2230.0,0.97908
RAI14,0.16174,0.094,0.292,2231.0,0.99122
SCML1,0.0,0.0,0.292,2232.0,0.96276
PPM1E,0.11329,0.051,0.293,2233.0,0.98758
DLX1,0.0,0.0,0.293,2234.0,0.96232
STIM2,0.14829,0.08,0.293,2235.0,0.9906
PPEF1,0.11356,0.051,0.293,2236.0,0.9873
EEF1A1,0.061783,0.021,0.293,2237.0,0.97863
TRIM3,0.12783,0.062,0.293,2238.0,0.9893
STX1A,0.061846,0.021,0.293,2239.0,0.9785
ARHGEF17,0.1904,0.126,0.293,2240.0,0.98445
ERN1,0.16265,0.094,0.293,2241.0,0.99027
FAM160A2,0.14868,0.08,0.293,2242.0,0.99023
RPL9,0.0,0.0,0.293,2243.0,0.96197
SPEG,0.21218,0.155,0.293,2244.0,0.92315
FBXO3,0.12797,0.062,0.293,2245.0,0.98916
SATB1,0.14839,0.08,0.293,2246.0,0.99051
PPP2R2B,0.093025,0.037,0.293,2247.0,0.98467
TERT,0.15615,0.088,0.293,2248.0,0.99046
PRLR,0.11354,0.051,0.293,2249.0,0.98732
KAT2B,0.16312,0.095,0.294,2250.0,0.98975
MLXIP,0.14004,0.072,0.294,2251.0,0.98932
AKAP13,0.21068,0.153,0.294,2252.0,0.92909
PHF21B,0.11392,0.051,0.294,2253.0,0.98689
IL1RAPL2,0.093351,0.037,0.294,2254.0,0.98424
ERC2,0.16872,0.101,0.294,2255.0,0.98931
ZNRF3,0.1283,0.062,0.294,2256.0,0.98884
ATP13A1,0.1731,0.106,0.294,2257.0,0.98939
IKZF3,0.093413,0.037,0.294,2258.0,0.98416
UVRAG,0.13993,0.072,0.294,2259.0,0.98942
OPA1,0.18487,0.119,0.294,2260.0,0.98636
MYO5A,0.20811,0.149,0.295,2261.0,0.944
RBM20,0.15701,0.088,0.295,2262.0,0.98954
CDH8,0.12905,0.063,0.295,2263.0,0.98806
KIAA1549,0.18223,0.116,0.295,2264.0,0.98607
LARGE,0.14955,0.081,0.295,2265.0,0.98934
MAP4K1,0.16883,0.101,0.295,2266.0,0.98919
RGS19,0.0,0.0,0.295,2267.0,0.96134
ATG5,0.062288,0.021,0.295,2268.0,0.97758
GOLGA2,0.17814,0.111,0.295,2269.0,0.98756
HNRNPC,0.062219,0.021,0.295,2270.0,0.97772
PURG,0.0,0.0,0.295,2271.0,0.961
RPS6KA6,0.11427,0.051,0.295,2272.0,0.9865
KCNV1,0.062106,0.021,0.295,2273.0,0.97796
SEC61A1,0.11405,0.051,0.295,2274.0,0.98675
TSC22D4,0.0,0.0,0.296,2275.0,0.96057
STAT6,0.16417,0.095,0.296,2276.0,0.98849
FBXO22,0.062346,0.021,0.296,2277.0,0.97746
ELF3,0.094091,0.037,0.296,2278.0,0.98323
NDEL1,0.093891,0.037,0.296,2279.0,0.98351
PIGA,0.0,0.0,0.296,2280.0,0.96072
SH3PXD2A,0.16378,0.095,0.296,2281.0,0.98897
PPAT,0.11465,0.051,0.296,2282.0,0.98606
AP3D1,0.17879,0.112,0.296,2283.0,0.98648
BCR,0.17437,0.107,0.296,2284.0,0.98761
PLCB1,0.1863,0.12,0.296,2285.0,0.98337
KCMF1,0.062473,0.021,0.296,2286.0,0.97719
RPL11,0.0,0.0,0.296,2287.0,0.96088
SETX,0.20527,0.145,0.296,2288.0,0.95483
ZNF532,0.14991,0.081,0.296,2289.0,0.98896
ADD1,0.14101,0.073,0.296,2290.0,0.9883
EFNA5,0.0,0.0,0.296,2291.0,0.96051
NUP188,0.20437,0.143,0.297,2292.0,0.95428
SCAMP1,0.062562,0.021,0.297,2293.0,0.977
SLC38A5,0.062672,0.021,0.297,2294.0,0.97676
RTN4RL1,0.0,0.0,0.297,2295.0,0.96024
SYNPO,0.11493,0.051,0.297,2296.0,0.98573
CSNK2A1,0.12992,0.063,0.297,2297.0,0.98711
SEC62,0.094293,0.038,0.297,2298.0,0.98295
C18orf8,0.15815,0.089,0.297,2299.0,0.98823
CYP46A1,0.1151,0.051,0.297,2300.0,0.98552
RTN1,0.11476,0.051,0.297,2301.0,0.98593
HDAC8,0.062526,0.021,0.297,2302.0,0.97707
TBX22,0.062543,0.021,0.297,2303.0,0.97704
LATS2,0.14121,0.073,0.297,2304.0,0.98807
C2CD2L,0.12986,0.063,0.297,2305.0,0.98718
PWWP2A,0.094313,0.038,0.297,2306.0,0.98292
GDF11,0.062815,0.021,0.298,2307.0,0.97645
PSMD14,0.062736,0.021,0.298,2308.0,0.97662
HSF5,0.094583,0.038,0.298,2309.0,0.98254
SEPHS1,0.062851,0.021,0.298,2310.0,0.97637
DPP9,0.16523,0.096,0.298,2311.0,0.98708
C7orf26,0.062804,0.021,0.298,2312.0,0.97647
H2AFY2,0.062859,0.021,0.298,2313.0,0.97635
SF3A1,0.15116,0.082,0.298,2314.0,0.98752
CALCRL,0.11528,0.052,0.298,2315.0,0.9853
ARF4,0.0,0.0,0.298,2316.0,0.95992
CNBP,0.0,0.0,0.298,2317.0,0.95994
ZBTB34,0.062757,0.021,0.298,2318.0,0.97657
CSMD3,0.23364,0.183,0.299,2319.0,0.057105
GON4L,0.20367,0.141,0.299,2320.0,0.9515
SMG6,0.18433,0.117,0.299,2321.0,0.98164
SRSF7,0.094935,0.038,0.299,2322.0,0.98203
ETV3,0.063039,0.021,0.299,2323.0,0.97596
KIAA1239,0.17656,0.108,0.299,2324.0,0.98388
FAR1,0.1155,0.052,0.299,2325.0,0.98504
SLC4A2,0.17155,0.102,0.299,2326.0,0.98521
RTN4R,0.0,0.0,0.3,2327.0,0.95882
NRP1,0.16608,0.096,0.3,2328.0,0.98584
FOSB,0.063229,0.021,0.3,2329.0,0.97553
REXO1,0.15205,0.082,0.3,2330.0,0.9864
RELL1,0.0,0.0,0.3,2331.0,0.95869
PTGER4,0.063242,0.021,0.3,2332.0,0.9755
HP1BP3,0.11615,0.052,0.3,2333.0,0.98422
MALT1,0.15196,0.082,0.3,2334.0,0.98651
BAHD1,0.13131,0.064,0.3,2335.0,0.98547
PPP2R5B,0.11619,0.052,0.3,2336.0,0.98416
AKAP11,0.18545,0.118,0.3,2337.0,0.97878
EOMES,0.11598,0.052,0.3,2338.0,0.98443
RRAGC,0.063299,0.022,0.3,2339.0,0.97538
PSMB5,0.0,0.0,0.3,2340.0,0.95893
ANTXR1,0.14272,0.074,0.3,2341.0,0.98631
SRF,0.063266,0.021,0.3,2342.0,0.97545
REPS1,0.16049,0.09,0.301,2343.0,0.98506
TOPAZ1,0.18593,0.118,0.301,2344.0,0.97746
SND1,0.17744,0.108,0.301,2345.0,0.98213
ILKAP,0.095521,0.038,0.301,2346.0,0.98116
DAG1,0.095513,0.038,0.301,2347.0,0.98117
PIAS3,0.13169,0.064,0.301,2348.0,0.98499
ZNF24,0.095534,0.038,0.301,2349.0,0.98114
CCT7,0.1166,0.052,0.301,2350.0,0.98362
CPEB4,0.14332,0.074,0.301,2351.0,0.98555
SKIL,0.13158,0.064,0.301,2352.0,0.98512
DOCK4,0.21563,0.156,0.301,2353.0,0.82562
ELL,0.13134,0.064,0.301,2354.0,0.98542
KLHL29,0.13142,0.064,0.301,2355.0,0.98532
CTC-432M15.3,0.19791,0.133,0.301,2356.0,0.96338
GNAQ,0.095822,0.038,0.302,2357.0,0.98069
IRX5,0.0636,0.022,0.302,2358.0,0.9747
KIAA0922,0.19856,0.133,0.302,2359.0,0.95975
SNX2,0.13198,0.064,0.302,2360.0,0.98462
HSPA12A,0.13218,0.064,0.302,2361.0,0.98436
CYFIP1,0.19334,0.127,0.302,2362.0,0.96816
TWF2,0.095919,0.038,0.302,2363.0,0.98055
MPRIP,0.17807,0.109,0.302,2364.0,0.98078
FOXF1,0.0,0.0,0.302,2365.0,0.95792
MAP3K3,0.15283,0.083,0.302,2366.0,0.98535
LPGAT1,0.096009,0.038,0.302,2367.0,0.98041
FAM171A1,0.14352,0.074,0.302,2368.0,0.98528
PRPF31,0.11697,0.052,0.302,2369.0,0.98313
DYNC1LI2,0.11672,0.052,0.302,2370.0,0.98346
ABHD17C,0.0,0.0,0.302,2371.0,0.95762
CHMP4B,0.0,0.0,0.302,2372.0,0.95771
NCAPG2,0.18286,0.114,0.303,2373.0,0.97764
EGLN1,0.063889,0.022,0.303,2374.0,0.97403
RS1,0.0,0.0,0.303,2375.0,0.95743
CS,0.13243,0.064,0.303,2376.0,0.98402
UBQLN4,0.11741,0.052,0.303,2377.0,0.98252
PCGF5,0.096221,0.038,0.303,2378.0,0.98007
CSTF3,0.16793,0.098,0.303,2379.0,0.98279
GGT7,0.13249,0.064,0.303,2380.0,0.98393
SEL1L,0.16818,0.098,0.303,2381.0,0.98233
PRMT8,0.096123,0.038,0.303,2382.0,0.98023
PDZRN3,0.14395,0.074,0.303,2383.0,0.98471
SUCO,0.18689,0.119,0.303,2384.0,0.97455
PPP2R1A,0.13253,0.064,0.303,2385.0,0.98389
GAB2,0.13299,0.065,0.304,2386.0,0.98325
GLRA2,0.064186,0.022,0.304,2387.0,0.97334
MID1,0.096476,0.038,0.304,2388.0,0.97967
PSMB3,0.0,0.0,0.304,2389.0,0.95656
EEA1,0.20505,0.141,0.304,2390.0,0.92875
MYO9A,0.22436,0.167,0.304,2391.0,0.48923
MYT1,0.17928,0.11,0.304,2392.0,0.97791
PPP6R1,0.16187,0.091,0.304,2393.0,0.98287
SPRTN,0.064101,0.022,0.304,2394.0,0.97354
TIAM1,0.19747,0.131,0.304,2395.0,0.95662
WDFY4,0.22714,0.171,0.304,2396.0,0.34009
GLTSCR1,0.14482,0.075,0.304,2397.0,0.98349
PANK4,0.15426,0.083,0.304,2398.0,0.98325
TLR7,0.096816,0.039,0.305,2399.0,0.97912
MYH11,0.2169,0.156,0.305,2400.0,0.77299
RAPGEF5,0.16888,0.098,0.305,2401.0,0.98099
ANKRD50,0.17464,0.104,0.305,2402.0,0.9792
BICD2,0.13337,0.065,0.305,2403.0,0.98272
FGF17,0.0,0.0,0.305,2404.0,0.95609
ANAPC1,0.2007,0.135,0.305,2405.0,0.94532
RFC1,0.18443,0.115,0.305,2406.0,0.97305
MET,0.18822,0.12,0.305,2407.0,0.96998
ZNF711,0.096964,0.039,0.305,2408.0,0.97887
SENP2,0.15466,0.084,0.305,2409.0,0.98262
KIT,0.16894,0.098,0.305,2410.0,0.98087
SMS,0.064342,0.022,0.305,2411.0,0.97297
CDC34,0.0,0.0,0.305,2412.0,0.95625
C3,0.20804,0.144,0.305,2413.0,0.90421
CNOT10,0.16241,0.091,0.305,2414.0,0.98194
ATXN1L,0.096904,0.039,0.305,2415.0,0.97897
NR6A1,0.11799,0.053,0.305,2416.0,0.98169
KLHL10,0.09718,0.039,0.306,2417.0,0.97852
VDAC1,0.064472,0.022,0.306,2418.0,0.97266
LRRC4C,0.064608,0.022,0.306,2419.0,0.97233
IGF1R,0.18874,0.12,0.306,2420.0,0.96799
ITGB1,0.15499,0.084,0.306,2421.0,0.98208
COL11A2,0.21915,0.159,0.306,2422.0,0.70197
GABRB1,0.11835,0.053,0.306,2423.0,0.98116
ADCY9,0.16965,0.099,0.306,2424.0,0.97943
KCNQ5,0.16932,0.098,0.306,2425.0,0.98011
INPP5D,0.18476,0.115,0.306,2426.0,0.97198
FOXP4,0.14554,0.075,0.306,2427.0,0.98242
RP2,0.0,0.0,0.306,2428.0,0.95597
ACSL4,0.11844,0.053,0.306,2429.0,0.98103
PARD3,0.19581,0.128,0.306,2430.0,0.95577
SS18L1,0.13366,0.065,0.306,2431.0,0.98229
INF2,0.18091,0.111,0.307,2432.0,0.97346
KCNK9,0.0,0.0,0.307,2433.0,0.95519
SEMA3A,0.17036,0.099,0.307,2434.0,0.9779
AGPAT1,0.064685,0.022,0.307,2435.0,0.97215
HOXA13,0.0,0.0,0.307,2436.0,0.9551
TSHZ2,0.14619,0.075,0.307,2437.0,0.9814
RPL8,0.0,0.0,0.307,2438.0,0.95531
TDRD5,0.18124,0.111,0.307,2439.0,0.97247
DRD1,0.0,0.0,0.307,2440.0,0.9555
LYST,0.23864,0.186,0.307,2441.0,0.015026
UNC80,0.23527,0.181,0.307,2442.0,0.052307
NAF1,0.097532,0.039,0.307,2443.0,0.97793
PDE4A,0.14602,0.075,0.307,2444.0,0.98167
MITF,0.1344,0.065,0.308,2445.0,0.98119
CENPE,0.22924,0.172,0.308,2446.0,0.24146
INPP5A,0.13439,0.065,0.308,2447.0,0.98121
AHNAK,0.20751,0.142,0.308,2448.0,0.89827
ATL1,0.14639,0.076,0.308,2449.0,0.98109
C16orf70,0.13481,0.065,0.308,2450.0,0.98056
SPDEF,0.064835,0.022,0.308,2451.0,0.97178
NKTR,0.19983,0.133,0.308,2452.0,0.94032
CLSTN1,0.17051,0.099,0.308,2453.0,0.97757
SCN5A,0.20533,0.14,0.308,2454.0,0.91291
GRIN1,0.17106,0.099,0.309,2455.0,0.97629
HSPE1-MOB4,0.065194,0.022,0.309,2456.0,0.9709
MCM6,0.1643,0.092,0.309,2457.0,0.97833
SNPH,0.065226,0.022,0.309,2458.0,0.97082
OTUB1,0.065126,0.022,0.309,2459.0,0.97107
RNF145,0.13497,0.065,0.309,2460.0,0.98031
MTSS1L,0.14705,0.076,0.309,2461.0,0.97998
RPS7,0.0,0.0,0.309,2462.0,0.95439
NAMPT,0.11967,0.054,0.309,2463.0,0.97914
HIF1A,0.16461,0.093,0.309,2464.0,0.9777
XAB2,0.17716,0.106,0.309,2465.0,0.97281
PTPRK,0.20613,0.14,0.309,2466.0,0.90291
HNRNPH2,0.0,0.0,0.309,2467.0,0.95448
PCDHGC4,0.135,0.065,0.309,2468.0,0.98025
ATP5B,0.098191,0.039,0.309,2469.0,0.97679
TBL1X,0.11947,0.053,0.309,2470.0,0.97946
ZBTB17,0.15656,0.085,0.309,2471.0,0.97933
GLI2,0.17709,0.106,0.309,2472.0,0.97303
DCAF12L1,0.0,0.0,0.309,2473.0,0.95405
OSBPL9,0.17136,0.1,0.309,2474.0,0.97558
CDC40,0.14737,0.076,0.31,2475.0,0.97944
MAGEE1,0.065368,0.022,0.31,2476.0,0.97046
NODAL,0.065441,0.022,0.31,2477.0,0.97028
ABHD8,0.065445,0.022,0.31,2478.0,0.97027
EIF2S1,0.065428,0.022,0.31,2479.0,0.97031
EIF3F,0.065378,0.022,0.31,2480.0,0.97044
NLGN3,0.098402,0.039,0.31,2481.0,0.97641
PLK1,0.12005,0.054,0.31,2482.0,0.97851
SLC12A2,0.18752,0.117,0.31,2483.0,0.96153
NXF1,0.16526,0.093,0.31,2484.0,0.9763
XK,0.0,0.0,0.31,2485.0,0.95373
FAM49B,0.098564,0.039,0.31,2486.0,0.97612
SLC9A3,0.15703,0.085,0.31,2487.0,0.97845
TOB1,0.0,0.0,0.31,2488.0,0.95365
ADAMTS2,0.18315,0.112,0.311,2489.0,0.9661
EPS8,0.17235,0.1,0.311,2490.0,0.97308
TCOF1,0.19177,0.122,0.311,2491.0,0.9541
LAMA5,0.24162,0.189,0.311,2492.0,0.0064742
MDGA1,0.16551,0.093,0.311,2493.0,0.97574
NNT,0.17249,0.1,0.311,2494.0,0.97271
FOXC1,0.0,0.0,0.311,2495.0,0.95337
CAPRIN1,0.17258,0.1,0.311,2496.0,0.97247
KIAA0355,0.17242,0.1,0.311,2497.0,0.97288
FBXL16,0.065624,0.022,0.311,2498.0,0.96981
FAM155A,0.098712,0.039,0.311,2499.0,0.97586
WASF2,0.098816,0.039,0.311,2500.0,0.97567
ZCCHC14,0.14789,0.076,0.311,2501.0,0.97852
ZXDB,0.0,0.0,0.312,2502.0,0.95266
LRRTM3,0.099078,0.04,0.312,2503.0,0.97519
SCRIB,0.19952,0.131,0.312,2504.0,0.92926
SRGAP2,0.15787,0.085,0.312,2505.0,0.97679
ANKFY1,0.18867,0.118,0.312,2506.0,0.95629
NUCKS1,0.0658,0.022,0.312,2507.0,0.96937
RUNX1T1,0.13654,0.066,0.312,2508.0,0.97768
MAGEL2,0.09915,0.04,0.312,2509.0,0.97506
LRRC8D,0.12065,0.054,0.312,2510.0,0.97752
COL27A1,0.22159,0.159,0.312,2511.0,0.5864
PLCB3,0.19629,0.127,0.312,2512.0,0.93999
FZD4,0.065701,0.022,0.312,2513.0,0.96962
EGR3,0.0,0.0,0.312,2514.0,0.95288
SCD,0.065679,0.022,0.312,2515.0,0.96968
CXorf56,0.0,0.0,0.313,2516.0,0.95204
SCUBE1,0.18452,0.113,0.313,2517.0,0.96076
HLF,0.0,0.0,0.313,2518.0,0.95215
TBCEL,0.099332,0.04,0.313,2519.0,0.97472
LIMCH1,0.19296,0.123,0.313,2520.0,0.94734
PIP5K1C,0.1487,0.077,0.313,2521.0,0.97704
CTNNA1,0.17359,0.101,0.313,2522.0,0.96962
PTK2B,0.19692,0.127,0.313,2523.0,0.93536
HIVEP3,0.20341,0.135,0.313,2524.0,0.90584
VPS35,0.17373,0.101,0.313,2525.0,0.96921
ZNF512,0.14898,0.077,0.313,2526.0,0.9765
ARHGAP4,0.14875,0.077,0.313,2527.0,0.97693
ABCE1,0.15926,0.086,0.314,2528.0,0.9738
PTPRB,0.22347,0.161,0.314,2529.0,0.50207
SEMA4D,0.15885,0.086,0.314,2530.0,0.97472
DGKI,0.19744,0.128,0.314,2531.0,0.93134
FBXO21,0.14955,0.077,0.314,2532.0,0.97537
RNF41,0.066147,0.023,0.314,2533.0,0.96847
MCF2,0.16714,0.094,0.314,2534.0,0.9718
FBXW11,0.14918,0.077,0.314,2535.0,0.97611
CASC5,0.21404,0.148,0.314,2536.0,0.78348
INTS8,0.19352,0.123,0.314,2537.0,0.9439
SQLE,0.12156,0.054,0.314,2538.0,0.97594
CNIH2,0.0,0.0,0.314,2539.0,0.95171
HSF2,0.13782,0.067,0.315,2540.0,0.97536
PAN2,0.1947,0.124,0.315,2541.0,0.93596
TAF1L,0.1805,0.108,0.315,2542.0,0.96182
TUBA1B,0.066449,0.023,0.315,2543.0,0.96767
FAM65A,0.19008,0.119,0.315,2544.0,0.949
TUBB3,0.066472,0.023,0.315,2545.0,0.96761
TBX20,0.10022,0.04,0.315,2546.0,0.97302
PRDM11,0.099945,0.04,0.315,2547.0,0.97355
HMGB2,0.0,0.0,0.315,2548.0,0.95087
MOB1A,0.0,0.0,0.315,2549.0,0.95091
KLC2,0.1497,0.077,0.315,2550.0,0.97506
G2E3,0.16751,0.094,0.315,2551.0,0.97083
CLSTN3,0.16776,0.094,0.315,2552.0,0.97016
SPHKAP,0.1947,0.124,0.315,2553.0,0.93594
AKT1,0.13753,0.067,0.315,2554.0,0.9759
NKX2-3,0.0,0.0,0.316,2555.0,0.95047
YPEL2,0.0,0.0,0.316,2556.0,0.95044
KBTBD6,0.10032,0.04,0.316,2557.0,0.97282
RPL13,0.0,0.0,0.316,2558.0,0.95062
CAPN15,0.16834,0.095,0.316,2559.0,0.96857
ATXN1,0.12209,0.055,0.316,2560.0,0.97498
EMX2,0.0,0.0,0.316,2561.0,0.9507
MGEA5,0.17487,0.102,0.316,2562.0,0.96569
PATL1,0.17538,0.102,0.316,2563.0,0.964
BRD3,0.13817,0.067,0.316,2564.0,0.97468
IP6K2,0.10023,0.04,0.316,2565.0,0.973
RASGEF1A,0.12238,0.055,0.316,2566.0,0.97444
MDN1,0.2615,0.217,0.316,2567.0,2.1582e-08
RAP1GAP2,0.16809,0.095,0.316,2568.0,0.96928
USP5,0.17539,0.102,0.316,2569.0,0.96396
ZBTB20,0.12271,0.055,0.317,2570.0,0.97382
ATG9A,0.16053,0.087,0.317,2571.0,0.97081
RPS6KB1,0.15075,0.078,0.317,2572.0,0.97285
ANO8,0.18186,0.109,0.317,2573.0,0.95634
TUBA1A,0.066872,0.023,0.317,2574.0,0.96654
VPS26B,0.066887,0.023,0.317,2575.0,0.9665
RNF165,0.10077,0.04,0.317,2576.0,0.97194
NUP62,0.0,0.0,0.317,2577.0,0.95006
SLC32A1,0.066793,0.023,0.317,2578.0,0.96675
ZEB1,0.16901,0.095,0.317,2579.0,0.96665
TAF12,0.0,0.0,0.317,2580.0,0.95008
LRP1B,0.25727,0.209,0.317,2581.0,2.5267e-06
TRIM41,0.1386,0.067,0.317,2582.0,0.97384
DMTF1,0.16887,0.095,0.317,2583.0,0.96706
KIRREL3,0.16088,0.087,0.318,2584.0,0.96992
ETV6,0.12288,0.055,0.318,2585.0,0.9735
PSEN1,0.12302,0.055,0.318,2586.0,0.97322
TFDP1,0.10086,0.04,0.318,2587.0,0.97174
JMY,0.17643,0.103,0.318,2588.0,0.96031
NPAS4,0.13885,0.067,0.318,2589.0,0.97335
PRKACA,0.10102,0.04,0.318,2590.0,0.97142
RASGRP1,0.16938,0.095,0.318,2591.0,0.96554
SLIT3,0.21457,0.147,0.318,2592.0,0.75233
G6PD,0.10095,0.04,0.318,2593.0,0.97158
STAU2,0.13917,0.068,0.318,2594.0,0.97269
LRP6,0.21702,0.15,0.318,2595.0,0.69664
KCNN3,0.13938,0.068,0.319,2596.0,0.97227
HSPA9,0.16143,0.087,0.319,2597.0,0.96852
ZBTB12,0.0,0.0,0.319,2598.0,0.94882
RBM41,0.067247,0.023,0.319,2599.0,0.96551
STAT2,0.19299,0.12,0.319,2600.0,0.93065
ELOVL6,0.067141,0.023,0.319,2601.0,0.96581
PPP2R5C,0.15171,0.078,0.319,2602.0,0.97071
SPATS2,0.13932,0.068,0.319,2603.0,0.97239
ZNF687,0.15158,0.078,0.319,2604.0,0.97101
USP12,0.10145,0.04,0.319,2605.0,0.97053
NPAS1,0.10139,0.04,0.319,2606.0,0.97067
SYNRG,0.19297,0.12,0.319,2607.0,0.93079
SPRED1,0.12341,0.055,0.319,2608.0,0.97246
MRC2,0.21769,0.151,0.319,2609.0,0.67472
ATG16L1,0.16971,0.096,0.319,2610.0,0.96452
SULT4A1,0.067205,0.023,0.319,2611.0,0.96563
NR3C1,0.15219,0.079,0.32,2612.0,0.96958
BRS3,0.0,0.0,0.32,2613.0,0.94849
DIAPH1,0.19731,0.125,0.32,2614.0,0.91507
MON2,0.22038,0.154,0.32,2615.0,0.59388
WNT3A,0.067467,0.023,0.32,2616.0,0.96491
HIAT1,0.13964,0.068,0.32,2617.0,0.97172
GPRIN1,0.1017,0.041,0.32,2618.0,0.97001
RGL1,0.17753,0.103,0.32,2619.0,0.95608
LRRN1,0.10173,0.041,0.32,2620.0,0.96996
FBXO5,0.10173,0.041,0.32,2621.0,0.96995
PAK2,0.13965,0.068,0.32,2622.0,0.97169
BEGAIN,0.1017,0.041,0.32,2623.0,0.97002
CCNE1,0.12371,0.055,0.32,2624.0,0.97187
KIAA0907,0.15235,0.079,0.32,2625.0,0.96921
CORO1A,0.10159,0.041,0.32,2626.0,0.97024
NBEAL2,0.23687,0.177,0.32,2627.0,0.059764
PPIG,0.17022,0.096,0.32,2628.0,0.96292
ECE1,0.17113,0.096,0.321,2629.0,0.95987
RANBP10,0.15262,0.079,0.321,2630.0,0.96855
APBB1,0.1528,0.079,0.321,2631.0,0.96811
CLCF1,0.0,0.0,0.321,2632.0,0.94791
GATA1,0.0,0.0,0.321,2633.0,0.94798
MTF1,0.15244,0.079,0.321,2634.0,0.96897
PIM2,0.0,0.0,0.321,2635.0,0.94801
BCL11A,0.12463,0.056,0.322,2636.0,0.96998
FAM46C,0.0,0.0,0.322,2637.0,0.94762
NOTCH3,0.22551,0.16,0.322,2638.0,0.40757
IDS,0.0,0.0,0.322,2639.0,0.94725
SHB,0.1023,0.041,0.322,2640.0,0.96874
COL4A6,0.19898,0.127,0.322,2641.0,0.89901
SERPING1,0.067962,0.023,0.322,2642.0,0.96351
RPS5,0.0,0.0,0.322,2643.0,0.94764
EIF2S3,0.067832,0.023,0.322,2644.0,0.96388
OFD1,0.17119,0.096,0.322,2645.0,0.95968
NUP155,0.21788,0.15,0.323,2646.0,0.65349
SIX3,0.0,0.0,0.323,2647.0,0.94714
RBX1,0.0,0.0,0.323,2648.0,0.94689
DYRK1B,0.12507,0.056,0.323,2649.0,0.96905
CCAR2,0.18504,0.111,0.323,2650.0,0.94099
ZC3H7B,0.19036,0.116,0.323,2651.0,0.92932
FGF9,0.0,0.0,0.323,2652.0,0.94704
PRKRIR,0.14117,0.069,0.323,2653.0,0.96834
PVRL2,0.12497,0.056,0.323,2654.0,0.96926
CLTA,0.068077,0.023,0.323,2655.0,0.96319
SH2B1,0.14106,0.068,0.323,2656.0,0.96861
GLS,0.16387,0.089,0.323,2657.0,0.96154
ZKSCAN1,0.12492,0.056,0.323,2658.0,0.96937
SEMA6D,0.18531,0.111,0.323,2659.0,0.93948
IL13RA1,0.068026,0.023,0.323,2660.0,0.96333
ZCCHC8,0.15369,0.079,0.323,2661.0,0.96584
MAP3K8,0.10252,0.041,0.323,2662.0,0.96825
BABAM1,0.06825,0.023,0.324,2663.0,0.96269
TSC22D2,0.12531,0.056,0.324,2664.0,0.96853
RAB3A,0.0,0.0,0.324,2665.0,0.9463
ZNF483,0.14159,0.069,0.324,2666.0,0.96736
CFH,0.20396,0.132,0.324,2667.0,0.86061
SEC16A,0.22675,0.161,0.324,2668.0,0.36049
SFMBT1,0.18594,0.111,0.324,2669.0,0.93588
SLC5A3,0.10292,0.041,0.324,2670.0,0.96739
SLC5A3,0.10292,0.041,0.324,2671.0,0.96739
CDK13,0.19587,0.122,0.324,2672.0,0.90753
IGSF9B,0.2036,0.132,0.324,2673.0,0.86551
ACAP2,0.19122,0.117,0.324,2674.0,0.92325
MAP2K2,0.10321,0.041,0.325,2675.0,0.96673
PDCD10,0.068497,0.023,0.325,2676.0,0.96197
DIS3L2,0.18027,0.105,0.325,2677.0,0.944
PDGFRB,0.19624,0.123,0.325,2678.0,0.9041
C19orf68,0.06855,0.023,0.325,2679.0,0.96181
ZFYVE9,0.19642,0.123,0.325,2680.0,0.90244
UTY,0.10317,0.041,0.325,2681.0,0.96681
NCKAP1L,0.20436,0.132,0.325,2682.0,0.85489
BNC1,0.14265,0.069,0.326,2683.0,0.96479
LRRC25,0.0,0.0,0.326,2684.0,0.945
ABLIM1,0.1869,0.112,0.326,2685.0,0.9301
LHX6,0.10365,0.041,0.326,2686.0,0.96572
SLC20A2,0.14239,0.069,0.326,2687.0,0.96545
CLPTM1,0.16508,0.089,0.326,2688.0,0.95767
TRIM67,0.1424,0.069,0.326,2689.0,0.96542
CDC37L1,0.10347,0.041,0.326,2690.0,0.96614
MAGT1,0.068697,0.023,0.326,2691.0,0.96138
NKX2-5,0.0,0.0,0.326,2692.0,0.94531
DCLK2,0.16526,0.089,0.326,2693.0,0.95706
CALM1,0.0,0.0,0.327,2694.0,0.94473
ELFN2,0.10403,0.042,0.327,2695.0,0.96483
SLC41A2,0.12645,0.057,0.327,2696.0,0.96597
ACTR1A,0.12634,0.057,0.327,2697.0,0.96621
GEMIN8,0.0,0.0,0.327,2698.0,0.94464
LTBP4,0.22269,0.154,0.327,2699.0,0.49911
ATG13,0.14313,0.069,0.328,2700.0,0.96359
CCT8,0.14354,0.07,0.328,2701.0,0.96252
ATXN7,0.15596,0.081,0.328,2702.0,0.9595
PITPNA,0.12681,0.057,0.328,2703.0,0.96513
DYNC1LI1,0.14317,0.07,0.328,2704.0,0.96348
TSC22D1,0.15582,0.08,0.328,2705.0,0.9599
R3HDM1,0.20225,0.129,0.328,2706.0,0.86068
FJX1,0.0,0.0,0.328,2707.0,0.94412
FAM65B,0.18801,0.112,0.328,2708.0,0.92284
RPS11,0.0,0.0,0.328,2709.0,0.94396
SKIV2L2,0.20222,0.129,0.328,2710.0,0.86106
MAK16,0.12707,0.057,0.328,2711.0,0.96452
HOXA11,0.0,0.0,0.329,2712.0,0.94342
DEDD,0.069452,0.024,0.329,2713.0,0.95912
ZBTB7A,0.069443,0.024,0.329,2714.0,0.95915
BRSK2,0.16685,0.09,0.329,2715.0,0.95141
CDKN2AIP,0.10444,0.042,0.329,2716.0,0.96386
ERG,0.12723,0.057,0.329,2717.0,0.96413
CRK,0.069374,0.024,0.329,2718.0,0.95936
SYT7,0.10463,0.042,0.329,2719.0,0.96342
TMEM164,0.0,0.0,0.329,2720.0,0.94373
FOXG1,0.0,0.0,0.329,2721.0,0.94355
GTF2IRD1,0.19406,0.119,0.329,2722.0,0.90039
CACUL1,0.10474,0.042,0.33,2723.0,0.96315
RAB6B,0.069562,0.024,0.33,2724.0,0.95879
RARA,0.10478,0.042,0.33,2725.0,0.96305
BCL6,0.14434,0.07,0.33,2726.0,0.96038
IPMK,0.10497,0.042,0.33,2727.0,0.96258
HNF1A,0.14406,0.07,0.33,2728.0,0.96115
UNC5D,0.18301,0.106,0.33,2729.0,0.92929
PPM1G,0.14433,0.07,0.33,2730.0,0.9604
POFUT1,0.10479,0.042,0.33,2731.0,0.96303
ZNF296,0.069472,0.024,0.33,2732.0,0.95906
PRCC,0.10488,0.042,0.33,2733.0,0.96281
VMP1,0.12782,0.057,0.33,2734.0,0.96271
USP25,0.21132,0.139,0.33,2735.0,0.7522
EIF2B4,0.14405,0.07,0.33,2736.0,0.96117
SYNJ1,0.22474,0.156,0.33,2737.0,0.42709
HIP1,0.21088,0.138,0.33,2738.0,0.76173
ADAMTS10,0.20355,0.129,0.33,2739.0,0.84288
ANO1,0.19914,0.124,0.33,2740.0,0.87426
CBFB,0.069526,0.024,0.33,2741.0,0.9589
ARAF,0.12761,0.057,0.33,2742.0,0.96322
ARF5,0.0,0.0,0.33,2743.0,0.94298
DSG1,0.18342,0.107,0.331,2744.0,0.92688
HHIP,0.1576,0.081,0.331,2745.0,0.95436
USP33,0.20014,0.125,0.331,2746.0,0.86249
ANP32B,0.069731,0.024,0.331,2747.0,0.95827
DEPDC5,0.23539,0.169,0.331,2748.0,0.1165
HYOU1,0.20025,0.125,0.331,2749.0,0.86105
CLIP1,0.21516,0.143,0.331,2750.0,0.68088
MYH14,0.24052,0.176,0.332,2751.0,0.042236
RGS7BP,0.06989,0.024,0.332,2752.0,0.95778
FAM208B,0.22833,0.16,0.332,2753.0,0.30957
EYA1,0.16827,0.091,0.332,2754.0,0.94588
ZCCHC24,0.0,0.0,0.332,2755.0,0.942
VPS13D,0.26529,0.213,0.332,2756.0,1.0749e-06
SPECC1L,0.20043,0.125,0.332,2757.0,0.85887
KPNA3,0.15784,0.081,0.332,2758.0,0.95357
ZMYM2,0.2157,0.143,0.332,2759.0,0.66648
DERL2,0.070013,0.024,0.332,2760.0,0.9574
SNED1,0.21585,0.143,0.332,2761.0,0.66246
NEUROD2,0.0,0.0,0.332,2762.0,0.94202
OTUD7A,0.15816,0.082,0.333,2763.0,0.95249
PRDM1,0.14571,0.071,0.333,2764.0,0.9565
SKP2,0.12872,0.058,0.333,2765.0,0.96042
ATXN2,0.2009,0.125,0.333,2766.0,0.85289
ELMO1,0.19105,0.114,0.333,2767.0,0.89997
CCDC132,0.20545,0.131,0.333,2768.0,0.8139
RCC2,0.14599,0.071,0.334,2769.0,0.95567
BMP4,0.070331,0.024,0.334,2770.0,0.9564
GSK3B,0.14598,0.071,0.334,2771.0,0.95571
MAGI1,0.21996,0.148,0.334,2772.0,0.5597
SMURF2,0.19692,0.12,0.334,2773.0,0.87235
CTLA4,0.0,0.0,0.334,2774.0,0.94085
SNX18,0.070342,0.024,0.334,2775.0,0.95637
SEPT11,0.12918,0.058,0.334,2776.0,0.95924
MSH2,0.19159,0.114,0.334,2777.0,0.89539
HK1,0.18533,0.108,0.334,2778.0,0.91459
TOX4,0.14576,0.071,0.334,2779.0,0.95637
CSRNP2,0.10595,0.042,0.334,2780.0,0.96015
SP9,0.0,0.0,0.335,2781.0,0.94003
LTBP3,0.21414,0.14,0.335,2782.0,0.68647
ALDH1A1,0.14639,0.071,0.335,2783.0,0.95448
RASAL2,0.20651,0.131,0.335,2784.0,0.79641
AGAP3,0.18587,0.108,0.335,2785.0,0.91091
CCDC64,0.15948,0.082,0.335,2786.0,0.94786
ILDR2,0.1466,0.071,0.335,2787.0,0.95385
GRB10,0.16979,0.092,0.335,2788.0,0.93945
NCOA3,0.22058,0.148,0.335,2789.0,0.54065
PURA,0.0,0.0,0.335,2790.0,0.94029
INCENP,0.19265,0.115,0.336,2791.0,0.88595
TNR,0.22111,0.149,0.336,2792.0,0.52437
ARHGAP25,0.15989,0.083,0.336,2793.0,0.94635
PPP1CC,0.10686,0.043,0.336,2794.0,0.95777
RBFOX1,0.14699,0.071,0.336,2795.0,0.95263
XYLT1,0.17902,0.101,0.336,2796.0,0.92418
TMEM178B,0.070903,0.024,0.336,2797.0,0.95458
KIAA2026,0.21523,0.141,0.336,2798.0,0.65923
PSD,0.18688,0.109,0.337,2799.0,0.90358
KLHL3,0.1603,0.083,0.337,2800.0,0.94479
SPTY2D1,0.16031,0.083,0.337,2801.0,0.94476
C1orf226,0.0,0.0,0.337,2802.0,0.939
ANGPT1,0.14716,0.071,0.337,2803.0,0.95208
ATG4B,0.1302,0.058,0.337,2804.0,0.95648
SLITRK1,0.10701,0.043,0.337,2805.0,0.95737
CACNA2D3,0.21888,0.145,0.337,2806.0,0.57778
SART1,0.19312,0.115,0.337,2807.0,0.88163
RBMX2,0.0,0.0,0.337,2808.0,0.93892
ANKS1A,0.20402,0.127,0.338,2809.0,0.80916
KCNMB4,0.0,0.0,0.338,2810.0,0.93853
PSMC3,0.13084,0.059,0.338,2811.0,0.9547
CDH6,0.17979,0.101,0.338,2812.0,0.91966
FBLN1,0.17994,0.101,0.338,2813.0,0.91878
GFPT1,0.18741,0.109,0.338,2814.0,0.89953
STX12,0.10743,0.043,0.338,2815.0,0.95624
DLG2,0.21228,0.137,0.338,2816.0,0.70796
TMEM39A,0.13085,0.059,0.338,2817.0,0.95467
SIX2,0.0,0.0,0.338,2818.0,0.93869
NUTF2,0.0,0.0,0.338,2819.0,0.93864
RNF126,0.071144,0.024,0.338,2820.0,0.95379
DDHD1,0.18709,0.109,0.338,2821.0,0.902
SORCS1,0.21953,0.146,0.338,2822.0,0.55937
TIPRL,0.071167,0.024,0.338,2823.0,0.95372
FN1,0.2539,0.192,0.338,2824.0,0.0014045
PCGF3,0.071307,0.024,0.338,2825.0,0.95326
PLCH1,0.22551,0.153,0.338,2826.0,0.39649
PTPRU,0.22564,0.153,0.338,2827.0,0.39251
FGF10,0.0,0.0,0.339,2828.0,0.93779
IFNGR2,0.071445,0.024,0.339,2829.0,0.95281
RUSC1,0.1612,0.083,0.339,2830.0,0.9413
ZNF318,0.22627,0.154,0.339,2831.0,0.37383
SOX13,0.16106,0.083,0.339,2832.0,0.94185
ZBTB37,0.10782,0.043,0.339,2833.0,0.95517
BICC1,0.19994,0.122,0.339,2834.0,0.83685
CNTFR,0.10771,0.043,0.339,2835.0,0.95549
ZMYND19,0.071767,0.025,0.34,2836.0,0.95174
LDB2,0.10803,0.043,0.34,2837.0,0.9546
DDA1,0.0,0.0,0.34,2838.0,0.93718
LZTS1,0.10792,0.043,0.34,2839.0,0.95491
PHOX2B,0.0,0.0,0.34,2840.0,0.93755
SLITRK3,0.16176,0.084,0.34,2841.0,0.93906
BNC2,0.17228,0.093,0.34,2842.0,0.92762
GPR64,0.17241,0.093,0.34,2843.0,0.92694
HPRT1,0.0,0.0,0.34,2844.0,0.93728
RAB6A,0.071577,0.024,0.34,2845.0,0.95237
MAP3K5,0.22091,0.147,0.34,2846.0,0.51964
SLC4A7,0.20977,0.133,0.34,2847.0,0.73616
GABRB3,0.13198,0.059,0.341,2848.0,0.95138
JAK2,0.21462,0.139,0.341,2849.0,0.65372
ELK1,0.0,0.0,0.341,2850.0,0.93711
SLC35F1,0.132,0.059,0.341,2851.0,0.95133
LCP2,0.17285,0.094,0.341,2852.0,0.92466
CSTF1,0.10824,0.043,0.341,2853.0,0.95401
KIF1C,0.21068,0.134,0.341,2854.0,0.71767
RALGDS,0.18883,0.11,0.341,2855.0,0.88814
LRP5,0.22125,0.147,0.341,2856.0,0.50992
POU5F1,0.10835,0.043,0.341,2857.0,0.95371
SIK1,0.16222,0.084,0.341,2858.0,0.93716
XYLT2,0.17264,0.094,0.341,2859.0,0.92576
AC006486.9,0.0,0.0,0.341,2860.0,0.93701
HOMER3,0.10838,0.043,0.341,2861.0,0.95363
BCL2L1,0.0,0.0,0.341,2862.0,0.93667
DOCK1,0.24978,0.185,0.341,2863.0,0.0068117
GAB3,0.10839,0.043,0.341,2864.0,0.9536
EIF2S2,0.1085,0.043,0.342,2865.0,0.95327
SYT14,0.1494,0.073,0.342,2866.0,0.94463
ARHGEF1,0.20658,0.129,0.342,2867.0,0.76754
ZC3H14,0.18945,0.11,0.342,2868.0,0.88291
EBP,0.0,0.0,0.342,2869.0,0.93645
FEZF1,0.072156,0.025,0.342,2870.0,0.95043
HSD17B10,0.0,0.0,0.342,2871.0,0.93604
AP3B2,0.20632,0.129,0.342,2872.0,0.77198
CLPX,0.17302,0.094,0.342,2873.0,0.92377
CDC14B,0.14984,0.073,0.343,2874.0,0.94308
EPB41L1,0.19014,0.111,0.343,2875.0,0.87683
RPS10-NUDT3,0.109,0.044,0.343,2876.0,0.95186
MOV10,0.202,0.124,0.343,2877.0,0.80908
HMBS,0.13282,0.059,0.343,2878.0,0.94884
HORMAD1,0.13281,0.059,0.343,2879.0,0.94885
POU2F1,0.18248,0.103,0.343,2880.0,0.90229
PRPS2,0.0,0.0,0.343,2881.0,0.93544
RAP1GDS1,0.16322,0.084,0.343,2882.0,0.93288
PMEPA1,0.0,0.0,0.343,2883.0,0.93577
RUNX2,0.13282,0.059,0.343,2884.0,0.94884
ALKBH5,0.07236,0.025,0.343,2885.0,0.94974
PFDN6,0.0,0.0,0.343,2886.0,0.93592
SNX1,0.16346,0.084,0.344,2887.0,0.93179
ASIC1,0.16382,0.085,0.344,2888.0,0.93017
COPZ1,0.072587,0.025,0.344,2889.0,0.94896
MTUS2,0.20294,0.124,0.344,2890.0,0.79549
IRF8,0.13307,0.06,0.344,2891.0,0.94807
PCDHAC2,0.16361,0.085,0.344,2892.0,0.93114
POLR2B,0.22035,0.145,0.344,2893.0,0.52372
CADPS2,0.22646,0.152,0.344,2894.0,0.36785
LYPLA2,0.072416,0.025,0.344,2895.0,0.94955
LRRC1,0.16346,0.084,0.344,2896.0,0.93181
MAP3K13,0.2026,0.124,0.344,2897.0,0.80051
OXR1,0.19694,0.118,0.344,2898.0,0.84148
P4HA1,0.16349,0.084,0.344,2899.0,0.93166
NTN4,0.17447,0.095,0.344,2900.0,0.91585
AP3B1,0.2162,0.14,0.344,2901.0,0.61532
KIF3A,0.18313,0.103,0.344,2902.0,0.89775
FNTA,0.13334,0.06,0.345,2903.0,0.94721
ITGA5,0.22429,0.149,0.345,2904.0,0.42455
PI4KB,0.19131,0.111,0.345,2905.0,0.86607
CXXC1,0.1835,0.103,0.345,2906.0,0.89506
CD86,0.072635,0.025,0.345,2907.0,0.94879
MAF1,0.07283,0.025,0.345,2908.0,0.94812
VASP,0.13352,0.06,0.345,2909.0,0.94665
HERPUD2,0.1334,0.06,0.345,2910.0,0.94702
LARP4,0.19102,0.111,0.345,2911.0,0.86884
LCOR,0.10956,0.044,0.345,2912.0,0.95022
C6orf136,0.10999,0.044,0.346,2913.0,0.94895
CCNT2,0.16455,0.085,0.346,2914.0,0.92681
ATG2A,0.24209,0.172,0.346,2915.0,0.053526
USP49,0.15114,0.073,0.346,2916.0,0.93828
NUPL1,0.16452,0.085,0.346,2917.0,0.92697
ASUN,0.19171,0.112,0.346,2918.0,0.86229
ATP8A1,0.23313,0.16,0.346,2919.0,0.1999
RNF214,0.17554,0.095,0.346,2920.0,0.9096
EIF3I,0.10987,0.044,0.346,2921.0,0.9493
SGMS1,0.13401,0.06,0.346,2922.0,0.94507
TECPR2,0.21763,0.141,0.346,2923.0,0.58003
VPS4A,0.13411,0.06,0.347,2924.0,0.94474
DHX36,0.22228,0.146,0.347,2925.0,0.47221
DROSHA,0.23908,0.167,0.347,2926.0,0.093176
PER2,0.20948,0.131,0.347,2927.0,0.7148
NEO1,0.23134,0.157,0.347,2928.0,0.24398
AFF1,0.20971,0.131,0.347,2929.0,0.71038
BZW1,0.13428,0.06,0.347,2930.0,0.94418
ETV1,0.15149,0.074,0.347,2931.0,0.93694
THBS2,0.21857,0.141,0.347,2932.0,0.55641
BECN1,0.15144,0.074,0.347,2933.0,0.93717
BEND3,0.15185,0.074,0.347,2934.0,0.93555
LRRC8A,0.13434,0.06,0.347,2935.0,0.94398
MEGF10,0.22557,0.15,0.347,2936.0,0.3904
RNF144A,0.11038,0.044,0.347,2937.0,0.94776
STAT4,0.20484,0.125,0.347,2938.0,0.7662
TRAM2,0.13428,0.06,0.347,2939.0,0.94418
STK38L,0.15218,0.074,0.348,2940.0,0.93427
EXOC3,0.16552,0.086,0.348,2941.0,0.92216
SLK,0.22618,0.15,0.348,2942.0,0.37441
DCAF7,0.0,0.0,0.348,2943.0,0.93284
EHBP1,0.2288,0.154,0.348,2944.0,0.30745
USP14,0.17622,0.095,0.348,2945.0,0.90546
LHX5,0.07346,0.025,0.348,2946.0,0.94591
RDX,0.1927,0.112,0.348,2947.0,0.85245
PDE2A,0.21468,0.137,0.348,2948.0,0.631
E2F3,0.11102,0.044,0.349,2949.0,0.9458
FOXN1,0.1349,0.06,0.349,2950.0,0.94214
SGTA,0.11085,0.044,0.349,2951.0,0.94632
ZNF503,0.073465,0.025,0.349,2952.0,0.94589
RASSF8,0.13506,0.061,0.349,2953.0,0.94158
CD22,0.19993,0.12,0.349,2954.0,0.8044
FLT3,0.2157,0.137,0.349,2955.0,0.60777
UGCG,0.1351,0.061,0.349,2956.0,0.94147
ZNF146,0.0,0.0,0.349,2957.0,0.93205
FRMD4B,0.22298,0.146,0.349,2958.0,0.4539
UBR1,0.25305,0.186,0.349,2959.0,0.0054862
YBX1,0.11081,0.044,0.349,2960.0,0.94646
SLC25A5,0.0,0.0,0.349,2961.0,0.93194
RPS4X,0.0,0.0,0.349,2962.0,0.93222
NUP214,0.24269,0.171,0.349,2963.0,0.054748
HNRNPLL,0.16615,0.086,0.349,2964.0,0.91907
SLC4A1,0.19333,0.112,0.349,2965.0,0.84602
RAP1GAP,0.19354,0.113,0.349,2966.0,0.84376
MAP4,0.19315,0.112,0.349,2967.0,0.84782
EFNB1,0.0,0.0,0.349,2968.0,0.93251
EGFR,0.22642,0.15,0.349,2969.0,0.36837
RASGEF1B,0.16581,0.086,0.349,2970.0,0.92073
EMD,0.0,0.0,0.35,2971.0,0.93178
RHOT1,0.20037,0.12,0.35,2972.0,0.79851
KIDINS220,0.24107,0.169,0.35,2973.0,0.073562
EN1,0.0,0.0,0.35,2974.0,0.93135
MMP16,0.16636,0.086,0.35,2975.0,0.91797
CBX5,0.0,0.0,0.35,2976.0,0.93174
APPL1,0.20062,0.12,0.35,2977.0,0.7952
LEO1,0.18656,0.105,0.35,2978.0,0.87094
S100PBP,0.11125,0.044,0.35,2979.0,0.94509
ARID5A,0.11122,0.044,0.35,2980.0,0.94518
MRGBP,0.0,0.0,0.35,2981.0,0.93142
LHFPL3,0.0,0.0,0.35,2982.0,0.93153
NR3C2,0.19414,0.113,0.35,2983.0,0.83739
SLC38A1,0.15307,0.074,0.35,2984.0,0.93067
HOXA3,0.073854,0.025,0.35,2985.0,0.9445
GTPBP1,0.15323,0.074,0.351,2986.0,0.93001
RAB11FIP2,0.11143,0.045,0.351,2987.0,0.94451
SREK1,0.16698,0.086,0.351,2988.0,0.9148
MDGA2,0.21202,0.132,0.351,2989.0,0.66457
DNAJB14,0.13589,0.061,0.351,2990.0,0.93874
AGTPBP1,0.22423,0.147,0.351,2991.0,0.42151
MAZ,0.074095,0.025,0.351,2992.0,0.94363
SDK2,0.25486,0.187,0.351,2993.0,0.0041393
MRC1,0.11179,0.045,0.352,2994.0,0.94335
PCDH10,0.17849,0.097,0.352,2995.0,0.89066
SHROOM3,0.22852,0.152,0.352,2996.0,0.31709
BMI1,0.11195,0.045,0.352,2997.0,0.94286
KANSL1L,0.2124,0.133,0.352,2998.0,0.65684
SYAP1,0.074234,0.025,0.352,2999.0,0.94312
ASNA1,0.074224,0.025,0.352,3000.0,0.94316
STRN3,0.19488,0.113,0.352,3001.0,0.82925
KLHDC10,0.15426,0.075,0.353,3002.0,0.92564
MYB,0.19576,0.114,0.353,3003.0,0.81924
INPP4B,0.21809,0.139,0.353,3004.0,0.55218
TBC1D30,0.1787,0.097,0.353,3005.0,0.88919
TRAF4,0.13666,0.061,0.353,3006.0,0.93602
UBFD1,0.074439,0.025,0.353,3007.0,0.94238
HSP90AA1,0.18779,0.106,0.353,3008.0,0.86025
ARAP1,0.23789,0.163,0.353,3009.0,0.12294
PAPPA,0.23578,0.16,0.354,3010.0,0.1613
TTN,0.3268,0.301,0.354,3011.0,2.5582e-96
TUBGCP3,0.22263,0.144,0.354,3012.0,0.4552
MIA3,0.24586,0.173,0.354,3013.0,0.03675
COLEC12,0.16831,0.087,0.354,3014.0,0.90761
ARL8A,0.074615,0.026,0.354,3015.0,0.94173
ZNF362,0.11247,0.045,0.354,3016.0,0.94115
EIF4E,0.11242,0.045,0.354,3017.0,0.94133
LCORL,0.15469,0.075,0.354,3018.0,0.92374
ST3GAL2,0.11231,0.045,0.354,3019.0,0.9417
RNF19B,0.1547,0.075,0.354,3020.0,0.92372
DIP2A,0.2387,0.164,0.354,3021.0,0.11301
RAF1,0.18859,0.106,0.354,3022.0,0.85295
ELOVL5,0.13737,0.062,0.355,3023.0,0.93341
XRN2,0.22724,0.149,0.355,3024.0,0.34851
SLC24A3,0.18007,0.098,0.355,3025.0,0.87946
JMJD6,0.13734,0.062,0.355,3026.0,0.93353
PLP1,0.0,0.0,0.355,3027.0,0.92845
CADM3,0.13725,0.062,0.355,3028.0,0.93386
SPCS2,0.0,0.0,0.355,3029.0,0.92879
UBE2H,0.07491,0.026,0.355,3030.0,0.94063
BMPR1A,0.16907,0.087,0.355,3031.0,0.90333
PSMC5,0.13746,0.062,0.355,3032.0,0.93308
CD19,0.16879,0.087,0.355,3033.0,0.90496
FLT3LG,0.074973,0.026,0.356,3034.0,0.9404
GRIP1,0.21998,0.14,0.356,3035.0,0.50828
WWTR1,0.11308,0.045,0.356,3036.0,0.93914
ZNF326,0.16934,0.087,0.356,3037.0,0.90182
KCNQ3,0.1973,0.115,0.356,3038.0,0.80089
CALM3,0.0,0.0,0.357,3039.0,0.92749
GID8,0.075178,0.026,0.357,3040.0,0.93963
SPTBN2,0.26809,0.203,0.357,3041.0,9.9268e-05
RCC1,0.13799,0.062,0.357,3042.0,0.93109
EPHA6,0.21034,0.129,0.357,3043.0,0.67037
FER,0.21072,0.129,0.357,3044.0,0.6633
YWHAZ,0.075172,0.026,0.357,3045.0,0.93965
GRB2,0.075256,0.026,0.357,3046.0,0.93934
IPO8,0.23246,0.155,0.358,3047.0,0.2344
SUV39H2,0.13848,0.062,0.358,3048.0,0.92921
SVIL,0.2623,0.194,0.358,3049.0,0.00086302
OSBPL11,0.19054,0.107,0.358,3050.0,0.83432
MIER2,0.17034,0.088,0.358,3051.0,0.89593
UBE2Z,0.075509,0.026,0.358,3052.0,0.93838
NFATC4,0.1816,0.098,0.358,3053.0,0.8679
LCT,0.2437,0.169,0.358,3054.0,0.059849
NTNG1,0.15624,0.076,0.358,3055.0,0.9167
FIP1L1,0.19826,0.115,0.358,3056.0,0.7889
ATP6V1A,0.18158,0.098,0.358,3057.0,0.86801
TMEM194A,0.15636,0.076,0.358,3058.0,0.91617
RNF103,0.17016,0.088,0.358,3059.0,0.89697
WSB2,0.13844,0.062,0.358,3060.0,0.92938
KTN1,0.25557,0.184,0.359,3061.0,0.0064543
FNBP1,0.19112,0.108,0.359,3062.0,0.82844
PPTC7,0.075576,0.026,0.359,3063.0,0.93813
CANX,0.18179,0.099,0.359,3064.0,0.86635
KDM5D,0.13882,0.062,0.359,3065.0,0.92793
CRTC3,0.18186,0.099,0.359,3066.0,0.86585
SOX4,0.0,0.0,0.359,3067.0,0.92656
TNFRSF8,0.18208,0.099,0.359,3068.0,0.86407
MAP2K6,0.15695,0.076,0.359,3069.0,0.91334
FMNL3,0.22184,0.141,0.359,3070.0,0.46549
FAM83H,0.17092,0.088,0.359,3071.0,0.89239
GPR125,0.22977,0.151,0.359,3072.0,0.29336
NXPH2,0.0,0.0,0.359,3073.0,0.92646
PIK3C2A,0.25355,0.181,0.359,3074.0,0.010126
ZNF628,0.15709,0.076,0.359,3075.0,0.91268
EDC4,0.24008,0.163,0.36,3076.0,0.1061
FAXC,0.11434,0.046,0.36,3077.0,0.93484
SEPT5,0.13913,0.062,0.36,3078.0,0.92671
RASGRF2,0.23699,0.159,0.36,3079.0,0.15243
RAVER1,0.15743,0.077,0.36,3080.0,0.91101
IL7,0.0,0.0,0.36,3081.0,0.92574
ADRBK2,0.20625,0.123,0.36,3082.0,0.71059
PDCD6IP,0.20656,0.124,0.36,3083.0,0.70554
ALYREF,0.0,0.0,0.36,3084.0,0.92567
ETNK1,0.13941,0.062,0.36,3085.0,0.92558
SMC1B,0.24027,0.163,0.36,3086.0,0.1041
NR4A3,0.15711,0.076,0.36,3087.0,0.9126
PARD6B,0.0,0.0,0.36,3088.0,0.92583
RAB5C,0.075825,0.026,0.36,3089.0,0.93717
CCNB3,0.18277,0.099,0.361,3090.0,0.8585
DDX23,0.21781,0.136,0.361,3091.0,0.54199
PPP2R3A,0.2128,0.13,0.361,3092.0,0.62349
TRAM1,0.13954,0.063,0.361,3093.0,0.92506
MOSPD1,0.0,0.0,0.361,3094.0,0.92491
E2F8,0.19215,0.108,0.361,3095.0,0.81778
ABR,0.2126,0.13,0.361,3096.0,0.62738
ZIC3,0.0,0.0,0.361,3097.0,0.92495
BZRAP1,0.25493,0.182,0.361,3098.0,0.00844
AES,0.076146,0.026,0.361,3099.0,0.93594
POT1,0.18339,0.099,0.362,3100.0,0.85343
CAPZA1,0.11488,0.046,0.362,3101.0,0.93292
GAS7,0.18352,0.099,0.362,3102.0,0.8523
SMURF1,0.2134,0.131,0.362,3103.0,0.6118
WDR13,0.076352,0.026,0.362,3104.0,0.93514
DHX40,0.20079,0.117,0.362,3105.0,0.7556
E2F5,0.076387,0.026,0.362,3106.0,0.935
TNS1,0.24471,0.168,0.363,3107.0,0.059861
MARK1,0.21398,0.131,0.363,3108.0,0.60045
FOXN3,0.11524,0.046,0.363,3109.0,0.93167
PGAP2,0.076514,0.026,0.363,3110.0,0.93451
RIMBP2,0.2082,0.125,0.363,3111.0,0.67813
MPHOSPH10,0.18398,0.1,0.363,3112.0,0.84847
SEPT6,0.11521,0.046,0.363,3113.0,0.93177
TUBB2A,0.076444,0.026,0.363,3114.0,0.93478
ADAM22,0.23195,0.152,0.363,3115.0,0.25101
SENP3,0.18401,0.1,0.363,3116.0,0.84821
USP27X,0.0,0.0,0.363,3117.0,0.92373
MEX3D,0.0,0.0,0.364,3118.0,0.92303
DCTN1,0.24241,0.165,0.364,3119.0,0.084251
PAFAH1B2,0.076641,0.026,0.364,3120.0,0.93401
FUBP3,0.19394,0.109,0.364,3121.0,0.79825
SRRT,0.21433,0.131,0.364,3122.0,0.59362
COL4A3BP,0.20885,0.125,0.364,3123.0,0.66702
SNX13,0.22466,0.143,0.364,3124.0,0.40328
CDH4,0.20166,0.117,0.364,3125.0,0.74348
MTA2,0.20157,0.117,0.364,3126.0,0.74479
ACTA2,0.11565,0.046,0.364,3127.0,0.93017
ZIC1,0.076697,0.026,0.364,3128.0,0.93378
TBC1D20,0.11549,0.046,0.364,3129.0,0.93074
CAMK2B,0.20197,0.118,0.364,3130.0,0.73914
DDX27,0.21486,0.132,0.364,3131.0,0.58326
ORC2,0.18445,0.1,0.364,3132.0,0.84443
ZAP70,0.17332,0.09,0.364,3133.0,0.87696
PTPN14,0.2337,0.153,0.365,3134.0,0.22055
FAM13B,0.22036,0.138,0.365,3135.0,0.48745
MMP2,0.18509,0.1,0.365,3136.0,0.83878
STRN,0.20923,0.125,0.365,3137.0,0.66061
TRMT1L,0.19409,0.109,0.365,3138.0,0.79653
IPPK,0.17374,0.09,0.365,3139.0,0.8741
DMTN,0.15944,0.078,0.365,3140.0,0.90082
LRRC16A,0.24885,0.173,0.365,3141.0,0.033641
FCHSD2,0.21572,0.132,0.366,3142.0,0.56618
MDH1,0.11634,0.047,0.366,3143.0,0.92765
MEGF8,0.2759,0.21,0.366,3144.0,1.9329e-05
PJA1,0.11637,0.047,0.366,3145.0,0.92754
EIF3L,0.1852,0.1,0.366,3146.0,0.83781
PEX26,0.077175,0.026,0.366,3147.0,0.93189
NTF3,0.077145,0.026,0.366,3148.0,0.93201
PRKG2,0.21002,0.126,0.366,3149.0,0.64685
LTN1,0.25641,0.182,0.366,3150.0,0.0084038
PRDM10,0.23766,0.158,0.366,3151.0,0.15304
PVRL3,0.14179,0.064,0.366,3152.0,0.91574
DGKD,0.24397,0.166,0.366,3153.0,0.072171
CDH9,0.18591,0.101,0.367,3154.0,0.83147
NPAT,0.23059,0.149,0.367,3155.0,0.28233
ZNF469,0.20339,0.118,0.367,3156.0,0.71866
WDR20,0.14189,0.064,0.367,3157.0,0.91532
HIPK3,0.23086,0.149,0.367,3158.0,0.27733
ARHGDIG,0.0,0.0,0.367,3159.0,0.92154
MOB4,0.077389,0.027,0.367,3160.0,0.93103
TRPC4AP,0.21643,0.133,0.367,3161.0,0.55209
GABRA1,0.14198,0.064,0.367,3162.0,0.91489
ADAMTS1,0.20357,0.118,0.367,3163.0,0.71601
KCNH7,0.23061,0.149,0.367,3164.0,0.28183
IP6K1,0.11658,0.047,0.367,3165.0,0.92674
CYLC1,0.077287,0.026,0.367,3166.0,0.93145
DGKA,0.22163,0.139,0.367,3167.0,0.46072
MRAS,0.0,0.0,0.368,3168.0,0.92111
FAM214A,0.22238,0.139,0.368,3169.0,0.4452
RGS7,0.19579,0.11,0.368,3170.0,0.77696
DR1,0.0,0.0,0.368,3171.0,0.92117
IGSF3,0.23156,0.15,0.368,3172.0,0.26474
OXSR1,0.196,0.11,0.368,3173.0,0.77444
RPS19,0.0,0.0,0.368,3174.0,0.92111
DTNA,0.21072,0.126,0.368,3175.0,0.63459
BIN1,0.19568,0.11,0.368,3176.0,0.77822
CALM2,0.0,0.0,0.368,3177.0,0.92086
NFRKB,0.2392,0.159,0.368,3178.0,0.13431
PRDM12,0.077602,0.027,0.368,3179.0,0.93018
RPSA,0.077555,0.027,0.368,3180.0,0.93037
SMEK2,0.20422,0.119,0.368,3181.0,0.70636
NCKAP5L,0.21087,0.126,0.368,3182.0,0.632
GPC4,0.11675,0.047,0.368,3183.0,0.92613
SRSF6,0.14287,0.064,0.369,3184.0,0.91099
LPPR4,0.1756,0.091,0.369,3185.0,0.86104
DGKB,0.21756,0.133,0.369,3186.0,0.52991
POGK,0.1611,0.078,0.369,3187.0,0.89187
USO1,0.22805,0.145,0.369,3188.0,0.33417
DMBX1,0.077753,0.027,0.369,3189.0,0.92957
SLC25A28,0.077759,0.027,0.369,3190.0,0.92954
GABPB1,0.14282,0.064,0.369,3191.0,0.91121
PTBP3,0.17533,0.091,0.369,3192.0,0.86295
SNX9,0.20424,0.119,0.369,3193.0,0.7061
TLL1,0.23689,0.155,0.37,3194.0,0.17306
PSD4,0.22348,0.14,0.37,3195.0,0.42272
HMX3,0.0,0.0,0.37,3196.0,0.91992
BBX,0.21819,0.134,0.37,3197.0,0.51752
POU4F3,0.0,0.0,0.37,3198.0,0.91964
CDC37,0.14326,0.064,0.37,3199.0,0.90925
RPS27A,0.0,0.0,0.37,3200.0,0.91944
SACM1L,0.20496,0.119,0.37,3201.0,0.69536
SLC13A4,0.18761,0.102,0.37,3202.0,0.81559
PLXNB3,0.23354,0.151,0.371,3203.0,0.23163
TFAP2C,0.11782,0.047,0.371,3204.0,0.92204
APBB1IP,0.17649,0.091,0.371,3205.0,0.85443
FNBP1L,0.19769,0.111,0.371,3206.0,0.75392
AMER1,0.17658,0.091,0.371,3207.0,0.8538
PIGR,0.18784,0.102,0.371,3208.0,0.81331
PIEZO2,0.28486,0.22,0.371,3209.0,8.0992e-07
PPARGC1B,0.21892,0.134,0.371,3210.0,0.50321
SEZ6L,0.21871,0.134,0.371,3211.0,0.50741
DSTYK,0.21844,0.134,0.371,3212.0,0.51262
B4GALT6,0.14357,0.064,0.371,3213.0,0.90783
GABRA5,0.14412,0.065,0.372,3214.0,0.90535
NLGN1,0.17672,0.091,0.372,3215.0,0.85276
PHLDB1,0.2419,0.161,0.372,3216.0,0.10667
SYNE2,0.31954,0.274,0.372,3217.0,1.6503e-25
SYT11,0.078438,0.027,0.372,3218.0,0.92676
PCDH9,0.18832,0.102,0.372,3219.0,0.80865
HAS3,0.16262,0.079,0.372,3220.0,0.88316
RP11-793H13.10,0.16248,0.079,0.372,3221.0,0.884
MAP4K3,0.24156,0.161,0.372,3222.0,0.10987
KCNK12,0.0,0.0,0.372,3223.0,0.91853
TERF1,0.14385,0.065,0.372,3224.0,0.90655
PTPN23,0.2509,0.172,0.372,3225.0,0.031312
ERO1L,0.18833,0.102,0.372,3226.0,0.80854
TCF12,0.20623,0.12,0.372,3227.0,0.67602
ZDHHC8,0.1767,0.091,0.372,3228.0,0.85288
GNAS,0.20592,0.12,0.372,3229.0,0.68076
LIN52,0.0,0.0,0.372,3230.0,0.91836
STAM,0.17702,0.092,0.372,3231.0,0.85048
GAD2,0.19793,0.112,0.372,3232.0,0.75083
ANAPC7,0.17728,0.092,0.373,3233.0,0.8485
CCDC112,0.17725,0.092,0.373,3234.0,0.84869
NRD1,0.24897,0.169,0.373,3235.0,0.044066
DOCK11,0.25652,0.179,0.373,3236.0,0.012097
PHKA2,0.22546,0.141,0.373,3237.0,0.3839
CNTN1,0.23862,0.157,0.373,3238.0,0.15131
CD47,0.11853,0.047,0.373,3239.0,0.91924
NR1H3,0.14446,0.065,0.373,3240.0,0.90374
TRPC4,0.22001,0.135,0.373,3241.0,0.48205
AKAP1,0.1986,0.112,0.373,3242.0,0.74238
FAM46A,0.078905,0.027,0.374,3243.0,0.92482
KANSL2,0.16322,0.079,0.374,3244.0,0.87965
RNF43,0.19922,0.112,0.374,3245.0,0.73452
KAT2A,0.21416,0.128,0.374,3246.0,0.57331
ANLN,0.23938,0.157,0.374,3247.0,0.14261
BACE1,0.16335,0.079,0.374,3248.0,0.87888
GPR143,0.0788,0.027,0.374,3249.0,0.92526
MSANTD2,0.14467,0.065,0.374,3250.0,0.90277
KCNT2,0.24954,0.17,0.374,3251.0,0.041658
RSBN1L,0.18964,0.103,0.374,3252.0,0.79546
DGKH,0.25254,0.174,0.374,3253.0,0.026429
MYO10,0.27841,0.209,0.374,3254.0,3.1562e-05
SECISBP2L,0.23075,0.147,0.374,3255.0,0.285
FHOD3,0.24601,0.166,0.374,3256.0,0.066509
XIAP,0.11875,0.048,0.374,3257.0,0.91837
ZC3H15,0.1447,0.065,0.374,3258.0,0.90263
MFAP1,0.18959,0.103,0.374,3259.0,0.79602
DNMT3B,0.23568,0.152,0.375,3260.0,0.19964
SNAP23,0.079073,0.027,0.375,3261.0,0.92412
PPP2R2D,0.11907,0.048,0.375,3262.0,0.91708
NHSL1,0.22114,0.135,0.375,3263.0,0.46052
STRAP,0.14495,0.065,0.375,3264.0,0.90143
SLC29A1,0.14511,0.065,0.375,3265.0,0.90069
SLC9A1,0.19013,0.103,0.375,3266.0,0.79049
WASL,0.16374,0.08,0.375,3267.0,0.87654
TRIM11,0.11902,0.048,0.375,3268.0,0.91729
DDX19A,0.17838,0.092,0.375,3269.0,0.83991
SLC4A10,0.24017,0.158,0.375,3270.0,0.13404
RPL17,0.079071,0.027,0.375,3271.0,0.92412
EPHB3,0.22104,0.135,0.375,3272.0,0.46242
RMND5A,0.14529,0.065,0.375,3273.0,0.89983
CHORDC1,0.14491,0.065,0.375,3274.0,0.90164
DGKZ,0.25008,0.17,0.375,3275.0,0.039507
SLAIN1,0.14505,0.065,0.375,3276.0,0.90094
CDC25A,0.17832,0.092,0.375,3277.0,0.84041
ST14,0.21488,0.129,0.375,3278.0,0.56042
PES1,0.20041,0.113,0.376,3279.0,0.71904
CACNB1,0.19048,0.103,0.376,3280.0,0.78689
CACNG2,0.079303,0.027,0.376,3281.0,0.92315
TFEB,0.1454,0.065,0.376,3282.0,0.89931
VPS37D,0.0,0.0,0.376,3283.0,0.91622
DENND5A,0.24758,0.167,0.376,3284.0,0.057546
HS6ST1,0.079222,0.027,0.376,3285.0,0.92349
AKIRIN2,0.079207,0.027,0.376,3286.0,0.92355
PPP2R2C,0.14535,0.065,0.376,3287.0,0.89954
RPL26,0.0,0.0,0.376,3288.0,0.9163
OTX2,0.079234,0.027,0.376,3289.0,0.92344
HNRNPA0,0.0,0.0,0.376,3290.0,0.91616
GRM3,0.1907,0.103,0.376,3291.0,0.78458
DDR2,0.21544,0.129,0.376,3292.0,0.5503
DMRTA2,0.0,0.0,0.376,3293.0,0.91608
PRPS1,0.0,0.0,0.377,3294.0,0.91542
DSE,0.20896,0.122,0.377,3295.0,0.6331
SLITRK5,0.16478,0.08,0.377,3296.0,0.87019
TNKS1BP1,0.24488,0.163,0.377,3297.0,0.082629
ATXN7L2,0.1647,0.08,0.377,3298.0,0.87066
SEC14L1,0.20899,0.122,0.377,3299.0,0.63264
IKZF4,0.14575,0.065,0.377,3300.0,0.89759
ANGPT2,0.17936,0.093,0.377,3301.0,0.83208
SCAPER,0.25939,0.182,0.377,3302.0,0.0087953
CCNE2,0.16483,0.08,0.377,3303.0,0.86983
SLC2A13,0.17924,0.093,0.377,3304.0,0.83307
FAM196A,0.11961,0.048,0.377,3305.0,0.9149
UBE2F,0.079417,0.027,0.377,3306.0,0.92267
ACLY,0.24475,0.163,0.377,3307.0,0.083556
MAP2K1,0.14594,0.065,0.377,3308.0,0.89669
DPP6,0.22784,0.142,0.377,3309.0,0.33997
ACVR2B,0.17911,0.093,0.377,3310.0,0.83412
CDK5R1,0.0,0.0,0.378,3311.0,0.9149
CTNNA2,0.22303,0.137,0.378,3312.0,0.42501
RAB30,0.079733,0.027,0.378,3313.0,0.92132
SCN4A,0.25767,0.179,0.378,3314.0,0.01294
DLX6,0.079747,0.027,0.378,3315.0,0.92126
HDGFRP2,0.19161,0.104,0.378,3316.0,0.77498
CLASRP,0.22272,0.136,0.378,3317.0,0.43077
MAP7,0.22307,0.137,0.378,3318.0,0.42439
SLC22A23,0.17994,0.093,0.378,3319.0,0.82731
STIM1,0.19158,0.104,0.378,3320.0,0.77534
SRSF4,0.16525,0.08,0.378,3321.0,0.86723
ZFAND3,0.079636,0.027,0.378,3322.0,0.92174
PRPF38B,0.20169,0.114,0.379,3323.0,0.70194
UBAP1,0.1204,0.048,0.379,3324.0,0.91168
NIPA2,0.079841,0.027,0.379,3325.0,0.92086
ATOH8,0.0,0.0,0.379,3326.0,0.91391
GNAI1,0.1205,0.048,0.379,3327.0,0.91125
GID4,0.079896,0.027,0.379,3328.0,0.92062
WWP2,0.23839,0.154,0.379,3329.0,0.16477
PASD1,0.18045,0.093,0.379,3330.0,0.82307
CDC16,0.21016,0.122,0.379,3331.0,0.61402
CAPZB,0.1204,0.048,0.379,3332.0,0.91165
SENP7,0.24627,0.164,0.379,3333.0,0.073339
CASC3,0.2102,0.122,0.379,3334.0,0.61338
DOCK7,0.28458,0.216,0.379,3335.0,6.358e-06
FSTL1,0.14648,0.066,0.379,3336.0,0.89403
RPS3,0.08004,0.027,0.38,3337.0,0.92
MESDC1,0.0,0.0,0.38,3338.0,0.9137
CACYBP,0.080079,0.027,0.38,3339.0,0.91984
CADM2,0.14709,0.066,0.38,3340.0,0.89097
PCDH20,0.16603,0.081,0.38,3341.0,0.86222
KCNA2,0.12064,0.048,0.38,3342.0,0.91067
GOLGA3,0.26175,0.183,0.38,3343.0,0.0067951
POU3F2,0.080024,0.027,0.38,3344.0,0.92007
CHMP7,0.16591,0.081,0.38,3345.0,0.86301
CALR,0.14702,0.066,0.38,3346.0,0.89133
HMHA1,0.23472,0.149,0.38,3347.0,0.22298
NR2C1,0.2031,0.114,0.381,3348.0,0.68284
CD81,0.080403,0.028,0.381,3349.0,0.91844
BMP2K,0.235,0.15,0.381,3350.0,0.21901
MPP6,0.18127,0.094,0.381,3351.0,0.81619
DDX24,0.20296,0.114,0.381,3352.0,0.68465
FAM171A2,0.12116,0.049,0.381,3353.0,0.90848
BCL9,0.21848,0.131,0.381,3354.0,0.49607
KAZN,0.21123,0.123,0.381,3355.0,0.59671
TMEM204,0.0,0.0,0.381,3356.0,0.91273
PPP2R5A,0.18134,0.094,0.381,3357.0,0.81558
EPAS1,0.21127,0.123,0.381,3358.0,0.5961
UNKL,0.18114,0.094,0.381,3359.0,0.81729
MAST4,0.27777,0.205,0.381,3360.0,0.00011694
NUP210L,0.27462,0.2,0.381,3361.0,0.0003199
CAPRIN2,0.24357,0.16,0.381,3362.0,0.10241
TSPAN5,0.12092,0.048,0.381,3363.0,0.90951
SREBF2,0.23586,0.15,0.382,3364.0,0.20734
ADARB2,0.16698,0.081,0.382,3365.0,0.85603
LGR4,0.219,0.131,0.382,3366.0,0.48705
LOXL1,0.14791,0.066,0.382,3367.0,0.88677
ELAVL4,0.12126,0.049,0.382,3368.0,0.90806
PTPN1,0.18165,0.094,0.382,3369.0,0.81293
NUDC,0.1479,0.066,0.382,3370.0,0.88682
IRF4,0.16687,0.081,0.382,3371.0,0.85677
GRK5,0.20362,0.115,0.382,3372.0,0.67567
XKR7,0.1212,0.049,0.382,3373.0,0.90831
NRCAM,0.25797,0.177,0.383,3374.0,0.015254
PPAP2B,0.080732,0.028,0.383,3375.0,0.917
TGFBR1,0.16732,0.081,0.383,3376.0,0.85379
PKM,0.16715,0.081,0.383,3377.0,0.8549
SS18,0.19428,0.105,0.383,3378.0,0.74566
LTBP2,0.2724,0.196,0.383,3379.0,0.00074122
CSNK2B,0.080668,0.028,0.383,3380.0,0.91728
BCAR3,0.21213,0.124,0.383,3381.0,0.58213
STIL,0.23634,0.15,0.383,3382.0,0.20105
DCAF6,0.24571,0.161,0.384,3383.0,0.086476
APBA2,0.19454,0.106,0.384,3384.0,0.74272
GDI2,0.16798,0.082,0.384,3385.0,0.84933
PHRF1,0.24932,0.166,0.384,3386.0,0.056521
PLXNA3,0.24966,0.166,0.384,3387.0,0.054893
ZHX1,0.18264,0.094,0.384,3388.0,0.80424
CLEC16A,0.2317,0.145,0.384,3389.0,0.27595
IDH2,0.14869,0.067,0.384,3390.0,0.88271
ABHD16A,0.21978,0.131,0.384,3391.0,0.47336
BTG3,0.081001,0.028,0.384,3392.0,0.91582
CD79B,0.080893,0.028,0.384,3393.0,0.9163
GORASP2,0.14847,0.067,0.384,3394.0,0.88389
CCSER2,0.20424,0.115,0.384,3395.0,0.66698
MARCH7,0.20462,0.115,0.384,3396.0,0.66162
MED26,0.14875,0.067,0.384,3397.0,0.88242
MEOX2,0.081198,0.028,0.385,3398.0,0.91495
CLDN11,0.0,0.0,0.385,3399.0,0.91076
IARS2,0.24648,0.162,0.385,3400.0,0.081336
IGFBP3,0.0,0.0,0.385,3401.0,0.91029
GABRB2,0.16807,0.082,0.385,3402.0,0.84876
GABRG3,0.16835,0.082,0.385,3403.0,0.84683
PLXNB1,0.27549,0.2,0.385,3404.0,0.00038291
RPL27A,0.0,0.0,0.385,3405.0,0.91072
WIPF1,0.12244,0.049,0.385,3406.0,0.90296
SYP,0.081077,0.028,0.385,3407.0,0.91549
KCNAB2,0.18315,0.095,0.385,3408.0,0.79978
NGEF,0.20471,0.115,0.385,3409.0,0.66039
PMP22,0.0,0.0,0.386,3410.0,0.90958
TMCC1,0.16858,0.082,0.386,3411.0,0.84526
NEK7,0.14917,0.067,0.386,3412.0,0.88018
GRIN3A,0.22095,0.132,0.386,3413.0,0.45327
LRFN1,0.12249,0.049,0.386,3414.0,0.90275
SCRT2,0.0,0.0,0.386,3415.0,0.91009
ALCAM,0.19542,0.106,0.386,3416.0,0.73267
PCBP3,0.16887,0.082,0.386,3417.0,0.84326
DCTN4,0.19546,0.106,0.386,3418.0,0.73221
NDUFS7,0.081367,0.028,0.386,3419.0,0.9142
EIF1AX,0.0,0.0,0.386,3420.0,0.91015
PSMB2,0.081419,0.028,0.386,3421.0,0.91397
VCAM1,0.18336,0.095,0.386,3422.0,0.79791
LRFN4,0.081648,0.028,0.387,3423.0,0.91295
GRASP,0.12283,0.049,0.387,3424.0,0.90123
PCBP1,0.0,0.0,0.387,3425.0,0.90945
TMEM132C,0.20624,0.116,0.387,3426.0,0.63879
ABCC5,0.26636,0.186,0.387,3427.0,0.0041518
DOCK10,0.29051,0.22,0.387,3428.0,2.5524e-06
ALB,0.20593,0.116,0.387,3429.0,0.64329
MYOCD,0.22834,0.14,0.387,3430.0,0.33364
KCNH1,0.21435,0.125,0.387,3431.0,0.54625
MAGI3,0.25484,0.172,0.387,3432.0,0.02978
VANGL2,0.16893,0.082,0.387,3433.0,0.84283
POMP,0.0,0.0,0.387,3434.0,0.90942
PHC2,0.21434,0.125,0.387,3435.0,0.54641
RPL10,0.0,0.0,0.387,3436.0,0.90915
GATA3,0.12337,0.049,0.388,3437.0,0.89887
APBA1,0.21493,0.125,0.388,3438.0,0.53701
SPIB,0.081791,0.028,0.388,3439.0,0.91231
ACER3,0.1502,0.067,0.388,3440.0,0.87464
ZBTB33,0.081705,0.028,0.388,3441.0,0.9127
FLCN,0.18435,0.095,0.388,3442.0,0.78892
WNT9A,0.081804,0.028,0.388,3443.0,0.91225
UBE4A,0.24411,0.158,0.388,3444.0,0.10902
MYEF2,0.20654,0.116,0.388,3445.0,0.63452
BTBD2,0.15007,0.067,0.388,3446.0,0.87534
HERC3,0.24835,0.163,0.388,3447.0,0.070143
PRKCH,0.2224,0.133,0.388,3448.0,0.42878
EPN1,0.18469,0.096,0.388,3449.0,0.78579
PLEKHA2,0.16961,0.083,0.388,3450.0,0.83804
PNRC1,0.0,0.0,0.389,3451.0,0.90825
WSCD2,0.18503,0.096,0.389,3452.0,0.78262
PVRL4,0.17,0.083,0.389,3453.0,0.8353
PIKFYVE,0.2936,0.223,0.389,3454.0,1.1074e-06
ETS1,0.18514,0.096,0.389,3455.0,0.7816
HAT1,0.17003,0.083,0.389,3456.0,0.83507
PROSER1,0.19724,0.107,0.389,3457.0,0.71143
ARX,0.0,0.0,0.389,3458.0,0.90814
RWDD1,0.082234,0.028,0.39,3459.0,0.91032
ZC4H2,0.0,0.0,0.39,3460.0,0.90752
SPTLC2,0.18527,0.096,0.39,3461.0,0.78035
C1R,0.18543,0.096,0.39,3462.0,0.77888
TMEM135,0.18546,0.096,0.39,3463.0,0.7786
SRPR,0.18549,0.096,0.39,3464.0,0.77836
RAP1B,0.082315,0.028,0.39,3465.0,0.90995
ADAMTS9,0.29427,0.224,0.39,3466.0,1.0004e-06
RAB18,0.08229,0.028,0.39,3467.0,0.91006
B3GALT2,0.1239,0.05,0.39,3468.0,0.89645
PIK3R4,0.25701,0.173,0.39,3469.0,0.024537
UBE2J2,0.082362,0.028,0.391,3470.0,0.90974
LONRF1,0.20815,0.117,0.391,3471.0,0.61157
AURKA,0.15147,0.068,0.391,3472.0,0.8676
TCEA1,0.12413,0.05,0.391,3473.0,0.89541
PARP8,0.25042,0.164,0.391,3474.0,0.059603
PRKCQ,0.23072,0.141,0.391,3475.0,0.2972
BLNK,0.2082,0.117,0.391,3476.0,0.61083
PIK3R5,0.23052,0.141,0.391,3477.0,0.30013
FGF14,0.082552,0.028,0.392,3478.0,0.90887
NAP1L4,0.18622,0.096,0.392,3479.0,0.77147
WDR47,0.23107,0.142,0.392,3480.0,0.29213
RP11-603J24.9,0.0,0.0,0.392,3481.0,0.90632
ZNRF1,0.0,0.0,0.392,3482.0,0.90588
ADNP2,0.19856,0.108,0.392,3483.0,0.69573
SPOCK1,0.1713,0.083,0.392,3484.0,0.82592
BMP10,0.082659,0.028,0.392,3485.0,0.90838
PKN1,0.23697,0.148,0.392,3486.0,0.20442
KCNA3,0.12446,0.05,0.392,3487.0,0.89392
FOXB1,0.0,0.0,0.392,3488.0,0.90634
PLEC,0.31275,0.251,0.392,3489.0,8.3469e-12
CELF3,0.18662,0.097,0.392,3490.0,0.76757
SNRPE,0.0,0.0,0.392,3491.0,0.90614
MARCH5,0.12458,0.05,0.392,3492.0,0.89339
RPL23A,0.0,0.0,0.393,3493.0,0.90573
PTAR1,0.15203,0.068,0.393,3494.0,0.86445
MGAT4B,0.19891,0.108,0.393,3495.0,0.69145
SYDE1,0.18677,0.097,0.393,3496.0,0.7662
GTF2E1,0.12478,0.05,0.393,3497.0,0.89247
CDH7,0.20913,0.118,0.393,3498.0,0.5975
GNAI2,0.12489,0.05,0.393,3499.0,0.89194
APLP2,0.22544,0.135,0.393,3500.0,0.37966
SPARC,0.12499,0.05,0.393,3501.0,0.89148
CSF1R,0.24269,0.155,0.393,3502.0,0.13278
ARGLU1,0.15249,0.068,0.394,3503.0,0.86183
CTPS2,0.1722,0.084,0.394,3504.0,0.81923
ONECUT2,0.08296,0.028,0.394,3505.0,0.90701
NR1D1,0.17237,0.084,0.394,3506.0,0.81796
C18orf25,0.12521,0.05,0.394,3507.0,0.89046
CAPN6,0.17223,0.084,0.394,3508.0,0.81903
CLCN7,0.23247,0.142,0.394,3509.0,0.27238
FOXN4,0.15271,0.069,0.395,3510.0,0.86055
NCLN,0.18791,0.097,0.395,3511.0,0.7551
OPN5,0.15277,0.069,0.395,3512.0,0.8602
TNIP1,0.21879,0.127,0.395,3513.0,0.47559
PRKCA,0.22621,0.135,0.395,3514.0,0.3677
TXNL1,0.12551,0.05,0.395,3515.0,0.88904
SLC12A6,0.26327,0.179,0.395,3516.0,0.011377
ZNF287,0.21016,0.119,0.395,3517.0,0.58262
PHF14,0.23299,0.143,0.395,3518.0,0.26533
PARP14,0.26639,0.183,0.395,3519.0,0.0067415
SOGA3,0.19993,0.108,0.395,3520.0,0.67899
PDE4B,0.21886,0.127,0.395,3521.0,0.4746
GNA11,0.12543,0.05,0.395,3522.0,0.88941
VPS18,0.21876,0.127,0.395,3523.0,0.4761
ZNF367,0.083249,0.029,0.395,3524.0,0.90568
URGCP,0.21048,0.119,0.395,3525.0,0.57799
HSPA14,0.20037,0.109,0.395,3526.0,0.67359
FAM58A,0.0,0.0,0.396,3527.0,0.90384
WDR82,0.12595,0.05,0.396,3528.0,0.88696
CABP1,0.12576,0.05,0.396,3529.0,0.88789
PLAA,0.21923,0.128,0.396,3530.0,0.46873
RPS14,0.0,0.0,0.396,3531.0,0.90388
AXIN2,0.21102,0.119,0.396,3532.0,0.57015
VCL,0.25352,0.166,0.396,3533.0,0.046788
EXOC6B,0.24462,0.156,0.396,3534.0,0.11692
ERBB2,0.26765,0.184,0.397,3535.0,0.0059892
AKAP8,0.20113,0.109,0.397,3536.0,0.66425
PPP6C,0.1536,0.069,0.397,3537.0,0.85535
ABCC1,0.27593,0.195,0.397,3538.0,0.0011727
TRIM39-RPP21,0.18901,0.098,0.397,3539.0,0.74425
MAFB,0.0,0.0,0.397,3540.0,0.90304
RTN4,0.22024,0.128,0.397,3541.0,0.45318
ZBTB46,0.17361,0.085,0.397,3542.0,0.80852
COPG1,0.23964,0.15,0.397,3543.0,0.17472
DNAJB6,0.15377,0.069,0.397,3544.0,0.85436
EPN2,0.18868,0.098,0.397,3545.0,0.74755
FOXK1,0.17404,0.085,0.398,3546.0,0.80522
GCH1,0.083843,0.029,0.398,3547.0,0.90292
KIAA1432,0.27608,0.195,0.398,3548.0,0.0011554
SHISA6,0.15397,0.069,0.398,3549.0,0.85318
KCNN1,0.15381,0.069,0.398,3550.0,0.85412
SDK1,0.29493,0.221,0.398,3551.0,4.1564e-06
KNDC1,0.27357,0.191,0.398,3552.0,0.0019859
TMEM63C,0.23467,0.144,0.398,3553.0,0.24344
USP43,0.24075,0.151,0.398,3554.0,0.16359
SYT3,0.17372,0.085,0.398,3555.0,0.80772
NCAN,0.25061,0.162,0.398,3556.0,0.068
PPIL3,0.0,0.0,0.398,3557.0,0.90243
MKX,0.12652,0.051,0.398,3558.0,0.88427
MXRA5,0.25461,0.167,0.398,3559.0,0.043013
TAF15,0.24059,0.15,0.398,3560.0,0.16517
KIAA1107,0.24055,0.15,0.398,3561.0,0.16557
SNRNP40,0.15406,0.069,0.398,3562.0,0.85265
KLHL36,0.17382,0.085,0.398,3563.0,0.80696
LRRC4B,0.12653,0.051,0.398,3564.0,0.88422
HLX,0.12675,0.051,0.399,3565.0,0.88317
RGS6,0.22099,0.129,0.399,3566.0,0.44191
PI4K2A,0.17418,0.085,0.399,3567.0,0.80413
SF3A2,0.12675,0.051,0.399,3568.0,0.88315
LCP1,0.21224,0.12,0.399,3569.0,0.55261
ZNF598,0.21255,0.12,0.399,3570.0,0.54824
GABRG2,0.18958,0.098,0.399,3571.0,0.73852
JAKMIP3,0.25082,0.162,0.399,3572.0,0.067007
ADARB1,0.17427,0.085,0.399,3573.0,0.80347
KRT1,0.1898,0.098,0.399,3574.0,0.73629
DCAF10,0.17423,0.085,0.399,3575.0,0.80377
ATR,0.30912,0.241,0.399,3576.0,3.5177e-09
XPNPEP1,0.22856,0.137,0.399,3577.0,0.33296
PDZD4,0.15475,0.069,0.4,3578.0,0.84853
ZSWIM5,0.25563,0.168,0.4,3579.0,0.03976
USP31,0.25186,0.163,0.4,3580.0,0.062141
ZNF106,0.28638,0.208,0.4,3581.0,0.00010529
GPR116,0.2596,0.173,0.4,3582.0,0.023976
LAPTM5,0.08437,0.029,0.4,3583.0,0.90044
NCAM2,0.23572,0.144,0.4,3584.0,0.2306
PRKCZ,0.21305,0.12,0.4,3585.0,0.541
PRPF40A,0.25584,0.168,0.4,3586.0,0.0391
CIZ1,0.25164,0.163,0.4,3587.0,0.063172
SMAD3,0.17497,0.085,0.4,3588.0,0.79796
CLINT1,0.21345,0.12,0.401,3589.0,0.53538
KCNK3,0.084425,0.029,0.401,3590.0,0.90018
PCDH17,0.20303,0.11,0.401,3591.0,0.64056
GCLC,0.22197,0.129,0.401,3592.0,0.42718
AJUBA,0.17507,0.085,0.401,3593.0,0.79717
STX5,0.15566,0.07,0.402,3594.0,0.84297
SLAIN2,0.17558,0.085,0.402,3595.0,0.79312
EDRF1,0.27107,0.186,0.402,3596.0,0.0043677
GARS,0.23046,0.138,0.402,3597.0,0.3065
PPM1H,0.1757,0.086,0.402,3598.0,0.79216
LUZP1,0.21385,0.121,0.402,3599.0,0.52955
ARF1,0.0,0.0,0.402,3600.0,0.89967
SORBS2,0.25695,0.169,0.402,3601.0,0.035916
TCF25,0.22275,0.13,0.402,3602.0,0.41572
CLSPN,0.27375,0.19,0.402,3603.0,0.0025864
AATK,0.23786,0.146,0.403,3604.0,0.20634
PCYT1B,0.085046,0.029,0.403,3605.0,0.89723
HECTD3,0.24877,0.158,0.403,3606.0,0.088789
AXIN1,0.2233,0.13,0.403,3607.0,0.40765
N4BP1,0.20462,0.111,0.404,3608.0,0.62056
TANK,0.15642,0.07,0.404,3609.0,0.83828
RORA,0.22376,0.13,0.404,3610.0,0.40096
TNKS,0.26592,0.179,0.404,3611.0,0.011406
AP1M1,0.19213,0.099,0.404,3612.0,0.71251
CDH5,0.21501,0.121,0.404,3613.0,0.51314
NOP56,0.20459,0.111,0.404,3614.0,0.62098
TMEM55B,0.12846,0.052,0.404,3615.0,0.87479
LAMP1,0.12848,0.052,0.404,3616.0,0.8747
WNT3,0.12839,0.051,0.404,3617.0,0.87515
AKAP9,0.3318,0.273,0.404,3618.0,4.5249e-17
CHSY1,0.19258,0.1,0.405,3619.0,0.70781
JAZF1,0.085341,0.029,0.405,3620.0,0.89582
IRF2BPL,0.15675,0.07,0.405,3621.0,0.83623
METTL16,0.20532,0.111,0.405,3622.0,0.61175
UBA3,0.21565,0.122,0.405,3623.0,0.50413
SHISA9,0.12881,0.052,0.405,3624.0,0.87306
SZT2,0.32693,0.265,0.405,3625.0,2.3263e-14
TSPYL2,0.12864,0.052,0.405,3626.0,0.87393
ZBED4,0.21545,0.122,0.405,3627.0,0.50688
DISP2,0.23855,0.146,0.405,3628.0,0.19897
HDAC1,0.20512,0.111,0.405,3629.0,0.61427
ARHGAP36,0.12878,0.052,0.405,3630.0,0.87324
ARHGAP33,0.25997,0.171,0.406,3631.0,0.028562
PSMB7,0.085679,0.029,0.406,3632.0,0.89419
FGF13,0.085534,0.029,0.406,3633.0,0.89489
ZC3H6,0.23923,0.147,0.406,3634.0,0.19197
ABHD13,0.085594,0.029,0.406,3635.0,0.8946
RPL14,0.085493,0.029,0.406,3636.0,0.89508
GABRA4,0.17738,0.086,0.406,3637.0,0.7786
MAPKBP1,0.28634,0.205,0.406,3638.0,0.00021011
MAPRE2,0.15709,0.071,0.406,3639.0,0.8341
YIPF6,0.0,0.0,0.406,3640.0,0.89735
UHMK1,0.1571,0.071,0.406,3641.0,0.83404
C4B,0.157,0.071,0.406,3642.0,0.83464
OTC,0.12883,0.052,0.406,3643.0,0.87295
SERINC3,0.17735,0.086,0.406,3644.0,0.7788
ATP11B,0.27645,0.192,0.406,3645.0,0.0020092
MECP2,0.085755,0.029,0.407,3646.0,0.89382
MCU,0.15733,0.071,0.407,3647.0,0.83258
LMOD1,0.12931,0.052,0.407,3648.0,0.87057
ATP8B2,0.27124,0.185,0.407,3649.0,0.0056318
HSPA5,0.17801,0.087,0.407,3650.0,0.77341
CAP2,0.19342,0.1,0.407,3651.0,0.69899
ELOVL4,0.15738,0.071,0.407,3652.0,0.83227
LRRC47,0.12931,0.052,0.407,3653.0,0.87056
TAF7,0.085777,0.029,0.407,3654.0,0.89371
HEY2,0.085836,0.03,0.407,3655.0,0.89343
RNGTT,0.22569,0.131,0.407,3656.0,0.37382
MAPK6,0.19366,0.1,0.407,3657.0,0.69646
KLC1,0.2259,0.132,0.408,3658.0,0.37095
MYOG,0.0,0.0,0.408,3659.0,0.89602
MYSM1,0.25692,0.166,0.408,3660.0,0.043365
PELI2,0.15781,0.071,0.408,3661.0,0.82955
MAP3K9,0.24627,0.154,0.408,3662.0,0.11764
FSCN1,0.12971,0.052,0.408,3663.0,0.86852
FAM171B,0.21699,0.122,0.408,3664.0,0.48535
GAK,0.27221,0.185,0.408,3665.0,0.0051818
KIAA1551,0.26838,0.181,0.408,3666.0,0.009294
PRPF38A,0.17815,0.087,0.408,3667.0,0.77227
LPCAT4,0.21723,0.123,0.408,3668.0,0.48207
SCNN1G,0.21723,0.123,0.408,3669.0,0.48199
ISL1,0.1297,0.052,0.408,3670.0,0.86857
RALGPS2,0.23395,0.14,0.408,3671.0,0.26225
TNFSF12,0.17842,0.087,0.408,3672.0,0.76997
TNFSF12-TNFSF13,0.17842,0.087,0.408,3673.0,0.76997
GRIK4,0.24721,0.155,0.409,3674.0,0.11126
CLDN5,0.0,0.0,0.409,3675.0,0.89512
HOXB3,0.086192,0.03,0.409,3676.0,0.8917
ARHGAP1,0.17869,0.087,0.409,3677.0,0.76774
TSGA10,0.2474,0.155,0.409,3678.0,0.10999
RPL35A,0.0,0.0,0.409,3679.0,0.89535
GNA13,0.12994,0.052,0.409,3680.0,0.86735
IRX3,0.086201,0.03,0.409,3681.0,0.89165
SESN3,0.19475,0.101,0.409,3682.0,0.68496
JPH1,0.17874,0.087,0.409,3683.0,0.76731
DCP1A,0.19428,0.101,0.409,3684.0,0.68989
MAP3K10,0.20723,0.112,0.409,3685.0,0.58758
HEPACAM,0.12983,0.052,0.409,3686.0,0.86791
EMX1,0.0,0.0,0.409,3687.0,0.89532
DENND2A,0.253,0.161,0.41,3688.0,0.067255
KCNQ4,0.21825,0.123,0.41,3689.0,0.46799
SRRM4,0.2185,0.123,0.41,3690.0,0.46456
ZC3H3,0.2181,0.123,0.41,3691.0,0.46998
CCND1,0.086423,0.03,0.41,3692.0,0.89057
ZNF750,0.13017,0.052,0.41,3693.0,0.86616
KIAA1109,0.34174,0.286,0.41,3694.0,3.2558999999999996e-21
CDH20,0.21893,0.124,0.411,3695.0,0.45869
AAMP,0.17941,0.087,0.411,3696.0,0.76172
BMP6,0.17967,0.087,0.411,3697.0,0.75947
MMP24,0.19545,0.101,0.411,3698.0,0.67752
PCGF2,0.1306,0.052,0.411,3699.0,0.86397
NACAD,0.24225,0.148,0.411,3700.0,0.16352
RNF10,0.24219,0.148,0.411,3701.0,0.16406
LMO7,0.28817,0.205,0.411,3702.0,0.00024661
PLCG1,0.29223,0.211,0.411,3703.0,7.9288e-05
ZNF652,0.15883,0.071,0.411,3704.0,0.82299
CLIP3,0.19526,0.101,0.411,3705.0,0.67948
PPP6R2,0.24219,0.148,0.411,3706.0,0.16399
PTH1R,0.20842,0.113,0.411,3707.0,0.57253
HSPG2,0.34121,0.283,0.412,3708.0,1.0376000000000001e-19
FTSJ3,0.2591,0.168,0.412,3709.0,0.037201
KCTD10,0.13088,0.053,0.412,3710.0,0.86253
HDAC3,0.20883,0.113,0.412,3711.0,0.56737
KLHL9,0.15926,0.072,0.412,3712.0,0.82017
PTOV1,0.17992,0.088,0.412,3713.0,0.75737
EML5,0.30707,0.231,0.412,3714.0,5.7122e-07
ITGAL,0.27435,0.187,0.412,3715.0,0.0043213
WDR37,0.2089,0.113,0.412,3716.0,0.56642
MEX3C,0.131,0.053,0.412,3717.0,0.86192
KCTD3,0.24877,0.156,0.412,3718.0,0.1013
MYCN,0.086748,0.03,0.412,3719.0,0.88897
PLEKHG1,0.26759,0.178,0.412,3720.0,0.012728
SMG5,0.26755,0.178,0.412,3721.0,0.012768
UHRF1BP1L,0.27455,0.187,0.412,3722.0,0.0042502
FYB,0.23607,0.141,0.412,3723.0,0.23803
NCALD,0.0,0.0,0.413,3724.0,0.8931
PABPC5,0.0,0.0,0.413,3725.0,0.89297
IBTK,0.27872,0.192,0.413,3726.0,0.0022144
LEMD2,0.18044,0.088,0.413,3727.0,0.75293
ZNF513,0.15985,0.072,0.413,3728.0,0.81634
FLRT2,0.15972,0.072,0.413,3729.0,0.81715
SBNO2,0.27175,0.183,0.413,3730.0,0.0070655
CACNG7,0.08712,0.03,0.413,3731.0,0.88714
SLC38A4,0.20939,0.114,0.413,3732.0,0.56028
MLF2,0.13128,0.053,0.413,3733.0,0.86042
B3GNT2,0.087102,0.03,0.413,3734.0,0.88722
TAF4B,0.2364,0.142,0.413,3735.0,0.23446
DTX3,0.087037,0.03,0.413,3736.0,0.88755
CD2AP,0.23683,0.142,0.413,3737.0,0.22989
GCC2,0.29801,0.217,0.414,3738.0,1.9864e-05
SV2A,0.23702,0.142,0.414,3739.0,0.22782
LMNB1,0.20982,0.114,0.414,3740.0,0.55481
C1orf21,0.0,0.0,0.414,3741.0,0.89204
SUB1,0.0,0.0,0.414,3742.0,0.89245
DCP2,0.1967,0.102,0.414,3743.0,0.66403
ST13,0.19701,0.102,0.414,3744.0,0.66074
HCCS,0.087302,0.03,0.414,3745.0,0.88624
IDE,0.27254,0.184,0.414,3746.0,0.0066309
TMED2,0.0,0.0,0.414,3747.0,0.89231
FAM205A,0.22972,0.134,0.414,3748.0,0.32121
ST8SIA3,0.13153,0.053,0.414,3749.0,0.85912
HSF1,0.18106,0.088,0.414,3750.0,0.74762
FEZ1,0.18078,0.088,0.414,3751.0,0.75002
ZBTB41,0.23739,0.142,0.414,3752.0,0.22393
RRM2,0.18135,0.088,0.415,3753.0,0.74515
NEMF,0.28795,0.203,0.415,3754.0,0.00035788
GRM1,0.24479,0.15,0.415,3755.0,0.14279
SEL1L3,0.2766,0.188,0.415,3756.0,0.0035827
GLIS2,0.13168,0.053,0.415,3757.0,0.85834
LMX1B,0.18121,0.088,0.415,3758.0,0.74637
SOX17,0.087561,0.03,0.415,3759.0,0.88495
FAM98A,0.21042,0.114,0.415,3760.0,0.54728
USP22,0.21004,0.114,0.415,3761.0,0.55212
BUB3,0.16091,0.072,0.416,3762.0,0.80927
EIF3J,0.13202,0.053,0.416,3763.0,0.85657
RAB1B,0.087675,0.03,0.416,3764.0,0.88438
OSBPL8,0.27007,0.18,0.416,3765.0,0.010518
NEUROD6,0.087643,0.03,0.416,3766.0,0.88454
HOXA10,0.087645,0.03,0.416,3767.0,0.88453
ZNF787,0.0,0.0,0.416,3768.0,0.8911
GPRASP1,0.23056,0.134,0.416,3769.0,0.31099
ARPC1A,0.18194,0.089,0.416,3770.0,0.73997
LRP4,0.30655,0.228,0.416,3771.0,1.4386e-06
PDE7B,0.21054,0.114,0.416,3772.0,0.54578
LRRTM2,0.16095,0.072,0.416,3773.0,0.80903
LINGO2,0.132,0.053,0.416,3774.0,0.85665
FAM53B,0.13227,0.053,0.416,3775.0,0.85523
SLC25A12,0.23817,0.143,0.416,3776.0,0.21604
ZNF746,0.19781,0.102,0.416,3777.0,0.65205
NEDD1,0.22173,0.125,0.416,3778.0,0.42159
HPCAL1,0.0,0.0,0.416,3779.0,0.89103
ADAM9,0.26249,0.17,0.417,3780.0,0.029431
CLVS1,0.13251,0.053,0.417,3781.0,0.85398
ZNF606,0.22203,0.125,0.417,3782.0,0.41765
ACO2,0.23899,0.143,0.417,3783.0,0.20791
NOG,0.0,0.0,0.417,3784.0,0.89026
CCNY,0.16129,0.072,0.417,3785.0,0.80672
FMR1,0.19826,0.103,0.417,3786.0,0.64718
RTN2,0.22212,0.125,0.417,3787.0,0.41643
CRAMP1L,0.25749,0.164,0.417,3788.0,0.050239
AKT2,0.19852,0.103,0.417,3789.0,0.64432
GNPAT,0.23114,0.135,0.417,3790.0,0.30403
LRBA,0.32889,0.261,0.417,3791.0,7.1503e-12
CRTC1,0.21172,0.115,0.418,3792.0,0.531
FKBP5,0.18264,0.089,0.418,3793.0,0.73393
INSM2,0.088195,0.03,0.418,3794.0,0.88177
CDK8,0.22265,0.126,0.418,3795.0,0.40964
PITX1,0.088062,0.03,0.418,3796.0,0.88244
EI24,0.18269,0.089,0.418,3797.0,0.73348
GPCPD1,0.23963,0.143,0.418,3798.0,0.2018
IPO11,0.28208,0.194,0.418,3799.0,0.0016626
ANKRD62,0.2314,0.135,0.418,3800.0,0.301
ABI1,0.199,0.103,0.418,3801.0,0.63911
CCNF,0.24701,0.151,0.419,3802.0,0.12679
DAB2,0.22286,0.126,0.419,3803.0,0.40701
FNDC4,0.088342,0.03,0.419,3804.0,0.88104
KITLG,0.13321,0.053,0.419,3805.0,0.85024
CDH10,0.23202,0.135,0.419,3806.0,0.29379
FAM214B,0.16193,0.073,0.419,3807.0,0.80243
MYO6,0.29985,0.218,0.419,3808.0,2.4287e-05
FRMD7,0.1831,0.089,0.419,3809.0,0.72983
APP,0.25868,0.165,0.419,3810.0,0.046544
SCYL2,0.25336,0.158,0.419,3811.0,0.077114
GPR107,0.23247,0.135,0.419,3812.0,0.28858
ELAC1,0.088313,0.03,0.419,3813.0,0.88118
ZNF280D,0.25858,0.165,0.419,3814.0,0.046841
NUP160,0.30413,0.223,0.419,3815.0,6.7751e-06
ZNF202,0.2121,0.115,0.419,3816.0,0.5263
DUSP4,0.088245,0.03,0.419,3817.0,0.88152
KDELR1,0.08833,0.03,0.419,3818.0,0.88109
C6orf106,0.13302,0.053,0.419,3819.0,0.85127
MIER1,0.23245,0.135,0.419,3820.0,0.28881
NDST2,0.24682,0.151,0.419,3821.0,0.12803
BCL2L11,0.0,0.0,0.42,3822.0,0.88857
USP6NL,0.24788,0.152,0.42,3823.0,0.12097
ADAR,0.26415,0.171,0.42,3824.0,0.026282
DNTTIP1,0.1834,0.089,0.42,3825.0,0.7272
MBOAT2,0.21291,0.116,0.42,3826.0,0.51629
RNF113A,0.0,0.0,0.42,3827.0,0.88873
CXXC4,0.0,0.0,0.42,3828.0,0.88863
CXXC5,0.0,0.0,0.42,3829.0,0.88856
GOLGB1,0.33039,0.261,0.42,3830.0,9.2969e-12
IRF2,0.16259,0.073,0.42,3831.0,0.79793
PCDH7,0.22381,0.126,0.42,3832.0,0.39505
TBK1,0.25379,0.159,0.42,3833.0,0.075174
CC2D1A,0.27296,0.182,0.42,3834.0,0.0084599
POU6F1,0.088493,0.03,0.42,3835.0,0.88028
GRID2IP,0.24735,0.152,0.42,3836.0,0.1245
MFAP3L,0.088489,0.03,0.42,3837.0,0.8803
FAM84A,0.0,0.0,0.42,3838.0,0.88828
IFFO2,0.18352,0.089,0.42,3839.0,0.72617
PIM1,0.13354,0.054,0.42,3840.0,0.84846
CXorf23,0.20026,0.104,0.421,3841.0,0.62532
INTS5,0.21313,0.116,0.421,3842.0,0.5135
ERH,0.0,0.0,0.421,3843.0,0.88774
CYTH3,0.18393,0.09,0.421,3844.0,0.72252
VAC14,0.24142,0.145,0.421,3845.0,0.18554
MMS19,0.27323,0.182,0.421,3846.0,0.0082883
TAF2,0.28054,0.191,0.421,3847.0,0.0025958
KIAA1217,0.2926,0.207,0.421,3848.0,0.00023185
ITGA9,0.27345,0.182,0.421,3849.0,0.0081584
KLF9,0.0,0.0,0.421,3850.0,0.88783
KIAA0100,0.32142,0.247,0.421,3851.0,5.4421e-09
SHPRH,0.30883,0.229,0.421,3852.0,1.7017e-06
SEZ6L2,0.24844,0.152,0.421,3853.0,0.11743
PARG,0.22405,0.126,0.421,3854.0,0.39209
POU4F1,0.0,0.0,0.421,3855.0,0.88762
EZH1,0.26011,0.166,0.421,3856.0,0.042501
SCYL3,0.2331,0.136,0.421,3857.0,0.28151
ELMOD1,0.16337,0.073,0.422,3858.0,0.79258
CNTNAP1,0.30038,0.217,0.422,3859.0,3.445e-05
RP11-598P20.5,0.13399,0.054,0.422,3860.0,0.84599
SLC6A17,0.21395,0.116,0.422,3861.0,0.50353
EPHB4,0.27024,0.177,0.422,3862.0,0.013497
PLEKHA6,0.26998,0.177,0.422,3863.0,0.013746
DVL3,0.22458,0.127,0.422,3864.0,0.38544
CD40,0.13399,0.054,0.422,3865.0,0.84603
TAGAP,0.13395,0.054,0.422,3866.0,0.84621
SLITRK4,0.16309,0.073,0.422,3867.0,0.79447
OVOL1,0.088926,0.031,0.422,3868.0,0.87808
LBR,0.24189,0.145,0.422,3869.0,0.18143
RSL24D1,0.088867,0.031,0.422,3870.0,0.87838
VAMP2,0.0,0.0,0.422,3871.0,0.88736
USP46,0.16354,0.073,0.423,3872.0,0.79135
ACAP1,0.25559,0.16,0.423,3873.0,0.067617
INPPL1,0.28188,0.192,0.423,3874.0,0.0023313
RPS13,0.089245,0.031,0.423,3875.0,0.87646
RTN4RL2,0.089151,0.031,0.423,3876.0,0.87694
ZBED5,0.18505,0.09,0.423,3877.0,0.71253
SYNE1,0.37371,0.33,0.423,3878.0,3.1898999999999998e-52
TAB3,0.20101,0.104,0.423,3879.0,0.61714
ZDHHC14,0.18477,0.09,0.423,3880.0,0.7151
TOB2,0.0,0.0,0.423,3881.0,0.88658
SNX6,0.21432,0.116,0.423,3882.0,0.49898
FZD8,0.16376,0.074,0.423,3883.0,0.78983
ANP32E,0.1344,0.054,0.423,3884.0,0.84376
CDH22,0.21424,0.116,0.423,3885.0,0.4999
NOS1AP,0.20128,0.104,0.423,3886.0,0.61424
VIM,0.18505,0.09,0.423,3887.0,0.71255
RBPMS2,0.089171,0.031,0.423,3888.0,0.87683
PRDM6,0.20182,0.104,0.424,3889.0,0.60835
MAG,0.21487,0.117,0.424,3890.0,0.49228
TRABD2B,0.13459,0.054,0.424,3891.0,0.84273
SLC1A2,0.1853,0.09,0.424,3892.0,0.71036
FBXO15,0.18525,0.09,0.424,3893.0,0.71072
RUNX3,0.13455,0.054,0.424,3894.0,0.84295
NEB,0.36939,0.322,0.424,3895.0,4.5589000000000006e-41
TASP1,0.20187,0.104,0.424,3896.0,0.60781
HMGXB4,0.2147,0.117,0.424,3897.0,0.49435
RPS12,0.0,0.0,0.425,3898.0,0.88531
EHF,0.18584,0.091,0.425,3899.0,0.70543
KLB,0.26255,0.167,0.425,3900.0,0.036433
MBNL1,0.1858,0.091,0.425,3901.0,0.70579
CDC25B,0.22634,0.128,0.425,3902.0,0.3643
STK31,0.27629,0.184,0.425,3903.0,0.006616
STOX2,0.21554,0.117,0.425,3904.0,0.48409
ZDHHC15,0.13515,0.054,0.425,3905.0,0.83968
PDLIM7,0.18552,0.09,0.425,3906.0,0.70838
FGR,0.21554,0.117,0.425,3907.0,0.48408
ANKRD13B,0.22652,0.128,0.425,3908.0,0.36217
DENR,0.089502,0.031,0.425,3909.0,0.87514
TTLL7,0.28047,0.189,0.426,3910.0,0.0035761
VBP1,0.0,0.0,0.426,3911.0,0.88445
CERS2,0.2159,0.117,0.426,3912.0,0.47978
MUC2,0.32691,0.253,0.426,3913.0,9.433e-10
LRIG1,0.26318,0.168,0.426,3914.0,0.035031
EPB41L5,0.26764,0.173,0.426,3915.0,0.020795
TGFBRAP1,0.24389,0.146,0.426,3916.0,0.1651
AKAP12,0.26289,0.167,0.426,3917.0,0.035666
TBC1D15,0.2572,0.161,0.426,3918.0,0.06152
SMPD3,0.2031,0.105,0.427,3919.0,0.59429
RRAGB,0.13576,0.055,0.427,3920.0,0.8363
LRRN2,0.16509,0.074,0.427,3921.0,0.7805
SLC6A4,0.23647,0.138,0.427,3922.0,0.24602
TBX1,0.1357,0.054,0.427,3923.0,0.83661
ATP10A,0.28497,0.194,0.427,3924.0,0.0018269
PEG10,0.089971,0.031,0.427,3925.0,0.87274
OSGIN2,0.20318,0.105,0.427,3926.0,0.59345
RNF123,0.29938,0.213,0.427,3927.0,8.4689e-05
TMEM183A,0.18642,0.091,0.427,3928.0,0.70022
CXorf65,0.0,0.0,0.428,3929.0,0.88329
KIF21B,0.31251,0.231,0.428,3930.0,1.7695e-06
AMOTL2,0.24521,0.147,0.428,3931.0,0.15515
SORCS2,0.28207,0.19,0.428,3932.0,0.0031696
LRTM2,0.090204,0.031,0.428,3933.0,0.87153
ANKRD13D,0.22764,0.128,0.428,3934.0,0.34912
NSG2,0.0,0.0,0.428,3935.0,0.88363
SIX4,0.18704,0.091,0.428,3936.0,0.69464
PRDM8,0.16569,0.074,0.428,3937.0,0.77626
IGF2BP2,0.23723,0.138,0.428,3938.0,0.23861
GRHL1,0.23713,0.138,0.428,3939.0,0.2395
ARFIP2,0.16598,0.075,0.429,3940.0,0.77422
DUSP10,0.13626,0.055,0.429,3941.0,0.8335
GRIA4,0.26957,0.175,0.429,3942.0,0.01831
MPP5,0.23759,0.138,0.429,3943.0,0.2351
NIN,0.32452,0.248,0.429,3944.0,9.6335e-09
POU3F3,0.0,0.0,0.429,3945.0,0.88278
BAIAP2,0.21743,0.118,0.429,3946.0,0.46155
HM13,0.1876,0.091,0.429,3947.0,0.68958
TANC1,0.30513,0.22,0.429,3948.0,2.1625e-05
RPL13A,0.13628,0.055,0.429,3949.0,0.83336
SNCA,0.0,0.0,0.429,3950.0,0.8829
KIF14,0.30277,0.217,0.429,3951.0,4.1141e-05
TROVE2,0.20416,0.106,0.429,3952.0,0.58278
ATP6AP2,0.090328,0.031,0.429,3953.0,0.87089
C4BPA,0.21779,0.118,0.43,3954.0,0.45739
CFP,0.18779,0.091,0.43,3955.0,0.68778
IRS4,0.2046,0.106,0.43,3956.0,0.57796
CCDC6,0.20467,0.106,0.43,3957.0,0.57714
CTTN,0.25361,0.155,0.43,3958.0,0.089176
CLK3,0.23813,0.139,0.43,3959.0,0.23
CDH1,0.24645,0.148,0.43,3960.0,0.14631
ZFP82,0.20451,0.106,0.43,3961.0,0.57889
UTRN,0.35358,0.292,0.43,3962.0,1.0021000000000001e-19
MYO1B,0.3011,0.214,0.43,3963.0,7.2357e-05
PDE1B,0.22876,0.129,0.43,3964.0,0.33646
NFKBIE,0.16643,0.075,0.43,3965.0,0.77098
UBE2N,0.0,0.0,0.431,3966.0,0.88156
MTDH,0.22941,0.129,0.431,3967.0,0.32924
ADAMTS16,0.29365,0.204,0.431,3968.0,0.00044629
KLF3,0.13695,0.055,0.431,3969.0,0.8296
MYNN,0.20521,0.106,0.431,3970.0,0.57129
ABHD2,0.18848,0.092,0.431,3971.0,0.68151
ARHGAP20,0.26612,0.17,0.431,3972.0,0.029187
ZFP62,0.20483,0.106,0.431,3973.0,0.57542
NOL10,0.26055,0.163,0.431,3974.0,0.050667
FAT1,0.33978,0.269,0.431,3975.0,1.1969e-12
PPP1R12C,0.25414,0.156,0.431,3976.0,0.086713
AP4E1,0.28396,0.191,0.431,3977.0,0.0027529
ENPP2,0.28378,0.191,0.431,3978.0,0.0027913
RPA1,0.25391,0.156,0.431,3979.0,0.08777
CCNI,0.13738,0.055,0.432,3980.0,0.82718
RBMX,0.1371,0.055,0.432,3981.0,0.82878
TAF10,0.0,0.0,0.432,3982.0,0.88076
FGB,0.20568,0.106,0.432,3983.0,0.56616
HMG20A,0.1889,0.092,0.432,3984.0,0.67769
HNRNPAB,0.16723,0.075,0.432,3985.0,0.76526
EMC7,0.091145,0.031,0.432,3986.0,0.86665
SERTAD2,0.0,0.0,0.432,3987.0,0.8808
BACH1,0.20526,0.106,0.432,3988.0,0.57072
DCUN1D3,0.091154,0.031,0.432,3989.0,0.8666
DET1,0.18875,0.092,0.432,3990.0,0.67903
EIF2B3,0.20561,0.106,0.432,3991.0,0.56695
TP53BP2,0.28501,0.192,0.433,3992.0,0.0025482
CPD,0.29197,0.201,0.433,3993.0,0.00074113
PITPNM1,0.28857,0.196,0.433,3994.0,0.0013838
CHTOP,0.16741,0.075,0.433,3995.0,0.76399
SLC1A6,0.16763,0.075,0.433,3996.0,0.76237
SLC6A14,0.20586,0.107,0.433,3997.0,0.56419
GTPBP2,0.23057,0.13,0.433,3998.0,0.31663
ARAP3,0.30799,0.222,0.433,3999.0,1.647e-05
TMEM87A,0.25531,0.157,0.433,4000.0,0.081488
TIAM2,0.30533,0.219,0.433,4001.0,3.2439e-05
CMAS,0.20612,0.107,0.433,4002.0,0.56141
WWC1,0.29516,0.205,0.433,4003.0,0.00039438
PML,0.24003,0.14,0.433,4004.0,0.21291
RPS9,0.0,0.0,0.434,4005.0,0.87956
SIRPA,0.18952,0.092,0.434,4006.0,0.67197
TMEM11,0.0,0.0,0.434,4007.0,0.87922
MAN1C1,0.24044,0.14,0.434,4008.0,0.20933
ACOT7,0.16806,0.076,0.434,4009.0,0.75926
EXOC3L2,0.1679,0.075,0.434,4010.0,0.76039
GUCY1A2,0.23081,0.13,0.434,4011.0,0.31409
KIAA1671,0.13797,0.055,0.434,4012.0,0.8238
SPATS2L,0.2064,0.107,0.434,4013.0,0.55833
PAX2,0.18974,0.092,0.434,4014.0,0.66999
COBLL1,0.26199,0.164,0.434,4015.0,0.046671
FAR2,0.20628,0.107,0.434,4016.0,0.55963
MACROD2,0.21974,0.119,0.434,4017.0,0.43472
RP11-343C2.11,0.16791,0.075,0.434,4018.0,0.76034
PREP,0.2556,0.157,0.434,4019.0,0.08025
ATG2B,0.32809,0.25,0.435,4020.0,1.0208e-08
BIRC2,0.22041,0.12,0.435,4021.0,0.42708
AGRN,0.31914,0.237,0.435,4022.0,5.4727e-07
NEDD9,0.24955,0.149,0.435,4023.0,0.12634
THOC5,0.26251,0.164,0.435,4024.0,0.045294
ABCD3,0.27812,0.183,0.435,4025.0,0.0078364
H2AFZ,0.0,0.0,0.435,4026.0,0.87861
CRADD,0.0,0.0,0.435,4027.0,0.87862
PLXNA2,0.31721,0.234,0.435,4028.0,1.0768e-06
CASD1,0.26269,0.164,0.435,4029.0,0.044844
PC,0.27389,0.177,0.435,4030.0,0.013834
CADPS,0.30919,0.223,0.435,4031.0,1.4707e-05
CHAF1B,0.22036,0.12,0.435,4032.0,0.42768
GPR137,0.18996,0.093,0.435,4033.0,0.66798
MAP1S,0.22107,0.12,0.436,4034.0,0.4197
RNF146,0.13865,0.056,0.436,4035.0,0.81992
EFR3B,0.26924,0.172,0.436,4036.0,0.024122
SORL1,0.33745,0.263,0.436,4037.0,7.6609e-11
RRAGD,0.13865,0.056,0.436,4038.0,0.81991
GAREM,0.24169,0.141,0.436,4039.0,0.19888
KLHL22,0.22067,0.12,0.436,4040.0,0.42419
SUV420H2,0.20747,0.107,0.436,4041.0,0.54685
PHYHIPL,0.13847,0.056,0.436,4042.0,0.82096
KLHL4,0.19051,0.093,0.436,4043.0,0.66283
TPCN1,0.28343,0.189,0.436,4044.0,0.003978
CADM1,0.19059,0.093,0.436,4045.0,0.66216
INTS12,0.16882,0.076,0.436,4046.0,0.7537
ZFYVE1,0.24172,0.141,0.436,4047.0,0.19867
TBC1D22A,0.2211,0.12,0.436,4048.0,0.41937
KCNIP4,0.13852,0.056,0.436,4049.0,0.82064
SKOR2,0.16884,0.076,0.436,4050.0,0.75359
TBX15,0.19107,0.093,0.437,4051.0,0.65773
FOXL2,0.0,0.0,0.437,4052.0,0.87762
LIMD1,0.22134,0.12,0.437,4053.0,0.41673
KLF5,0.13897,0.056,0.437,4054.0,0.8181
ANO4,0.29767,0.207,0.437,4055.0,0.00032204
MYBL2,0.25025,0.15,0.437,4056.0,0.12226
KPNA2,0.20798,0.108,0.437,4057.0,0.54133
APLP1,0.25023,0.15,0.437,4058.0,0.12235
QKI,0.16916,0.076,0.437,4059.0,0.75121
AXL,0.27493,0.178,0.437,4060.0,0.012951
CNTN2,0.28761,0.194,0.437,4061.0,0.0021095
GPBP1,0.22136,0.12,0.437,4062.0,0.41644
GLP1R,0.23281,0.131,0.437,4063.0,0.29347
NFIL3,0.13867,0.056,0.437,4064.0,0.81979
MMS22L,0.30425,0.215,0.438,4065.0,8.3003e-05
RBM42,0.16961,0.076,0.438,4066.0,0.74791
RUNX1,0.1915,0.093,0.438,4067.0,0.65377
SLC41A1,0.19137,0.093,0.438,4068.0,0.65493
EMC4,0.092226,0.032,0.438,4069.0,0.86097
RNF139,0.20828,0.108,0.438,4070.0,0.53807
TMED10,0.092388,0.032,0.438,4071.0,0.86011
PDXK,0.16946,0.076,0.438,4072.0,0.74906
TNFSF13,0.13911,0.056,0.438,4073.0,0.81724
CTD-2545M3.6,0.19152,0.093,0.438,4074.0,0.65359
KSR1,0.25827,0.158,0.438,4075.0,0.069796
GLCE,0.19142,0.093,0.438,4076.0,0.65444
DRD2,0.16972,0.076,0.439,4077.0,0.74709
ADAP1,0.20873,0.108,0.439,4078.0,0.5333
ARPP21,0.27611,0.179,0.439,4079.0,0.012016
RRP9,0.23364,0.132,0.439,4080.0,0.28533
SALL3,0.22256,0.121,0.439,4081.0,0.40326
PSENEN,0.0,0.0,0.439,4082.0,0.87614
MTCH1,0.19179,0.093,0.439,4083.0,0.65106
KATNAL1,0.20888,0.108,0.439,4084.0,0.53169
SEC31A,0.30487,0.215,0.439,4085.0,7.8773e-05
PHYHIP,0.092444,0.032,0.439,4086.0,0.85981
DNER,0.24333,0.142,0.439,4087.0,0.1859
GAB1,0.24354,0.142,0.439,4088.0,0.18433
PRKCI,0.25877,0.159,0.439,4089.0,0.067986
SOX11,0.092703,0.032,0.44,4090.0,0.85844
PNN,0.25199,0.151,0.44,4091.0,0.11262
VPS33A,0.24384,0.142,0.44,4092.0,0.18206
SASH1,0.2898,0.195,0.44,4093.0,0.001802
APBB2,0.25958,0.159,0.44,4094.0,0.065197
EZR,0.24413,0.142,0.44,4095.0,0.17989
VEZT,0.25246,0.151,0.441,4096.0,0.11018
CSF2RB,0.2446,0.143,0.441,4097.0,0.17646
RHOQ,0.09297,0.032,0.441,4098.0,0.85702
SRP14,0.0,0.0,0.441,4099.0,0.87497
RIPK2,0.22353,0.121,0.441,4100.0,0.39282
SEMA7A,0.24415,0.142,0.441,4101.0,0.17976
EIF2B5,0.25988,0.159,0.441,4102.0,0.064171
FAS,0.14007,0.056,0.441,4103.0,0.8117
KRT5,0.1928,0.094,0.441,4104.0,0.64172
EPT1,0.19276,0.094,0.441,4105.0,0.64206
AKAP10,0.25292,0.151,0.441,4106.0,0.10782
PRPF6,0.28654,0.191,0.441,4107.0,0.0032101
MCTS1,0.0,0.0,0.441,4108.0,0.87474
DOCK5,0.33419,0.255,0.441,4109.0,2.8994e-09
SSR4,0.0,0.0,0.441,4110.0,0.87499
NELFCD,0.24465,0.143,0.441,4111.0,0.17607
TIA1,0.23472,0.132,0.441,4112.0,0.27493
ARHGAP17,0.27259,0.174,0.442,4113.0,0.019749
ADCY6,0.2826,0.186,0.442,4114.0,0.0058268
ENY2,0.0,0.0,0.442,4115.0,0.87471
MYO1E,0.30667,0.217,0.442,4116.0,6.769e-05
KCNH5,0.27264,0.174,0.442,4117.0,0.019692
KCTD1,0.093277,0.032,0.442,4118.0,0.85538
TUBB4B,0.14057,0.056,0.442,4119.0,0.80877
SULF2,0.27814,0.18,0.442,4120.0,0.010585
PEAK1,0.29481,0.201,0.442,4121.0,0.00086831
FRMD3,0.23522,0.133,0.442,4122.0,0.27023
GPR173,0.0,0.0,0.442,4123.0,0.87422
ARHGEF10L,0.29777,0.205,0.442,4124.0,0.00047308
STS,0.14055,0.056,0.442,4125.0,0.80886
CEP68,0.21015,0.109,0.442,4126.0,0.51822
SLCO3A1,0.22383,0.122,0.442,4127.0,0.38961
KRT18,0.17139,0.077,0.443,4128.0,0.73477
GCK,0.19356,0.094,0.443,4129.0,0.63464
NSMF,0.2358,0.133,0.443,4130.0,0.26482
PLG,0.27851,0.18,0.443,4131.0,0.010345
CD163,0.29537,0.201,0.443,4132.0,0.0008338
OTX1,0.093334,0.032,0.443,4133.0,0.85508
PPP3CC,0.23592,0.133,0.443,4134.0,0.26374
COX5B,0.0,0.0,0.443,4135.0,0.87383
ZNF473,0.23606,0.133,0.443,4136.0,0.26241
TNFRSF14,0.14078,0.057,0.443,4137.0,0.80752
FLNB,0.33822,0.26,0.443,4138.0,6.0505e-10
ITGAV,0.30201,0.21,0.443,4139.0,0.00022844
RUNDC3A,0.19339,0.094,0.443,4140.0,0.63623
ATP2B4,0.2923,0.197,0.444,4141.0,0.0015112
RPL10A,0.093616,0.032,0.444,4142.0,0.85357
DMRTC2,0.17189,0.077,0.444,4143.0,0.73104
ZNF507,0.26202,0.161,0.444,4144.0,0.057483
LIN7B,0.093625,0.032,0.444,4145.0,0.85352
RSBN1,0.25472,0.153,0.444,4146.0,0.099107
IL1RAP,0.2365,0.133,0.444,4147.0,0.25846
ARRB2,0.21126,0.109,0.444,4148.0,0.50658
FSTL4,0.27427,0.175,0.444,4149.0,0.017889
OSBPL7,0.28821,0.192,0.444,4150.0,0.0028675
GTF3C4,0.23642,0.133,0.444,4151.0,0.2592
FADS1,0.22533,0.122,0.445,4152.0,0.37384
BRIX1,0.17229,0.077,0.445,4153.0,0.72803
MAMLD1,0.19445,0.095,0.445,4154.0,0.62647
PPIE,0.17225,0.077,0.445,4155.0,0.72832
RAD17,0.26222,0.161,0.445,4156.0,0.0569
EMC8,0.093846,0.032,0.445,4157.0,0.85233
SNTG1,0.24647,0.144,0.445,4158.0,0.1634
PSD3,0.27993,0.181,0.445,4159.0,0.0094778
LSM6,0.0,0.0,0.445,4160.0,0.87273
TNC,0.32841,0.245,0.445,4161.0,1.2592e-07
UBXN1,0.17236,0.077,0.445,4162.0,0.72752
SERPINE2,0.17204,0.077,0.445,4163.0,0.7299
DENND4C,0.31833,0.231,0.445,4164.0,3.9761e-06
RPS6KA2,0.28005,0.181,0.445,4165.0,0.0094073
SSBP4,0.22568,0.123,0.445,4166.0,0.37022
EIF2AK3,0.28878,0.192,0.445,4167.0,0.0027603
METTL9,0.14146,0.057,0.445,4168.0,0.80352
CSRNP3,0.21187,0.11,0.445,4169.0,0.50018
TBX4,0.21143,0.109,0.445,4170.0,0.5048
CASS4,0.22601,0.123,0.446,4171.0,0.36682
EHMT2,0.3068,0.215,0.446,4172.0,0.00010292
FAM222A,0.09405,0.032,0.446,4173.0,0.85124
KATNBL1,0.17263,0.078,0.446,4174.0,0.72545
ASCC2,0.26926,0.168,0.446,4175.0,0.031027
NDRG3,0.22613,0.123,0.446,4176.0,0.36564
KIAA1210,0.28058,0.182,0.446,4177.0,0.0091034
FAM129B,0.27517,0.175,0.446,4178.0,0.016975
ATCAY,0.19506,0.095,0.446,4179.0,0.62076
DCBLD2,0.25553,0.153,0.446,4180.0,0.095418
PFKFB3,0.23795,0.134,0.447,4181.0,0.24579
UBR7,0.21242,0.11,0.447,4182.0,0.49449
ALDH1A2,0.22636,0.123,0.447,4183.0,0.36331
TCF7L1,0.22666,0.123,0.447,4184.0,0.36022
NFATC1,0.24751,0.144,0.447,4185.0,0.15652
BAG3,0.19543,0.095,0.447,4186.0,0.61738
RASGRP2,0.2382,0.134,0.447,4187.0,0.2436
RP11-599B13.6,0.0,0.0,0.447,4188.0,0.87139
TYMS,0.17303,0.078,0.447,4189.0,0.72247
FXYD6-FXYD2,0.094233,0.032,0.447,4190.0,0.85025
EGLN2,0.17314,0.078,0.447,4191.0,0.72166
TMEM200A,0.094166,0.032,0.447,4192.0,0.85062
FBXO30,0.22685,0.123,0.448,4193.0,0.35835
HCN2,0.21296,0.11,0.448,4194.0,0.48885
BMS1,0.30545,0.212,0.448,4195.0,0.0001753
SAT1,0.0,0.0,0.448,4196.0,0.8706
UBQLN2,0.09434,0.033,0.448,4197.0,0.84968
YME1L1,0.27051,0.169,0.448,4198.0,0.028988
NUP133,0.30814,0.216,0.448,4199.0,9.2587e-05
PTDSS1,0.24839,0.145,0.448,4200.0,0.15093
TSPYL5,0.094401,0.033,0.448,4201.0,0.84935
ALK,0.3206,0.233,0.448,4202.0,3.2299e-06
PHLDA1,0.14234,0.057,0.448,4203.0,0.79833
MTHFD1,0.28676,0.188,0.448,4204.0,0.0044614
CPNE6,0.24807,0.145,0.448,4205.0,0.15298
CACNA1F,0.31618,0.226,0.448,4206.0,1.2337e-05
CDIP1,0.0,0.0,0.449,4207.0,0.87001
NMT2,0.23908,0.135,0.449,4208.0,0.23627
ZKSCAN5,0.25737,0.154,0.449,4209.0,0.087589
SOGA2,0.30874,0.216,0.449,4210.0,8.834e-05
PLCB4,0.32125,0.233,0.449,4211.0,3.0437e-06
ZNF410,0.22735,0.123,0.449,4212.0,0.35337
DESI2,0.094596,0.033,0.449,4213.0,0.8483
DLST,0.21336,0.111,0.449,4214.0,0.48474
HMGA2,0.0,0.0,0.449,4215.0,0.87015
ARHGAP39,0.28232,0.183,0.449,4216.0,0.0081913
MAPKAPK5,0.22725,0.123,0.449,4217.0,0.35435
NLRC5,0.33122,0.247,0.449,4218.0,9.4211e-08
RALBP1,0.24909,0.145,0.449,4219.0,0.14667
HOXB8,0.094741,0.033,0.449,4220.0,0.84752
CMPK1,0.094672,0.033,0.449,4221.0,0.84789
KIAA0319L,0.29541,0.199,0.449,4222.0,0.0012186
CARD10,0.29176,0.194,0.449,4223.0,0.0022648
NR5A2,0.23886,0.135,0.449,4224.0,0.23807
RGL2,0.27183,0.17,0.45,4225.0,0.026981
APH1A,0.14293,0.057,0.45,4226.0,0.79479
SREBF1,0.27764,0.177,0.45,4227.0,0.014708
TGIF2-C20orf24,0.09488,0.033,0.45,4228.0,0.84676
LIG1,0.28766,0.189,0.45,4229.0,0.0042142
RPS2,0.094854,0.033,0.45,4230.0,0.8469
ICMT,0.1431,0.058,0.45,4231.0,0.79377
CYR61,0.17417,0.078,0.45,4232.0,0.71388
FOXF2,0.094899,0.033,0.45,4233.0,0.84666
IRF9,0.19647,0.096,0.45,4234.0,0.60773
BRINP3,0.24928,0.145,0.45,4235.0,0.14554
CTD-2207O23.3,0.28788,0.189,0.45,4236.0,0.0041543
KIAA1033,0.32223,0.234,0.45,4237.0,2.7872e-06
EYA4,0.26526,0.163,0.45,4238.0,0.04872
SUMO2,0.0,0.0,0.45,4239.0,0.86943
CASR,0.2661,0.163,0.451,4240.0,0.046698
PRR7,0.0,0.0,0.451,4241.0,0.86893
CNIH3,0.095144,0.033,0.451,4242.0,0.84533
PTPRG,0.32095,0.231,0.451,4243.0,5.0736e-06
SYT1,0.19727,0.096,0.451,4244.0,0.60038
IRF2BP2,0.095099,0.033,0.451,4245.0,0.84558
KIF3B,0.25822,0.155,0.451,4246.0,0.084213
ZFAND5,0.095067,0.033,0.451,4247.0,0.84575
IER5,0.0,0.0,0.451,4248.0,0.86869
DDX39A,0.19714,0.096,0.451,4249.0,0.60151
DDX18,0.25056,0.146,0.452,4250.0,0.13804
LUC7L,0.21486,0.111,0.452,4251.0,0.46952
SRP68,0.26654,0.163,0.452,4252.0,0.045673
C1orf51,0.14349,0.058,0.452,4253.0,0.79141
CNOT11,0.19764,0.096,0.452,4254.0,0.59693
N4BP2L1,0.095278,0.033,0.452,4255.0,0.8446
EPM2AIP1,0.19731,0.096,0.452,4256.0,0.59998
TRPM6,0.34479,0.265,0.452,4257.0,2.719e-10
SOST,0.0,0.0,0.453,4258.0,0.86731
EML6,0.34059,0.258,0.453,4259.0,4.0925e-09
INSR,0.31437,0.222,0.453,4260.0,3.6145e-05
PLXDC2,0.25126,0.146,0.453,4261.0,0.13416
UBE2G1,0.095421,0.033,0.453,4262.0,0.84382
ALG5,0.21546,0.112,0.453,4263.0,0.46347
RBCK1,0.25111,0.146,0.453,4264.0,0.13497
POLR3E,0.27954,0.178,0.453,4265.0,0.013199
TRPM3,0.32865,0.241,0.453,4266.0,5.6853e-07
PLEKHF2,0.0,0.0,0.453,4267.0,0.86733
PACSIN2,0.24197,0.137,0.454,4268.0,0.21345
TSN,0.14429,0.058,0.454,4269.0,0.78659
ZNF444,0.0,0.0,0.454,4270.0,0.8667
CCDC88C,0.33629,0.252,0.454,4271.0,3.3027e-08
THRA,0.23004,0.125,0.454,4272.0,0.32748
ACVR1,0.23026,0.125,0.454,4273.0,0.3254
SNX30,0.19857,0.097,0.454,4274.0,0.58843
CDH18,0.2418,0.137,0.454,4275.0,0.21478
AP1S2,0.0,0.0,0.454,4276.0,0.86702
AKNA,0.30949,0.215,0.454,4277.0,0.00012945
NUP54,0.24169,0.136,0.454,4278.0,0.21559
ADSS,0.2298,0.125,0.454,4279.0,0.32971
NCKAP5,0.32061,0.23,0.454,4280.0,8.4671e-06
CCP110,0.28574,0.185,0.454,4281.0,0.006676
SUGT1,0.21654,0.112,0.455,4282.0,0.45272
EPS15,0.29074,0.191,0.455,4283.0,0.0034774
CAAP1,0.14464,0.058,0.455,4284.0,0.78449
ARHGEF18,0.29551,0.197,0.455,4285.0,0.0017747
RBMS3,0.24206,0.137,0.455,4286.0,0.2128
EML4,0.30307,0.206,0.455,4287.0,0.00048242
PCMT1,0.14463,0.058,0.455,4288.0,0.78453
SPIRE1,0.26799,0.164,0.455,4289.0,0.042486
PHF5A,0.0,0.0,0.455,4290.0,0.86605
ZFYVE20,0.27508,0.172,0.455,4291.0,0.022662
PRDM15,0.32097,0.23,0.455,4292.0,8.2172e-06
KIF21A,0.33769,0.253,0.456,4293.0,2.865e-08
USPL1,0.27579,0.173,0.456,4294.0,0.021819
BMP1,0.30014,0.202,0.456,4295.0,0.00088564
RCOR2,0.24283,0.137,0.456,4296.0,0.2071
TRAF7,0.27579,0.173,0.456,4297.0,0.021819
BTRC,0.28132,0.179,0.456,4298.0,0.011942
PCDH18,0.25264,0.147,0.456,4299.0,0.12675
ZFYVE28,0.26153,0.157,0.456,4300.0,0.07234
EPG5,0.3583,0.283,0.456,4301.0,1.3508e-13
HGS,0.28657,0.186,0.456,4302.0,0.0063571
RYR1,0.38498,0.326,0.456,4303.0,1.5944e-29
SRSF5,0.17698,0.08,0.457,4304.0,0.69255
ZNF579,0.096338,0.033,0.457,4305.0,0.83882
COPE,0.17698,0.08,0.457,4306.0,0.69249
ITFG1,0.26189,0.157,0.457,4307.0,0.071163
NAT8L,0.0,0.0,0.457,4308.0,0.86458
FAM122B,0.096424,0.033,0.457,4309.0,0.83835
GDPD2,0.23142,0.126,0.457,4310.0,0.31473
TSPAN12,0.17669,0.079,0.457,4311.0,0.69473
NFX1,0.31112,0.216,0.457,4312.0,0.00011474
FBXO31,0.21739,0.113,0.457,4313.0,0.44439
FBXO46,0.17675,0.079,0.457,4314.0,0.69428
TBC1D14,0.26958,0.165,0.457,4315.0,0.039267
LANCL2,0.23164,0.126,0.457,4316.0,0.3128
RPL21,0.096584,0.033,0.458,4317.0,0.83747
SHANK2,0.32996,0.241,0.458,4318.0,8.4299e-07
IKZF5,0.14545,0.058,0.458,4319.0,0.7796
HMG20B,0.17716,0.08,0.458,4320.0,0.69112
ZNF395,0.23208,0.126,0.458,4321.0,0.30888
VPS8,0.3373,0.251,0.458,4322.0,5.1131e-08
KIAA1598,0.26992,0.166,0.458,4323.0,0.0386
RUFY3,0.27689,0.173,0.458,4324.0,0.020593
SIM2,0.24388,0.138,0.458,4325.0,0.19959
DLK2,0.14552,0.058,0.458,4326.0,0.77915
HMGN2,0.0,0.0,0.459,4327.0,0.86341
CSPG4,0.31847,0.225,0.459,4328.0,2.6212e-05
SYT13,0.17756,0.08,0.459,4329.0,0.68807
GULP1,0.17768,0.08,0.459,4330.0,0.68714
SLC30A5,0.26286,0.157,0.459,4331.0,0.068068
KIFC3,0.28859,0.187,0.459,4332.0,0.0056474
RPS25,0.0,0.0,0.459,4333.0,0.86346
GPR61,0.14576,0.059,0.459,4334.0,0.77771
RASGRP4,0.27047,0.166,0.459,4335.0,0.037579
RPN2,0.25505,0.149,0.46,4336.0,0.11487
OSR1,0.0,0.0,0.46,4337.0,0.86296
SLC9C2,0.30994,0.213,0.46,4338.0,0.00019485
NAB2,0.20087,0.098,0.46,4339.0,0.56734
ZDBF2,0.28399,0.181,0.46,4340.0,0.010294
UXT,0.0,0.0,0.46,4341.0,0.86302
CA10,0.20086,0.098,0.46,4342.0,0.56746
ABI2,0.21875,0.113,0.46,4343.0,0.43122
JUNB,0.0,0.0,0.46,4344.0,0.86299
MYBPC1,0.31662,0.222,0.46,4345.0,4.835e-05
C10orf118,0.2993,0.199,0.461,4346.0,0.0013961
PI4KA,0.35739,0.279,0.461,4347.0,3.1234e-12
ANAPC4,0.30385,0.205,0.461,4348.0,0.00069453
PLCE1,0.35315,0.272,0.461,4349.0,5.6754e-11
RXRG,0.21948,0.114,0.461,4350.0,0.42421
RCAN2,0.09708,0.034,0.461,4351.0,0.83475
SLC35A1,0.17827,0.08,0.461,4352.0,0.68262
PRDM13,0.20134,0.098,0.461,4353.0,0.56307
ABCG1,0.25572,0.149,0.461,4354.0,0.11182
PRKD3,0.28973,0.188,0.461,4355.0,0.0052882
APOB,0.36911,0.297,0.461,4356.0,1.9234e-16
SULF1,0.29954,0.199,0.461,4357.0,0.0013751
RAPGEFL1,0.23348,0.127,0.461,4358.0,0.29662
ELAVL3,0.1469,0.059,0.462,4359.0,0.77072
MAN1A1,0.25585,0.149,0.462,4360.0,0.11123
TRIB1,0.097318,0.034,0.462,4361.0,0.83343
WSB1,0.21962,0.114,0.462,4362.0,0.42292
ACOX1,0.2649,0.159,0.462,4363.0,0.062095
MVB12B,0.20182,0.098,0.462,4364.0,0.55867
SEMA6B,0.26483,0.159,0.462,4365.0,0.06227
NRG3,0.25624,0.149,0.462,4366.0,0.10947
SPATA13,0.29528,0.194,0.462,4367.0,0.0026387
FGD4,0.28484,0.182,0.462,4368.0,0.0098247
ELOVL1,0.17875,0.08,0.462,4369.0,0.67897
LRFN5,0.20183,0.098,0.462,4370.0,0.55863
MAX,0.097306,0.034,0.462,4371.0,0.8335
PTPN9,0.25622,0.149,0.462,4372.0,0.10956
ESF1,0.27967,0.175,0.463,4373.0,0.017818
EDEM3,0.29639,0.195,0.463,4374.0,0.0024686
SLC38A9,0.2347,0.128,0.463,4375.0,0.28628
UTP20,0.36769,0.293,0.463,4376.0,3.0008e-15
TTK,0.30078,0.2,0.463,4377.0,0.0012734
PDGFB,0.14701,0.059,0.463,4378.0,0.77006
LONRF3,0.22016,0.114,0.463,4379.0,0.41779
CHST1,0.14724,0.059,0.463,4380.0,0.76863
GAS2L1,0.097529,0.034,0.463,4381.0,0.83227
SUMO1,0.0,0.0,0.463,4382.0,0.86128
GSG1L,0.14741,0.059,0.464,4383.0,0.7676
POLDIP2,0.22056,0.114,0.464,4384.0,0.41407
APAF1,0.3251,0.231,0.464,4385.0,9.6242e-06
NRN1,0.0,0.0,0.464,4386.0,0.8602
FAM126B,0.24703,0.139,0.464,4387.0,0.17863
IKBKE,0.28644,0.183,0.464,4388.0,0.0090053
SUPV3L1,0.27376,0.168,0.464,4389.0,0.032006
TRIM26,0.24707,0.14,0.464,4390.0,0.17836
ABTB2,0.29193,0.189,0.464,4391.0,0.0046627
ODF2,0.3012,0.201,0.464,4392.0,0.0012405
RPLP0,0.1474,0.059,0.464,4393.0,0.76762
FRS3,0.20273,0.099,0.464,4394.0,0.55047
HS2ST1,0.20337,0.099,0.465,4395.0,0.54475
SLC39A8,0.18002,0.081,0.465,4396.0,0.66924
SORCS3,0.32011,0.224,0.465,4397.0,3.7354e-05
GDF5,0.17992,0.081,0.465,4398.0,0.67002
ABLIM2,0.29222,0.189,0.465,4399.0,0.0045858
ATG14,0.24772,0.14,0.465,4400.0,0.17435
PARVA,0.22116,0.115,0.465,4401.0,0.40854
PGK1,0.14777,0.059,0.465,4402.0,0.76537
MGRN1,0.25752,0.15,0.465,4403.0,0.10393
RP11-1220K2.2,0.22096,0.114,0.465,4404.0,0.41039
ZNF449,0.17993,0.081,0.465,4405.0,0.66997
RPS23,0.0,0.0,0.465,4406.0,0.85944
DMRTB1,0.098199,0.034,0.466,4407.0,0.82857
WDR36,0.30687,0.207,0.466,4408.0,0.0005724
C1GALT1,0.14813,0.06,0.466,4409.0,0.76313
HELZ2,0.34536,0.259,0.466,4410.0,1.3364e-08
LRRC16B,0.3397,0.251,0.466,4411.0,1.2106e-07
SMARCD3,0.22158,0.115,0.466,4412.0,0.40464
MAPK10,0.23601,0.128,0.466,4413.0,0.27553
SOCS5,0.20372,0.099,0.466,4414.0,0.54156
TOMM40L,0.1803,0.081,0.466,4415.0,0.66713
PER1,0.31045,0.211,0.466,4416.0,0.00029308
ARMC1,0.14818,0.06,0.466,4417.0,0.76284
C10orf54,0.14848,0.06,0.467,4418.0,0.76097
DACT1,0.22207,0.115,0.467,4419.0,0.40017
TBKBP1,0.23667,0.129,0.467,4420.0,0.27032
WASF3,0.20388,0.099,0.467,4421.0,0.54018
SBF2,0.35259,0.268,0.467,4422.0,6.3771e-10
RAC1,0.14827,0.06,0.467,4423.0,0.76228
MEST,0.22219,0.115,0.467,4424.0,0.39908
SNRPD3,0.0,0.0,0.467,4425.0,0.85838
GPR158,0.30748,0.207,0.467,4426.0,0.00055056
PRR14,0.24867,0.14,0.467,4427.0,0.16859
PLEKHM1,0.28832,0.184,0.467,4428.0,0.0081382
BCAS3,0.31492,0.217,0.467,4429.0,0.00013819
ATP11A,0.32968,0.236,0.467,4430.0,4.0487e-06
TMEFF1,0.20412,0.1,0.467,4431.0,0.53799
SMOX,0.22213,0.115,0.467,4432.0,0.39964
DCLRE1B,0.204,0.099,0.467,4433.0,0.53912
EYA2,0.25899,0.151,0.467,4434.0,0.097959
GPR126,0.31882,0.221,0.468,4435.0,6.6088e-05
THAP11,0.098619,0.034,0.468,4436.0,0.82624
MCRS1,0.24918,0.141,0.468,4437.0,0.16561
AKAP8L,0.27593,0.169,0.468,4438.0,0.028839
BRE,0.24902,0.141,0.468,4439.0,0.16651
KIF26A,0.3084,0.208,0.468,4440.0,0.00051939
ADIPOR1,0.18143,0.082,0.469,4441.0,0.6584
SLC17A6,0.2498,0.141,0.469,4442.0,0.16199
PHB,0.14883,0.06,0.469,4443.0,0.7588
IQSEC3,0.29524,0.191,0.469,4444.0,0.0038704
FBXL14,0.098775,0.034,0.469,4445.0,0.82537
MGAT5B,0.28358,0.178,0.469,4446.0,0.014591
TP53,0.20476,0.1,0.469,4447.0,0.53235
COBL,0.29505,0.191,0.469,4448.0,0.0039121
INO80B,0.14886,0.06,0.469,4449.0,0.75864
ZNF282,0.2496,0.141,0.469,4450.0,0.16317
CAMKK2,0.26065,0.152,0.47,4451.0,0.091625
ZNF805,0.2236,0.116,0.47,4452.0,0.38637
NPRL2,0.22341,0.116,0.47,4453.0,0.38813
PPP1R12B,0.31697,0.218,0.47,4454.0,0.00012038
PGR,0.2693,0.161,0.47,4455.0,0.051042
RILPL1,0.22368,0.116,0.47,4456.0,0.38572
ZNF691,0.099071,0.034,0.47,4457.0,0.82372
CCNL2,0.24999,0.141,0.47,4458.0,0.16094
ZNF385D,0.18196,0.082,0.47,4459.0,0.65437
AMOTL1,0.3015,0.198,0.471,4460.0,0.0018316
SMG8,0.29048,0.185,0.471,4461.0,0.0072559
SOX12,0.0,0.0,0.471,4462.0,0.85589
ATF7IP2,0.25055,0.141,0.471,4463.0,0.15781
KCNT1,0.32431,0.227,0.471,4464.0,2.7613e-05
HID1,0.27744,0.17,0.471,4465.0,0.026841
RANBP1,0.099317,0.034,0.471,4466.0,0.82235
CYTH2,0.23867,0.13,0.471,4467.0,0.25494
FZD2,0.18218,0.082,0.471,4468.0,0.65266
DKK2,0.14974,0.06,0.471,4469.0,0.75318
TBC1D25,0.20586,0.1,0.471,4470.0,0.52262
SWAP70,0.26994,0.162,0.471,4471.0,0.049628
ENO2,0.22388,0.116,0.471,4472.0,0.38396
ZNF526,0.2058,0.1,0.471,4473.0,0.52316
RAB1A,0.099193,0.034,0.471,4474.0,0.82305
PIH1D3,0.0,0.0,0.472,4475.0,0.85529
IMMT,0.28543,0.179,0.472,4476.0,0.0133
ITPKA,0.18263,0.082,0.472,4477.0,0.64926
ITPKC,0.25154,0.142,0.472,4478.0,0.15241
SOX14,0.0,0.0,0.472,4479.0,0.85558
FSD1,0.23906,0.13,0.472,4480.0,0.25199
CWC22,0.3065,0.204,0.472,4481.0,0.0008992
ARID3B,0.2243,0.116,0.472,4482.0,0.38022
AMMECR1,0.099529,0.034,0.472,4483.0,0.82117
RING1,0.18272,0.082,0.472,4484.0,0.64854
KAT5,0.2616,0.153,0.472,4485.0,0.088234
ABCB1,0.32826,0.232,0.473,4486.0,1.2564e-05
ERGIC1,0.18286,0.082,0.473,4487.0,0.64747
ZNF274,0.25202,0.142,0.473,4488.0,0.14989
BATF,0.0,0.0,0.473,4489.0,0.85462
CCDC85C,0.15023,0.06,0.473,4490.0,0.7501
MAPK14,0.22494,0.117,0.473,4491.0,0.37466
TMX2,0.18286,0.082,0.473,4492.0,0.64745
CPNE4,0.26228,0.153,0.473,4493.0,0.085866
NR1H2,0.22489,0.117,0.473,4494.0,0.37506
LHX8,0.20664,0.101,0.473,4495.0,0.51572
TRPC1,0.28604,0.179,0.473,4496.0,0.012904
HMGB1,0.099676,0.034,0.473,4497.0,0.82035
RNF19A,0.27869,0.171,0.473,4498.0,0.025305
MLXIPL,0.27081,0.162,0.473,4499.0,0.047771
PDIA6,0.23946,0.13,0.473,4500.0,0.24911
LRRC37B,0.29286,0.187,0.474,4501.0,0.0064058
LTBP1,0.35261,0.265,0.474,4502.0,3.7191e-09
ITGA4,0.31966,0.22,0.474,4503.0,0.00010067
ZFPM1,0.24031,0.131,0.474,4504.0,0.2429
GAD1,0.27159,0.163,0.474,4505.0,0.046164
RPH3A,0.30321,0.199,0.474,4506.0,0.0016609
NR4A1,0.22539,0.117,0.474,4507.0,0.37074
CAMK4,0.20735,0.101,0.474,4508.0,0.50957
PTPRE,0.30814,0.205,0.474,4509.0,0.00081616
PTPRO,0.32903,0.232,0.474,4510.0,1.1875e-05
TSKU,0.0,0.0,0.474,4511.0,0.85418
RFX6,0.31224,0.21,0.474,4512.0,0.00040925
SLC26A9,0.28631,0.179,0.474,4513.0,0.012733
SHISA7,0.0,0.0,0.474,4514.0,0.85388
DCAF8L2,0.099863,0.034,0.474,4515.0,0.81931
SPOCK2,0.24052,0.131,0.475,4516.0,0.24144
ACSL6,0.29859,0.193,0.475,4517.0,0.0032201
FREM2,0.36258,0.279,0.475,4518.0,3.5958e-11
KANK2,0.2722,0.163,0.475,4519.0,0.044954
RPN1,0.24086,0.131,0.475,4520.0,0.239
PNPT1,0.31258,0.211,0.475,4521.0,0.00040072
UBXN4,0.25283,0.143,0.475,4522.0,0.14569
PAX3,0.24063,0.131,0.475,4523.0,0.24063
WBP1L,0.18382,0.083,0.475,4524.0,0.64011
CREM,0.20744,0.101,0.475,4525.0,0.50878
NRP2,0.30833,0.205,0.475,4526.0,0.00080686
FAU,0.0,0.0,0.476,4527.0,0.85252
CHIC1,0.0,0.0,0.476,4528.0,0.85254
GREB1,0.35277,0.264,0.476,4529.0,6.6023e-09
GOLT1B,0.0,0.0,0.476,4530.0,0.85264
INTS1,0.36198,0.277,0.476,4531.0,7.1069e-11
TNFRSF1B,0.20822,0.102,0.476,4532.0,0.50201
SLC6A2,0.26359,0.154,0.476,4533.0,0.081524
PPP1R9A,0.33033,0.233,0.476,4534.0,1.0812e-05
PBX3,0.2263,0.117,0.476,4535.0,0.36301
E4F1,0.26405,0.154,0.476,4536.0,0.080072
ACSL1,0.30463,0.2,0.476,4537.0,0.0015324
PLCL1,0.28741,0.18,0.476,4538.0,0.012059
CSGALNACT2,0.24105,0.131,0.476,4539.0,0.23766
FRMPD3,0.31714,0.216,0.476,4540.0,0.00019028
KIF18A,0.30521,0.201,0.477,4541.0,0.0014835
KIAA1462,0.29992,0.194,0.477,4542.0,0.0029966
DOCK8,0.36499,0.282,0.477,4543.0,1.487e-11
MYLK2,0.24168,0.131,0.477,4544.0,0.23336
TMEM248,0.1515,0.061,0.477,4545.0,0.7422
ATF1,0.18458,0.083,0.477,4546.0,0.63426
DDN,0.22678,0.118,0.477,4547.0,0.359
FOXA2,0.15149,0.061,0.477,4548.0,0.74225
GLRX3,0.22696,0.118,0.477,4549.0,0.35753
EPB41L3,0.32503,0.226,0.477,4550.0,4.3188e-05
TMTC2,0.28117,0.172,0.477,4551.0,0.022549
KIAA0513,0.24148,0.131,0.477,4552.0,0.23471
FSD1L,0.2416,0.131,0.477,4553.0,0.23386
VDAC2,0.1846,0.083,0.477,4554.0,0.63412
OTUD7B,0.28866,0.181,0.478,4555.0,0.011339
ABCA12,0.37726,0.3,0.478,4556.0,2.922e-15
MAP7D2,0.27411,0.164,0.478,4557.0,0.041409
VPS4B,0.24213,0.132,0.478,4558.0,0.23026
C1GALT1C1,0.0,0.0,0.478,4559.0,0.85158
FOXN2,0.2088,0.102,0.478,4560.0,0.49701
VEGFC,0.20896,0.102,0.478,4561.0,0.49565
LPCAT1,0.25456,0.144,0.478,4562.0,0.13713
PRICKLE3,0.18488,0.083,0.478,4563.0,0.63198
PRKAA1,0.25454,0.144,0.478,4564.0,0.13725
ABCF2,0.28873,0.181,0.478,4565.0,0.011301
DNAH1,0.39802,0.332,0.478,4566.0,1.4983e-26
PXK,0.28957,0.181,0.479,4567.0,0.010847
EXOC1,0.311,0.207,0.479,4568.0,0.00069012
H2AFY,0.15232,0.061,0.479,4569.0,0.73705
FOXO4,0.10093,0.035,0.479,4570.0,0.81332
CHKA,0.24254,0.132,0.479,4571.0,0.22747
PITX3,0.10103,0.035,0.479,4572.0,0.81276
RAP2A,0.0,0.0,0.479,4573.0,0.85068
FEM1C,0.18524,0.083,0.479,4574.0,0.62927
DMRT1,0.15206,0.061,0.479,4575.0,0.7387
FAM155B,0.10102,0.035,0.479,4576.0,0.81284
MAP3K11,0.28952,0.181,0.479,4577.0,0.010875
SLC16A12,0.20931,0.102,0.479,4578.0,0.49267
ATE1,0.27454,0.165,0.479,4579.0,0.040639
PRKACB,0.22772,0.118,0.479,4580.0,0.35122
ZDHHC9,0.15225,0.061,0.479,4581.0,0.73749
PARP1,0.31561,0.213,0.479,4582.0,0.00033366
FBXO18,0.32277,0.222,0.479,4583.0,8.2171e-05
KAT8,0.24292,0.132,0.479,4584.0,0.22493
ZNF804A,0.29572,0.189,0.479,4585.0,0.0055255
PRR19,0.10109,0.035,0.48,4586.0,0.81244
RND1,0.15233,0.061,0.48,4587.0,0.73701
DNAJC5,0.10114,0.035,0.48,4588.0,0.81216
RPL27,0.0,0.0,0.48,4589.0,0.85027
NPTX1,0.18579,0.084,0.48,4590.0,0.62501
PTHLH,0.10126,0.035,0.48,4591.0,0.81146
MMP15,0.26628,0.155,0.48,4592.0,0.073354
ACTC1,0.15238,0.061,0.48,4593.0,0.73668
CREB5,0.24316,0.132,0.48,4594.0,0.22337
TSG101,0.22859,0.118,0.481,4595.0,0.34407
USP20,0.32464,0.223,0.481,4596.0,7.2852e-05
MSL2,0.18592,0.084,0.481,4597.0,0.62406
OSBPL2,0.25587,0.145,0.481,4598.0,0.13102
TNKS2,0.32748,0.227,0.481,4599.0,3.6661e-05
NEDD8,0.0,0.0,0.481,4600.0,0.84938
PLEKHO1,0.2104,0.103,0.481,4601.0,0.48341
RPL31,0.0,0.0,0.481,4602.0,0.84958
CEP57,0.26651,0.155,0.481,4603.0,0.072685
SMC4,0.33145,0.232,0.482,4604.0,1.68e-05
FAM76B,0.22902,0.119,0.482,4605.0,0.34062
ING5,0.18665,0.084,0.482,4606.0,0.61851
ABCC9,0.35546,0.265,0.482,4607.0,9.3524e-09
STX16,0.21049,0.103,0.482,4608.0,0.48261
BLMH,0.25637,0.145,0.482,4609.0,0.12878
TDRD7,0.31312,0.208,0.482,4610.0,0.00061106
RPS6KC1,0.30819,0.203,0.482,4611.0,0.001257
DTX4,0.24414,0.133,0.482,4612.0,0.21699
DNM3,0.30394,0.197,0.483,4613.0,0.0024197
HMCN1,0.4135,0.355,0.483,4614.0,3.6259e-38
GRN,0.2676,0.156,0.483,4615.0,0.069666
PCDHGC3,0.25714,0.145,0.483,4616.0,0.12536
SGSM1,0.3322,0.233,0.483,4617.0,1.5957e-05
ING2,0.15356,0.062,0.483,4618.0,0.72928
C17orf75,0.22952,0.119,0.483,4619.0,0.33668
PDGFA,0.1018,0.035,0.483,4620.0,0.80842
ZBTB5,0.18675,0.084,0.483,4621.0,0.61772
SLC39A9,0.15353,0.062,0.483,4622.0,0.72946
RPS26,0.0,0.0,0.483,4623.0,0.84833
TMOD1,0.21099,0.103,0.483,4624.0,0.47845
MARCH9,0.1533,0.062,0.483,4625.0,0.73089
SEMA5A,0.33273,0.233,0.483,4626.0,1.5403e-05
NPR1,0.31778,0.214,0.483,4627.0,0.00029303
HECA,0.18712,0.084,0.484,4628.0,0.61493
GIGYF1,0.33896,0.241,0.484,4629.0,3.4196e-06
VPS13A,0.39557,0.324,0.484,4630.0,9.312499999999999e-22
VPS26A,0.18723,0.084,0.484,4631.0,0.61411
RBM46,0.21164,0.103,0.484,4632.0,0.47301
SLC20A1,0.26852,0.157,0.484,4633.0,0.067227
CDK2,0.1877,0.084,0.485,4634.0,0.61054
ZNF248,0.23086,0.12,0.485,4635.0,0.32621
FAM126A,0.25816,0.146,0.485,4636.0,0.12103
B3GNT5,0.15412,0.062,0.485,4637.0,0.72579
HK2,0.29941,0.191,0.485,4638.0,0.0045893
TAZ,0.1541,0.062,0.485,4639.0,0.72591
CNTN5,0.3272,0.225,0.485,4640.0,6.1963e-05
PRKAB2,0.15415,0.062,0.485,4641.0,0.72559
TPT1,0.10233,0.035,0.485,4642.0,0.80548
ASF1A,0.10234,0.035,0.485,4643.0,0.80542
PAPPA2,0.35139,0.258,0.485,4644.0,7.7879e-08
PFDN1,0.0,0.0,0.485,4645.0,0.84732
GRM2,0.25836,0.146,0.485,4646.0,0.12019
STARD7,0.21178,0.103,0.485,4647.0,0.47179
RNF34,0.18769,0.084,0.485,4648.0,0.61057
PDE9A,0.29954,0.191,0.485,4649.0,0.0045595
TARBP2,0.21243,0.104,0.486,4650.0,0.46644
ABCA1,0.37761,0.296,0.486,4651.0,1.4525e-13
RBMS1,0.25858,0.146,0.486,4652.0,0.11929
TADA2B,0.15446,0.062,0.486,4653.0,0.72366
MSANTD1,0.10249,0.035,0.486,4654.0,0.80456
REPS2,0.24639,0.134,0.486,4655.0,0.20309
NPC1,0.33746,0.238,0.486,4656.0,6.5418e-06
SMC5,0.34019,0.242,0.486,4657.0,3.1326e-06
DENND1B,0.24622,0.134,0.486,4658.0,0.20408
TLR8,0.23114,0.12,0.486,4659.0,0.32401
GAS6,0.27842,0.167,0.486,4660.0,0.034477
MROH1,0.24646,0.134,0.486,4661.0,0.20264
COPS8,0.15427,0.062,0.486,4662.0,0.72485
STK32C,0.24622,0.134,0.486,4663.0,0.20408
GJB1,0.0,0.0,0.486,4664.0,0.84627
RPL30,0.0,0.0,0.486,4665.0,0.84674
TNF,0.10271,0.036,0.487,4666.0,0.8033
UCK2,0.15483,0.062,0.487,4667.0,0.72131
RNF121,0.2318,0.12,0.487,4668.0,0.31902
KLHL11,0.24668,0.134,0.487,4669.0,0.20133
TBC1D9,0.33158,0.23,0.487,4670.0,2.8039e-05
AFAP1L2,0.30614,0.198,0.487,4671.0,0.0021581
WBSCR17,0.25921,0.146,0.487,4672.0,0.11671
ZNF624,0.27986,0.168,0.488,4673.0,0.032471
FAM91A1,0.32114,0.216,0.488,4674.0,0.00024063
COPS7B,0.189,0.085,0.488,4675.0,0.60071
HAPLN1,0.18877,0.085,0.488,4676.0,0.60242
GPBP1L1,0.24708,0.134,0.488,4677.0,0.19902
SH3PXD2B,0.30139,0.192,0.488,4678.0,0.0041589
ENC1,0.2132,0.104,0.488,4679.0,0.46008
GALNT2,0.29489,0.185,0.488,4680.0,0.0084175
NETO2,0.27032,0.158,0.488,4681.0,0.062704
STT3A,0.30718,0.199,0.488,4682.0,0.002045
PPP1R13L,0.28017,0.168,0.489,4683.0,0.03206
KIAA1731,0.37916,0.296,0.489,4684.0,2.3569e-13
CNN3,0.18929,0.085,0.489,4685.0,0.59852
PIK3R2,0.28838,0.177,0.489,4686.0,0.016273
PPP4C,0.21378,0.104,0.489,4687.0,0.4554
VKORC1L1,0.0,0.0,0.489,4688.0,0.84443
PSMA4,0.18915,0.085,0.489,4689.0,0.59959
MYCBP,0.0,0.0,0.489,4690.0,0.84451
THAP1,0.10308,0.036,0.489,4691.0,0.80123
FAM20C,0.23238,0.12,0.489,4692.0,0.31465
SMC6,0.34251,0.244,0.489,4693.0,2.659e-06
NCAPD3,0.36088,0.269,0.489,4694.0,5.821e-09
MAPRE3,0.15573,0.063,0.49,4695.0,0.71561
ESRRA,0.18949,0.085,0.49,4696.0,0.59696
ALAS1,0.261,0.147,0.49,4697.0,0.10979
RNF4,0.10334,0.036,0.49,4698.0,0.79973
PDP1,0.21431,0.105,0.49,4699.0,0.45106
NPTXR,0.15568,0.063,0.49,4700.0,0.71597
SYT9,0.23313,0.121,0.49,4701.0,0.30911
E2F4,0.21413,0.104,0.49,4702.0,0.45258
PEX5L,0.296,0.185,0.49,4703.0,0.0079927
NFYC,0.26135,0.148,0.491,4704.0,0.10847
UGGT1,0.36709,0.277,0.491,4705.0,5.1934e-10
RIMKLB,0.19006,0.086,0.491,4706.0,0.59273
MCM3AP,0.3621,0.27,0.491,4707.0,5.24e-09
LRRTM1,0.18982,0.085,0.491,4708.0,0.5945
ARMC5,0.26161,0.148,0.491,4709.0,0.1075
CACNB4,0.28123,0.169,0.491,4710.0,0.030679
NPRL3,0.24861,0.135,0.491,4711.0,0.19021
ITSN2,0.37828,0.294,0.491,4712.0,9.7511e-13
LTBR,0.23358,0.121,0.491,4713.0,0.3058
NUDCD3,0.21471,0.105,0.491,4714.0,0.44788
SPTA1,0.39414,0.318,0.491,4715.0,2.6001e-18
ARC,0.18984,0.085,0.491,4716.0,0.59433
RENBP,0.21455,0.105,0.491,4717.0,0.44916
CXorf21,0.0,0.0,0.492,4718.0,0.84298
NUDT4,0.10379,0.036,0.492,4719.0,0.79724
MAGOH,0.10376,0.036,0.492,4720.0,0.7974
ATXN3,0.26209,0.148,0.492,4721.0,0.10575
WARS,0.23398,0.121,0.492,4722.0,0.30288
UBE2M,0.10371,0.036,0.492,4723.0,0.79769
ABCC4,0.35485,0.259,0.492,4724.0,1.0674e-07
ARSE,0.19045,0.086,0.492,4725.0,0.58982
UNC5C,0.31478,0.207,0.492,4726.0,0.0008813
KHDRBS3,0.2154,0.105,0.493,4727.0,0.44237
DENND6A,0.30999,0.201,0.493,4728.0,0.0017721
MCTP1,0.32887,0.224,0.493,4729.0,9.3096e-05
PSMC4,0.23424,0.121,0.493,4730.0,0.30101
TBCD,0.35565,0.26,0.493,4731.0,1.0032e-07
SPECC1,0.31507,0.207,0.493,4732.0,0.00086772
LRRK1,0.3686,0.278,0.493,4733.0,4.5228e-10
GRINA,0.21544,0.105,0.493,4734.0,0.44203
ZNF207,0.26241,0.148,0.493,4735.0,0.1046
CRYBG3,0.32894,0.224,0.493,4736.0,9.2709e-05
CXorf30,0.15662,0.063,0.493,4737.0,0.71001
C7orf43,0.25024,0.136,0.494,4738.0,0.18133
CNKSR3,0.28331,0.17,0.494,4739.0,0.028166
DNAJB12,0.21568,0.105,0.494,4740.0,0.44012
WNT5B,0.19104,0.086,0.494,4741.0,0.58535
GLTSCR2,0.25022,0.136,0.494,4742.0,0.18147
HS3ST4,0.10405,0.036,0.494,4743.0,0.79575
GAREML,0.21582,0.105,0.494,4744.0,0.43898
UST,0.21578,0.105,0.494,4745.0,0.43933
CTD-2116N17.1,0.26297,0.149,0.494,4746.0,0.10265
FAM69A,0.19122,0.086,0.494,4747.0,0.58405
SNAI2,0.10413,0.036,0.494,4748.0,0.79531
CARS,0.32056,0.213,0.494,4749.0,0.00040314
CCNYL1,0.191,0.086,0.494,4750.0,0.58564
SRP72,0.31069,0.201,0.494,4751.0,0.0017104
TMCC2,0.23514,0.122,0.494,4752.0,0.29466
YAF2,0.10421,0.036,0.494,4753.0,0.79482
SNRPB,0.15685,0.063,0.494,4754.0,0.70858
UBE2J1,0.21613,0.105,0.495,4755.0,0.43658
DHX8,0.3496,0.251,0.495,4756.0,9.1546e-07
B3GNT7,0.1572,0.063,0.495,4757.0,0.70639
SRPK3,0.23547,0.122,0.495,4758.0,0.29235
ZBTB8OS,0.15735,0.063,0.495,4759.0,0.70542
ATP1A2,0.32613,0.22,0.495,4760.0,0.00018093
GGH,0.19158,0.086,0.495,4761.0,0.58132
PWWP2B,0.0,0.0,0.495,4762.0,0.8409
ST3GAL1,0.1914,0.086,0.495,4763.0,0.58269
EIF4E2,0.19154,0.086,0.495,4764.0,0.58161
NPR2,0.33348,0.23,0.495,4765.0,4.2042e-05
KLHL14,0.2745,0.16,0.495,4766.0,0.0535
FRMD6,0.28353,0.17,0.495,4767.0,0.027916
TMEM115,0.10426,0.036,0.495,4768.0,0.79454
VPS52,0.3212,0.214,0.495,4769.0,0.00038938
AKIRIN1,0.10445,0.036,0.496,4770.0,0.79347
NETO1,0.27494,0.16,0.496,4771.0,0.052622
DAXX,0.26415,0.149,0.496,4772.0,0.098633
ITM2C,0.15755,0.063,0.496,4773.0,0.70418
DTL,0.30616,0.195,0.496,4774.0,0.0033019
MID2,0.25136,0.137,0.496,4775.0,0.1755
GRB14,0.27471,0.16,0.496,4776.0,0.053089
NUAK1,0.26413,0.149,0.496,4777.0,0.098693
IL2RB,0.23567,0.122,0.496,4778.0,0.29095
SEPT2,0.23607,0.122,0.496,4779.0,0.28815
PKD2,0.32696,0.22,0.497,4780.0,0.00017271
RPL17-C18orf32,0.19243,0.087,0.497,4781.0,0.57502
RHOBTB2,0.29299,0.18,0.497,4782.0,0.013306
PAX1,0.15818,0.064,0.498,4783.0,0.70019
DUSP8,0.15825,0.064,0.498,4784.0,0.69975
TCF3,0.28546,0.171,0.498,4785.0,0.025824
ZNF768,0.21773,0.106,0.498,4786.0,0.42411
ZHX3,0.27588,0.161,0.498,4787.0,0.050815
TENC1,0.35409,0.255,0.498,4788.0,3.7043e-07
DCAF11,0.30108,0.189,0.498,4789.0,0.0063315
PGM2L1,0.28538,0.171,0.498,4790.0,0.02591
CCNT1,0.27573,0.161,0.498,4791.0,0.051092
MSH6,0.33574,0.231,0.498,4792.0,3.6705e-05
TGFBR3,0.30777,0.196,0.499,4793.0,0.0030577
ANKH,0.23749,0.123,0.499,4794.0,0.27856
ZNF250,0.23753,0.123,0.499,4795.0,0.2783
KRIT1,0.31939,0.21,0.499,4796.0,0.00069333
UBE2L3,0.0,0.0,0.499,4797.0,0.83844
PQBP1,0.10518,0.036,0.499,4798.0,0.78935
TM4SF2,0.10509,0.036,0.499,4799.0,0.78986
KIAA1467,0.286,0.171,0.499,4800.0,0.025269
SIAH1,0.15843,0.064,0.499,4801.0,0.69866
YWHAQ,0.1586,0.064,0.499,4802.0,0.69755
TIMP2,0.10525,0.036,0.499,4803.0,0.78893
GPR137C,0.21793,0.106,0.499,4804.0,0.42259
APLNR,0.10523,0.036,0.499,4805.0,0.78907
PWP2,0.31921,0.21,0.499,4806.0,0.00069944
PCSK5,0.38189,0.295,0.499,4807.0,2.5352e-12
TBC1D22B,0.28579,0.171,0.499,4808.0,0.025486
MACROD1,0.19323,0.087,0.499,4809.0,0.56909
SNIP1,0.21804,0.106,0.499,4810.0,0.42167
RNF113B,0.10519,0.036,0.499,4811.0,0.78928
CCDC117,0.10547,0.036,0.5,4812.0,0.78769
TEX2,0.32953,0.222,0.5,4813.0,0.00014978
ZNF689,0.21854,0.107,0.5,4814.0,0.41789
ELMOD2,0.2185,0.107,0.5,4815.0,0.41822
LPPR1,0.19363,0.087,0.5,4816.0,0.56614
STARD8,0.28675,0.172,0.5,4817.0,0.024522
ZNF358,0.1055,0.036,0.5,4818.0,0.78754
GAN,0.28642,0.172,0.5,4819.0,0.024842
RUFY2,0.31981,0.21,0.5,4820.0,0.00067843
THAP4,0.23782,0.123,0.5,4821.0,0.27636
ARHGEF40,0.36677,0.272,0.5,4822.0,6.6277e-09
CBFA2T3,0.2772,0.162,0.5,4823.0,0.048373
LAG3,0.23784,0.123,0.5,4824.0,0.27623
MNX1,0.10538,0.036,0.5,4825.0,0.78819
VGF,0.19335,0.087,0.5,4826.0,0.56825
GARNL3,0.34507,0.242,0.501,4827.0,6.8913e-06
MED23,0.36302,0.267,0.501,4828.0,3.1015e-08
ZNF566,0.21895,0.107,0.501,4829.0,0.41475
ZNF335,0.35369,0.253,0.501,4830.0,6.8885e-07
ADAM19,0.3343,0.228,0.501,4831.0,6.8e-05
CDC42,0.10554,0.037,0.501,4832.0,0.78728
ABCA3,0.36114,0.264,0.501,4833.0,6.6226e-08
GET4,0.19424,0.087,0.502,4834.0,0.56164
AP2S1,0.10592,0.037,0.502,4835.0,0.78518
RNF44,0.23872,0.124,0.502,4836.0,0.27044
DUSP16,0.26725,0.151,0.502,4837.0,0.088867
ATL2,0.29577,0.181,0.502,4838.0,0.011822
CD79A,0.15944,0.064,0.502,4839.0,0.69226
PCNP,0.10585,0.037,0.502,4840.0,0.78553
VPS36,0.27831,0.162,0.502,4841.0,0.046442
NOS3,0.35404,0.254,0.502,4842.0,6.7246e-07
TMF1,0.34206,0.238,0.502,4843.0,1.4543e-05
GRAMD1A,0.31602,0.205,0.502,4844.0,0.0013146
IRS1,0.28766,0.172,0.502,4845.0,0.023645
PJA2,0.28756,0.172,0.502,4846.0,0.02374
AGPAT6,0.26752,0.151,0.502,4847.0,0.088075
C1QTNF5,0.0,0.0,0.503,4848.0,0.83565
ANTXR2,0.26791,0.151,0.503,4849.0,0.086921
DUSP7,0.15976,0.064,0.503,4850.0,0.69024
GALNT4,0.23927,0.124,0.503,4851.0,0.26691
LZTS2,0.27851,0.162,0.503,4852.0,0.046089
RFFL,0.21995,0.107,0.503,4853.0,0.40723
SIRT1,0.26777,0.151,0.503,4854.0,0.087326
KIAA1549L,0.36034,0.262,0.503,4855.0,1.2946e-07
CBL,0.32193,0.212,0.503,4856.0,0.00060921
YWHAH,0.10618,0.037,0.504,4857.0,0.78366
GART,0.32758,0.218,0.504,4858.0,0.00027711
MCF2L,0.35847,0.259,0.504,4859.0,2.7178e-07
UNC119B,0.1062,0.037,0.504,4860.0,0.78353
TMEM72,0.10618,0.037,0.504,4861.0,0.78369
GABARAPL1,0.0,0.0,0.504,4862.0,0.83532
AKTIP,0.22041,0.108,0.504,4863.0,0.40379
CACNA1H,0.3753,0.282,0.504,4864.0,4.7778e-10
COL8A1,0.22024,0.107,0.504,4865.0,0.4051
USP21,0.31093,0.198,0.504,4866.0,0.0026379
TRIP11,0.38585,0.298,0.504,4867.0,1.714e-12
CDCA3,0.16004,0.064,0.504,4868.0,0.6885
TECPR1,0.35852,0.259,0.504,4869.0,2.7083e-07
FKBP4,0.25553,0.139,0.504,4870.0,0.15539
COL15A1,0.36564,0.269,0.504,4871.0,2.5406e-08
DNM1L,0.32334,0.213,0.505,4872.0,0.00056753
CBX7,0.16054,0.065,0.505,4873.0,0.68534
HNF4A,0.2561,0.139,0.505,4874.0,0.15285
CSF2,0.0,0.0,0.505,4875.0,0.83468
HYDIN,0.41509,0.342,0.505,4876.0,2.2706e-24
MBNL3,0.16044,0.065,0.505,4877.0,0.68597
RGS1,0.10651,0.037,0.505,4878.0,0.78178
MORC1,0.34762,0.244,0.505,4879.0,5.8802e-06
PNPLA8,0.29743,0.182,0.505,4880.0,0.011024
EPRS,0.37384,0.28,0.505,4881.0,1.0353e-09
TBC1D10C,0.25592,0.139,0.505,4882.0,0.15364
IL27,0.10642,0.037,0.505,4883.0,0.78232
ZNF81,0.19529,0.088,0.505,4884.0,0.55402
SH3RF1,0.29801,0.183,0.505,4885.0,0.010761
NXT2,0.0,0.0,0.505,4886.0,0.83442
PDE3B,0.33736,0.23,0.506,4887.0,5.7226e-05
RHBDF2,0.31804,0.206,0.506,4888.0,0.0011919
CHPF,0.25659,0.139,0.506,4889.0,0.15067
OLIG3,0.0,0.0,0.506,4890.0,0.83391
NAP1L2,0.10664,0.037,0.506,4891.0,0.78108
PEG3,0.34145,0.235,0.506,4892.0,2.6257e-05
NFXL1,0.34466,0.239,0.506,4893.0,1.2429e-05
IL1R1,0.25646,0.139,0.506,4894.0,0.15126
PXN,0.26954,0.152,0.506,4895.0,0.082342
SPDYA,0.1957,0.088,0.506,4896.0,0.551
MYPN,0.35133,0.248,0.506,4897.0,2.611e-06
MYO1F,0.36046,0.26,0.507,4898.0,2.3663e-07
KCNAB1,0.28089,0.164,0.507,4899.0,0.042256
SLC9A2,0.31276,0.199,0.507,4900.0,0.0024247
SEH1L,0.25689,0.14,0.507,4901.0,0.14936
FYTTD1,0.2216,0.108,0.507,4902.0,0.39504
PPP1R15B,0.25662,0.14,0.507,4903.0,0.15053
FAT2,0.40408,0.324,0.507,4904.0,6.023e-18
SMAD7,0.19604,0.088,0.507,4905.0,0.54854
PTEN,0.24093,0.125,0.507,4906.0,0.25651
SPRYD3,0.25684,0.14,0.507,4907.0,0.14961
RPS15,0.0,0.0,0.508,4908.0,0.83284
AADAT,0.25759,0.14,0.508,4909.0,0.14641
SSU72,0.10707,0.037,0.508,4910.0,0.77861
ZNF574,0.27034,0.153,0.508,4911.0,0.080197
SETD3,0.29087,0.174,0.508,4912.0,0.02084
PALLD,0.34944,0.245,0.508,4913.0,5.2547e-06
ABCB4,0.36143,0.261,0.508,4914.0,2.2138e-07
NFYA,0.25764,0.14,0.509,4915.0,0.14619
EDF1,0.10728,0.037,0.509,4916.0,0.77742
FUT8,0.29996,0.184,0.509,4917.0,0.0099264
PDIA4,0.27119,0.153,0.509,4918.0,0.077979
HMGA1,0.0,0.0,0.509,4919.0,0.83209
FAM134A,0.24214,0.126,0.509,4920.0,0.24917
TPM4,0.22251,0.109,0.509,4921.0,0.38852
KLHL18,0.27112,0.153,0.509,4922.0,0.07816
FNTB,0.27086,0.153,0.509,4923.0,0.078838
RBM44,0.32012,0.207,0.509,4924.0,0.0010793
ZNF398,0.25776,0.14,0.509,4925.0,0.14568
MAP2K5,0.30751,0.193,0.509,4926.0,0.004765
FARP1,0.35004,0.245,0.509,4927.0,5.0676e-06
RABGAP1L,0.33533,0.226,0.509,4928.0,0.00010938
SLC30A3,0.19694,0.089,0.509,4929.0,0.5421
MAL,0.0,0.0,0.509,4930.0,0.83197
PELI1,0.22225,0.108,0.509,4931.0,0.39038
BTBD7,0.33564,0.226,0.51,4932.0,0.0001076
RNF138,0.16214,0.065,0.51,4933.0,0.67535
RAB9A,0.0,0.0,0.51,4934.0,0.83175
ZNF12,0.28264,0.165,0.51,4935.0,0.039662
DHDDS,0.24279,0.126,0.51,4936.0,0.24533
FGF8,0.16191,0.065,0.51,4937.0,0.67676
UNC93B1,0.25845,0.141,0.51,4938.0,0.1428
HCK,0.29225,0.175,0.51,4939.0,0.01976
CTNNBL1,0.30049,0.184,0.51,4940.0,0.0097107
PDE5A,0.33585,0.226,0.51,4941.0,0.00010643
KCNJ6,0.19714,0.089,0.51,4942.0,0.54063
LPIN2,0.3397,0.231,0.51,4943.0,5.026e-05
MXD4,0.10747,0.037,0.51,4944.0,0.77635
ADAD1,0.28314,0.165,0.511,4945.0,0.038952
KLHL20,0.30125,0.185,0.511,4946.0,0.0094141
SLC18A2,0.27217,0.154,0.511,4947.0,0.075523
VARS,0.37025,0.272,0.511,4948.0,1.8014e-08
EIF1,0.0,0.0,0.511,4949.0,0.8307
CALB1,0.24317,0.126,0.511,4950.0,0.24308
TFG,0.25899,0.141,0.511,4951.0,0.14061
GPC6,0.25869,0.141,0.511,4952.0,0.14181
ZC3H12A,0.2591,0.141,0.511,4953.0,0.14015
CERS6,0.28341,0.165,0.511,4954.0,0.038583
ALDH1A3,0.25882,0.141,0.511,4955.0,0.14128
SIPA1,0.30842,0.193,0.511,4956.0,0.0045822
ZSCAN20,0.32666,0.215,0.511,4957.0,0.00048141
KIAA1279,0.27211,0.154,0.511,4958.0,0.075682
DMPK,0.28359,0.165,0.512,4959.0,0.038339
KIF13B,0.39072,0.301,0.512,4960.0,2.1366e-12
FAM46D,0.0,0.0,0.512,4961.0,0.83028
NAPA,0.24373,0.126,0.512,4962.0,0.23987
SLC25A11,0.19794,0.089,0.512,4963.0,0.53487
PLA2G15,0.22393,0.109,0.512,4964.0,0.37838
VASN,0.16259,0.065,0.512,4965.0,0.67248
SOX8,0.16272,0.066,0.512,4966.0,0.67167
RASGRP3,0.30205,0.185,0.512,4967.0,0.0091132
EMILIN1,0.30941,0.194,0.512,4968.0,0.0043908
NDNF,0.22366,0.109,0.512,4969.0,0.38029
CTB-102L5.4,0.108,0.037,0.512,4970.0,0.77337
ZNF112,0.30182,0.185,0.512,4971.0,0.0092003
FSIP2,0.42538,0.355,0.512,4972.0,4.6257e-28
GPR85,0.1081,0.037,0.513,4973.0,0.77281
CHTF8,0.0,0.0,0.513,4974.0,0.82949
STYX,0.22406,0.109,0.513,4975.0,0.37747
TMEM178A,0.16308,0.066,0.513,4976.0,0.66946
FOXI1,0.10812,0.037,0.513,4977.0,0.77268
RAB4B,0.16285,0.066,0.513,4978.0,0.67089
RNF208,0.0,0.0,0.513,4979.0,0.82963
ATP6V1E1,0.19891,0.09,0.514,4980.0,0.528
TMEM184B,0.22471,0.11,0.514,4981.0,0.37295
NELFA,0.26049,0.142,0.514,4982.0,0.13469
NDFIP2,0.19899,0.09,0.514,4983.0,0.52743
GPR114,0.26055,0.142,0.514,4984.0,0.13444
NEUROD1,0.1084,0.038,0.514,4985.0,0.77109
SEC23IP,0.34685,0.239,0.514,4986.0,1.9318e-05
SLC7A5,0.24458,0.127,0.514,4987.0,0.23505
CNTN3,0.34632,0.238,0.514,4988.0,1.9893e-05
OSBP2,0.32877,0.216,0.514,4989.0,0.00043434
FGF7,0.10843,0.038,0.514,4990.0,0.77089
MSANTD3-TMEFF1,0.24424,0.127,0.514,4991.0,0.23697
HINFP,0.2847,0.166,0.514,4992.0,0.03685
LARP6,0.16319,0.066,0.514,4993.0,0.66874
NEFM,0.2947,0.177,0.514,4994.0,0.017983
PCSK7,0.31053,0.194,0.514,4995.0,0.0041859
RPS6KA1,0.31812,0.203,0.515,4996.0,0.0019056
CNNM1,0.29526,0.177,0.515,4997.0,0.017607
SHOX,0.16369,0.066,0.515,4998.0,0.66566
USP36,0.34736,0.239,0.515,4999.0,1.877e-05
EIF2AK2,0.29521,0.177,0.515,5000.0,0.017643
PDE3A,0.33466,0.223,0.515,5001.0,0.00019291
ARHGEF3,0.31134,0.195,0.515,5002.0,0.0040454
DMWD,0.22526,0.11,0.515,5003.0,0.36917
GOLGA4,0.40414,0.319,0.515,5004.0,9.481e-16
VAX1,0.1085,0.038,0.515,5005.0,0.7705
NFE2,0.16348,0.066,0.515,5006.0,0.66693
ZNF366,0.27437,0.155,0.515,5007.0,0.070315
ZNF784,0.0,0.0,0.515,5008.0,0.82859
ZNF791,0.26068,0.142,0.515,5009.0,0.13394
GAL3ST1,0.1637,0.066,0.515,5010.0,0.66559
RNF25,0.29521,0.177,0.515,5011.0,0.017639
TNPO3,0.35769,0.253,0.515,5012.0,1.7546e-06
NCS1,0.1639,0.066,0.516,5013.0,0.66434
BRD8,0.36663,0.265,0.516,5014.0,1.5564e-07
TAF6L,0.27446,0.155,0.516,5015.0,0.070105
GPR98,0.44078,0.377,0.516,5016.0,3.1737e-39
ALS2,0.39047,0.298,0.516,5017.0,8.7204e-12
MAPK9,0.27462,0.155,0.516,5018.0,0.069738
CNTNAP4,0.36103,0.257,0.516,5019.0,7.7552e-07
DNAJC3,0.29543,0.177,0.516,5020.0,0.017493
FAM179B,0.37439,0.275,0.516,5021.0,1.333e-08
UBAP2,0.36412,0.261,0.516,5022.0,3.4324e-07
FAM57B,0.16384,0.066,0.516,5023.0,0.66468
CXADR,0.22533,0.11,0.516,5024.0,0.36867
SEMA3C,0.32463,0.21,0.516,5025.0,0.00087445
FAM134C,0.26172,0.142,0.517,5026.0,0.13001
CPS1,0.38137,0.284,0.517,5027.0,1.0947e-09
MTA3,0.28668,0.167,0.517,5028.0,0.03435
MAEA,0.24596,0.128,0.517,5029.0,0.22741
CDV3,0.10891,0.038,0.517,5030.0,0.76817
TMEM184C,0.27513,0.155,0.517,5031.0,0.068601
TTC13,0.34874,0.24,0.517,5032.0,1.739e-05
CHRD,0.34488,0.235,0.517,5033.0,3.7942e-05
RHOC,0.109,0.038,0.517,5034.0,0.76766
PALM,0.20019,0.09,0.517,5035.0,0.51902
HES7,0.0,0.0,0.517,5036.0,0.827
TUBG1,0.26205,0.142,0.517,5037.0,0.12882
RP11-73M18.2,0.33116,0.218,0.518,5038.0,0.00038712
ZHX2,0.28721,0.168,0.518,5039.0,0.03372
ADIPOR2,0.22628,0.11,0.518,5040.0,0.36218
DNAJB11,0.24631,0.128,0.518,5041.0,0.22551
PAK1IP1,0.22621,0.11,0.518,5042.0,0.36265
CPNE8,0.30521,0.187,0.518,5043.0,0.0080248
PEX14,0.24628,0.128,0.518,5044.0,0.22566
SNX25,0.34089,0.23,0.518,5045.0,8.178e-05
ZNF853,0.31964,0.204,0.518,5046.0,0.0017819
AIP,0.22636,0.11,0.518,5047.0,0.36163
CXCL13,0.0,0.0,0.519,5048.0,0.82566
ZIC5,0.10941,0.038,0.519,5049.0,0.76534
TGFBR2,0.26301,0.143,0.519,5050.0,0.12535
EPB41,0.3459,0.236,0.519,5051.0,3.5942e-05
TRAK1,0.33194,0.218,0.519,5052.0,0.00037311
G3BP1,0.28772,0.168,0.519,5053.0,0.033122
ALX4,0.227,0.111,0.519,5054.0,0.35736
TSPAN9,0.16474,0.066,0.519,5055.0,0.65913
ALDH18A1,0.32624,0.211,0.519,5056.0,0.00081212
BIRC3,0.27653,0.156,0.519,5057.0,0.065597
CNTN4,0.3572,0.25,0.519,5058.0,3.3013e-06
GXYLT1,0.2631,0.143,0.519,5059.0,0.12503
TEFM,0.20087,0.09,0.519,5060.0,0.51424
ETAA1,0.30594,0.188,0.519,5061.0,0.0077974
RBM3,0.0,0.0,0.519,5062.0,0.82616
ESRRB,0.2628,0.143,0.519,5063.0,0.12609
ITGB3,0.32046,0.204,0.519,5064.0,0.0017189
NLRP3,0.32627,0.211,0.519,5065.0,0.00081103
PARN,0.33194,0.218,0.519,5066.0,0.00037303
SCARB1,0.27623,0.156,0.519,5067.0,0.066228
BDNF,0.1652,0.067,0.52,5068.0,0.65626
HTR2A,0.2013,0.091,0.52,5069.0,0.51124
CDKAL1,0.29777,0.179,0.52,5070.0,0.016021
SLC44A5,0.34212,0.231,0.52,5071.0,7.6779e-05
FLRT3,0.24732,0.128,0.52,5072.0,0.22014
FBXL2,0.30682,0.188,0.52,5073.0,0.0075282
NADK2,0.27671,0.156,0.52,5074.0,0.065215
RNF170,0.20135,0.091,0.52,5075.0,0.51091
TTL,0.22706,0.111,0.52,5076.0,0.35695
MAPK4,0.24755,0.128,0.52,5077.0,0.21895
RPL38,0.0,0.0,0.52,5078.0,0.8255
TDRKH,0.28839,0.168,0.52,5079.0,0.032356
ZNF668,0.24718,0.128,0.52,5080.0,0.22086
RAB39B,0.0,0.0,0.52,5081.0,0.82529
AC104534.3,0.20137,0.091,0.52,5082.0,0.51076
TCF21,0.0,0.0,0.52,5083.0,0.82553
FBLN2,0.3545,0.246,0.52,5084.0,7.0135e-06
PAM,0.3547,0.246,0.52,5085.0,6.934e-06
RACGAP1,0.32066,0.204,0.52,5086.0,0.0017041
ZNF646,0.35511,0.247,0.521,5087.0,6.7754e-06
CPLX1,0.0,0.0,0.521,5088.0,0.82499
CACNA1S,0.39426,0.301,0.521,5089.0,6.2588e-12
ZFP90,0.28902,0.169,0.521,5090.0,0.031662
NCOA7,0.34752,0.237,0.521,5091.0,3.2987e-05
NRBP2,0.29849,0.179,0.521,5092.0,0.015594
EPHA5,0.34314,0.231,0.521,5093.0,7.2877e-05
CKAP4,0.20168,0.091,0.521,5094.0,0.50863
VAV2,0.35823,0.251,0.521,5095.0,3.1086e-06
PKMYT1,0.24762,0.128,0.521,5096.0,0.21858
LIMK2,0.29846,0.179,0.521,5097.0,0.01561
TMEM181,0.30697,0.188,0.521,5098.0,0.0074859
NAA10,0.11004,0.038,0.522,5099.0,0.76179
COL4A3,0.3983,0.306,0.522,5100.0,1.0699e-12
NALCN,0.40247,0.313,0.522,5101.0,8.5243e-14
FEM1B,0.22832,0.111,0.522,5102.0,0.34865
CFB,0.33419,0.22,0.522,5103.0,0.00033549
BRD9,0.29887,0.179,0.522,5104.0,0.015373
MBD2,0.22818,0.111,0.522,5105.0,0.34957
AKAP5,0.1659,0.067,0.522,5106.0,0.65191
OSBPL1A,0.3686,0.264,0.522,5107.0,2.576e-07
SIX1,0.16573,0.067,0.522,5108.0,0.65297
CHRDL1,0.24804,0.129,0.522,5109.0,0.2164
RHOV,0.11008,0.038,0.522,5110.0,0.76153
RNF26,0.16575,0.067,0.522,5111.0,0.65284
SCAP,0.35937,0.252,0.522,5112.0,2.9094e-06
DHCR24,0.2896,0.169,0.523,5113.0,0.031029
POLDIP3,0.26521,0.144,0.523,5114.0,0.11779
MYLPF,0.11029,0.038,0.523,5115.0,0.76035
PRKAR2A,0.26495,0.144,0.523,5116.0,0.11865
MSTN,0.20218,0.091,0.523,5117.0,0.5052
PLD5,0.28993,0.169,0.523,5118.0,0.030678
KCTD9,0.27843,0.157,0.523,5119.0,0.061749
SSH1,0.33454,0.22,0.523,5120.0,0.00033003
PXDN,0.36899,0.264,0.523,5121.0,2.5126e-07
RPA2,0.20226,0.091,0.523,5122.0,0.50461
SCAMP5,0.16605,0.067,0.523,5123.0,0.65099
FBXO34,0.26557,0.144,0.524,5124.0,0.1166
HACE1,0.35705,0.248,0.524,5125.0,6.0798e-06
INPP5F,0.36997,0.265,0.524,5126.0,2.3623e-07
SLC25A19,0.16633,0.067,0.524,5127.0,0.64923
RGS10,0.11047,0.038,0.524,5128.0,0.75933
ZBTB7B,0.2291,0.112,0.524,5129.0,0.34362
KLHL12,0.29025,0.169,0.524,5130.0,0.030342
PPP2CB,0.22901,0.112,0.524,5131.0,0.34419
RBM7,0.16661,0.067,0.524,5132.0,0.64753
SLA,0.22915,0.112,0.524,5133.0,0.34325
STK4,0.30028,0.18,0.524,5134.0,0.014598
GFRA1,0.2653,0.144,0.524,5135.0,0.1175
GKAP1,0.27874,0.158,0.524,5136.0,0.061133
NHSL2,0.26559,0.144,0.524,5137.0,0.11655
PHLPP2,0.36381,0.257,0.524,5138.0,1.2128e-06
AKAP17A,0.20269,0.091,0.524,5139.0,0.50167
DHX29,0.38276,0.283,0.525,5140.0,3.773e-09
ZW10,0.32384,0.207,0.525,5141.0,0.0014855
CSRNP1,0.22924,0.112,0.525,5142.0,0.34269
TNFSF8,0.11069,0.038,0.525,5143.0,0.75809
CTSS,0.22938,0.112,0.525,5144.0,0.34178
MPHOSPH8,0.32404,0.207,0.525,5145.0,0.0014733
IGSF21,0.24948,0.129,0.525,5146.0,0.20912
SRRM3,0.24957,0.129,0.525,5147.0,0.20868
JAK3,0.35749,0.248,0.525,5148.0,5.9311e-06
KCNA6,0.20333,0.092,0.526,5149.0,0.49728
FAM49A,0.2501,0.13,0.526,5150.0,0.20603
ARPC5,0.0,0.0,0.526,5151.0,0.8215
SPPL2A,0.29157,0.17,0.526,5152.0,0.028995
LARS,0.38123,0.28,0.526,5153.0,8.2142e-09
RNF6,0.30163,0.181,0.526,5154.0,0.01389
FARSA,0.30125,0.181,0.526,5155.0,0.014084
RAB33A,0.0,0.0,0.526,5156.0,0.82154
SLC11A2,0.30999,0.19,0.526,5157.0,0.0066528
FRMD8,0.26627,0.145,0.526,5158.0,0.11432
TDRD15,0.35557,0.245,0.527,5159.0,1.1997e-05
SH3RF3,0.29221,0.171,0.527,5160.0,0.028368
ANKRD44,0.2302,0.112,0.527,5161.0,0.33657
GATA4,0.20395,0.092,0.527,5162.0,0.49308
GYS1,0.33722,0.222,0.527,5163.0,0.0002914
AKAP2,0.34679,0.234,0.527,5164.0,6.0664e-05
BTF3,0.11102,0.038,0.527,5165.0,0.75624
ST8SIA1,0.20397,0.092,0.527,5166.0,0.493
KDM1B,0.32523,0.207,0.527,5167.0,0.0014005
PALM2-AKAP2,0.34679,0.234,0.527,5168.0,6.0664e-05
SLC4A3,0.35515,0.244,0.527,5169.0,1.227e-05
POM121,0.28043,0.158,0.527,5170.0,0.057971
EPHA3,0.35564,0.245,0.527,5171.0,1.1953e-05
GOLGA5,0.34714,0.234,0.527,5172.0,5.9628e-05
POLD1,0.36259,0.254,0.527,5173.0,2.4179e-06
CCDC88B,0.38713,0.287,0.528,5174.0,1.399e-09
CYHR1,0.20424,0.092,0.528,5175.0,0.49115
PDE1A,0.30231,0.181,0.528,5176.0,0.013549
SHROOM2,0.31907,0.2,0.528,5177.0,0.0029403
GPR88,0.11126,0.039,0.528,5178.0,0.75488
CTBP2,0.326,0.208,0.528,5179.0,0.0013557
RPL24,0.16761,0.068,0.528,5180.0,0.64137
TBC1D19,0.33185,0.215,0.528,5181.0,0.00063144
AKAP3,0.28129,0.159,0.528,5182.0,0.056438
ZNF622,0.26737,0.145,0.528,5183.0,0.11086
CORO2B,0.28105,0.159,0.528,5184.0,0.056849
PAGE1,0.0,0.0,0.528,5185.0,0.82048
MYLK,0.39808,0.303,0.528,5186.0,9.1706e-12
GK5,0.31125,0.191,0.528,5187.0,0.0063366
SLC23A2,0.31156,0.191,0.528,5188.0,0.0062629
NGF,0.0,0.0,0.528,5189.0,0.82026
TSNAX,0.20453,0.092,0.529,5190.0,0.48922
SLC25A42,0.20449,0.092,0.529,5191.0,0.48948
IQCJ-SCHIP1,0.29333,0.171,0.529,5192.0,0.027313
SMNDC1,0.16819,0.068,0.529,5193.0,0.63777
CDKN1C,0.0,0.0,0.529,5194.0,0.81963
PARK7,0.11153,0.039,0.529,5195.0,0.75335
CTDP1,0.33302,0.216,0.529,5196.0,0.00059966
RHBDD2,0.16806,0.068,0.529,5197.0,0.63858
SPCS3,0.0,0.0,0.529,5198.0,0.81991
ACBD5,0.31204,0.192,0.529,5199.0,0.006148
ITGA6,0.37345,0.268,0.529,5200.0,1.9014e-07
SRSF9,0.16795,0.068,0.529,5201.0,0.63924
TECR,0.26816,0.146,0.529,5202.0,0.10845
DUSP9,0.0,0.0,0.529,5203.0,0.81981
TRIM13,0.16838,0.068,0.53,5204.0,0.6366
DRG1,0.23142,0.113,0.53,5205.0,0.32895
CEP85,0.33885,0.223,0.53,5206.0,0.00027043
C7orf55-LUC7L2,0.28195,0.159,0.53,5207.0,0.05528
FBXO8,0.20506,0.092,0.53,5208.0,0.48562
SLC5A6,0.31233,0.192,0.53,5209.0,0.0060821
ZFP36,0.11169,0.039,0.53,5210.0,0.75244
KIAA1522,0.29382,0.171,0.53,5211.0,0.026865
LLGL1,0.35312,0.241,0.53,5212.0,2.4685e-05
LRPPRC,0.39289,0.294,0.53,5213.0,2.3019e-10
NFS1,0.28191,0.159,0.53,5214.0,0.055351
GAS1,0.0,0.0,0.53,5215.0,0.81915
POC1B-GALNT4,0.26862,0.146,0.53,5216.0,0.10708
ADAMTSL1,0.40245,0.307,0.531,5217.0,3.1241e-12
ADAM11,0.3583,0.247,0.531,5218.0,1.0387e-05
MUM1L1,0.20547,0.093,0.531,5219.0,0.48293
METAP1,0.26925,0.146,0.531,5220.0,0.10521
NSUN2,0.33987,0.223,0.531,5221.0,0.00025826
PLEKHA7,0.38527,0.283,0.531,5222.0,6.22e-09
KIAA1211,0.34945,0.236,0.531,5223.0,5.3193e-05
NRROS,0.23196,0.113,0.531,5224.0,0.32564
ERP29,0.11193,0.039,0.531,5225.0,0.75108
TRMT12,0.23189,0.113,0.531,5226.0,0.32607
RHBDL1,0.23224,0.113,0.531,5227.0,0.32394
KCNK5,0.23204,0.113,0.531,5228.0,0.32518
KLHDC2,0.29423,0.172,0.531,5229.0,0.026499
STK35,0.20579,0.093,0.532,5230.0,0.48076
BZW2,0.26939,0.147,0.532,5231.0,0.1048
CGGBP1,0.0,0.0,0.532,5232.0,0.81819
KIAA0247,0.16903,0.068,0.532,5233.0,0.63265
MTPN,0.0,0.0,0.532,5234.0,0.81778
FAM81A,0.25309,0.131,0.532,5235.0,0.19196
PDE8A,0.34531,0.23,0.532,5236.0,0.00011503
WDR11,0.38358,0.28,0.532,5237.0,1.3704e-08
KCNC2,0.25372,0.132,0.533,5238.0,0.18911
EIF3E,0.28395,0.16,0.533,5239.0,0.05196
KLC4,0.32904,0.21,0.533,5240.0,0.0011939
RTL1,0.31444,0.193,0.533,5241.0,0.0056135
NFKBID,0.23305,0.114,0.533,5242.0,0.31905
STK25,0.284,0.161,0.533,5243.0,0.051875
RANGAP1,0.29534,0.172,0.533,5244.0,0.025531
SEMA4B,0.33539,0.217,0.533,5245.0,0.00054103
TIMP3,0.1694,0.068,0.533,5246.0,0.63037
AVL9,0.32184,0.202,0.533,5247.0,0.0026324
ITGA3,0.37383,0.266,0.534,5248.0,3.5545e-07
SSR3,0.11259,0.039,0.534,5249.0,0.74736
SSTR1,0.1126,0.039,0.534,5250.0,0.7473
VPS29,0.11266,0.039,0.534,5251.0,0.74696
GATM,0.28429,0.161,0.534,5252.0,0.051418
WDR81,0.37959,0.274,0.534,5253.0,6.7458e-08
AGPAT4,0.27034,0.147,0.534,5254.0,0.1021
PPM1L,0.20699,0.093,0.535,5255.0,0.47287
FBXL7,0.23374,0.114,0.535,5256.0,0.31497
SLC35F3,0.27124,0.148,0.535,5257.0,0.0996
COL14A1,0.41375,0.322,0.535,5258.0,1.4327e-14
COL18A1,0.39664,0.297,0.535,5259.0,1.7414e-10
TSPAN7,0.11288,0.039,0.535,5260.0,0.74577
HVCN1,0.16989,0.068,0.535,5261.0,0.62735
HYAL2,0.25424,0.132,0.535,5262.0,0.18682
WIPF2,0.25427,0.132,0.535,5263.0,0.18669
NIPSNAP1,0.27107,0.147,0.535,5264.0,0.10005
ADCY8,0.36809,0.258,0.535,5265.0,1.7766e-06
RAB3GAP1,0.37787,0.271,0.535,5266.0,1.4523e-07
TAC1,0.11282,0.039,0.535,5267.0,0.74608
KIAA1324L,0.35694,0.243,0.535,5268.0,2.036e-05
CHP1,0.17001,0.069,0.535,5269.0,0.62667
RAD23A,0.25499,0.132,0.536,5270.0,0.18355
UBTD1,0.11291,0.039,0.536,5271.0,0.74558
ITM2B,0.17013,0.069,0.536,5272.0,0.62589
F2,0.33077,0.211,0.536,5273.0,0.0011118
METRNL,0.11294,0.039,0.536,5274.0,0.74538
DCN,0.23419,0.114,0.536,5275.0,0.31231
CLPB,0.33725,0.219,0.536,5276.0,0.00049945
FGG,0.28545,0.161,0.536,5277.0,0.04963
MYLIP,0.25482,0.132,0.536,5278.0,0.18431
SACS,0.43656,0.357,0.536,5279.0,1.0852e-23
RAB5A,0.17036,0.069,0.536,5280.0,0.62452
ZC2HC1A,0.23467,0.115,0.537,5281.0,0.30952
RTEL1,0.39354,0.292,0.537,5282.0,8.8674e-10
TTC18,0.38185,0.276,0.537,5283.0,5.8673e-08
RAP1A,0.17073,0.069,0.537,5284.0,0.62227
PLEKHH1,0.38951,0.286,0.537,5285.0,4.6782e-09
UNC13C,0.41792,0.327,0.537,5286.0,2.1692e-15
UBE2A,0.0,0.0,0.537,5287.0,0.815
SLC16A10,0.23484,0.115,0.537,5288.0,0.30853
ADAMTS19,0.38158,0.275,0.537,5289.0,5.9648e-08
SLC23A1,0.29783,0.174,0.537,5290.0,0.023504
NUTM1,0.32457,0.203,0.537,5291.0,0.0023642
FGF12,0.17062,0.069,0.537,5292.0,0.62294
FAM188A,0.30773,0.185,0.537,5293.0,0.011165
SGCE,0.2975,0.174,0.537,5294.0,0.023761
MAF,0.11322,0.039,0.537,5295.0,0.74382
NES,0.36973,0.259,0.537,5296.0,1.6236e-06
KIF18B,0.32518,0.204,0.538,5297.0,0.002309
OSBPL3,0.37017,0.259,0.538,5298.0,1.585e-06
UAP1,0.29798,0.174,0.538,5299.0,0.023389
MFSD2A,0.30809,0.185,0.538,5300.0,0.011025
TOP3B,0.34408,0.226,0.538,5301.0,0.00021389
SRPX2,0.28646,0.162,0.538,5302.0,0.04812
FGD6,0.38536,0.28,0.538,5303.0,2.4019e-08
PTGFRN,0.33839,0.219,0.538,5304.0,0.00047574
EHD2,0.23499,0.115,0.538,5305.0,0.30763
MST4,0.23493,0.115,0.538,5306.0,0.30798
VPS11,0.35843,0.244,0.538,5307.0,1.8905e-05
PAGR1,0.11343,0.039,0.538,5308.0,0.74265
PAGR1,0.11343,0.039,0.538,5309.0,0.74265
FKBP1A,0.0,0.0,0.538,5310.0,0.81452
PRKAR1B,0.25598,0.133,0.538,5311.0,0.17935
AMER3,0.17132,0.069,0.539,5312.0,0.61869
LDLRAD4,0.17109,0.069,0.539,5313.0,0.62011
VGLL1,0.0,0.0,0.539,5314.0,0.81365
CAMK2D,0.32543,0.204,0.539,5315.0,0.002287
RBM12B,0.31765,0.195,0.539,5316.0,0.0049816
DIO2,0.17117,0.069,0.539,5317.0,0.6196
FGF20,0.0,0.0,0.539,5318.0,0.81379
KDM4C,0.37458,0.265,0.539,5319.0,6.5189e-07
REPIN1,0.27307,0.149,0.539,5320.0,0.09473
TLX1,0.11361,0.039,0.539,5321.0,0.74161
TSSK6,0.11372,0.039,0.539,5322.0,0.741
ERLIN1,0.25642,0.133,0.539,5323.0,0.17751
ACBD3,0.30907,0.185,0.539,5324.0,0.010653
MDC1,0.38627,0.28,0.539,5325.0,2.2689e-08
SH3BP1,0.30959,0.186,0.54,5326.0,0.010463
CPSF1,0.39844,0.297,0.54,5327.0,3.1043e-10
FAM115A,0.17151,0.069,0.54,5328.0,0.61756
ARFGAP2,0.31817,0.195,0.54,5329.0,0.0048866
TWISTNB,0.17159,0.069,0.54,5330.0,0.61708
OTP,0.11383,0.039,0.54,5331.0,0.74039
PIN1,0.11385,0.039,0.54,5332.0,0.74031
SHC3,0.28762,0.163,0.54,5333.0,0.046457
GOLGA1,0.37212,0.261,0.541,5334.0,1.4256e-06
SLC7A14,0.29969,0.175,0.541,5335.0,0.022116
B3GNT3,0.1141,0.04,0.541,5336.0,0.73888
OXCT1,0.31907,0.196,0.541,5337.0,0.0047279
TRPC7,0.34621,0.228,0.541,5338.0,0.00019479
RALYL,0.20918,0.094,0.541,5339.0,0.45873
ASPHD2,0.20913,0.094,0.541,5340.0,0.45902
MUM1,0.327,0.205,0.541,5341.0,0.0021523
NCK2,0.20931,0.094,0.541,5342.0,0.45789
PLEKHM2,0.3605,0.246,0.541,5343.0,1.7077e-05
ZBTB11,0.36894,0.256,0.541,5344.0,3.2012e-06
SHROOM1,0.28814,0.163,0.541,5345.0,0.045738
RNF112,0.30008,0.175,0.541,5346.0,0.021835
WDR75,0.36044,0.246,0.541,5347.0,1.7127e-05
USP39,0.30982,0.186,0.541,5348.0,0.01038
CPOX,0.25789,0.134,0.542,5349.0,0.17152
ICAM5,0.32716,0.205,0.542,5350.0,0.002139
NFIC,0.27474,0.149,0.542,5351.0,0.090534
PIP5K1A,0.32772,0.205,0.542,5352.0,0.0020938
TP53INP2,0.0,0.0,0.542,5353.0,0.8117
DNAJA1,0.27462,0.149,0.542,5354.0,0.090813
ODC1,0.25836,0.134,0.543,5355.0,0.16966
ERC1,0.38322,0.275,0.543,5356.0,1.0574e-07
BARHL2,0.17252,0.07,0.543,5357.0,0.61149
KIFAP3,0.36209,0.247,0.543,5358.0,1.5803e-05
SSB,0.27512,0.15,0.543,5359.0,0.089615
CYB561,0.17261,0.07,0.543,5360.0,0.61092
SEPT3,0.2752,0.15,0.543,5361.0,0.089413
EIF5A,0.11442,0.04,0.543,5362.0,0.73709
BEND2,0.27559,0.15,0.544,5363.0,0.088486
FAM178A,0.37093,0.258,0.544,5364.0,2.8868e-06
RP11-565P22.6,0.0,0.0,0.544,5365.0,0.81065
A2M,0.40526,0.305,0.544,5366.0,4.5229e-11
IFT46,0.25872,0.134,0.544,5367.0,0.16822
MORF4L2,0.0,0.0,0.544,5368.0,0.81082
NEUROG2,0.0,0.0,0.544,5369.0,0.81093
FH,0.27569,0.15,0.544,5370.0,0.08824
TPST1,0.2377,0.116,0.544,5371.0,0.29239
FAM222B,0.2378,0.116,0.544,5372.0,0.29182
UBL3,0.11471,0.04,0.544,5373.0,0.73544
NAA50,0.11482,0.04,0.545,5374.0,0.73486
MLEC,0.17324,0.07,0.545,5375.0,0.60716
CX3CL1,0.17304,0.07,0.545,5376.0,0.60837
PHTF2,0.34839,0.229,0.545,5377.0,0.00017719
DLD,0.31235,0.187,0.545,5378.0,0.0095142
C12orf5,0.11483,0.04,0.545,5379.0,0.7348
WLS,0.30209,0.176,0.545,5380.0,0.020463
MVK,0.25909,0.134,0.545,5381.0,0.16679
UBE3B,0.38741,0.28,0.545,5382.0,4.1871e-08
SSFA2,0.37815,0.267,0.545,5383.0,5.3472e-07
GDAP1L1,0.21131,0.095,0.546,5384.0,0.4453
KLHL32,0.31287,0.188,0.546,5385.0,0.0093469
LMAN1,0.32193,0.198,0.546,5386.0,0.0042632
SURF4,0.17349,0.07,0.546,5387.0,0.60564
GMNC,0.21109,0.095,0.546,5388.0,0.44666
CRNKL1,0.37212,0.259,0.546,5389.0,2.7151e-06
UQCRC1,0.30276,0.177,0.546,5390.0,0.020028
PDK3,0.21128,0.095,0.546,5391.0,0.44547
LRRTM4,0.27673,0.151,0.546,5392.0,0.085808
CAP1,0.30309,0.177,0.547,5393.0,0.019817
PHKA1,0.38307,0.273,0.547,5394.0,2.0904e-07
CNTNAP2,0.397,0.292,0.547,5395.0,2.8673e-09
LMBRD2,0.35019,0.23,0.547,5396.0,0.00016404
LSM11,0.1737,0.07,0.547,5397.0,0.60438
CPNE5,0.34387,0.223,0.547,5398.0,0.00037837
FOXA3,0.11523,0.04,0.547,5399.0,0.73257
EMC3,0.23894,0.117,0.547,5400.0,0.28563
S1PR1,0.11521,0.04,0.547,5401.0,0.73269
CENPC,0.35502,0.237,0.547,5402.0,7.3778e-05
CNOT6,0.30357,0.177,0.548,5403.0,0.019515
DMAP1,0.2917,0.165,0.548,5404.0,0.041133
TNFRSF11B,0.26042,0.135,0.548,5405.0,0.16171
NUP50,0.23937,0.117,0.548,5406.0,0.28337
HOXD3,0.21208,0.096,0.548,5407.0,0.44051
LAMTOR3,0.11546,0.04,0.548,5408.0,0.7313
PPIL2,0.33826,0.216,0.548,5409.0,0.00082347
EIF4H,0.21219,0.096,0.548,5410.0,0.43982
C12orf66,0.21185,0.095,0.548,5411.0,0.44192
ITGA11,0.38665,0.277,0.548,5412.0,8.661e-08
PTCHD2,0.38983,0.281,0.548,5413.0,3.626e-08
APOO,0.1741,0.07,0.548,5414.0,0.60201
SCAMP2,0.26087,0.135,0.548,5415.0,0.16007
HDC,0.32295,0.198,0.548,5416.0,0.0041094
SEPT8,0.27744,0.151,0.548,5417.0,0.084191
SHF,0.26078,0.135,0.548,5418.0,0.16039
SYT4,0.21229,0.096,0.549,5419.0,0.43924
MAB21L2,0.21254,0.096,0.549,5420.0,0.43769
TXNIP,0.26111,0.135,0.549,5421.0,0.15918
RIN2,0.33855,0.216,0.549,5422.0,0.00081408
ZNF385A,0.24005,0.117,0.549,5423.0,0.2798
NOL9,0.31436,0.189,0.549,5424.0,0.008884
CCNB1,0.2609,0.135,0.549,5425.0,0.15993
REEP2,0.21226,0.096,0.549,5426.0,0.43941
SLC10A3,0.0,0.0,0.55,5427.0,0.8071
NAPG,0.27882,0.152,0.55,5428.0,0.081162
LSM14A,0.29276,0.165,0.55,5429.0,0.03987
IDH3A,0.26169,0.136,0.55,5430.0,0.15704
AMIGO2,0.17487,0.07,0.55,5431.0,0.59743
CXCR5,0.11594,0.04,0.55,5432.0,0.72861
DND1,0.21279,0.096,0.55,5433.0,0.43615
RNF169,0.29308,0.166,0.55,5434.0,0.039503
IGDCC4,0.37487,0.261,0.55,5435.0,2.3605e-06
CHFR,0.33943,0.217,0.55,5436.0,0.00078671
CCSER1,0.33935,0.216,0.55,5437.0,0.000789
SULT2B1,0.21289,0.096,0.55,5438.0,0.43553
INTS7,0.36689,0.25,0.55,5439.0,1.2557e-05
STRIP1,0.36692,0.25,0.55,5440.0,1.2538e-05
ACSL3,0.34595,0.224,0.55,5441.0,0.00034758
BCL2L2-PABPN1,0.24017,0.117,0.55,5442.0,0.27913
USP54,0.40927,0.308,0.55,5443.0,3.3877e-11
TRHDE,0.37839,0.265,0.55,5444.0,1.0218e-06
CCDC120,0.21313,0.096,0.551,5445.0,0.43409
LRRC59,0.21309,0.096,0.551,5446.0,0.43432
GBF1,0.42613,0.332,0.551,5447.0,4.7521e-15
H3F3B,0.0,0.0,0.551,5448.0,0.80682
ZKSCAN2,0.36273,0.245,0.551,5449.0,2.8416e-05
ADORA2A,0.17493,0.071,0.551,5450.0,0.5971
GNL2,0.35782,0.238,0.551,5451.0,6.52e-05
DOK6,0.26217,0.136,0.551,5452.0,0.15534
WDR45B,0.26191,0.136,0.551,5453.0,0.15624
RNF216,0.37576,0.261,0.551,5454.0,2.2561e-06
ALOX12B,0.34044,0.217,0.552,5455.0,0.00075626
ANKRD33B,0.21343,0.096,0.552,5456.0,0.43225
SNCAIP,0.34735,0.225,0.552,5457.0,0.00032848
ADCY7,0.37983,0.266,0.552,5458.0,9.4815e-07
PDLIM5,0.33363,0.209,0.552,5459.0,0.0016769
ZNF655,0.26248,0.136,0.552,5460.0,0.15423
MCM4,0.35298,0.232,0.552,5461.0,0.00014571
RLTPR,0.41129,0.309,0.552,5462.0,2.9337e-11
CTD-2132N18.3,0.21341,0.096,0.552,5463.0,0.43241
PDHB,0.26311,0.137,0.553,5464.0,0.15201
NOP58,0.32629,0.2,0.553,5465.0,0.003652
ARL4A,0.0,0.0,0.553,5466.0,0.80528
DBNL,0.30624,0.179,0.553,5467.0,0.017939
ARHGEF4,0.34116,0.218,0.553,5468.0,0.0007357
C14orf2,0.0,0.0,0.553,5469.0,0.8054
HNRNPDL,0.28034,0.153,0.553,5470.0,0.077954
SSR1,0.24183,0.118,0.553,5471.0,0.2706
SMAP2,0.30657,0.179,0.553,5472.0,0.017751
ZNF184,0.32609,0.2,0.553,5473.0,0.0036775
KIF2C,0.3649,0.246,0.554,5474.0,2.5765e-05
SGPL1,0.32649,0.2,0.554,5475.0,0.0036264
WWC2,0.38801,0.276,0.554,5476.0,1.5899e-07
SEC11C,0.11674,0.04,0.554,5477.0,0.72415
SLC39A14,0.26369,0.137,0.554,5478.0,0.15001
RIPK1,0.31771,0.191,0.554,5479.0,0.0079441
USP2,0.34281,0.219,0.555,5480.0,0.0006905
SNRPC,0.11694,0.041,0.555,5481.0,0.72303
SNRPG,0.0,0.0,0.555,5482.0,0.80443
CPSF4,0.24242,0.118,0.555,5483.0,0.26766
OSBPL5,0.37431,0.258,0.555,5484.0,4.6494e-06
HDX,0.28138,0.153,0.555,5485.0,0.075851
PCMTD1,0.24248,0.118,0.555,5486.0,0.26735
POLG,0.40211,0.295,0.555,5487.0,2.0756e-09
TMEM229A,0.17621,0.071,0.555,5488.0,0.58955
TOM1L2,0.33539,0.21,0.555,5489.0,0.0015723
EPHA2,0.37025,0.252,0.555,5490.0,1.073e-05
NDUFB11,0.0,0.0,0.556,5491.0,0.80382
FA2H,0.26464,0.137,0.556,5492.0,0.14678
ELMO2,0.37096,0.253,0.556,5493.0,1.0384e-05
CREBL2,0.11719,0.041,0.556,5494.0,0.72167
DPY19L1,0.3554,0.234,0.556,5495.0,0.00013176
NFKBIB,0.21506,0.097,0.556,5496.0,0.42245
HSPE1,0.0,0.0,0.556,5497.0,0.80379
UBALD1,0.0,0.0,0.557,5498.0,0.8032
HIF1AN,0.28239,0.154,0.557,5499.0,0.073885
PSMD7,0.24322,0.119,0.557,5500.0,0.26367
CD40LG,0.11734,0.041,0.557,5501.0,0.72079
POU6F2,0.33629,0.211,0.557,5502.0,0.0015216
LAMTOR1,0.11733,0.041,0.557,5503.0,0.72085
NANOG,0.11745,0.041,0.557,5504.0,0.72022
SEC61A2,0.31998,0.192,0.558,5505.0,0.0073737
PAX7,0.26527,0.138,0.558,5506.0,0.14469
AK5,0.32916,0.202,0.558,5507.0,0.0033057
PEX3,0.30925,0.181,0.558,5508.0,0.016335
FARSB,0.32925,0.202,0.558,5509.0,0.0032955
ROR2,0.35686,0.235,0.558,5510.0,0.00012401
DIO1,0.17716,0.071,0.558,5511.0,0.58399
FBXO47,0.29697,0.168,0.558,5512.0,0.035287
CTD-3193O13.9,0.26547,0.138,0.558,5513.0,0.14402
ABI3BP,0.39968,0.29,0.558,5514.0,1.0074e-08
TRPM7,0.43364,0.34,0.558,5515.0,5.2086e-16
TGFA,0.11752,0.041,0.558,5516.0,0.71981
NCAPH2,0.35065,0.227,0.558,5517.0,0.00028787
PRKRA,0.21607,0.097,0.558,5518.0,0.41653
SP7,0.17738,0.072,0.558,5519.0,0.58269
SLC44A2,0.35784,0.235,0.559,5520.0,0.00011917
NUP93,0.38084,0.265,0.559,5521.0,1.7535e-06
AP1AR,0.26608,0.138,0.559,5522.0,0.14205
TTC39A,0.34521,0.22,0.559,5523.0,0.0006305
CHRNB4,0.26588,0.138,0.559,5524.0,0.1427
RPS15A,0.0,0.0,0.559,5525.0,0.802
C10orf2,0.32983,0.202,0.559,5526.0,0.0032311
SLC35A2,0.11786,0.041,0.559,5527.0,0.71792
VAPB,0.17766,0.072,0.559,5528.0,0.58111
NID2,0.40271,0.294,0.559,5529.0,4.1103e-09
LPP,0.32075,0.192,0.56,5530.0,0.0071908
YIPF3,0.26634,0.138,0.56,5531.0,0.14123
NDUFS2,0.33818,0.212,0.56,5532.0,0.0014212
ZC3H8,0.24452,0.119,0.56,5533.0,0.25738
SNRPD2,0.0,0.0,0.56,5534.0,0.80129
PCDH11X,0.31026,0.181,0.56,5535.0,0.015836
PRRT2,0.17799,0.072,0.56,5536.0,0.57919
ATP8B1,0.4109,0.305,0.56,5537.0,2.7666e-10
ESRRG,0.28379,0.154,0.56,5538.0,0.071232
CD200,0.21657,0.098,0.56,5539.0,0.41359
MBNL2,0.2448,0.12,0.56,5540.0,0.25602
SUN1,0.37363,0.255,0.56,5541.0,9.1868e-06
BCAP29,0.2449,0.12,0.56,5542.0,0.25556
PIP4K2A,0.26624,0.138,0.56,5543.0,0.14155
PTPN5,0.33814,0.212,0.56,5544.0,0.0014228
ANKRD40,0.24515,0.12,0.561,5545.0,0.25435
E2F2,0.24501,0.12,0.561,5546.0,0.25505
TUB,0.3306,0.203,0.561,5547.0,0.0031466
UBA6,0.40433,0.295,0.561,5548.0,3.7296e-09
ARAP2,0.42833,0.33,0.561,5549.0,8.7668e-14
TNIP3,0.31109,0.182,0.561,5550.0,0.01544
GFI1,0.24503,0.12,0.561,5551.0,0.25492
TSR2,0.0,0.0,0.561,5552.0,0.80082
WDR52,0.43239,0.336,0.561,5553.0,6.1049e-15
KCND1,0.24494,0.12,0.561,5554.0,0.25536
RBM38,0.11824,0.041,0.561,5555.0,0.71583
WDR19,0.41546,0.311,0.561,5556.0,4.632e-11
KIAA1045,0.28444,0.155,0.561,5557.0,0.070044
HNF4G,0.28408,0.155,0.561,5558.0,0.070708
EFTUD1,0.396,0.284,0.561,5559.0,5.1247e-08
UPRT,0.17812,0.072,0.561,5560.0,0.5784
BHLHE22,0.0,0.0,0.562,5561.0,0.79994
F5,0.43277,0.336,0.562,5562.0,5.919e-15
SLC5A7,0.31145,0.182,0.562,5563.0,0.015272
MCM5,0.34686,0.221,0.562,5564.0,0.00059281
FERMT3,0.35324,0.229,0.562,5565.0,0.00026014
COL6A3,0.4489,0.36,0.562,5566.0,1.8131000000000002e-20
CDK5,0.26706,0.139,0.562,5567.0,0.13892
EML3,0.37885,0.261,0.562,5568.0,3.748e-06
NYNRIN,0.40755,0.299,0.562,5569.0,1.4848e-09
PRTG,0.39329,0.28,0.562,5570.0,1.1959e-07
NELFE,0.32205,0.193,0.562,5571.0,0.006895
HEPH,0.3659,0.244,0.563,5572.0,4.6122e-05
DNAH2,0.48232,0.414,0.563,5573.0,1.2998e-44
SLC37A1,0.34739,0.222,0.563,5574.0,0.00058122
CHST11,0.21788,0.098,0.563,5575.0,0.40602
PAK1,0.34002,0.213,0.563,5576.0,0.0013306
TKT,0.32272,0.194,0.563,5577.0,0.006748
TMTC3,0.36579,0.244,0.563,5578.0,4.6335e-05
DCLK3,0.26773,0.139,0.563,5579.0,0.13686
NXF2B,0.11869,0.041,0.563,5580.0,0.71333
PKP1,0.34729,0.222,0.563,5581.0,0.00058339
RPL32,0.0,0.0,0.563,5582.0,0.79962
TMEM198,0.21778,0.098,0.563,5583.0,0.40662
GBX2,0.11867,0.041,0.563,5584.0,0.71347
TFPI,0.24658,0.12,0.564,5585.0,0.2477
TYK2,0.39839,0.286,0.564,5586.0,4.4963e-08
ZNF205,0.30006,0.17,0.564,5587.0,0.032326
FAM199X,0.17911,0.072,0.564,5588.0,0.57269
CCPG1,0.34833,0.222,0.564,5589.0,0.00056126
SLC5A5,0.33251,0.204,0.564,5590.0,0.0029492
TAPT1,0.30033,0.17,0.564,5591.0,0.032078
CD74,0.24632,0.12,0.564,5592.0,0.24889
CPNE2,0.34063,0.213,0.564,5593.0,0.0013021
MTCH2,0.30049,0.17,0.564,5594.0,0.031932
SNRPD1,0.0,0.0,0.564,5595.0,0.79903
RBM8A,0.17912,0.072,0.564,5596.0,0.57268
BMX,0.32306,0.194,0.564,5597.0,0.006673
IGLON5,0.21846,0.098,0.565,5598.0,0.40274
PLEKHG5,0.3812,0.262,0.565,5599.0,3.3605e-06
CLPP,0.1794,0.072,0.565,5600.0,0.57106
MMGT1,0.0,0.0,0.565,5601.0,0.79834
MTMR9,0.34149,0.214,0.565,5602.0,0.0012631
GPC2,0.30094,0.17,0.565,5603.0,0.031538
ESYT2,0.37728,0.257,0.566,5604.0,7.7928e-06
PLEKHM3,0.36208,0.238,0.566,5605.0,0.00010037
CHSY3,0.33359,0.205,0.566,5606.0,0.0028439
MARCH4,0.26906,0.14,0.566,5607.0,0.13283
HMGB3,0.0,0.0,0.566,5608.0,0.79758
GPATCH2L,0.33383,0.205,0.566,5609.0,0.0028216
CDH23,0.38238,0.263,0.567,5610.0,3.1819e-06
DEK,0.26979,0.14,0.567,5611.0,0.13065
PSTPIP2,0.33403,0.205,0.567,5612.0,0.0028024
ABAT,0.32476,0.195,0.567,5613.0,0.0063216
OVOL2,0.1195,0.041,0.567,5614.0,0.70889
TMEM47,0.0,0.0,0.567,5615.0,0.79685
CNPY3,0.21937,0.099,0.567,5616.0,0.39757
CHN1,0.30213,0.171,0.567,5617.0,0.030508
RPL34,0.11951,0.041,0.567,5618.0,0.70885
MFF,0.28712,0.156,0.567,5619.0,0.065397
NEURL1B,0.11951,0.041,0.567,5620.0,0.70887
SYTL4,0.31405,0.183,0.567,5621.0,0.014122
IL15,0.11956,0.041,0.567,5622.0,0.70859
ARHGAP27,0.34268,0.215,0.567,5623.0,0.0012114
DSEL,0.37876,0.258,0.568,5624.0,7.2945e-06
PTPRN2,0.39104,0.274,0.568,5625.0,5.392e-07
MAP6,0.21982,0.099,0.568,5626.0,0.39507
PTPN3,0.40675,0.295,0.568,5627.0,6.706e-09
POU2AF1,0.18037,0.073,0.568,5628.0,0.56553
RP11-101E3.5,0.11981,0.042,0.568,5629.0,0.70721
CHGA,0.30229,0.171,0.568,5630.0,0.030369
CLCC1,0.32536,0.195,0.568,5631.0,0.0062025
HES1,0.11981,0.042,0.568,5632.0,0.7072
MYRIP,0.379,0.258,0.568,5633.0,7.2179e-06
ASCC3,0.4534,0.364,0.568,5634.0,1.1501e-20
KL,0.35707,0.231,0.568,5635.0,0.00022444
PABPN1,0.22035,0.099,0.569,5636.0,0.39216
ZFP28,0.35771,0.232,0.569,5637.0,0.00021901
AMPH,0.37439,0.252,0.569,5638.0,1.7006e-05
SOX2,0.11992,0.042,0.569,5639.0,0.70662
TRAPPC11,0.41479,0.306,0.569,5640.0,4.5628e-10
BTBD3,0.2706,0.14,0.569,5641.0,0.12831
TSSC1,0.2882,0.157,0.569,5642.0,0.063628
ITPR3,0.45821,0.371,0.569,5643.0,2.5541e-22
SPOCK3,0.31535,0.184,0.569,5644.0,0.013583
MAPT,0.32628,0.196,0.569,5645.0,0.0060258
LMO3,0.11986,0.042,0.569,5646.0,0.70695
PLK4,0.37942,0.259,0.569,5647.0,7.0844e-06
SLC24A1,0.36424,0.24,0.569,5648.0,9.2153e-05
BMP7,0.27097,0.141,0.57,5649.0,0.12727
SEC63,0.39615,0.28,0.57,5650.0,2.0818e-07
NUP107,0.41079,0.3,0.57,5651.0,2.5555e-09
UBE2E1,0.12014,0.042,0.57,5652.0,0.70538
SNX8,0.28898,0.157,0.57,5653.0,0.062391
VGLL2,0.12013,0.042,0.57,5654.0,0.70547
GFY,0.18099,0.073,0.57,5655.0,0.56196
RABEP2,0.34446,0.216,0.57,5656.0,0.0011388
FBRSL1,0.32701,0.196,0.571,5657.0,0.0058888
GRK6,0.3522,0.225,0.571,5658.0,0.00048726
SNRPF,0.0,0.0,0.571,5659.0,0.79498
BICD1,0.37623,0.254,0.571,5660.0,1.5724e-05
SMYD5,0.31668,0.185,0.571,5661.0,0.013063
ST6GAL1,0.24963,0.122,0.571,5662.0,0.2341
DTX2,0.30408,0.172,0.571,5663.0,0.028903
ANKRD13A,0.35927,0.233,0.571,5664.0,0.00020646
SRM,0.24947,0.122,0.571,5665.0,0.23479
DEF8,0.3364,0.207,0.571,5666.0,0.0025904
CRYBB2,0.22082,0.1,0.571,5667.0,0.38956
GPR101,0.12044,0.042,0.571,5668.0,0.70375
KDM5B,0.43906,0.34,0.572,5669.0,7.9102e-15
PROS1,0.35314,0.225,0.572,5670.0,0.00047089
EIF2AK4,0.4423,0.345,0.572,5671.0,1.2356e-15
THSD4,0.39339,0.276,0.572,5672.0,4.8082e-07
WFDC2,0.0,0.0,0.572,5673.0,0.79406
PVRL1,0.28977,0.158,0.572,5674.0,0.061154
CEBPZ,0.38129,0.26,0.572,5675.0,6.5282e-06
CACHD1,0.40925,0.297,0.572,5676.0,5.8276e-09
SH3BP4,0.33707,0.207,0.572,5677.0,0.0025338
SLC24A2,0.32798,0.197,0.572,5678.0,0.0057133
HEG1,0.39813,0.281,0.573,5679.0,1.8858e-07
SASH3,0.22166,0.1,0.573,5680.0,0.38496
ABCF3,0.37717,0.254,0.573,5681.0,1.5114e-05
C10orf76,0.38219,0.261,0.573,5682.0,6.2765e-06
C16orf62,0.41316,0.302,0.573,5683.0,2.2319e-09
PPOX,0.30486,0.172,0.573,5684.0,0.02829
DNAH6,0.48281,0.408,0.573,5685.0,1.1201e-36
KCNMB2,0.18234,0.074,0.574,5686.0,0.5544
MEX3B,0.18221,0.073,0.574,5687.0,0.55508
IL34,0.18233,0.074,0.574,5688.0,0.55444
LIN28B,0.18221,0.073,0.574,5689.0,0.55513
RCL1,0.29095,0.158,0.574,5690.0,0.059378
KCND2,0.31824,0.186,0.574,5691.0,0.012477
SLC43A2,0.32895,0.197,0.574,5692.0,0.0055443
ZSWIM4,0.36812,0.242,0.575,5693.0,7.9168e-05
CD248,0.2912,0.158,0.575,5694.0,0.059017
OPCML,0.25106,0.123,0.575,5695.0,0.22804
KCNJ8,0.22264,0.1,0.575,5696.0,0.37965
LZTFL1,0.29113,0.158,0.575,5697.0,0.059115
MLH1,0.37325,0.249,0.575,5698.0,3.41e-05
C15orf39,0.32977,0.198,0.575,5699.0,0.0054058
CECR6,0.12124,0.042,0.575,5700.0,0.69941
CTAGE5,0.39196,0.272,0.575,5701.0,1.0326e-06
MYH7,0.44556,0.348,0.575,5702.0,4.2385e-16
GLCCI1,0.29119,0.158,0.575,5703.0,0.05903
RRP12,0.42371,0.316,0.575,5704.0,5.7892e-11
NCAPH,0.36781,0.242,0.575,5705.0,8.0147e-05
DYNC2H1,0.4929,0.422,0.576,5706.0,1.1366e-44
RER1,0.22281,0.1,0.576,5707.0,0.37879
SMIM14,0.0,0.0,0.576,5708.0,0.79188
BOC,0.39973,0.283,0.576,5709.0,1.7426e-07
BOLL,0.29168,0.159,0.576,5710.0,0.058307
OLA1,0.29185,0.159,0.576,5711.0,0.058062
MADD,0.44083,0.34,0.576,5712.0,1.5363e-14
BRMS1L,0.292,0.159,0.576,5713.0,0.057843
TUBE1,0.30672,0.173,0.576,5714.0,0.026894
FOXE1,0.0,0.0,0.576,5715.0,0.79203
TTC39C,0.35529,0.227,0.576,5716.0,0.00043602
NSRP1,0.3193,0.186,0.576,5717.0,0.012099
RGS14,0.33981,0.209,0.576,5718.0,0.0023174
PEA15,0.0,0.0,0.576,5719.0,0.79212
ANHX,0.2515,0.123,0.576,5720.0,0.22619
PIANP,0.22297,0.101,0.576,5721.0,0.37791
TGFB1I1,0.30653,0.173,0.576,5722.0,0.027032
SPOPL,0.31988,0.187,0.577,5723.0,0.011897
CD244,0.29239,0.159,0.577,5724.0,0.057288
SGK1,0.33998,0.209,0.577,5725.0,0.0023046
ZNF518B,0.34023,0.209,0.577,5726.0,0.0022867
PCM1,0.44722,0.349,0.577,5727.0,3.7067e-16
ICA1,0.34853,0.218,0.577,5728.0,0.00099069
RPRD1A,0.25257,0.123,0.578,5729.0,0.2218
FAM211A,0.1219,0.042,0.578,5730.0,0.69582
COL6A2,0.40506,0.288,0.578,5731.0,6.5112e-08
PISD,0.2526,0.123,0.578,5732.0,0.2217
SGMS2,0.29264,0.159,0.578,5733.0,0.056938
RTCB,0.331,0.199,0.578,5734.0,0.0052059
ASB9,0.12178,0.042,0.578,5735.0,0.69649
KDSR,0.27493,0.143,0.578,5736.0,0.11662
HOXB5,0.12189,0.042,0.578,5737.0,0.69589
B4GALNT4,0.3901,0.269,0.578,5738.0,2.2451e-06
C2orf42,0.33139,0.199,0.578,5739.0,0.005143
SNX17,0.34138,0.21,0.579,5740.0,0.0022034
NDRG4,0.32068,0.187,0.579,5741.0,0.011627
FAM105B,0.25299,0.124,0.579,5742.0,0.2201
PTGER3,0.22406,0.101,0.579,5743.0,0.37217
SLC30A4,0.27539,0.143,0.579,5744.0,0.11544
ZBTB22,0.25322,0.124,0.579,5745.0,0.21918
NOP14,0.39123,0.269,0.58,5746.0,2.1363e-06
NOTUM,0.34206,0.21,0.58,5747.0,0.0021564
HHEX,0.18441,0.074,0.58,5748.0,0.54289
STK24,0.32169,0.188,0.58,5749.0,0.011293
NDRG1,0.32159,0.188,0.58,5750.0,0.011324
ABL2,0.39926,0.28,0.58,5751.0,3.6365e-07
CKB,0.25329,0.124,0.58,5752.0,0.2189
TECTA,0.44993,0.351,0.58,5753.0,2.9863e-16
CTCFL,0.35806,0.228,0.58,5754.0,0.00039547
TRIM23,0.35819,0.229,0.58,5755.0,0.0003937
BUB1B,0.42031,0.309,0.58,5756.0,6.998e-10
NFKBIL1,0.30867,0.175,0.58,5757.0,0.025515
ZFY,0.12231,0.042,0.58,5758.0,0.69359
CNOT8,0.25367,0.124,0.58,5759.0,0.21741
FOXK2,0.30875,0.175,0.58,5760.0,0.025464
IL18RAP,0.34172,0.21,0.58,5761.0,0.0021796
TFRC,0.37137,0.244,0.581,5762.0,6.9902e-05
ARMCX2,0.12252,0.043,0.581,5763.0,0.69249
PIEZO1,0.46437,0.373,0.581,5764.0,3.9379e-21
CHIC2,0.18449,0.074,0.581,5765.0,0.54245
EEPD1,0.29414,0.16,0.581,5766.0,0.054875
NECAB1,0.30942,0.175,0.581,5767.0,0.025009
WNT9B,0.18468,0.075,0.581,5768.0,0.54137
NUB1,0.35843,0.229,0.581,5769.0,0.00039037
RPAP3,0.37136,0.244,0.581,5770.0,6.9941e-05
D2HGDH,0.29453,0.16,0.581,5771.0,0.054343
MBOAT7,0.27637,0.143,0.581,5772.0,0.113
NCAPD2,0.43708,0.332,0.582,5773.0,1.0776e-12
WRNIP1,0.31005,0.175,0.582,5774.0,0.024592
MCAM,0.36625,0.237,0.582,5775.0,0.00015954
CRHBP,0.25434,0.124,0.582,5776.0,0.21476
NAPB,0.27672,0.144,0.582,5777.0,0.11216
FASTK,0.33423,0.2,0.583,5778.0,0.0047199
GPS2,0.29542,0.161,0.583,5779.0,0.053179
CDCA7,0.32321,0.189,0.583,5780.0,0.010816
CDK2AP2,0.0,0.0,0.583,5781.0,0.78801
AGGF1,0.37882,0.252,0.583,5782.0,2.7334e-05
ISLR2,0.27719,0.144,0.583,5783.0,0.11102
CIITA,0.40481,0.286,0.583,5784.0,1.3618e-07
ATP13A2,0.41503,0.3,0.584,5785.0,8.9582e-09
BSDC1,0.31085,0.176,0.584,5786.0,0.02408
YKT6,0.22611,0.102,0.584,5787.0,0.36157
ELF1,0.32375,0.189,0.584,5788.0,0.01065
SLC25A25,0.31099,0.176,0.584,5789.0,0.023986
FAM102A,0.27768,0.144,0.584,5790.0,0.10983
MINOS1,0.0,0.0,0.584,5791.0,0.78732
SLC22A17,0.32391,0.189,0.584,5792.0,0.010603
CDH12,0.36041,0.23,0.584,5793.0,0.00036444
DDR1,0.38929,0.265,0.584,5794.0,4.6331e-06
SEC24A,0.41543,0.3,0.584,5795.0,8.7713e-09
SEC24D,0.40523,0.286,0.584,5796.0,1.3348e-07
PTPRN,0.39768,0.276,0.584,5797.0,7.9561e-07
ULK3,0.34402,0.211,0.584,5798.0,0.0020258
KLHL28,0.31138,0.176,0.585,5799.0,0.023745
TSEN34,0.22616,0.102,0.585,5800.0,0.3613
COL4A2,0.4495,0.348,0.585,5801.0,3.5842e-15
MCM2,0.37981,0.253,0.585,5802.0,2.6301e-05
PIWIL4,0.39475,0.272,0.585,5803.0,1.8323e-06
FHDC1,0.37398,0.246,0.585,5804.0,6.336e-05
USF1,0.3117,0.176,0.585,5805.0,0.023545
TMEM170B,0.0,0.0,0.585,5806.0,0.78657
PDE7A,0.33535,0.201,0.585,5807.0,0.0045645
NKX2-1,0.22666,0.102,0.586,5808.0,0.35874
CABIN1,0.45691,0.359,0.586,5809.0,3.2844e-17
SH2D3C,0.36152,0.231,0.586,5810.0,0.00035085
SP140,0.4104,0.292,0.586,5811.0,4.9994e-08
DDX60,0.45332,0.353,0.586,5812.0,5.2091e-16
SIAH2,0.12359,0.043,0.586,5813.0,0.68669
ENPP1,0.41042,0.292,0.586,5814.0,4.9944e-08
NDST3,0.38556,0.26,0.586,5815.0,1.0699e-05
FSTL3,0.12362,0.043,0.586,5816.0,0.68658
RPS16,0.12351,0.043,0.586,5817.0,0.68713
UNC13B,0.45742,0.359,0.586,5818.0,3.153e-17
ACAP3,0.39045,0.266,0.586,5819.0,4.4135e-06
DNAJB5,0.25655,0.125,0.587,5820.0,0.20629
SYN3,0.34629,0.213,0.587,5821.0,0.0018871
KCNC3,0.2567,0.125,0.587,5822.0,0.20575
SEZ6,0.39584,0.273,0.587,5823.0,1.7486e-06
MTTP,0.38627,0.261,0.587,5824.0,1.04e-05
TMX3,0.33658,0.202,0.587,5825.0,0.0044014
URB1,0.45883,0.361,0.587,5826.0,1.2231e-17
FLRT1,0.22711,0.102,0.587,5827.0,0.35651
GALNT1,0.34592,0.212,0.587,5828.0,0.0019091
DDX43,0.38149,0.254,0.587,5829.0,2.4641e-05
RALGAPA2,0.4579,0.36,0.587,5830.0,3.0325e-17
PLA2G4A,0.37552,0.247,0.587,5831.0,5.9817e-05
DNAJC8,0.29718,0.162,0.587,5832.0,0.050961
JUP,0.35492,0.222,0.587,5833.0,0.00080103
MLH3,0.4108,0.293,0.587,5834.0,4.9023e-08
ADCK5,0.33683,0.202,0.588,5835.0,0.0043693
MBTPS1,0.41823,0.302,0.588,5836.0,7.5901e-09
ULK2,0.41519,0.298,0.588,5837.0,1.877e-08
GTF3C3,0.40065,0.279,0.588,5838.0,6.9686e-07
GALNT16,0.37015,0.24,0.588,5839.0,0.00013872
TRMT5,0.29816,0.162,0.588,5840.0,0.049774
C7orf25,0.22763,0.103,0.588,5841.0,0.35388
MYBPC3,0.43115,0.32,0.588,5842.0,8.0087e-11
TMEM9B,0.18663,0.075,0.588,5843.0,0.53075
RAB4A,0.25755,0.126,0.589,5844.0,0.2026
CDX2,0.18698,0.075,0.589,5845.0,0.52887
NSFL1C,0.29839,0.162,0.589,5846.0,0.049492
ARR3,0.28021,0.145,0.589,5847.0,0.10401
CLP1,0.25752,0.126,0.589,5848.0,0.20272
CPEB2,0.37055,0.24,0.589,5849.0,0.00013675
RBBP8NL,0.32655,0.191,0.589,5850.0,0.0098478
USP9Y,0.37664,0.248,0.589,5851.0,5.7399e-05
VAPA,0.22776,0.103,0.589,5852.0,0.35325
FNDC1,0.43863,0.33,0.589,5853.0,4.7841e-12
SLC19A3,0.28026,0.145,0.589,5854.0,0.1039
TBC1D10A,0.33743,0.202,0.589,5855.0,0.0042922
TMEM180,0.29836,0.162,0.589,5856.0,0.049526
ZNF330,0.29874,0.163,0.59,5857.0,0.049087
EGR1,0.22823,0.103,0.59,5858.0,0.3509
EXOC2,0.42236,0.307,0.59,5859.0,2.8675e-09
C14orf166,0.25781,0.126,0.59,5860.0,0.20165
CRY2,0.3644,0.233,0.59,5861.0,0.00031808
PEX5,0.37752,0.248,0.59,5862.0,5.5557e-05
DNAJA3,0.32672,0.191,0.59,5863.0,0.0098017
HBP1,0.33784,0.203,0.59,5864.0,0.0042407
FIZ1,0.18748,0.076,0.59,5865.0,0.52618
ZC3HAV1,0.38311,0.255,0.59,5866.0,2.3159e-05
ESAM,0.25776,0.126,0.59,5867.0,0.20185
SNX12,0.0,0.0,0.59,5868.0,0.78413
SOWAHA,0.12443,0.043,0.59,5869.0,0.68222
ABLIM3,0.41006,0.29,0.59,5870.0,1.0625e-07
SETDB2,0.3831,0.255,0.59,5871.0,2.3171e-05
RPS24,0.12458,0.043,0.591,5872.0,0.68141
C11orf73,0.18778,0.076,0.591,5873.0,0.52459
NAB1,0.31438,0.178,0.591,5874.0,0.021949
TRA2A,0.32776,0.191,0.591,5875.0,0.0095214
ORMDL3,0.0,0.0,0.591,5876.0,0.78329
FOXM1,0.35731,0.224,0.591,5877.0,0.0007414
ADRB2,0.18762,0.076,0.591,5878.0,0.52545
LETMD1,0.29923,0.163,0.591,5879.0,0.048505
SH3BP5,0.29939,0.163,0.591,5880.0,0.04833
TACC1,0.37785,0.249,0.591,5881.0,5.4901e-05
WBP2,0.22859,0.103,0.591,5882.0,0.34916
COG2,0.3889,0.262,0.591,5883.0,9.3658e-06
PHLDB2,0.41749,0.299,0.591,5884.0,1.6748e-08
HSD17B6,0.22881,0.103,0.591,5885.0,0.34807
TRIM25,0.33882,0.203,0.591,5886.0,0.0041202
COIL,0.3281,0.192,0.592,5887.0,0.009434
B4GALT2,0.25874,0.126,0.592,5888.0,0.19829
DCUN1D4,0.30013,0.163,0.592,5889.0,0.047486
SMOC1,0.32797,0.191,0.592,5890.0,0.0094673
EIF3H,0.30013,0.163,0.592,5891.0,0.047483
ONECUT1,0.18802,0.076,0.592,5892.0,0.52333
FLAD1,0.32837,0.192,0.592,5893.0,0.0093637
SLC8A3,0.35762,0.224,0.592,5894.0,0.00073391
GPM6B,0.22918,0.103,0.592,5895.0,0.34626
C19orf26,0.22911,0.103,0.592,5896.0,0.34663
PGRMC2,0.12483,0.043,0.592,5897.0,0.6801
GPR26,0.18846,0.076,0.593,5898.0,0.52096
MED19,0.0,0.0,0.593,5899.0,0.78193
EDNRB,0.32885,0.192,0.593,5900.0,0.0092419
EXOC6,0.40799,0.286,0.593,5901.0,2.435e-07
PTPLAD1,0.32862,0.192,0.593,5902.0,0.0092999
LPAR3,0.12497,0.043,0.593,5903.0,0.67935
VWF,0.48136,0.393,0.593,5904.0,3.2187e-25
TMEM245,0.39522,0.269,0.593,5905.0,3.6257e-06
BCL6B,0.30065,0.164,0.593,5906.0,0.046898
FANCM,0.45525,0.353,0.593,5907.0,2.3536e-15
METAP2,0.33992,0.204,0.593,5908.0,0.0039908
STXBP3,0.37955,0.25,0.593,5909.0,5.1597e-05
NUMB,0.33987,0.204,0.593,5910.0,0.0039959
LBX1,0.12506,0.043,0.593,5911.0,0.67886
C1orf94,0.32854,0.192,0.593,5912.0,0.0093207
CDH13,0.35884,0.225,0.594,5913.0,0.0007058
SPSB1,0.18868,0.076,0.594,5914.0,0.51982
FAM192A,0.25976,0.127,0.594,5915.0,0.19472
ZFYVE21,0.22996,0.104,0.594,5916.0,0.3425
HPCA,0.12517,0.043,0.594,5917.0,0.6783
RIPK4,0.34015,0.204,0.594,5918.0,0.0039646
RBP4,0.18874,0.076,0.594,5919.0,0.51951
CLSTN2,0.39592,0.27,0.594,5920.0,3.5246e-06
ADAM12,0.40513,0.282,0.594,5921.0,5.7284e-07
HLA-DRA,0.18874,0.076,0.594,5922.0,0.51949
SORBS1,0.44401,0.336,0.594,5923.0,1.534e-12
TNNC1,0.12516,0.043,0.594,5924.0,0.67833
PDCD11,0.4594,0.358,0.594,5925.0,3.2929e-16
ITGA2,0.43536,0.323,0.594,5926.0,6.2805e-11
SP5,0.18894,0.076,0.595,5927.0,0.51846
IRF5,0.32967,0.192,0.595,5928.0,0.0090365
RP11-407N17.3,0.40582,0.282,0.595,5929.0,5.5603e-07
COL7A1,0.50351,0.427,0.595,5930.0,2.4411e-40
ASCL1,0.12543,0.044,0.595,5931.0,0.67692
SIX6,0.18907,0.076,0.595,5932.0,0.51776
PIK3CG,0.40095,0.276,0.595,5933.0,1.4076e-06
NGFR,0.28307,0.147,0.595,5934.0,0.097889
LMO4,0.12548,0.044,0.595,5935.0,0.67667
DPF3,0.31703,0.179,0.595,5936.0,0.020501
NAA60,0.18922,0.076,0.596,5937.0,0.51694
NAA60,0.18922,0.076,0.596,5938.0,0.51694
SPNS1,0.3172,0.179,0.596,5939.0,0.020414
RSPH10B2,0.31712,0.179,0.596,5940.0,0.020458
ARHGAP12,0.40602,0.282,0.596,5941.0,5.513e-07
C1S,0.36017,0.226,0.596,5942.0,0.00067654
SH3BP5L,0.30176,0.164,0.596,5943.0,0.04569
DES,0.33052,0.193,0.596,5944.0,0.0088282
NUSAP1,0.30177,0.164,0.596,5945.0,0.045674
BDP1,0.47604,0.382,0.596,5946.0,1.3293999999999999e-21
DISP1,0.41399,0.293,0.596,5947.0,8.8581e-08
VANGL1,0.31745,0.18,0.596,5948.0,0.020285
CD72,0.31748,0.18,0.596,5949.0,0.020272
RAB33B,0.12575,0.044,0.597,5950.0,0.67523
UBASH3B,0.3821,0.251,0.597,5951.0,4.7054e-05
VWA5B2,0.40717,0.283,0.597,5952.0,5.2466e-07
FAM175B,0.31768,0.18,0.597,5953.0,0.020167
TIMM44,0.35183,0.216,0.597,5954.0,0.0015924
ANKRD46,0.18958,0.077,0.597,5955.0,0.51507
NDN,0.1258,0.044,0.597,5956.0,0.67495
RANBP6,0.3758,0.244,0.597,5957.0,0.00011385
ZBTB42,0.2309,0.104,0.597,5958.0,0.33802
TNFRSF11A,0.33078,0.193,0.597,5959.0,0.0087667
ROBO1,0.46,0.357,0.597,5960.0,7.2696e-16
P2RY1,0.18955,0.076,0.597,5961.0,0.51522
KIFC1,0.36112,0.226,0.598,5962.0,0.00065654
PDE12,0.303,0.165,0.598,5963.0,0.044374
TNFRSF25,0.33129,0.193,0.598,5964.0,0.0086475
ZFP36L1,0.12597,0.044,0.598,5965.0,0.67406
TMEM110,0.26151,0.128,0.598,5966.0,0.18873
CDC45,0.38259,0.252,0.598,5967.0,4.6237e-05
ARHGEF33,0.3937,0.266,0.598,5968.0,7.7621e-06
CRYBG3,0.36938,0.236,0.598,5969.0,0.00026933
CIRBP,0.23125,0.104,0.598,5970.0,0.33636
SRPK1,0.38822,0.259,0.598,5971.0,1.91e-05
NXF3,0.33183,0.194,0.599,5972.0,0.0085216
ARFGAP1,0.35288,0.217,0.599,5973.0,0.0015429
ATP8A2,0.44793,0.338,0.599,5974.0,1.2026e-12
UBLCP1,0.28474,0.148,0.599,5975.0,0.094508
HOXC6,0.19023,0.077,0.599,5976.0,0.51165
CLTB,0.23166,0.105,0.599,5977.0,0.33443
TICRR,0.45353,0.347,0.599,5978.0,7.2142e-14
HIF3A,0.35288,0.217,0.599,5979.0,0.0015428
CD97,0.3993,0.272,0.599,5980.0,3.0761e-06
C20orf194,0.44887,0.339,0.6,5981.0,1.1351e-12
CRX,0.19047,0.077,0.6,5982.0,0.51043
PGAP1,0.41999,0.299,0.6,5983.0,3.1628e-08
CDYL2,0.31943,0.181,0.6,5984.0,0.019293
PRDM14,0.31922,0.181,0.6,5985.0,0.019397
AREL1,0.4087,0.284,0.6,5986.0,4.9149e-07
SPIN3,0.0,0.0,0.6,5987.0,0.77837
COMMD3-BMI1,0.35382,0.217,0.6,5988.0,0.0014998
LHFP,0.12663,0.044,0.601,5989.0,0.67057
TBC1D23,0.39009,0.26,0.601,5990.0,1.782e-05
BUB1,0.42702,0.308,0.601,5991.0,4.8813e-09
CDK5R2,0.12661,0.044,0.601,5992.0,0.67068
EFEMP2,0.33329,0.195,0.601,5993.0,0.0081938
ALDOC,0.2859,0.148,0.601,5994.0,0.092245
PCED1A,0.2858,0.148,0.601,5995.0,0.092448
ENTPD1,0.33385,0.195,0.602,5996.0,0.0080716
MYPOP,0.12695,0.044,0.602,5997.0,0.66892
EHD3,0.30513,0.166,0.602,5998.0,0.042234
GDPD5,0.37161,0.237,0.602,5999.0,0.00025041
TBC1D12,0.39113,0.261,0.602,6000.0,1.715e-05
CNR1,0.19122,0.077,0.602,6001.0,0.50652
NOLC1,0.37846,0.245,0.602,6002.0,0.00010396
FZD1,0.30493,0.166,0.602,6003.0,0.042428
BRF1,0.37842,0.245,0.602,6004.0,0.00010409
CTTNBP2,0.44404,0.331,0.602,6005.0,1.7221e-11
CEP192,0.483,0.389,0.602,6006.0,1.2396999999999998e-22
FAM3A,0.12693,0.044,0.602,6007.0,0.66899
C7orf63,0.41815,0.296,0.602,6008.0,7.3323e-08
SLC6A15,0.36379,0.228,0.602,6009.0,0.00060384
DOK4,0.28628,0.149,0.602,6010.0,0.091531
ZFYVE26,0.48404,0.391,0.602,6011.0,4.6948e-23
C20orf24,0.12681,0.044,0.602,6012.0,0.66964
MON1B,0.32073,0.181,0.602,6013.0,0.018676
DACT3,0.19141,0.077,0.603,6014.0,0.50555
NELFB,0.34563,0.207,0.603,6015.0,0.0033903
ZNF35,0.30536,0.166,0.603,6016.0,0.042004
LSS,0.41466,0.291,0.603,6017.0,1.813e-07
WNT1,0.23342,0.105,0.603,6018.0,0.3263
RPRD1B,0.30561,0.166,0.603,6019.0,0.041768
TADA1,0.28671,0.149,0.603,6020.0,0.090708
TNXB,0.321,0.182,0.603,6021.0,0.018547
ZNF143,0.37241,0.238,0.603,6022.0,0.00024403
ADAMTS3,0.44081,0.326,0.604,6023.0,1.0278e-10
MAEL,0.35605,0.219,0.604,6024.0,0.0014038
RSPO3,0.28749,0.149,0.604,6025.0,0.089252
RHOBTB1,0.3727,0.238,0.604,6026.0,0.00024175
VASH1,0.23356,0.105,0.604,6027.0,0.32566
FGFR3,0.3923,0.261,0.604,6028.0,1.6432e-05
SGSM2,0.42965,0.31,0.604,6029.0,4.2902e-09
AMN1,0.23365,0.105,0.604,6030.0,0.32526
SEMA5B,0.43811,0.322,0.604,6031.0,2.6361e-10
TMC5,0.41923,0.296,0.604,6032.0,6.9877e-08
EGR2,0.19192,0.077,0.604,6033.0,0.50292
STX3,0.3061,0.167,0.604,6034.0,0.041297
MCOLN1,0.36508,0.229,0.604,6035.0,0.00058027
NSF,0.32146,0.182,0.604,6036.0,0.018338
TMEM106B,0.23354,0.105,0.604,6037.0,0.32576
SLC2A14,0.30623,0.167,0.604,6038.0,0.041173
ACSBG1,0.38698,0.255,0.605,6039.0,3.959e-05
HAUS4,0.32218,0.182,0.605,6040.0,0.018011
PGGT1B,0.30658,0.167,0.605,6041.0,0.040841
ADRA2C,0.19218,0.078,0.605,6042.0,0.50159
SGTB,0.30671,0.167,0.605,6043.0,0.040724
TULP1,0.36576,0.229,0.605,6044.0,0.00056824
CCDC93,0.41988,0.297,0.605,6045.0,6.7876e-08
PIWIL2,0.42335,0.301,0.605,6046.0,2.7078e-08
COL5A3,0.47877,0.381,0.605,6047.0,3.3468e-20
RHOXF1,0.0,0.0,0.606,6048.0,0.77494
GNS,0.36598,0.229,0.606,6049.0,0.00056441
TNFRSF21,0.30682,0.167,0.606,6050.0,0.040615
TNFRSF9,0.23448,0.106,0.606,6051.0,0.32153
IL23R,0.36626,0.23,0.606,6052.0,0.00055961
N4BP2,0.44457,0.33,0.606,6053.0,3.7496e-11
STAG3,0.45322,0.342,0.606,6054.0,8.7188e-13
NCAPG,0.41309,0.287,0.606,6055.0,4.0848e-07
RGS12,0.43063,0.311,0.606,6056.0,4.0922e-09
MIDN,0.26461,0.129,0.606,6057.0,0.17862
STK17A,0.30702,0.167,0.606,6058.0,0.040434
SEC13,0.32237,0.182,0.606,6059.0,0.017926
FZD7,0.28799,0.15,0.606,6060.0,0.08835
FKBP15,0.44964,0.337,0.607,6061.0,5.551e-12
FLII,0.44971,0.337,0.607,6062.0,5.5313e-12
SMTN,0.41761,0.293,0.607,6063.0,1.5966e-07
METTL14,0.35782,0.22,0.607,6064.0,0.0013331
PRDM4,0.35806,0.22,0.607,6065.0,0.0013238
DHX38,0.45217,0.34,0.607,6066.0,2.1124e-12
FCER1G,0.12803,0.044,0.607,6067.0,0.66327
ST3GAL4,0.30771,0.167,0.607,6068.0,0.039802
ALX1,0.2654,0.13,0.607,6069.0,0.17618
IK,0.40471,0.276,0.607,6070.0,2.4864e-06
EFNB3,0.23471,0.106,0.607,6071.0,0.3205
EIF3M,0.32339,0.183,0.607,6072.0,0.01748
ARPP19,0.0,0.0,0.608,6073.0,0.77371
PSD2,0.3755,0.24,0.608,6074.0,0.00022099
DDX50,0.40992,0.282,0.608,6075.0,9.7491e-07
CLCN6,0.42226,0.298,0.608,6076.0,6.1077e-08
DOLPP1,0.26579,0.13,0.608,6077.0,0.17497
GTF2E2,0.30827,0.168,0.608,6078.0,0.039299
NCKIPSD,0.3752,0.239,0.608,6079.0,0.00022309
CSTF2T,0.28908,0.15,0.608,6080.0,0.086385
SLC17A8,0.35817,0.22,0.608,6081.0,0.0013196
SERINC1,0.33682,0.197,0.608,6082.0,0.0074634
MEF2C,0.32392,0.183,0.608,6083.0,0.017256
KIAA0754,0.28959,0.15,0.609,6084.0,0.085483
ZC3H10,0.23569,0.106,0.609,6085.0,0.31615
MAPK7,0.34882,0.209,0.609,6086.0,0.0031023
GLIS1,0.30872,0.168,0.609,6087.0,0.038902
NEK6,0.30872,0.168,0.609,6088.0,0.038901
NDUFA2,0.0,0.0,0.609,6089.0,0.77351
KATNB1,0.39581,0.264,0.609,6090.0,1.4478e-05
ZNF324,0.30924,0.168,0.61,6091.0,0.038443
KHDRBS2,0.30913,0.168,0.61,6092.0,0.038537
TFAM,0.26657,0.13,0.61,6093.0,0.17259
IHH,0.23619,0.107,0.61,6094.0,0.31397
PDZRN4,0.41153,0.283,0.61,6095.0,9.1425e-07
LYL1,0.0,0.0,0.61,6096.0,0.77265
VPS53,0.42069,0.295,0.611,6097.0,1.3999e-07
C19orf47,0.26713,0.131,0.611,6098.0,0.17091
ZNF583,0.33843,0.198,0.611,6099.0,0.007156
TMEM120B,0.33861,0.198,0.611,6100.0,0.0071229
COX10,0.29042,0.151,0.611,6101.0,0.08405
SOHLH2,0.36026,0.221,0.611,6102.0,0.0012421
CCDC169-SOHLH2,0.36026,0.221,0.611,6103.0,0.0012421
WNT2B,0.30937,0.168,0.611,6104.0,0.038333
DAPP1,0.26687,0.13,0.611,6105.0,0.17169
GNAI3,0.30942,0.168,0.611,6106.0,0.038287
SMARCAL1,0.40724,0.278,0.611,6107.0,2.2554e-06
SNX33,0.29041,0.151,0.611,6108.0,0.08407
SH3D19,0.40253,0.272,0.611,6109.0,5.5622e-06
MTFR1L,0.23646,0.107,0.611,6110.0,0.31279
PLEKHG2,0.43715,0.318,0.611,6111.0,1.3557e-09
PREX2,0.47104,0.366,0.611,6112.0,3.3283e-16
AKAP14,0.12899,0.045,0.612,6113.0,0.65829
BTBD10,0.35071,0.21,0.612,6114.0,0.0029452
UXS1,0.35081,0.21,0.612,6115.0,0.0029371
ABCF1,0.43829,0.318,0.612,6116.0,1.2823e-09
TMEM64,0.19446,0.079,0.612,6117.0,0.49005
ST6GALNAC5,0.26755,0.131,0.612,6118.0,0.16967
ZNF101,0.0,0.0,0.612,6119.0,0.77153
NRAS,0.19445,0.079,0.612,6120.0,0.49009
GPR124,0.42467,0.3,0.612,6121.0,5.4955e-08
GLUD1,0.33901,0.198,0.612,6122.0,0.0070495
KLF15,0.19479,0.079,0.613,6123.0,0.48843
SLC1A5,0.26788,0.131,0.613,6124.0,0.16869
ICK,0.39803,0.265,0.613,6125.0,1.3376e-05
TAT,0.33984,0.198,0.613,6126.0,0.0068998
CD164,0.19466,0.079,0.613,6127.0,0.48906
SLC39A7,0.29159,0.151,0.613,6128.0,0.082078
ASIC4,0.35169,0.211,0.614,6129.0,0.0028675
HLA-E,0.31121,0.169,0.614,6130.0,0.036773
C11orf57,0.23769,0.107,0.614,6131.0,0.30748
MAPK3,0.31108,0.169,0.614,6132.0,0.036884
TGFB1,0.31112,0.169,0.614,6133.0,0.03685
RNF166,0.19514,0.079,0.614,6134.0,0.48668
SLC7A6OS,0.26827,0.131,0.614,6135.0,0.16755
PAX9,0.23742,0.107,0.614,6136.0,0.30866
LCAT,0.29223,0.152,0.614,6137.0,0.08102
ITPR2,0.50451,0.416,0.615,6138.0,5.7127e-29
LONRF2,0.36233,0.223,0.615,6139.0,0.0011706
SPIC,0.23788,0.107,0.615,6140.0,0.30668
OLFM2,0.29272,0.152,0.615,6141.0,0.080225
SLC30A2,0.29232,0.152,0.615,6142.0,0.080883
HOMEZ,0.32751,0.185,0.615,6143.0,0.015814
KCNJ2,0.23792,0.107,0.615,6144.0,0.30653
RNF20,0.44599,0.328,0.615,6145.0,1.7545e-10
TMEM89,0.0,0.0,0.615,6146.0,0.76981
GPC1,0.32822,0.186,0.616,6147.0,0.015547
NOP10,0.0,0.0,0.616,6148.0,0.76943
PALM3,0.19558,0.079,0.616,6149.0,0.48446
FECH,0.35312,0.212,0.616,6150.0,0.0027587
ANKRD10,0.26933,0.132,0.616,6151.0,0.1645
DPP4,0.43508,0.312,0.616,6152.0,7.2797e-09
AHCY,0.31226,0.17,0.616,6153.0,0.035922
PDCL,0.23831,0.108,0.616,6154.0,0.30486
COL4A4,0.47332,0.367,0.616,6155.0,6.7123e-16
NXPH1,0.19574,0.079,0.616,6156.0,0.4837
DCX,0.23847,0.108,0.616,6157.0,0.3042
RCSD1,0.31197,0.17,0.616,6158.0,0.036157
RGMA,0.26925,0.132,0.616,6159.0,0.16472
TMEM39B,0.34213,0.2,0.617,6160.0,0.0065082
CLDND1,0.26967,0.132,0.617,6161.0,0.16354
EPHB6,0.42435,0.298,0.617,6162.0,1.2013e-07
RP11-1035H13.3,0.26954,0.132,0.617,6163.0,0.1639
OPRL1,0.19614,0.079,0.617,6164.0,0.48172
LYSMD3,0.23856,0.108,0.617,6165.0,0.30382
MAN2A1,0.44756,0.329,0.617,6166.0,1.6205e-10
POLR2H,0.1301,0.045,0.617,6167.0,0.65257
AARS,0.43213,0.308,0.617,6168.0,1.8242e-08
LHFPL4,0.13012,0.045,0.617,6169.0,0.65247
DACH2,0.27006,0.132,0.618,6170.0,0.16242
ZFP92,0.13026,0.045,0.618,6171.0,0.65179
CDC42SE2,0.0,0.0,0.618,6172.0,0.76835
PTPDC1,0.39522,0.26,0.618,6173.0,2.9858e-05
HSPA12B,0.37328,0.234,0.618,6174.0,0.00045299
RGS8,0.23903,0.108,0.618,6175.0,0.30184
ICAM1,0.31306,0.17,0.618,6176.0,0.035295
KCNJ9,0.23915,0.108,0.618,6177.0,0.30133
RPL28,0.0,0.0,0.618,6178.0,0.76854
ZNF41,0.31333,0.171,0.618,6179.0,0.035083
CCDC92,0.23951,0.108,0.619,6180.0,0.29985
NOC4L,0.3652,0.224,0.619,6181.0,0.0010792
OTUD1,0.13043,0.045,0.619,6182.0,0.65091
IER2,0.0,0.0,0.619,6183.0,0.76773
ZBTB7C,0.27062,0.132,0.619,6184.0,0.16087
KLHL13,0.31342,0.171,0.619,6185.0,0.035016
MAN2A2,0.4491,0.33,0.619,6186.0,1.4995e-10
TMED7,0.19656,0.079,0.619,6187.0,0.47966
TBP,0.32963,0.186,0.619,6188.0,0.015031
SOX7,0.19667,0.079,0.619,6189.0,0.47914
WIPI2,0.34286,0.2,0.619,6190.0,0.0063887
MIB2,0.42234,0.294,0.62,6191.0,2.8024e-07
RCE1,0.2711,0.133,0.62,6192.0,0.15955
FZD3,0.37461,0.235,0.62,6193.0,0.00043561
MAPK1IP1L,0.13062,0.045,0.62,6194.0,0.64991
ZNF133,0.35528,0.213,0.62,6195.0,0.0026035
TUBA4A,0.271,0.132,0.62,6196.0,0.15983
JKAMP,0.29508,0.153,0.62,6197.0,0.076522
CNIH1,0.13068,0.045,0.62,6198.0,0.64965
TUSC2,0.0,0.0,0.62,6199.0,0.7671
PRC1,0.42351,0.294,0.621,6200.0,2.6753e-07
WDR91,0.40919,0.276,0.621,6201.0,4.3664e-06
BCAN,0.41384,0.282,0.621,6202.0,1.7582e-06
LAMA1,0.51452,0.428,0.621,6203.0,3.2247999999999996e-32
HADHA,0.40875,0.276,0.621,6204.0,4.4354e-06
PABPC1L,0.37489,0.235,0.621,6205.0,0.00043212
UNC5B,0.42334,0.294,0.621,6206.0,2.6935e-07
NR1D2,0.34421,0.201,0.621,6207.0,0.0061743
HSPA4L,0.41856,0.288,0.621,6208.0,6.9455e-07
FAM160A1,0.40321,0.269,0.621,6209.0,1.1161e-05
ST3GAL3,0.35592,0.214,0.621,6210.0,0.0025598
ESYT1,0.46701,0.354,0.622,6211.0,1.6707e-13
FOXRED2,0.35646,0.214,0.622,6212.0,0.0025238
FADS3,0.35631,0.214,0.622,6213.0,0.0025334
PRKD1,0.4197,0.289,0.622,6214.0,6.6485e-07
SMOC2,0.35639,0.214,0.622,6215.0,0.0025279
KRT10,0.35643,0.214,0.622,6216.0,0.0025253
NSMCE4A,0.33108,0.187,0.622,6217.0,0.014523
PAF1,0.38406,0.245,0.622,6218.0,0.00016932
PLEKHO2,0.31535,0.172,0.622,6219.0,0.033559
GPR50,0.13132,0.046,0.623,6220.0,0.64639
HOOK1,0.43289,0.306,0.623,6221.0,3.8686e-08
SLC25A3,0.29621,0.154,0.623,6222.0,0.074834
GOT2,0.33194,0.188,0.623,6223.0,0.014233
TMEM123,0.13131,0.046,0.623,6224.0,0.64643
COQ10B,0.24089,0.109,0.623,6225.0,0.29421
ZNF304,0.31626,0.172,0.624,6226.0,0.032902
ATP1B2,0.29699,0.154,0.624,6227.0,0.073684
QSOX1,0.39946,0.263,0.624,6228.0,2.5936e-05
YARS,0.36777,0.226,0.624,6229.0,0.0010047
GJA1,0.2727,0.133,0.624,6230.0,0.15523
TDRD3,0.41095,0.277,0.624,6231.0,4.1011e-06
RTN3,0.39225,0.254,0.624,6232.0,6.6163e-05
PPP4R4,0.44336,0.32,0.624,6233.0,2.2494e-09
CD2,0.19833,0.08,0.624,6234.0,0.47108
SMARCD2,0.39287,0.255,0.625,6235.0,6.4893e-05
TLR9,0.40616,0.271,0.625,6236.0,1.0088e-05
C1orf172,0.27309,0.134,0.625,6237.0,0.15422
ZBED6,0.3776,0.237,0.625,6238.0,0.00039942
ZNF563,0.0,0.0,0.625,6239.0,0.7644
RNF167,0.31733,0.173,0.626,6240.0,0.032145
TXNDC16,0.40657,0.271,0.626,6241.0,9.949e-06
CKAP2L,0.38616,0.246,0.626,6242.0,0.00015885
LRRN3,0.31695,0.173,0.626,6243.0,0.032413
SPAG17,0.50499,0.409,0.626,6244.0,1.1892000000000001e-24
SERAC1,0.41213,0.278,0.626,6245.0,3.9339e-06
TMEM41B,0.24234,0.109,0.626,6246.0,0.28842
EPS8L2,0.41827,0.285,0.627,6247.0,1.494e-06
SERPINF2,0.33381,0.189,0.627,6248.0,0.013624
FBXO24,0.3791,0.238,0.627,6249.0,0.00038251
KEAP1,0.37863,0.237,0.627,6250.0,0.00038766
MTR,0.46453,0.348,0.627,6251.0,2.4301e-12
UTP18,0.35943,0.216,0.627,6252.0,0.0023345
CERS3,0.34748,0.203,0.627,6253.0,0.0056921
COL16A1,0.50517,0.409,0.627,6254.0,2.9031e-24
SUCLA2,0.35919,0.216,0.627,6255.0,0.0023488
TOX2,0.31756,0.173,0.627,6256.0,0.031987
IL22RA1,0.34752,0.203,0.627,6257.0,0.0056855
FDPS,0.34799,0.203,0.628,6258.0,0.0056199
DRP2,0.41351,0.279,0.628,6259.0,3.7475e-06
SV2C,0.40139,0.264,0.628,6260.0,2.4354e-05
MRVI1,0.42779,0.297,0.628,6261.0,2.2619e-07
ACTG2,0.29886,0.155,0.628,6262.0,0.071036
CENPL,0.29872,0.155,0.628,6263.0,0.071221
HOXA1,0.24317,0.11,0.628,6264.0,0.28514
DOPEY2,0.49736,0.396,0.628,6265.0,7.546499999999999e-21
MAB21L1,0.24289,0.11,0.628,6266.0,0.28626
HR,0.44978,0.327,0.628,6267.0,7.438e-10
CITED2,0.0,0.0,0.628,6268.0,0.76271
RUNDC3B,0.37053,0.228,0.628,6269.0,0.00093163
NR1H4,0.37024,0.227,0.628,6270.0,0.00093892
SHFM1,0.0,0.0,0.628,6271.0,0.76288
ERGIC2,0.33434,0.189,0.628,6272.0,0.013458
CTC1,0.46063,0.342,0.628,6273.0,1.6015e-11
SLC35B2,0.29853,0.155,0.628,6274.0,0.071488
CHN2,0.35999,0.216,0.628,6275.0,0.0023008
NEDD4,0.46781,0.352,0.628,6276.0,8.7208e-13
NXPE3,0.3344,0.189,0.628,6277.0,0.013439
MARK3,0.41953,0.286,0.629,6278.0,1.4273e-06
CDSN,0.19984,0.081,0.629,6279.0,0.46391
LRRC49,0.4084,0.272,0.629,6280.0,9.3518e-06
GATA5,0.24326,0.11,0.629,6281.0,0.28478
SYNPO2,0.43266,0.303,0.629,6282.0,8.5623e-08
RAB24,0.27486,0.134,0.629,6283.0,0.14963
ZFAT,0.44042,0.314,0.629,6284.0,1.275e-08
FAM13C,0.39639,0.257,0.63,6285.0,5.8127e-05
AMFR,0.39626,0.257,0.63,6286.0,5.8368e-05
TMEM165,0.24362,0.11,0.63,6287.0,0.28339
EDIL3,0.38902,0.248,0.63,6288.0,0.00014584
CABLES1,0.3489,0.204,0.63,6289.0,0.0054966
MYH3,0.49887,0.397,0.63,6290.0,6.719699999999999e-21
ZFAND6,0.20017,0.081,0.63,6291.0,0.46236
EFNA1,0.20011,0.081,0.63,6292.0,0.46263
FSTL5,0.41999,0.286,0.63,6293.0,1.4042e-06
DNAJC10,0.44211,0.315,0.631,6294.0,1.1869e-08
NKX3-2,0.13294,0.046,0.631,6295.0,0.63821
LDHA,0.30022,0.156,0.631,6296.0,0.069173
STARD9,0.53073,0.447,0.631,6297.0,1.0335999999999999e-38
MGAT3,0.27581,0.135,0.631,6298.0,0.14725
SLC51A,0.29987,0.156,0.631,6299.0,0.069643
ATP6V1H,0.38917,0.248,0.631,6300.0,0.00014523
SYCE2,0.2443,0.11,0.631,6301.0,0.28077
SV2B,0.39702,0.257,0.631,6302.0,5.7007e-05
PDDC1,0.20058,0.081,0.631,6303.0,0.46045
PPARA,0.32027,0.174,0.632,6304.0,0.030182
PLAT,0.39726,0.258,0.632,6305.0,5.6593e-05
PSMD8,0.3005,0.156,0.632,6306.0,0.068806
ARL4C,0.0,0.0,0.632,6307.0,0.76081
HEATR5B,0.50371,0.404,0.632,6308.0,3.066e-22
IL17RA,0.38159,0.239,0.632,6309.0,0.00035636
MPP3,0.41587,0.281,0.632,6310.0,3.4521e-06
UTP14C,0.35004,0.204,0.632,6311.0,0.0053453
CAB39,0.3011,0.156,0.633,6312.0,0.068013
SLC6A9,0.40497,0.266,0.633,6313.0,2.1702e-05
VSNL1,0.20122,0.081,0.633,6314.0,0.45742
HPS4,0.39095,0.25,0.633,6315.0,0.00013778
LMO1,0.13349,0.046,0.633,6316.0,0.63546
SLC25A37,0.2448,0.11,0.633,6317.0,0.27886
PTPRJ,0.46493,0.345,0.634,6318.0,1.2879e-11
GOLGA7,0.20149,0.081,0.634,6319.0,0.45619
VRK1,0.36327,0.218,0.634,6320.0,0.0021149
MKRN3,0.24515,0.111,0.634,6321.0,0.27756
EN2,0.13369,0.047,0.634,6322.0,0.63448
FCGR2B,0.20145,0.081,0.634,6323.0,0.45637
CAMKK1,0.38328,0.24,0.634,6324.0,0.00033981
ACVR1C,0.37385,0.23,0.634,6325.0,0.00085157
KPNA5,0.39158,0.25,0.634,6326.0,0.00013525
MPC2,0.13355,0.046,0.634,6327.0,0.63515
USP4,0.45078,0.325,0.634,6328.0,1.6119e-09
FAM53C,0.30141,0.157,0.634,6329.0,0.067598
BRCA2,0.51305,0.417,0.635,6330.0,2.3581e-25
MEI1,0.46805,0.349,0.635,6331.0,4.711e-12
ITGAM,0.46286,0.342,0.635,6332.0,3.3148e-11
EDN1,0.20174,0.081,0.635,6333.0,0.45504
PPARG,0.32184,0.175,0.635,6334.0,0.029194
PRR5,0.30194,0.157,0.635,6335.0,0.066916
TJP2,0.46335,0.342,0.635,6336.0,3.236e-11
UNCX,0.13379,0.047,0.635,6337.0,0.63399
SEMA6C,0.42351,0.289,0.635,6338.0,1.238e-06
RP5-1052I5.2,0.30208,0.157,0.635,6339.0,0.066738
ZNF382,0.32151,0.175,0.635,6340.0,0.029397
THSD7B,0.49779,0.393,0.635,6341.0,2.6474000000000004e-19
COL9A2,0.44515,0.317,0.636,6342.0,1.0453e-08
HCRTR2,0.35252,0.206,0.636,6343.0,0.005035
SLC18A3,0.20206,0.082,0.636,6344.0,0.45355
ALOX5,0.42425,0.289,0.636,6345.0,1.2059e-06
CALCOCO1,0.42434,0.289,0.636,6346.0,1.202e-06
SLC25A23,0.36427,0.219,0.636,6347.0,0.0020617
SLC25A4,0.20211,0.082,0.636,6348.0,0.45334
TMOD3,0.30238,0.157,0.636,6349.0,0.06636
SPIN4,0.0,0.0,0.636,6350.0,0.75843
TEF,0.13401,0.047,0.636,6351.0,0.63291
UBC,0.27814,0.136,0.636,6352.0,0.14161
DOK1,0.32215,0.175,0.636,6353.0,0.029002
SIL1,0.3384,0.191,0.636,6354.0,0.012265
RCHY1,0.3025,0.157,0.636,6355.0,0.066203
TINAGL1,0.3844,0.241,0.636,6356.0,0.00032933
BGN,0.20233,0.082,0.637,6357.0,0.45229
UBE2S,0.13425,0.047,0.637,6358.0,0.63172
HDGF,0.24644,0.111,0.637,6359.0,0.27272
PPFIA4,0.40776,0.268,0.637,6360.0,1.9863e-05
SLC1A4,0.30299,0.157,0.637,6361.0,0.06559
ATRIP,0.40767,0.268,0.637,6362.0,1.9918e-05
DENND2D,0.37556,0.231,0.637,6363.0,0.00081369
PRR5L,0.30309,0.157,0.637,6364.0,0.065457
WDR12,0.38481,0.241,0.637,6365.0,0.00032559
VSTM2A,0.24643,0.111,0.637,6366.0,0.27277
GALNT10,0.40775,0.268,0.637,6367.0,1.987e-05
GDF7,0.13447,0.047,0.638,6368.0,0.63062
SOCS2,0.1346,0.047,0.638,6369.0,0.62999
TRHR,0.24688,0.111,0.638,6370.0,0.2711
TPST2,0.24688,0.111,0.638,6371.0,0.27109
ABCB11,0.47291,0.354,0.638,6372.0,1.5612e-12
NR2F6,0.20259,0.082,0.638,6373.0,0.45111
AMPD2,0.43012,0.296,0.638,6374.0,4.5084e-07
ANPEP,0.45019,0.323,0.638,6375.0,3.7492e-09
MPZ,0.24675,0.111,0.638,6376.0,0.27158
GRM8,0.42996,0.296,0.638,6377.0,4.5334e-07
KCNG3,0.24672,0.111,0.638,6378.0,0.27167
PLOD2,0.4389,0.308,0.638,6379.0,6.6965e-08
SYNGR1,0.20257,0.082,0.638,6380.0,0.45121
TNNT2,0.36539,0.219,0.638,6381.0,0.0020041
DHX16,0.47244,0.354,0.638,6382.0,1.5996e-12
CYC1,0.27936,0.137,0.639,6383.0,0.13875
GTF2IRD2B,0.30393,0.158,0.639,6384.0,0.064422
MYCBPAP,0.44749,0.319,0.639,6385.0,9.491e-09
RP11-1407O15.2,0.32382,0.176,0.639,6386.0,0.028009
TBCCD1,0.36597,0.22,0.639,6387.0,0.0019751
GCDH,0.35403,0.207,0.639,6388.0,0.004856
LGR6,0.42053,0.284,0.639,6389.0,2.9439e-06
SH3GL1,0.34044,0.193,0.639,6390.0,0.011714
LRRC8C,0.37692,0.232,0.639,6391.0,0.00078506
UGT8,0.32386,0.176,0.639,6392.0,0.027986
CHST14,0.20343,0.082,0.64,6393.0,0.44727
ICA1L,0.37721,0.232,0.64,6394.0,0.00077913
LRRK2,0.52611,0.434,0.64,6395.0,2.5757e-30
PRIMA1,0.13481,0.047,0.64,6396.0,0.62894
ZDHHC3,0.32438,0.177,0.64,6397.0,0.027681
POLE,0.51992,0.424,0.64,6398.0,8.0488e-27
ZBTB26,0.27978,0.137,0.64,6399.0,0.1378
CNN1,0.27968,0.137,0.64,6400.0,0.13803
NDST4,0.44032,0.309,0.64,6401.0,6.3382e-08
GFRA3,0.32446,0.177,0.64,6402.0,0.027638
GGPS1,0.24755,0.112,0.64,6403.0,0.26866
SLC6A11,0.40247,0.261,0.64,6404.0,4.83e-05
RPS27,0.0,0.0,0.64,6405.0,0.75663
CYTH4,0.3775,0.232,0.64,6406.0,0.00077316
AEBP1,0.46382,0.341,0.64,6407.0,7.3471e-11
RALY,0.27971,0.137,0.64,6408.0,0.13796
NDUFA9,0.35453,0.207,0.64,6409.0,0.0047988
LAMB1,0.50893,0.407,0.64,6410.0,5.0687e-22
MTO1,0.41556,0.277,0.64,6411.0,7.38e-06
CRKL,0.2037,0.082,0.641,6412.0,0.44604
GALNT18,0.38736,0.243,0.641,6413.0,0.00030345
ALG6,0.38713,0.243,0.641,6414.0,0.00030541
ZBTB6,0.28016,0.137,0.641,6415.0,0.13693
ARFRP1,0.27994,0.137,0.641,6416.0,0.13743
CHCHD3,0.32465,0.177,0.641,6417.0,0.027527
C19orf66,0.27997,0.137,0.641,6418.0,0.13736
KIAA0195,0.48347,0.368,0.641,6419.0,2.7548e-14
MESDC2,0.13506,0.047,0.641,6420.0,0.62773
STK38,0.37781,0.232,0.641,6421.0,0.00076687
MOG,0.27992,0.137,0.641,6422.0,0.13748
THOP1,0.39534,0.252,0.641,6423.0,0.0001213
STARD13,0.44509,0.315,0.641,6424.0,2.3524e-08
PKP4,0.47721,0.359,0.641,6425.0,5.269e-13
PNPLA6,0.47969,0.363,0.641,6426.0,1.94e-13
LAMP2,0.24801,0.112,0.641,6427.0,0.26698
RGS17,0.24805,0.112,0.641,6428.0,0.26684
SEMA4A,0.41021,0.27,0.641,6429.0,1.8394e-05
KREMEN1,0.34181,0.193,0.642,6430.0,0.011362
CDK4,0.30518,0.158,0.642,6431.0,0.062909
ZNF2,0.3252,0.177,0.642,6432.0,0.027216
PTPN13,0.51899,0.421,0.642,6433.0,1.4172000000000002e-25
GOSR1,0.30525,0.159,0.642,6434.0,0.062823
B4GALT3,0.34169,0.193,0.642,6435.0,0.011393
IL20RA,0.32535,0.177,0.642,6436.0,0.027129
STC2,0.24832,0.112,0.642,6437.0,0.26588
TRIM37,0.47064,0.349,0.642,6438.0,9.7042e-12
TMEM151B,0.28065,0.137,0.642,6439.0,0.13582
PACSIN3,0.36771,0.221,0.642,6440.0,0.0018909
PDIK1L,0.24874,0.112,0.643,6441.0,0.26436
KLHL7,0.4044,0.262,0.643,6442.0,4.559e-05
ZNF641,0.35658,0.208,0.643,6443.0,0.0045726
TNFAIP1,0.28098,0.137,0.643,6444.0,0.13509
RAB11B,0.20411,0.082,0.643,6445.0,0.4442
SSTR2,0.20412,0.082,0.643,6446.0,0.44416
NLE1,0.38828,0.243,0.643,6447.0,0.0002959
B3GAT1,0.28093,0.137,0.643,6448.0,0.13521
IL21,0.13553,0.047,0.643,6449.0,0.6254
TRIM7,0.32587,0.177,0.643,6450.0,0.02684
KIAA1958,0.34258,0.194,0.643,6451.0,0.011171
PURB,0.13553,0.047,0.643,6452.0,0.62543
TNFSF10,0.28104,0.137,0.643,6453.0,0.13495
TMEM60,0.0,0.0,0.643,6454.0,0.75498
PHF10,0.3893,0.244,0.644,6455.0,0.0002878
USP38,0.43451,0.299,0.644,6456.0,3.8483e-07
ZBTB48,0.39718,0.254,0.644,6457.0,0.00011507
SIGLEC10,0.41793,0.279,0.644,6458.0,6.8352e-06
CHL1,0.47244,0.351,0.644,6459.0,8.889e-12
CRBN,0.38914,0.244,0.644,6460.0,0.00028911
LRIG3,0.45824,0.331,0.644,6461.0,1.1655e-09
SERPINI1,0.32625,0.178,0.644,6462.0,0.026631
TMEM2,0.47946,0.361,0.644,6463.0,4.6831e-13
C2CD3,0.50333,0.396,0.644,6464.0,4.4437e-19
SUDS3,0.35684,0.208,0.644,6465.0,0.0045448
ELF4,0.30648,0.159,0.644,6466.0,0.06139
RAD51,0.32635,0.178,0.644,6467.0,0.026578
MGAT4A,0.40521,0.263,0.644,6468.0,4.4513e-05
TMEM132E,0.40492,0.263,0.644,6469.0,4.4887e-05
CACNB3,0.38913,0.244,0.644,6470.0,0.00028915
AQP3,0.28148,0.138,0.644,6471.0,0.13398
MPHOSPH9,0.46441,0.339,0.644,6472.0,1.6616e-10
AP3M1,0.32645,0.178,0.644,6473.0,0.026524
GALNT7,0.42434,0.286,0.644,6474.0,2.5907e-06
CELF6,0.35773,0.209,0.645,6475.0,0.0044515
TMEM56,0.24962,0.113,0.645,6476.0,0.26127
MYO1G,0.46163,0.335,0.645,6477.0,4.3609e-10
RGS3,0.47079,0.348,0.645,6478.0,2.2646e-11
CUEDC2,0.30699,0.159,0.645,6479.0,0.060805
CLPTM1L,0.40569,0.263,0.645,6480.0,4.3885e-05
UHRF1BP1,0.48038,0.362,0.645,6481.0,4.4659e-13
ZBTB14,0.24967,0.113,0.645,6482.0,0.26111
ACTL6B,0.38986,0.244,0.645,6483.0,0.00028347
DZIP3,0.48269,0.365,0.645,6484.0,1.6537e-13
FOS,0.24948,0.113,0.645,6485.0,0.26176
CDKN1B,0.13587,0.047,0.645,6486.0,0.62376
RIT1,0.28201,0.138,0.645,6487.0,0.13281
USP28,0.48011,0.361,0.645,6488.0,4.5284e-13
LUC7L2,0.38995,0.244,0.645,6489.0,0.00028277
ARPC1B,0.34328,0.194,0.645,6490.0,0.010999
DIO3,0.13596,0.047,0.645,6491.0,0.62331
CP,0.46249,0.336,0.646,6492.0,4.2013e-10
GZF1,0.37016,0.222,0.646,6493.0,0.0017798
C14orf93,0.3439,0.195,0.646,6494.0,0.01085
RRAD,0.20532,0.083,0.646,6495.0,0.43879
TIMM50,0.37008,0.222,0.646,6496.0,0.0017835
AC074212.3,0.35803,0.209,0.646,6497.0,0.0044198
EDC3,0.3274,0.178,0.646,6498.0,0.026011
ADAMTS7,0.48709,0.371,0.646,6499.0,2.2517e-14
CENPN,0.35801,0.209,0.646,6500.0,0.0044226
GPR22,0.30741,0.16,0.646,6501.0,0.060335
TRIP10,0.41341,0.272,0.646,6502.0,1.6667e-05
PSKH1,0.24994,0.113,0.646,6503.0,0.26016
GALNT11,0.41337,0.272,0.646,6504.0,1.6685e-05
PSME1,0.2824,0.138,0.646,6505.0,0.13197
CEP250,0.53507,0.444,0.647,6506.0,9.449e-33
CUBN,0.54692,0.463,0.647,6507.0,4.6292e-42
RBP3,0.39913,0.255,0.647,6508.0,0.00010889
PPP1R16A,0.35833,0.209,0.647,6509.0,0.004389
TCP11L1,0.35852,0.209,0.647,6510.0,0.0043702
ADAMTSL3,0.5073,0.401,0.647,6511.0,1.3662000000000002e-19
SGOL2,0.43632,0.301,0.647,6512.0,3.6085e-07
NLRP6,0.39108,0.245,0.647,6513.0,0.00027432
ZG16,0.13637,0.047,0.647,6514.0,0.62131
IL1B,0.28329,0.139,0.648,6515.0,0.13005
LAMC2,0.47787,0.357,0.648,6516.0,2.8791e-12
SUN2,0.45002,0.318,0.648,6517.0,1.9389e-08
ITGB4,0.50549,0.397,0.648,6518.0,9.528700000000002e-19
HIC1,0.28331,0.139,0.648,6519.0,0.13002
RRN3,0.41438,0.273,0.648,6520.0,1.618e-05
LPPR5,0.30833,0.16,0.648,6521.0,0.0593
CXorf57,0.3915,0.245,0.648,6522.0,0.0002712
SYTL5,0.39178,0.246,0.648,6523.0,0.00026919
SHC1,0.3712,0.223,0.648,6524.0,0.0017351
KISS1R,0.20584,0.083,0.648,6525.0,0.43649
ZNF341,0.42657,0.288,0.648,6526.0,2.4063e-06
FBXO10,0.42695,0.288,0.648,6527.0,2.3763e-06
PEX6,0.42072,0.28,0.648,6528.0,6.253e-06
ARL8B,0.28351,0.139,0.649,6529.0,0.12959
BAIAP2L1,0.40067,0.256,0.649,6530.0,0.00010429
TDRD9,0.49153,0.376,0.649,6531.0,7.2697e-15
ITGB7,0.42708,0.288,0.649,6532.0,2.3661e-06
ENOX1,0.42752,0.288,0.649,6533.0,2.3323e-06
WIPI1,0.37204,0.223,0.649,6534.0,0.0016999
FAM57A,0.25108,0.113,0.649,6535.0,0.25619
NPHP3,0.49536,0.381,0.649,6536.0,9.836e-16
SLC25A1,0.30876,0.16,0.649,6537.0,0.058829
LCA5,0.40833,0.265,0.649,6538.0,4.0606e-05
COG1,0.44688,0.313,0.649,6539.0,4.9379e-08
FXYD6,0.13688,0.048,0.649,6540.0,0.61886
TMEM168,0.35956,0.21,0.649,6541.0,0.0042658
VPS13B,0.55282,0.471,0.65,6542.0,2.5029e-45
PPWD1,0.409,0.265,0.65,6543.0,3.9819e-05
BCAP31,0.20649,0.083,0.65,6544.0,0.43366
CALCOCO2,0.40122,0.256,0.65,6545.0,0.0001027
CCDC80,0.42203,0.281,0.65,6546.0,6.0008e-06
YES1,0.40877,0.265,0.65,6547.0,4.0091e-05
ABHD17B,0.2516,0.114,0.65,6548.0,0.25442
KLHL24,0.37266,0.224,0.65,6549.0,0.0016745
RHAG,0.34582,0.196,0.65,6550.0,0.010404
NID1,0.47676,0.354,0.65,6551.0,7.2197e-12
POLA2,0.43358,0.296,0.65,6552.0,8.7346e-07
LOXL2,0.43814,0.302,0.65,6553.0,3.3844e-07
SLC2A3,0.34614,0.196,0.65,6554.0,0.010333
FGF16,0.0,0.0,0.65,6555.0,0.75107
FAM98B,0.34623,0.196,0.65,6556.0,0.010312
COLCA2,0.0,0.0,0.651,6557.0,0.75066
KLHL23,0.36063,0.211,0.651,6558.0,0.0041626
NTM,0.30972,0.161,0.651,6559.0,0.057798
ST8SIA2,0.30944,0.161,0.651,6560.0,0.058099
MEAF6,0.28434,0.139,0.651,6561.0,0.12785
HTR4,0.32994,0.18,0.651,6562.0,0.024701
CDCP1,0.4021,0.257,0.651,6563.0,0.0001002
WNT4,0.28443,0.139,0.651,6564.0,0.12766
SLC35E1,0.28461,0.139,0.651,6565.0,0.1273
PLEKHG3,0.44832,0.314,0.651,6566.0,4.6804e-08
FOLR1,0.28504,0.139,0.652,6567.0,0.12642
EPOR,0.34719,0.196,0.652,6568.0,0.0101
TTYH2,0.40242,0.257,0.652,6569.0,9.9328e-05
EXOC7,0.43949,0.303,0.652,6570.0,3.2288e-07
TAX1BP1,0.44462,0.309,0.652,6571.0,1.2061e-07
ZC3HC1,0.39373,0.247,0.652,6572.0,0.00025557
NBR1,0.45629,0.325,0.652,6573.0,6.6564e-09
HSPBP1,0.31028,0.161,0.652,6574.0,0.057208
MED25,0.43468,0.296,0.652,6575.0,8.4174e-07
NECAP1,0.28544,0.14,0.653,6576.0,0.12559
UIMC1,0.43516,0.297,0.653,6577.0,8.2815e-07
PGM3,0.41768,0.275,0.653,6578.0,1.4641e-05
USP51,0.28518,0.139,0.653,6579.0,0.12613
CD58,0.25264,0.114,0.653,6580.0,0.25092
CDS1,0.3848,0.236,0.653,6581.0,0.00064056
PRMT2,0.37421,0.225,0.653,6582.0,0.0016132
ABCB9,0.39431,0.247,0.653,6583.0,0.00025164
T,0.33083,0.18,0.653,6584.0,0.024262
GATAD1,0.20739,0.084,0.653,6585.0,0.42971
ALG9,0.38481,0.236,0.653,6586.0,0.00064044
SMCR8,0.3746,0.225,0.654,6587.0,0.001598
CSPG5,0.31126,0.162,0.654,6588.0,0.056186
ACSF2,0.4186,0.275,0.654,6589.0,1.4241e-05
TRPC6,0.44134,0.304,0.654,6590.0,3.0274e-07
BMP3,0.31105,0.162,0.654,6591.0,0.056398
REC8,0.42457,0.283,0.654,6592.0,5.5411e-06
RABGEF1,0.38541,0.237,0.654,6593.0,0.00063083
NBEAL1,0.54126,0.449,0.654,6594.0,5.1093000000000005e-33
MTMR2,0.44127,0.304,0.654,6595.0,3.0351e-07
KCTD7,0.38541,0.237,0.654,6596.0,0.00063083
KIAA1715,0.386,0.237,0.655,6597.0,0.00062151
NHP2L1,0.0,0.0,0.655,6598.0,0.74848
SLC7A6,0.34894,0.197,0.655,6599.0,0.0097291
UBE2E3,0.20814,0.084,0.655,6600.0,0.42649
IPCEF1,0.37562,0.225,0.655,6601.0,0.0015595
NOL11,0.43651,0.298,0.655,6602.0,7.9154e-07
ATP2A3,0.46259,0.332,0.655,6603.0,2.247e-09
PHB2,0.3631,0.212,0.655,6604.0,0.0039339
CCIN,0.28622,0.14,0.655,6605.0,0.12403
MYD88,0.28602,0.14,0.655,6606.0,0.12443
LAMB2,0.51194,0.403,0.655,6607.0,2.5006e-19
RAI2,0.13839,0.048,0.656,6608.0,0.61158
PTPN21,0.48336,0.361,0.656,6609.0,2.2052e-12
FRMPD1,0.4835,0.361,0.656,6610.0,2.1898e-12
RNF213,0.56562,0.489,0.656,6611.0,4.9078e-55
NUDT3,0.20842,0.084,0.656,6612.0,0.42531
CIRH1A,0.4373,0.298,0.656,6613.0,7.7093e-07
TAP1,0.42574,0.284,0.656,6614.0,5.3431e-06
NKAIN1,0.25389,0.115,0.656,6615.0,0.24678
KLHL5,0.42615,0.284,0.656,6616.0,5.2757e-06
TCEAL4,0.0,0.0,0.656,6617.0,0.74827
CD6,0.40492,0.258,0.656,6618.0,9.2695e-05
SEMA3D,0.45243,0.317,0.657,6619.0,4.0219e-08
DPY19L3,0.44306,0.305,0.657,6620.0,2.8534e-07
ECT2,0.46696,0.337,0.657,6621.0,8.0837e-10
BRDT,0.45997,0.328,0.657,6622.0,5.7616e-09
JTB,0.20865,0.084,0.657,6623.0,0.42432
PHKG2,0.36396,0.213,0.657,6624.0,0.0038581
DVL2,0.42021,0.277,0.657,6625.0,1.3576e-05
KCNF1,0.25415,0.115,0.657,6626.0,0.24593
P4HA2,0.43274,0.292,0.657,6627.0,1.9699e-06
CREB3L2,0.37643,0.226,0.657,6628.0,0.0015297
ACTR10,0.37711,0.226,0.658,6629.0,0.0015053
BEND5,0.31309,0.163,0.658,6630.0,0.054336
NOTCH2NL,0.13878,0.048,0.658,6631.0,0.60972
FRAS1,0.5589,0.476,0.658,6632.0,3.0802e-45
PGM5,0.38802,0.238,0.658,6633.0,0.00059096
SESN1,0.38766,0.238,0.658,6634.0,0.00059629
VPS45,0.42729,0.285,0.658,6635.0,5.094e-06
PELI3,0.35009,0.198,0.658,6636.0,0.0094922
IL2RA,0.31272,0.162,0.658,6637.0,0.054709
YPEL1,0.13875,0.048,0.658,6638.0,0.60986
CASP2,0.37719,0.226,0.658,6639.0,0.0015026
NTRK1,0.43295,0.292,0.658,6640.0,1.9568e-06
EHBP1L1,0.48857,0.366,0.659,6641.0,7.1163e-13
GPR162,0.3506,0.198,0.659,6642.0,0.0093905
TRIM36,0.41435,0.269,0.659,6643.0,3.415e-05
SCG3,0.37759,0.227,0.659,6644.0,0.0014883
TRIM44,0.31363,0.163,0.659,6645.0,0.053808
TMED4,0.25494,0.115,0.659,6646.0,0.24339
HOMER2,0.35059,0.198,0.659,6647.0,0.0093921
PRRX1,0.25509,0.115,0.659,6648.0,0.24291
TRABD,0.33382,0.182,0.659,6649.0,0.022862
ENPP4,0.28858,0.141,0.66,6650.0,0.11941
CCM2,0.35116,0.199,0.66,6651.0,0.0092809
HOXC13,0.20955,0.085,0.66,6652.0,0.42048
ANGPTL2,0.37808,0.227,0.66,6653.0,0.0014712
SOCS3,0.0,0.0,0.66,6654.0,0.74613
VASH2,0.25532,0.115,0.66,6655.0,0.24217
LAT,0.35138,0.199,0.66,6656.0,0.0092377
GUCD1,0.25529,0.115,0.66,6657.0,0.24228
TOMM22,0.13905,0.048,0.66,6658.0,0.60847
COG7,0.44588,0.307,0.661,6659.0,2.5926e-07
SNX5,0.37881,0.227,0.661,6660.0,0.001446
PPP1R1B,0.25569,0.115,0.661,6661.0,0.24098
AQP9,0.25592,0.116,0.661,6662.0,0.24027
GLRX5,0.0,0.0,0.661,6663.0,0.7456
CPT1A,0.46306,0.33,0.661,6664.0,5.114e-09
TBC1D9B,0.48448,0.36,0.661,6665.0,5.0231e-12
PRUNE,0.35185,0.199,0.661,6666.0,0.0091474
DENND3,0.48282,0.357,0.662,6667.0,1.3007e-11
HSD11B1,0.21039,0.085,0.662,6668.0,0.41696
PDCD1,0.21037,0.085,0.662,6669.0,0.41706
C12orf44,0.13952,0.049,0.662,6670.0,0.60623
MIA2,0.37945,0.228,0.662,6671.0,0.0014245
PPM1B,0.35218,0.199,0.662,6672.0,0.0090829
NUP35,0.33535,0.183,0.662,6673.0,0.022182
FAM117B,0.35258,0.2,0.662,6674.0,0.0090079
GHR,0.40838,0.261,0.662,6675.0,8.4385e-05
CDK5RAP2,0.52867,0.424,0.663,6676.0,4.6171e-23
GLRB,0.37972,0.228,0.663,6677.0,0.0014157
ZMYM1,0.46022,0.325,0.663,6678.0,1.317e-08
BMPER,0.44208,0.302,0.663,6679.0,6.5881e-07
NFE2L2,0.36741,0.215,0.663,6680.0,0.0035719
TCEB1,0.0,0.0,0.663,6681.0,0.74421
MAP2K3,0.33575,0.183,0.663,6682.0,0.022009
COL8A2,0.28952,0.142,0.663,6683.0,0.11765
EIF6,0.2567,0.116,0.663,6684.0,0.2378
USP30,0.40922,0.261,0.663,6685.0,8.2501e-05
MKRN2,0.35356,0.2,0.664,6686.0,0.0088248
ZBTB24,0.40141,0.252,0.664,6687.0,0.00020919
ITGA8,0.49183,0.369,0.664,6688.0,6.0785e-13
ZNF346,0.29014,0.142,0.664,6689.0,0.11649
PEX1,0.50119,0.382,0.664,6690.0,1.0572e-14
CD44,0.44758,0.308,0.664,6691.0,2.4476e-07
DDX54,0.46504,0.331,0.664,6692.0,4.7418e-09
RHOA,0.13999,0.049,0.664,6693.0,0.60405
PPP3R1,0.21091,0.085,0.664,6694.0,0.41481
SDC3,0.21097,0.085,0.664,6695.0,0.41455
WDR60,0.48777,0.362,0.665,6696.0,4.3207e-12
ARHGEF15,0.43816,0.296,0.665,6697.0,1.66e-06
AFAP1,0.44838,0.309,0.665,6698.0,2.3828e-07
SAMD1,0.25727,0.116,0.665,6699.0,0.23605
MYCL,0.29068,0.142,0.665,6700.0,0.11551
PRPH2,0.29066,0.142,0.665,6701.0,0.11554
UBE2D3,0.2114,0.085,0.665,6702.0,0.41278
NKX2-2,0.21112,0.085,0.665,6703.0,0.41392
TTPAL,0.29041,0.142,0.665,6704.0,0.116
GOLPH3,0.25733,0.116,0.665,6705.0,0.23586
ALKBH8,0.40237,0.252,0.666,6706.0,0.00020414
PIK3C3,0.48,0.351,0.666,6707.0,8.4165e-11
HPD,0.39263,0.241,0.666,6708.0,0.00052764
WARS2,0.31675,0.165,0.666,6709.0,0.050885
BTBD19,0.3169,0.165,0.666,6710.0,0.05075
PRELID1,0.29086,0.142,0.666,6711.0,0.11518
DYNLL2,0.0,0.0,0.666,6712.0,0.74311
KCNG2,0.14046,0.049,0.666,6713.0,0.60183
TRPV6,0.4441,0.303,0.666,6714.0,6.1719e-07
STARD3,0.41089,0.262,0.666,6715.0,7.8915e-05
KCNH8,0.47684,0.346,0.666,6716.0,2.286e-10
PEMT,0.25775,0.116,0.666,6717.0,0.23456
SLCO2B1,0.42692,0.281,0.667,6718.0,1.1159e-05
SIDT2,0.47777,0.347,0.667,6719.0,2.2006e-10
ATP6V0C,0.0,0.0,0.667,6720.0,0.74232
CTDSP2,0.29137,0.143,0.667,6721.0,0.11425
PLS1,0.42642,0.281,0.667,6722.0,1.1321e-05
FAM73B,0.41947,0.272,0.667,6723.0,2.959e-05
PRAF2,0.0,0.0,0.667,6724.0,0.74236
MFAP4,0.29142,0.143,0.667,6725.0,0.11416
SLC35F4,0.35484,0.201,0.667,6726.0,0.0085933
GAPDH,0.29158,0.143,0.667,6727.0,0.11388
FLVCR1,0.38298,0.23,0.668,6728.0,0.0013127
DSCC1,0.35551,0.201,0.668,6729.0,0.0084752
CBX3,0.21219,0.086,0.668,6730.0,0.40951
RIMS4,0.25832,0.117,0.668,6731.0,0.23281
DFNB31,0.41204,0.263,0.668,6732.0,7.6538e-05
WDR92,0.35546,0.201,0.668,6733.0,0.008485
TRANK1,0.53807,0.435,0.668,6734.0,2.0096e-25
GBX1,0.21212,0.086,0.668,6735.0,0.40982
TRIP4,0.44502,0.304,0.668,6736.0,5.9901e-07
UTP6,0.45955,0.322,0.668,6737.0,3.113e-08
SLC13A5,0.39437,0.242,0.669,6738.0,0.00050598
FAM43A,0.21268,0.086,0.669,6739.0,0.40754
TMEM189,0.35598,0.201,0.669,6740.0,0.0083949
TMEM189-UBE2V1,0.35598,0.201,0.669,6741.0,0.0083949
CNEP1R1,0.2124,0.086,0.669,6742.0,0.40866
PPP1R18,0.39461,0.242,0.669,6743.0,0.00050298
MXD1,0.25871,0.117,0.669,6744.0,0.23163
EID3,0.21266,0.086,0.669,6745.0,0.40761
UBA52,0.14118,0.049,0.67,6746.0,0.59849
KRT2,0.3838,0.23,0.67,6747.0,0.0012882
ZNF653,0.38386,0.23,0.67,6748.0,0.0012866
ISL2,0.29294,0.143,0.67,6749.0,0.11148
SKAP2,0.38396,0.23,0.67,6750.0,0.0012836
KCNS1,0.29274,0.143,0.67,6751.0,0.11183
CA8,0.35681,0.202,0.67,6752.0,0.0082516
TRIP6,0.37154,0.217,0.67,6753.0,0.0032632
CLEC2D,0.25922,0.117,0.67,6754.0,0.23009
EMC2,0.37107,0.217,0.67,6755.0,0.003297
C12orf4,0.42854,0.282,0.67,6756.0,1.0655e-05
SCAND3,0.46963,0.335,0.671,6757.0,3.9877e-09
PICK1,0.35724,0.202,0.671,6758.0,0.0081806
RAB21,0.29316,0.143,0.671,6759.0,0.1111
FOXO6,0.21319,0.086,0.671,6760.0,0.40546
HSPA2,0.31929,0.166,0.671,6761.0,0.048648
MLST8,0.35702,0.202,0.671,6762.0,0.0082177
TINF2,0.38454,0.231,0.671,6763.0,0.0012666
BIVM,0.40586,0.254,0.672,6764.0,0.00018694
DRAM1,0.26003,0.117,0.672,6765.0,0.22771
UCHL5,0.38492,0.231,0.672,6766.0,0.0012557
RNF128,0.25984,0.117,0.672,6767.0,0.22826
OR10C1,0.0,0.0,0.672,6768.0,0.73963
SUPT7L,0.31941,0.166,0.672,6769.0,0.048542
RECK,0.48097,0.35,0.672,6770.0,1.9319e-10
MLX,0.29361,0.144,0.672,6771.0,0.11032
SZRD1,0.1416,0.049,0.672,6772.0,0.59651
SDC2,0.21333,0.086,0.672,6773.0,0.4049
CRLF3,0.39659,0.244,0.673,6774.0,0.00047973
TUBGCP5,0.49587,0.37,0.673,6775.0,1.2275e-12
THOC6,0.39671,0.244,0.673,6776.0,0.00047835
PNO1,0.26043,0.118,0.673,6777.0,0.22652
MED30,0.2139,0.086,0.673,6778.0,0.40259
TCEAL3,0.0,0.0,0.673,6779.0,0.73954
DNAH11,0.58331,0.505,0.674,6780.0,2.5389e-58
IFRD1,0.38641,0.232,0.674,6781.0,0.0012141
C5orf42,0.56083,0.468,0.674,6782.0,5.8778e-36
CPAMD8,0.53635,0.429,0.674,6783.0,6.9237e-23
TUBB4A,0.29432,0.144,0.674,6784.0,0.1091
DHRS3,0.26067,0.118,0.674,6785.0,0.22581
KCNK10,0.37328,0.218,0.674,6786.0,0.0031431
TMEM121,0.14212,0.05,0.674,6787.0,0.59413
BRAP,0.43748,0.292,0.674,6788.0,3.7512e-06
ZSCAN18,0.32069,0.167,0.674,6789.0,0.047469
CDCA7L,0.40769,0.256,0.675,6790.0,0.00017861
GUCY1B3,0.42444,0.275,0.675,6791.0,2.5834e-05
DHH,0.26114,0.118,0.675,6792.0,0.22445
DHX57,0.51331,0.394,0.675,6793.0,9.0569e-16
ERCC6L2,0.45034,0.307,0.675,6794.0,5.0596e-07
DNAH8,0.58572,0.509,0.675,6795.0,1.1489e-60
MTMR10,0.45539,0.314,0.675,6796.0,1.8913e-07
TMOD2,0.3419,0.186,0.675,6797.0,0.019553
CDAN1,0.49802,0.372,0.675,6798.0,1.1134e-12
TESC,0.29511,0.144,0.675,6799.0,0.10778
CA7,0.295,0.144,0.675,6800.0,0.10796
LRRFIP1,0.34202,0.186,0.675,6801.0,0.019511
INPP5E,0.37385,0.218,0.675,6802.0,0.0031048
NCBP2,0.21457,0.087,0.675,6803.0,0.39994
VTI1B,0.29476,0.144,0.675,6804.0,0.10836
RABGGTB,0.35916,0.203,0.675,6805.0,0.007867
GORASP1,0.34193,0.186,0.675,6806.0,0.019543
ZBTB3,0.34266,0.187,0.676,6807.0,0.019277
HBS1L,0.45589,0.314,0.676,6808.0,1.8606e-07
TFCP2,0.43905,0.293,0.676,6809.0,3.5836e-06
LDB3,0.43232,0.285,0.676,6810.0,9.5733e-06
FAM118B,0.34247,0.187,0.676,6811.0,0.019345
EVX2,0.21467,0.087,0.676,6812.0,0.39955
LRCH4,0.44501,0.3,0.676,6813.0,1.3453e-06
RRBP1,0.49011,0.36,0.676,6814.0,2.2851e-11
PDPR,0.46964,0.332,0.676,6815.0,9.3527e-09
RP11-766F14.2,0.46979,0.332,0.677,6816.0,9.3027e-09
GPR174,0.21516,0.087,0.677,6817.0,0.39757
RPF2,0.32199,0.167,0.677,6818.0,0.046405
CENPP,0.32211,0.167,0.677,6819.0,0.046312
DENND1C,0.44551,0.301,0.677,6820.0,1.325e-06
MTX2,0.34285,0.187,0.677,6821.0,0.019208
MAT2B,0.32222,0.167,0.677,6822.0,0.046226
FOXA1,0.26189,0.118,0.677,6823.0,0.22227
VPS13C,0.57791,0.494,0.677,6824.0,7.6491e-49
ALKBH6,0.29594,0.145,0.677,6825.0,0.10641
GPAM,0.47792,0.343,0.677,6826.0,1.2373e-09
KCNK2,0.34318,0.187,0.677,6827.0,0.019089
SCYL1,0.46561,0.327,0.677,6828.0,2.5187e-08
EXTL3,0.42562,0.276,0.677,6829.0,2.5023e-05
CCDC168,0.44663,0.301,0.678,6830.0,1.2813e-06
DHX33,0.43399,0.286,0.678,6831.0,9.1366e-06
DYNC1I1,0.45755,0.315,0.678,6832.0,1.7637e-07
DDIT3,0.14288,0.05,0.678,6833.0,0.59066
KRT31,0.36119,0.204,0.678,6834.0,0.0075531
GOT1,0.38854,0.233,0.678,6835.0,0.0011573
CDK11B,0.41842,0.267,0.678,6836.0,6.4813e-05
SF3B14,0.14323,0.05,0.679,6837.0,0.58902
SLC30A9,0.45292,0.309,0.679,6838.0,4.6685e-07
WSCD1,0.41917,0.268,0.679,6839.0,6.3576e-05
NSMAF,0.49496,0.366,0.679,6840.0,7.6425e-12
SLC12A4,0.49267,0.362,0.679,6841.0,2.0528e-11
C2CD2,0.43428,0.286,0.679,6842.0,9.0642e-06
SEMA3E,0.47163,0.333,0.679,6843.0,8.7148e-09
SP100,0.49781,0.37,0.679,6844.0,2.7583e-12
MOS,0.14318,0.05,0.679,6845.0,0.58928
MUC1,0.34406,0.187,0.679,6846.0,0.018774
SLAMF6,0.34424,0.187,0.679,6847.0,0.018712
SASS6,0.458,0.316,0.679,6848.0,1.7379e-07
AGBL5,0.46738,0.328,0.679,6849.0,2.3696e-08
DLX5,0.26325,0.119,0.68,6850.0,0.21842
WDR24,0.42792,0.278,0.68,6851.0,2.3533e-05
STUB1,0.34437,0.188,0.68,6852.0,0.018667
ETFA,0.37671,0.22,0.68,6853.0,0.0029217
PKP3,0.41963,0.268,0.68,6854.0,6.283e-05
TSPAN31,0.26296,0.119,0.68,6855.0,0.21925
HTR7,0.32325,0.168,0.68,6856.0,0.045409
DIEXF,0.44777,0.302,0.68,6857.0,1.2381e-06
SEPT4,0.41068,0.258,0.68,6858.0,0.00016597
CCNA1,0.40112,0.246,0.68,6859.0,0.00043117
STON2,0.41082,0.258,0.68,6860.0,0.00016537
SLC2A4RG,0.2632,0.119,0.68,6861.0,0.21856
MYO1C,0.51054,0.387,0.68,6862.0,1.639e-14
COX4I1,0.21603,0.087,0.68,6863.0,0.39416
FAM83B,0.46332,0.322,0.68,6864.0,6.3264e-08
HIATL1,0.40096,0.246,0.68,6865.0,0.00043286
LRIF1,0.40084,0.246,0.68,6866.0,0.00043397
ZDHHC16,0.41093,0.258,0.68,6867.0,0.00016495
CLK4,0.4202,0.268,0.681,6868.0,6.1931e-05
IDNK,0.21628,0.087,0.681,6869.0,0.39322
MLTK,0.47262,0.334,0.681,6870.0,8.4166e-09
PKHD1,0.58027,0.495,0.681,6871.0,1.1657e-47
TIMM17A,0.26368,0.119,0.681,6872.0,0.21724
COMMD9,0.21619,0.087,0.681,6873.0,0.39357
APCDD1,0.36279,0.205,0.681,6874.0,0.0073159
GPR19,0.29739,0.145,0.681,6875.0,0.10405
PCNXL2,0.54274,0.435,0.681,6876.0,1.7151e-23
RNF14,0.39031,0.234,0.681,6877.0,0.0011129
POU1F1,0.32372,0.168,0.681,6878.0,0.045046
ADCY3,0.49386,0.363,0.681,6879.0,1.9545e-11
SNAI1,0.26357,0.119,0.681,6880.0,0.21754
DARS,0.43645,0.287,0.682,6881.0,8.536e-06
ACKR3,0.21676,0.088,0.682,6882.0,0.39134
TLE2,0.45976,0.317,0.682,6883.0,1.643e-07
LIG3,0.48837,0.355,0.682,6884.0,1.439e-10
UBXN2B,0.29796,0.146,0.682,6885.0,0.10316
TUBGCP2,0.46955,0.329,0.682,6886.0,2.2003e-08
PTCHD4,0.41174,0.258,0.682,6887.0,0.00016171
SCMH1,0.43613,0.287,0.682,6888.0,8.6107e-06
TRIM66,0.49722,0.367,0.682,6889.0,6.9399e-12
RAB22A,0.29823,0.146,0.682,6890.0,0.10273
BARX1,0.14396,0.05,0.683,6891.0,0.58571
ADAMTS13,0.51542,0.393,0.683,6892.0,5.1409e-15
ZNF625,0.0,0.0,0.683,6893.0,0.73415
RAB9B,0.0,0.0,0.683,6894.0,0.7343
TMX4,0.32489,0.169,0.683,6895.0,0.044153
ZNF189,0.39131,0.235,0.683,6896.0,0.0010884
PHF7,0.39155,0.235,0.683,6897.0,0.0010828
CDCA8,0.36384,0.206,0.683,6898.0,0.0071651
CLUAP1,0.40242,0.247,0.683,6899.0,0.0004184
ARPC3,0.2642,0.119,0.683,6900.0,0.21578
SLC48A1,0.0,0.0,0.683,6901.0,0.7342
TOP3A,0.49218,0.36,0.683,6902.0,5.0983e-11
ATP1B3,0.29842,0.146,0.683,6903.0,0.10244
RUFY1,0.47065,0.33,0.684,6904.0,2.1203e-08
ZNF821,0.37898,0.221,0.684,6905.0,0.0027859
GPSM1,0.43034,0.279,0.684,6906.0,2.2075e-05
VPS39,0.49608,0.365,0.684,6907.0,1.7834e-11
SMO,0.45577,0.311,0.684,6908.0,4.2771e-07
LGI4,0.36395,0.206,0.684,6909.0,0.0071501
SSR2,0.26456,0.119,0.684,6910.0,0.21478
ACTR1B,0.39189,0.235,0.684,6911.0,0.0010746
NHLRC2,0.43739,0.288,0.684,6912.0,8.3194e-06
ANKRD34C,0.26465,0.12,0.684,6913.0,0.21455
E2F6,0.29897,0.146,0.684,6914.0,0.10158
COPS7A,0.32562,0.169,0.685,6915.0,0.043607
LGMN,0.40379,0.248,0.685,6916.0,0.00040535
PAG1,0.34705,0.189,0.685,6917.0,0.017764
CTTNBP2NL,0.37967,0.222,0.685,6918.0,0.0027461
DNASE1L1,0.21754,0.088,0.685,6919.0,0.38833
ERBB3,0.51906,0.397,0.685,6920.0,1.7003e-15
RASSF5,0.32597,0.169,0.685,6921.0,0.043347
TLE6,0.44498,0.297,0.685,6922.0,3.0216e-06
WNT2,0.3469,0.189,0.685,6923.0,0.017811
C15orf57,0.2177,0.088,0.685,6924.0,0.3877
SERPINE1,0.32562,0.169,0.685,6925.0,0.043609
SLC16A9,0.36446,0.206,0.685,6926.0,0.007078
TACC2,0.54721,0.44,0.685,6927.0,4.819e-24
IL10RA,0.34691,0.189,0.685,6928.0,0.017808
CCR1,0.21769,0.088,0.685,6929.0,0.38775
KIAA1841,0.47559,0.336,0.685,6930.0,7.5851e-09
KIF20B,0.54544,0.436,0.686,6931.0,3.7396e-23
HS3ST2,0.29982,0.147,0.686,6932.0,0.10028
MICAL2,0.50328,0.374,0.686,6933.0,2.1766e-12
LHX4,0.34779,0.189,0.686,6934.0,0.017521
CASP3,0.2999,0.147,0.686,6935.0,0.10017
SREK1IP1,0.21786,0.088,0.686,6936.0,0.3871
PRSS8,0.29996,0.147,0.686,6937.0,0.10007
IQCA1,0.48047,0.342,0.686,6938.0,2.6856e-09
GAR1,0.29968,0.147,0.686,6939.0,0.10049
MYH2,0.54572,0.437,0.686,6940.0,3.6703e-23
TGM3,0.44554,0.297,0.686,6941.0,2.9739e-06
PPP1R21,0.49092,0.357,0.686,6942.0,1.3024e-10
HPSE2,0.41463,0.26,0.686,6943.0,0.00015083
ZNF79,0.3653,0.207,0.686,6944.0,0.0069622
ZGLP1,0.21794,0.088,0.686,6945.0,0.3868
OGDHL,0.48448,0.348,0.686,6946.0,9.6942e-10
CAMK1G,0.40459,0.249,0.686,6947.0,0.00039801
PFN1,0.0,0.0,0.686,6948.0,0.73258
FOXD3,0.14475,0.05,0.687,6949.0,0.58216
PPIP5K1,0.38055,0.222,0.687,6950.0,0.0026969
PANK1,0.38093,0.223,0.687,6951.0,0.0026757
MB21D2,0.3269,0.17,0.687,6952.0,0.042673
AZI2,0.36568,0.207,0.687,6953.0,0.0069113
HDAC11,0.36553,0.207,0.687,6954.0,0.0069318
DNAH10,0.5929,0.513,0.687,6955.0,1.3846e-57
FGF18,0.21837,0.088,0.687,6956.0,0.38517
IL16,0.49209,0.358,0.687,6957.0,1.2449e-10
BARX2,0.26575,0.12,0.687,6958.0,0.21157
PODXL,0.39369,0.236,0.687,6959.0,0.0010333
TEC,0.4684,0.326,0.687,6960.0,5.3575e-08
NUP88,0.47302,0.332,0.687,6961.0,1.9577e-08
IPP,0.43231,0.28,0.687,6962.0,2.0966e-05
SPRED3,0.26577,0.12,0.687,6963.0,0.21151
TRADD,0.30034,0.147,0.687,6964.0,0.099502
FAM8A1,0.34795,0.19,0.687,6965.0,0.017471
SNTB1,0.394,0.237,0.688,6966.0,0.0010263
OLFM3,0.39445,0.237,0.688,6967.0,0.0010163
TBX6,0.36642,0.207,0.688,6968.0,0.0068128
TTC40,0.56865,0.472,0.688,6969.0,1.0615e-33
IL17RD,0.45326,0.306,0.688,6970.0,1.053e-06
ZAR1L,0.30047,0.147,0.688,6971.0,0.099305
RP11-508N12.4,0.0,0.0,0.688,6972.0,0.73168
MAFG,0.0,0.0,0.688,6973.0,0.73176
ADAMTS12,0.52847,0.409,0.688,6974.0,2.4806e-17
MYO5B,0.54696,0.438,0.688,6975.0,3.3805e-23
CHMP1B,0.0,0.0,0.688,6976.0,0.73182
BACE2,0.36679,0.208,0.689,6977.0,0.0067632
GPATCH1,0.49955,0.367,0.689,6978.0,1.5481e-11
GPI,0.4472,0.298,0.689,6979.0,2.8385e-06
MLK4,0.45355,0.306,0.689,6980.0,1.0441e-06
STRADB,0.39461,0.237,0.689,6981.0,0.0010128
LARP1B,0.4999,0.367,0.689,6982.0,1.5265e-11
DSC2,0.46947,0.327,0.689,6983.0,5.1749e-08
MAP4K2,0.49965,0.367,0.689,6984.0,1.5422e-11
PHACTR2,0.45376,0.306,0.689,6985.0,1.0378e-06
PHACTR4,0.44723,0.298,0.689,6986.0,2.8359e-06
TONSL,0.51024,0.382,0.689,6987.0,2.5965e-13
CCRN4L,0.32769,0.17,0.689,6988.0,0.042105
ZFYVE16,0.51057,0.383,0.689,6989.0,2.5587e-13
GDPD1,0.38197,0.223,0.689,6990.0,0.0026188
ATP9B,0.51732,0.393,0.689,6991.0,1.1822e-14
ZNF527,0.39503,0.237,0.689,6992.0,0.0010036
DOC2A,0.36725,0.208,0.69,6993.0,0.0067028
DTX1,0.39567,0.238,0.69,6994.0,0.00098982
ZNF48,0.36744,0.208,0.69,6995.0,0.0066783
GFRA2,0.30167,0.148,0.69,6996.0,0.097532
RNF11,0.14552,0.051,0.69,6997.0,0.57873
HSPA13,0.34978,0.191,0.69,6998.0,0.016897
WRAP53,0.42599,0.272,0.69,6999.0,5.3544e-05
LFNG,0.30161,0.148,0.69,7000.0,0.097612
NDE1,0.36734,0.208,0.69,7001.0,0.0066921
FAM131A,0.36748,0.208,0.69,7002.0,0.0066732
PRIM1,0.39549,0.237,0.69,7003.0,0.0009938
ZDHHC2,0.39516,0.237,0.69,7004.0,0.0010008
ZNF8,0.34954,0.19,0.69,7005.0,0.016971
ZNF8,0.34954,0.19,0.69,7006.0,0.016971
LAMA3,0.58647,0.499,0.691,7007.0,8.8349e-46
SYNJ2,0.51463,0.387,0.691,7008.0,8.5042e-14
CHURC1-FNTB,0.42618,0.272,0.691,7009.0,5.3295e-05
MTMR14,0.46575,0.321,0.691,7010.0,1.3607e-07
TPCN2,0.49125,0.355,0.691,7011.0,3.1241e-10
C5orf24,0.0,0.0,0.691,7012.0,0.73025
C14orf39,0.44861,0.299,0.691,7013.0,2.7282e-06
SLC9A5,0.47556,0.334,0.691,7014.0,1.7991e-08
LNX2,0.44214,0.291,0.691,7015.0,7.3132e-06
TPM3,0.36765,0.208,0.691,7016.0,0.0066522
FAM3C,0.3021,0.148,0.691,7017.0,0.096904
CSF3,0.21962,0.089,0.691,7018.0,0.38046
FCGRT,0.32856,0.171,0.691,7019.0,0.041493
OTOA,0.4921,0.355,0.692,7020.0,3.0274e-10
CACNB2,0.44936,0.3,0.692,7021.0,2.6719e-06
TNNI3,0.30253,0.148,0.692,7022.0,0.096284
ACVRL1,0.39675,0.238,0.692,7023.0,0.00096719
POLD2,0.39652,0.238,0.692,7024.0,0.00097201
CERS1,0.3023,0.148,0.692,7025.0,0.096618
CFB,0.52624,0.404,0.692,7026.0,4.6696e-16
HPS1,0.46662,0.322,0.692,7027.0,1.3245e-07
CCDC121,0.0,0.0,0.692,7028.0,0.72977
VARS2,0.53013,0.409,0.692,7029.0,5.8321e-17
DAPK3,0.36842,0.209,0.692,7030.0,0.0065541
PPAP2A,0.30243,0.148,0.692,7031.0,0.096417
KIAA1024,0.43501,0.282,0.692,7032.0,1.9551e-05
MRPS5,0.40864,0.251,0.693,7033.0,0.00036306
ZMYM6,0.51104,0.381,0.693,7034.0,6.2703e-13
ARL14EP,0.22011,0.089,0.693,7035.0,0.37864
RMDN3,0.42742,0.273,0.693,7036.0,5.1687e-05
BIVM-ERCC5,0.52483,0.401,0.693,7037.0,1.2783e-15
HRH3,0.32956,0.171,0.693,7038.0,0.04081
ZBTB40,0.49643,0.361,0.693,7039.0,1.0543e-10
SALL2,0.41847,0.262,0.693,7040.0,0.00013767
ALPL,0.40858,0.251,0.693,7041.0,0.0003636
FAM185A,0.32974,0.171,0.693,7042.0,0.040688
TBPL1,0.22001,0.089,0.693,7043.0,0.37902
SCRN1,0.38446,0.225,0.694,7044.0,0.002489
SLITRK2,0.36955,0.209,0.694,7045.0,0.0064131
TREX1,0.1463,0.051,0.694,7046.0,0.57528
TXNDC9,0.22055,0.089,0.694,7047.0,0.37701
EVA1B,0.0,0.0,0.694,7048.0,0.72896
TCEAL5,0.0,0.0,0.694,7049.0,0.72911
ANKS6,0.44408,0.292,0.694,7050.0,6.9447e-06
CPT1C,0.48623,0.346,0.694,7051.0,2.1926e-09
GPER1,0.14651,0.051,0.695,7052.0,0.57434
IFFO1,0.41964,0.263,0.695,7053.0,0.00013393
C9orf41,0.38511,0.225,0.695,7054.0,0.0024568
DNAH5,0.60393,0.526,0.695,7055.0,4.8607000000000005e-64
MTUS1,0.50115,0.366,0.695,7056.0,3.579e-11
C5,0.55395,0.444,0.695,7057.0,8.079e-24
STC1,0.26877,0.121,0.695,7058.0,0.20364
ACER2,0.33043,0.172,0.695,7059.0,0.040225
RIOK2,0.41961,0.263,0.695,7060.0,0.00013402
POU3F4,0.14645,0.051,0.695,7061.0,0.5746
PROSC,0.33119,0.172,0.696,7062.0,0.03972
ISM1,0.37059,0.21,0.696,7063.0,0.0062863
MUC13,0.38554,0.225,0.696,7064.0,0.0024356
NPHS1,0.52087,0.394,0.696,7065.0,2.5376e-14
OSBPL10,0.46413,0.317,0.696,7066.0,3.3256e-07
STOML2,0.38597,0.226,0.696,7067.0,0.0024144
TMEM246,0.30423,0.149,0.696,7068.0,0.093873
UBAC2,0.37079,0.21,0.696,7069.0,0.0062623
PTPRQ,0.54696,0.433,0.696,7070.0,4.2188e-21
ARL1,0.30434,0.149,0.696,7071.0,0.093716
TTLL4,0.51335,0.383,0.696,7072.0,5.6814e-13
HABP4,0.37127,0.21,0.697,7073.0,0.0062064
ATXN10,0.41091,0.252,0.697,7074.0,0.00034514
TRAPPC13,0.38613,0.226,0.697,7075.0,0.0024066
PSME2,0.35338,0.192,0.697,7076.0,0.015838
PLEKHA3,0.35291,0.192,0.697,7077.0,0.015972
TBC1D8,0.51369,0.383,0.697,7078.0,5.5998e-13
KCTD2,0.26974,0.122,0.697,7079.0,0.20119
FAM63B,0.43904,0.285,0.698,7080.0,1.7641e-05
MUSK,0.47567,0.331,0.698,7081.0,4.2474e-08
KMO,0.4306,0.275,0.698,7082.0,4.7825e-05
RUNDC1,0.38691,0.226,0.698,7083.0,0.0023691
SIRT6,0.33212,0.173,0.698,7084.0,0.039119
GNB4,0.38695,0.226,0.698,7085.0,0.0023672
SKP1,0.22166,0.09,0.698,7086.0,0.37294
NACA,0.43106,0.275,0.698,7087.0,4.7299e-05
SPATA20,0.48906,0.348,0.698,7088.0,1.9878e-09
CD226,0.33197,0.172,0.698,7089.0,0.03921
PBDC1,0.14713,0.051,0.698,7090.0,0.57162
DEAF1,0.41144,0.253,0.698,7091.0,0.00034113
ATF6,0.46509,0.317,0.698,7092.0,3.2333e-07
PRSS56,0.41148,0.253,0.698,7093.0,0.00034082
GLRA3,0.43877,0.285,0.698,7094.0,1.7764e-05
PTPRR,0.45973,0.31,0.698,7095.0,8.7415e-07
BMP5,0.40009,0.24,0.698,7096.0,0.00090084
GPT2,0.41153,0.253,0.698,7097.0,0.00034046
FAM78A,0.22177,0.09,0.698,7098.0,0.37254
JAM2,0.3717,0.21,0.698,7099.0,0.006155
CLMN,0.48042,0.337,0.698,7100.0,1.5344e-08
BTF3L4,0.14719,0.051,0.698,7101.0,0.57136
MED24,0.50309,0.368,0.698,7102.0,3.3214e-11
PCBP4,0.38687,0.226,0.698,7103.0,0.0023713
SAV1,0.39994,0.24,0.698,7104.0,0.00090373
FAM189A1,0.33178,0.172,0.698,7105.0,0.039333
FILIP1,0.49654,0.359,0.698,7106.0,2.5711e-10
PALMD,0.41178,0.253,0.698,7107.0,0.00033855
MSH5,0.50403,0.368,0.699,7108.0,3.2035e-11
GABRA3,0.33264,0.173,0.699,7109.0,0.038786
HTR1A,0.27039,0.122,0.699,7110.0,0.19956
UBE2W,0.30534,0.149,0.699,7111.0,0.092355
SLC5A12,0.46044,0.311,0.699,7112.0,8.5695e-07
PDE1C,0.48563,0.343,0.699,7113.0,5.3913e-09
HMX1,0.0,0.0,0.699,7114.0,0.72623
TBC1D1,0.51787,0.388,0.699,7115.0,1.8584e-13
RRM2B,0.38717,0.226,0.699,7116.0,0.002357
MFSD4,0.38722,0.226,0.699,7117.0,0.0023547
SAR1A,0.22198,0.09,0.699,7118.0,0.37178
HOXA2,0.27054,0.122,0.699,7119.0,0.19917
NDC80,0.47146,0.325,0.699,7120.0,1.1423e-07
INTS4,0.50734,0.373,0.7,7121.0,1.1349e-11
TPK1,0.306,0.15,0.7,7122.0,0.09146
KCNIP2,0.35487,0.193,0.7,7123.0,0.015425
MIOS,0.49046,0.349,0.7,7124.0,1.8944e-09
IFNGR1,0.35459,0.193,0.7,7125.0,0.015503
AFG3L2,0.48642,0.344,0.7,7126.0,5.2511e-09
ATF6B,0.46648,0.318,0.7,7127.0,3.1036e-07
BEND7,0.37243,0.211,0.7,7128.0,0.0060711
TRIM35,0.40132,0.241,0.7,7129.0,0.00087781
GPD1L,0.33357,0.173,0.701,7130.0,0.038201
STMN4,0.30652,0.15,0.701,7131.0,0.090756
CPSF3,0.46731,0.319,0.701,7132.0,3.0292e-07
GNA15,0.3733,0.211,0.701,7133.0,0.0059721
TBC1D2B,0.48243,0.338,0.701,7134.0,1.438e-08
ENTPD5,0.43263,0.276,0.701,7135.0,4.554e-05
THPO,0.27137,0.123,0.701,7136.0,0.19714
KATNA1,0.44103,0.286,0.701,7137.0,1.6782e-05
BORA,0.41355,0.254,0.701,7138.0,0.00032563
SLC9A3R2,0.33332,0.173,0.701,7139.0,0.038353
FBXO9,0.42379,0.266,0.701,7140.0,0.00012166
GPR63,0.27123,0.123,0.701,7141.0,0.19747
PCYT2,0.40206,0.241,0.702,7142.0,0.0008643
SBK1,0.22299,0.09,0.702,7143.0,0.36812
WDR96,0.55571,0.443,0.702,7144.0,1.3459e-22
SLC27A4,0.43323,0.277,0.702,7145.0,4.4885e-05
GJD2,0.2715,0.123,0.702,7146.0,0.19681
UBE2B,0.27158,0.123,0.702,7147.0,0.19663
TRPC3,0.47329,0.326,0.702,7148.0,1.0806e-07
CARF,0.46269,0.312,0.703,7149.0,8.0424e-07
SIGLEC6,0.37416,0.212,0.703,7150.0,0.0058774
SIKE1,0.27195,0.123,0.703,7151.0,0.19572
TMBIM6,0.35637,0.194,0.703,7152.0,0.015024
REEP3,0.35609,0.194,0.703,7153.0,0.015097
DGKQ,0.49262,0.351,0.703,7154.0,1.7603e-09
NCOA4,0.45639,0.304,0.703,7155.0,2.2037e-06
NT5C3A,0.35626,0.194,0.703,7156.0,0.015053
ADAMTS5,0.46274,0.312,0.703,7157.0,8.0325e-07
KCNIP3,0.33453,0.174,0.703,7158.0,0.037604
MSMO1,0.30712,0.15,0.703,7159.0,0.089971
RP1,0.51934,0.388,0.704,7160.0,4.415e-13
SFN,0.22375,0.09,0.704,7161.0,0.36544
EBF4,0.41501,0.255,0.704,7162.0,0.0003154
TAL1,0.14845,0.052,0.704,7163.0,0.5659
C14orf80,0.35671,0.194,0.704,7164.0,0.014935
ARHGEF28,0.55233,0.436,0.704,7165.0,8.1044e-21
MYO1D,0.51602,0.383,0.704,7166.0,1.2784e-12
B4GALT1,0.33481,0.174,0.704,7167.0,0.037435
PAWR,0.30746,0.15,0.704,7168.0,0.089515
NT5C2,0.45751,0.305,0.704,7169.0,2.1385e-06
SLC39A4,0.41521,0.255,0.704,7170.0,0.00031401
GOPC,0.40329,0.242,0.704,7171.0,0.00084252
POU3F1,0.14873,0.052,0.705,7172.0,0.56469
DNAJB9,0.22385,0.091,0.705,7173.0,0.36507
IGSF9,0.51437,0.38,0.705,7174.0,3.4386e-12
PAQR5,0.33526,0.174,0.705,7175.0,0.037162
HERC5,0.5049,0.367,0.705,7176.0,7.6848e-11
C2CD5,0.51129,0.376,0.705,7177.0,9.7333e-12
ZNF174,0.35714,0.195,0.705,7178.0,0.014823
NIP7,0.22411,0.091,0.705,7179.0,0.36417
IMPDH1,0.45112,0.297,0.705,7180.0,5.7762e-06
SCAMP3,0.39087,0.228,0.705,7181.0,0.0021904
PAK6,0.43496,0.278,0.705,7182.0,4.3077e-05
TRAIP,0.44324,0.288,0.705,7183.0,1.5879e-05
FAM110B,0.22411,0.091,0.705,7184.0,0.36414
CAPN1,0.49864,0.358,0.706,7185.0,5.8554e-10
ITGB5,0.47626,0.328,0.706,7186.0,9.8905e-08
DAZAP2,0.22424,0.091,0.706,7187.0,0.36369
ZNF613,0.40473,0.243,0.706,7188.0,0.00081785
LIFR,0.52304,0.392,0.706,7189.0,1.4888e-13
ANKRD32,0.49867,0.358,0.706,7190.0,5.8495e-10
PCDHGB7,0.4442,0.288,0.706,7191.0,1.5509e-05
TPRA1,0.35779,0.195,0.706,7192.0,0.014654
NYAP2,0.41617,0.256,0.706,7193.0,0.00030753
ST6GAL2,0.37616,0.213,0.707,7194.0,0.005662
IL12RB2,0.49506,0.353,0.707,7195.0,1.6212e-09
MAST2,0.54989,0.431,0.707,7196.0,1.7079e-19
ORC3,0.49513,0.353,0.707,7197.0,1.617e-09
AC069368.3,0.33602,0.175,0.707,7198.0,0.036709
SNTA1,0.37636,0.213,0.707,7199.0,0.0056417
CPNE9,0.48201,0.335,0.707,7200.0,3.4898e-08
TACC3,0.47119,0.321,0.707,7201.0,2.7082e-07
ISG20L2,0.30883,0.151,0.707,7202.0,0.087751
CEP85L,0.49086,0.347,0.707,7203.0,4.5367e-09
ANGEL2,0.45257,0.298,0.708,7204.0,5.565e-06
CYTIP,0.39256,0.229,0.708,7205.0,0.0021191
TOMM34,0.35857,0.195,0.708,7206.0,0.014459
IFT88,0.50698,0.368,0.708,7207.0,7.1224e-11
SCN9A,0.54886,0.429,0.708,7208.0,4.7524e-19
PRAM1,0.41726,0.256,0.708,7209.0,0.0003004
ZNF280B,0.33672,0.175,0.708,7210.0,0.036302
DGKE,0.45309,0.298,0.708,7211.0,5.4906e-06
PGBD5,0.39262,0.229,0.708,7212.0,0.0021166
SLAMF7,0.33663,0.175,0.708,7213.0,0.03635
GSTT2B,0.0,0.0,0.708,7214.0,0.72219
LNX1,0.45996,0.307,0.708,7215.0,2.0033e-06
RAB43,0.1493,0.052,0.708,7216.0,0.56224
RNASEK-C17orf49,0.27407,0.124,0.708,7217.0,0.19065
GPR12,0.22479,0.091,0.708,7218.0,0.36177
CD4,0.40647,0.244,0.709,7219.0,0.00078914
SPSB3,0.33706,0.175,0.709,7220.0,0.036104
ADAMTS14,0.52782,0.397,0.709,7221.0,4.7565e-14
ID3,0.0,0.0,0.709,7222.0,0.72177
CEACAM1,0.40653,0.244,0.709,7223.0,0.00078816
POLR2I,0.22525,0.091,0.709,7224.0,0.36015
KLHL1,0.46673,0.315,0.709,7225.0,7.1907e-07
ZNF740,0.27449,0.124,0.709,7226.0,0.18968
B2M,0.14943,0.052,0.709,7227.0,0.56167
KLF2,0.14972,0.052,0.71,7228.0,0.56044
HTR1B,0.27458,0.124,0.71,7229.0,0.18947
JDP2,0.22552,0.091,0.71,7230.0,0.35921
RASA3,0.50482,0.365,0.71,7231.0,1.9114e-10
ZNF850,0.0,0.0,0.71,7232.0,0.72103
EIF2AK1,0.46763,0.316,0.71,7233.0,7.0148e-07
ROBO3,0.53534,0.408,0.71,7234.0,1.9977e-15
ADAMTS4,0.46097,0.307,0.71,7235.0,1.9501e-06
CROCC,0.56739,0.456,0.71,7236.0,1.2656e-24
ATM,0.60251,0.513,0.71,7237.0,5.5884e-47
PROB1,0.37779,0.214,0.71,7238.0,0.0054944
WNT7A,0.33763,0.175,0.71,7239.0,0.035773
TOR4A,0.14964,0.052,0.71,7240.0,0.56079
CD28,0.22593,0.091,0.711,7241.0,0.35779
GMIP,0.50533,0.365,0.711,7242.0,1.8778e-10
ASAP3,0.51535,0.379,0.711,7243.0,8.33e-12
LEPROTL1,0.0,0.0,0.711,7244.0,0.72072
LLGL2,0.51889,0.383,0.711,7245.0,2.8797e-12
MUC22,0.36024,0.196,0.711,7246.0,0.014047
RBL1,0.51841,0.383,0.711,7247.0,2.9339e-12
TUFT1,0.42982,0.27,0.711,7248.0,0.00010612
CALU,0.36041,0.196,0.711,7249.0,0.014005
IDH3G,0.31084,0.152,0.711,7250.0,0.085247
IL23A,0.22585,0.091,0.711,7251.0,0.35806
TMED8,0.31083,0.152,0.711,7252.0,0.085258
AWAT2,0.27496,0.124,0.711,7253.0,0.18858
DCLRE1C,0.47417,0.324,0.711,7254.0,2.4874e-07
ITK,0.48548,0.338,0.712,7255.0,3.1402e-08
MSANTD4,0.36051,0.196,0.712,7256.0,0.013981
DNAJC17,0.39476,0.231,0.712,7257.0,0.0020308
EPHA8,0.506,0.365,0.712,7258.0,1.834e-10
BCL2,0.15005,0.052,0.712,7259.0,0.55903
TCF7,0.37901,0.215,0.712,7260.0,0.0053732
ZFP1,0.36078,0.197,0.712,7261.0,0.013918
SLC36A3,0.39479,0.231,0.712,7262.0,0.0020296
COG4,0.49495,0.35,0.713,7263.0,3.9748e-09
PLK3,0.46297,0.309,0.713,7264.0,1.8504e-06
THEMIS2,0.39502,0.231,0.713,7265.0,0.0020207
RRAGA,0.22654,0.092,0.713,7266.0,0.3557
NUF2,0.4401,0.281,0.713,7267.0,3.8169e-05
SLC45A4,0.43062,0.27,0.713,7268.0,0.00010424
NAALADL2,0.4805,0.331,0.713,7269.0,8.7292e-08
ZNF703,0.22635,0.092,0.713,7270.0,0.35636
PTDSS2,0.44866,0.291,0.713,7271.0,1.3906e-05
BCL7B,0.27645,0.125,0.714,7272.0,0.18519
CRHR1,0.44046,0.281,0.714,7273.0,3.7856e-05
TRIOBP,0.5789,0.472,0.714,7274.0,2.0160999999999998e-28
ILK,0.44042,0.281,0.714,7275.0,3.7887e-05
ALDH4A1,0.4492,0.291,0.714,7276.0,1.3725e-05
ANXA6,0.49149,0.345,0.714,7277.0,1.0804e-08
HPS6,0.42113,0.259,0.714,7278.0,0.00027656
PPIA,0.15045,0.052,0.714,7279.0,0.55734
RELL2,0.3118,0.153,0.714,7280.0,0.084083
LPAR1,0.27607,0.125,0.714,7281.0,0.18603
DNAJA4,0.39548,0.231,0.714,7282.0,0.0020027
LRFN2,0.36152,0.197,0.714,7283.0,0.013743
DLK1,0.33977,0.177,0.714,7284.0,0.034576
GPR123,0.36176,0.197,0.714,7285.0,0.013687
LTA4H,0.48748,0.339,0.715,7286.0,2.9568e-08
FUT9,0.31256,0.153,0.715,7287.0,0.08318
AVPR2,0.15079,0.053,0.715,7288.0,0.55589
STK17B,0.36205,0.197,0.715,7289.0,0.013619
RGSL1,0.51539,0.377,0.715,7290.0,2.0941e-11
ADPGK,0.38059,0.215,0.715,7291.0,0.0052215
AMER2,0.3123,0.153,0.715,7292.0,0.083487
TMTC1,0.50104,0.357,0.715,7293.0,1.329e-09
GRIN2C,0.47687,0.325,0.715,7294.0,2.3053e-07
MYO18B,0.58609,0.482,0.715,7295.0,1.0329e-31
TAGLN3,0.27656,0.125,0.715,7296.0,0.18493
ELK3,0.31228,0.153,0.715,7297.0,0.083508
DYNLT3,0.0,0.0,0.715,7298.0,0.71894
ESRP2,0.47644,0.325,0.715,7299.0,2.3333e-07
SAMD14,0.40985,0.246,0.715,7300.0,0.00073677
MGAT2,0.34056,0.177,0.716,7301.0,0.034151
TUBGCP4,0.49721,0.352,0.716,7302.0,3.6984e-09
FASLG,0.27722,0.125,0.716,7303.0,0.18345
RHCG,0.43242,0.271,0.716,7304.0,0.00010016
ARF3,0.22741,0.092,0.716,7305.0,0.35273
ATPAF1,0.36272,0.198,0.716,7306.0,0.013464
CFL1,0.15086,0.053,0.716,7307.0,0.55563
L3MBTL2,0.49307,0.346,0.716,7308.0,1.0289e-08
ZKSCAN7,0.45015,0.292,0.716,7309.0,1.3415e-05
FAM46B,0.2776,0.125,0.717,7310.0,0.18261
PRUNE2,0.58039,0.472,0.717,7311.0,4.9601e-28
PAIP2,0.15121,0.053,0.717,7312.0,0.55414
SLC25A27,0.42243,0.26,0.717,7313.0,0.00026907
CILP2,0.48337,0.333,0.717,7314.0,8.0314e-08
DOCK6,0.57708,0.467,0.717,7315.0,1.2563e-26
KIAA0895L,0.39713,0.232,0.717,7316.0,0.0019404
MAD2L2,0.31349,0.153,0.717,7317.0,0.082082
OGFR,0.34108,0.177,0.717,7318.0,0.033874
SPEF2,0.5738,0.462,0.717,7319.0,3.1152000000000005e-25
CTC-273B12.7,0.0,0.0,0.717,7320.0,0.71766
VSTM4,0.34118,0.177,0.717,7321.0,0.033816
AASDHPPT,0.34109,0.177,0.717,7322.0,0.033866
SERTAD4,0.34095,0.177,0.717,7323.0,0.033943
MTG1,0.36345,0.198,0.717,7324.0,0.013299
ATG4D,0.4227,0.26,0.717,7325.0,0.00026752
ATG3,0.41149,0.247,0.718,7326.0,0.00071299
TSPAN18,0.31356,0.153,0.718,7327.0,0.082002
SOWAHB,0.41137,0.247,0.718,7328.0,0.00071474
ARPC5L,0.1513,0.053,0.718,7329.0,0.55377
VLDLR,0.51717,0.378,0.718,7330.0,1.9617e-11
SHKBP1,0.48434,0.334,0.718,7331.0,7.8108e-08
PDHX,0.43377,0.272,0.718,7332.0,9.7242e-05
HOXB1,0.31377,0.154,0.718,7333.0,0.081766
ABCD2,0.45919,0.302,0.718,7334.0,4.7079e-06
CHRM2,0.27789,0.126,0.718,7335.0,0.18197
NDUFAF4,0.15138,0.053,0.718,7336.0,0.55344
SLC25A36,0.3417,0.178,0.718,7337.0,0.033543
MTX1,0.36358,0.198,0.718,7338.0,0.013271
SYBU,0.43354,0.272,0.718,7339.0,9.7732e-05
WDR66,0.52928,0.395,0.718,7340.0,2.9422e-13
IER5L,0.1513,0.053,0.718,7341.0,0.55377
GGA3,0.46691,0.311,0.719,7342.0,1.6701e-06
RAB7L1,0.2781,0.126,0.719,7343.0,0.18152
TOLLIP,0.31431,0.154,0.719,7344.0,0.081141
SLC16A14,0.36449,0.199,0.719,7345.0,0.013067
GADD45G,0.15158,0.053,0.719,7346.0,0.55259
CLNS1A,0.31405,0.154,0.719,7347.0,0.081436
FAM216A,0.34187,0.178,0.719,7348.0,0.033456
PIBF1,0.51799,0.379,0.719,7349.0,1.9044e-11
ADAMTS15,0.46697,0.311,0.719,7350.0,1.6672e-06
MIEN1,0.15159,0.053,0.719,7351.0,0.55257
ENSA,0.22847,0.092,0.719,7352.0,0.34917
IL17REL,0.39848,0.233,0.719,7353.0,0.0018916
KIAA0586,0.54417,0.416,0.719,7354.0,5.1344e-16
PFDN2,0.22831,0.092,0.719,7355.0,0.34971
MYLK3,0.47413,0.32,0.72,7356.0,5.8848e-07
SFTPB,0.42419,0.261,0.72,7357.0,0.00025934
PCDHGB1,0.43493,0.273,0.72,7358.0,9.479e-05
SPAG5,0.54331,0.414,0.72,7359.0,1.3955e-15
ZNF572,0.36481,0.199,0.72,7360.0,0.012997
NCEH1,0.36495,0.199,0.72,7361.0,0.012968
DNAJC21,0.48022,0.328,0.72,7362.0,2.1006e-07
IMPG2,0.53093,0.396,0.72,7363.0,2.7548e-13
GRIK1,0.50431,0.359,0.72,7364.0,1.1948e-09
SRSF12,0.34255,0.178,0.72,7365.0,0.033102
CRH,0.0,0.0,0.72,7366.0,0.71614
ITGAX,0.54379,0.414,0.721,7367.0,1.3665e-15
KRR1,0.41291,0.248,0.721,7368.0,0.00069317
ZNF34,0.4133,0.248,0.721,7369.0,0.00068775
TMPRSS6,0.50888,0.365,0.721,7370.0,4.1369e-10
C10orf88,0.36532,0.199,0.721,7371.0,0.012888
TNFRSF19,0.34289,0.178,0.721,7372.0,0.032926
CLCA1,0.50102,0.354,0.721,7373.0,3.2791e-09
DNMBP,0.54989,0.423,0.721,7374.0,5.7164e-17
TMEM161B,0.45328,0.294,0.721,7375.0,1.2449e-05
TXNRD1,0.46842,0.312,0.721,7376.0,1.6062e-06
DSTN,0.15192,0.053,0.721,7377.0,0.55116
DPCR1,0.4539,0.295,0.722,7378.0,1.2265e-05
PIP4K2C,0.40019,0.234,0.722,7379.0,0.0018314
ARF6,0.0,0.0,0.722,7380.0,0.71536
DNAH9,0.62395,0.54,0.722,7381.0,3.0547e-60
VPS37A,0.41392,0.249,0.722,7382.0,0.00067936
UGDH,0.41362,0.248,0.722,7383.0,0.00068341
UBA5,0.42553,0.262,0.722,7384.0,0.00025218
CCDC136,0.53486,0.401,0.722,7385.0,9.1226e-14
MORN4,0.15221,0.053,0.722,7386.0,0.54999
OAZ1,0.2795,0.126,0.722,7387.0,0.17847
FBXW4,0.41416,0.249,0.723,7388.0,0.00067616
NT5DC2,0.45444,0.295,0.723,7389.0,1.211e-05
OVGP1,0.4144,0.249,0.723,7390.0,0.00067299
RPL35,0.15247,0.053,0.723,7391.0,0.54892
WDR59,0.53828,0.405,0.723,7392.0,3.061e-14
FAM83G,0.44623,0.285,0.723,7393.0,3.3167e-05
FXN,0.22976,0.093,0.723,7394.0,0.34491
FBP1,0.3161,0.155,0.723,7395.0,0.079124
BCL7C,0.31575,0.155,0.723,7396.0,0.079509
CCDC13,0.49735,0.349,0.723,7397.0,9.0281e-09
PARD3B,0.53021,0.394,0.723,7398.0,7.2829e-13
DENND2C,0.52433,0.385,0.723,7399.0,5.9524e-12
LGR5,0.49312,0.343,0.724,7400.0,2.5019e-08
ACP5,0.31653,0.155,0.724,7401.0,0.078651
RYBP,0.28009,0.127,0.724,7402.0,0.17721
RHOBTB3,0.46342,0.305,0.724,7403.0,4.2416e-06
VAV3,0.53675,0.402,0.724,7404.0,8.4532e-14
SCARB2,0.43758,0.274,0.724,7405.0,8.9495e-05
NKX1-1,0.0,0.0,0.724,7406.0,0.71465
RNF185,0.28006,0.127,0.724,7407.0,0.17727
SLCO5A1,0.47013,0.314,0.724,7408.0,1.5378e-06
NDUFA8,0.23001,0.093,0.724,7409.0,0.34407
WDR61,0.38527,0.218,0.724,7410.0,0.0048017
SLC26A5,0.48825,0.336,0.724,7411.0,6.9851e-08
TMEM110-MUSTN1,0.41467,0.249,0.724,7412.0,0.00066939
KIAA1324,0.53114,0.394,0.724,7413.0,7.0266e-13
KLHL42,0.36703,0.2,0.724,7414.0,0.012525
RRS1,0.28013,0.127,0.724,7415.0,0.17712
USP35,0.47678,0.322,0.724,7416.0,5.4853e-07
DNAI1,0.49429,0.344,0.725,7417.0,2.4183e-08
FAM69B,0.36731,0.2,0.725,7418.0,0.012466
POSTN,0.50784,0.362,0.725,7419.0,1.0666e-09
TTC26,0.49409,0.344,0.725,7420.0,2.4322e-08
FAM172A,0.42714,0.263,0.725,7421.0,0.00024392
TBC1D13,0.41549,0.249,0.725,7422.0,0.00065868
BCL7A,0.31691,0.155,0.725,7423.0,0.07823
FILIP1L,0.50757,0.362,0.725,7424.0,1.0757e-09
CALN1,0.34486,0.179,0.725,7425.0,0.031937
XBP1,0.3447,0.179,0.725,7426.0,0.032014
SAMD8,0.40222,0.235,0.726,7427.0,0.0017634
MVP,0.48943,0.337,0.726,7428.0,6.7564e-08
MTHFD1L,0.52931,0.391,0.726,7429.0,1.9355e-12
ANKS3,0.48417,0.33,0.726,7430.0,1.8852e-07
AURKC,0.31721,0.155,0.726,7431.0,0.077907
SCARF1,0.47816,0.323,0.726,7432.0,5.2898e-07
UROS,0.3455,0.18,0.726,7433.0,0.031627
SOX21,0.0,0.0,0.726,7434.0,0.71344
VPS25,0.31749,0.155,0.727,7435.0,0.077601
FNDC5,0.15322,0.053,0.727,7436.0,0.5458
IST1,0.38714,0.219,0.727,7437.0,0.0046461
LPIN1,0.53337,0.396,0.727,7438.0,6.4522e-13
FAM19A2,0.23094,0.093,0.727,7439.0,0.34104
ACSL5,0.5051,0.357,0.727,7440.0,2.8888e-09
PIN4,0.0,0.0,0.727,7441.0,0.71293
PTGES,0.0,0.0,0.727,7442.0,0.71317
KIAA1199,0.55551,0.428,0.728,7443.0,4.4023e-17
PLEKHA1,0.42902,0.264,0.728,7444.0,0.0002347
EBAG9,0.31796,0.156,0.728,7445.0,0.077101
FAM73A,0.48535,0.331,0.728,7446.0,1.8254e-07
PDGFD,0.40374,0.236,0.728,7447.0,0.0017145
CBS,0.44953,0.287,0.728,7448.0,3.0799e-05
C20orf26,0.54701,0.415,0.728,7449.0,3.1129e-15
HOXC10,0.28177,0.127,0.728,7450.0,0.17368
DKK1,0.28151,0.127,0.728,7451.0,0.17423
RIC8A,0.41699,0.25,0.728,7452.0,0.00063968
CCDC79,0.47907,0.323,0.728,7453.0,5.1645e-07
URI1,0.4582,0.297,0.728,7454.0,1.1089e-05
C1orf116,0.40396,0.236,0.729,7455.0,0.0017075
HGSNAT,0.49171,0.339,0.729,7456.0,6.3392e-08
MARCH3,0.28198,0.127,0.729,7457.0,0.17324
NUP210,0.57591,0.458,0.729,7458.0,1.0967e-22
POLR2M,0.34663,0.18,0.729,7459.0,0.031082
FGFR1OP,0.41793,0.251,0.729,7460.0,0.00062816
ZNF672,0.31842,0.156,0.729,7461.0,0.076604
OXT,0.0,0.0,0.729,7462.0,0.71197
SLA2,0.3187,0.156,0.729,7463.0,0.076311
C1orf112,0.51528,0.37,0.73,7464.0,3.3523e-10
CNTD1,0.38852,0.22,0.73,7465.0,0.0045358
CHDC2,0.34738,0.181,0.73,7466.0,0.03073
PPT2,0.38844,0.22,0.73,7467.0,0.0045415
RBM19,0.53246,0.394,0.73,7468.0,1.7215e-12
KCNA1,0.31897,0.156,0.73,7469.0,0.076028
PLSCR1,0.37001,0.202,0.73,7470.0,0.011923
ZP2,0.49241,0.339,0.73,7471.0,6.2157e-08
TCEA3,0.38887,0.22,0.73,7472.0,0.0045078
PCSK1,0.50676,0.358,0.73,7473.0,2.745e-09
FGFRL1,0.37009,0.202,0.73,7474.0,0.011908
LAMA4,0.58204,0.467,0.73,7475.0,1.3909e-24
WDR3,0.53789,0.401,0.73,7476.0,2.0951e-13
TNFAIP2,0.44137,0.277,0.731,7477.0,8.2527e-05
PLEKHH3,0.48153,0.325,0.731,7478.0,4.8445e-07
DDOST,0.4191,0.252,0.731,7479.0,0.00061409
ZMAT4,0.31944,0.156,0.731,7480.0,0.075538
CUL7,0.57285,0.452,0.731,7481.0,2.5915999999999996e-21
BCL10,0.23217,0.094,0.731,7482.0,0.33709
HAUS5,0.51594,0.37,0.731,7483.0,3.2819e-10
GOLIM4,0.52359,0.381,0.731,7484.0,3.9661e-11
GRB7,0.47488,0.317,0.731,7485.0,1.3644e-06
SDHD,0.23221,0.094,0.731,7486.0,0.33697
MAFK,0.0,0.0,0.731,7487.0,0.71128
NPTX2,0.34785,0.181,0.731,7488.0,0.030511
AURKB,0.38959,0.221,0.732,7489.0,0.0044521
LAMA2,0.62084,0.528,0.732,7490.0,2.4118e-47
RABL5,0.23244,0.094,0.732,7491.0,0.33622
RBP7,0.15432,0.054,0.732,7492.0,0.54133
ADAMTS17,0.5495,0.417,0.732,7493.0,2.802e-15
PKD1L1,0.61313,0.515,0.732,7494.0,1.0852e-40
KCNC4,0.38956,0.221,0.732,7495.0,0.0044543
MIEF1,0.37119,0.202,0.733,7496.0,0.011698
ANKRD26,0.58311,0.467,0.733,7497.0,3.5745e-24
CENPF,0.60797,0.506,0.733,7498.0,1.8822e-36
DVL1,0.46872,0.309,0.733,7499.0,3.7313e-06
C1orf106,0.43197,0.265,0.733,7500.0,0.00022109
ZSCAN10,0.44263,0.278,0.733,7501.0,8.0366e-05
FGD3,0.47587,0.317,0.733,7502.0,1.3311e-06
MYO7B,0.59831,0.49,0.733,7503.0,8.9527e-31
STAM2,0.46091,0.299,0.733,7504.0,1.0416e-05
TPI1,0.34854,0.181,0.733,7505.0,0.030193
TRAPPC9,0.5454,0.411,0.733,7506.0,2.2898e-14
CCDC9,0.45219,0.289,0.733,7507.0,2.9036e-05
RBMXL2,0.32014,0.157,0.733,7508.0,0.074817
HPS5,0.54047,0.403,0.733,7509.0,1.8969e-13
HCLS1,0.47634,0.318,0.733,7510.0,1.3157e-06
HOXC8,0.28382,0.128,0.734,7511.0,0.1695
KIN,0.46188,0.3,0.734,7512.0,1.0187e-05
PCSK6,0.5385,0.4,0.734,7513.0,5.3148e-13
KRT19,0.39103,0.221,0.734,7514.0,0.0043426
DYSF,0.60343,0.498,0.734,7515.0,3.6528e-33
IRX4,0.3721,0.203,0.734,7516.0,0.011525
MDFI,0.23314,0.094,0.734,7517.0,0.33402
ALS2CR11,0.55643,0.426,0.735,7518.0,2.9765e-16
ZFP14,0.43327,0.266,0.735,7519.0,0.0002154
POFUT2,0.43323,0.266,0.735,7520.0,0.00021557
ANAPC11,0.23351,0.094,0.735,7521.0,0.33285
GHITM,0.37222,0.203,0.735,7522.0,0.011502
PREB,0.42095,0.253,0.735,7523.0,0.00059272
ZNF10,0.40748,0.238,0.735,7524.0,0.0016011
ADAMTSL2,0.40751,0.238,0.735,7525.0,0.0016001
HOXC4,0.28434,0.129,0.735,7526.0,0.16846
HOXC4,0.28434,0.129,0.735,7527.0,0.16846
BBS7,0.50564,0.355,0.735,7528.0,7.0515e-09
B3GALT4,0.34951,0.182,0.735,7529.0,0.029753
IKBKAP,0.57662,0.455,0.735,7530.0,2.1199e-21
SKOR1,0.50639,0.355,0.736,7531.0,6.8995e-09
GLIS3,0.49621,0.342,0.736,7532.0,5.5977e-08
WBSCR22,0.44492,0.279,0.736,7533.0,7.6593e-05
HARS2,0.45406,0.29,0.736,7534.0,2.7868e-05
NPDC1,0.3499,0.182,0.736,7535.0,0.02958
GABRQ,0.39163,0.222,0.736,7536.0,0.0042977
CENPV,0.2338,0.095,0.736,7537.0,0.33194
SIGMAR1,0.28468,0.129,0.736,7538.0,0.1678
DDX41,0.49625,0.342,0.736,7539.0,5.5908e-08
ZBTB8A,0.39174,0.222,0.736,7540.0,0.0042899
TYRO3,0.51568,0.367,0.736,7541.0,8.3343e-10
RAG1,0.4544,0.29,0.736,7542.0,2.7659e-05
RP4-539M6.19,0.39206,0.222,0.736,7543.0,0.0042668
ZNF585A,0.45411,0.29,0.736,7544.0,2.7835e-05
TNIP2,0.40777,0.238,0.736,7545.0,0.0015926
LHX1,0.35069,0.182,0.737,7546.0,0.029231
KDELR2,0.28509,0.129,0.737,7547.0,0.16699
FAM19A1,0.23404,0.095,0.737,7548.0,0.33119
CNST,0.47881,0.319,0.737,7549.0,1.238e-06
BTG4,0.28518,0.129,0.737,7550.0,0.16682
TLR9,0.46353,0.301,0.737,7551.0,9.8117e-06
OSTM1,0.37336,0.203,0.737,7552.0,0.011293
RCN2,0.3503,0.182,0.737,7553.0,0.029405
TRAF3IP1,0.50255,0.35,0.737,7554.0,1.9085e-08
SETD7,0.39262,0.222,0.737,7555.0,0.0042257
RASD2,0.15531,0.054,0.737,7556.0,0.53733
NHEJ1,0.39306,0.223,0.738,7557.0,0.0041944
C17orf70,0.45558,0.291,0.738,7558.0,2.6956e-05
NDUFS8,0.28564,0.129,0.738,7559.0,0.16592
KCNIP1,0.39285,0.222,0.738,7560.0,0.0042091
EXOSC10,0.54919,0.414,0.738,7561.0,1.9676e-14
RRP1,0.44601,0.28,0.738,7562.0,7.4869e-05
TBRG4,0.47924,0.32,0.738,7563.0,1.225e-06
LETM1,0.4796,0.32,0.738,7564.0,1.2141e-06
GTSE1,0.45549,0.291,0.738,7565.0,2.7012e-05
AK9,0.5919,0.477,0.738,7566.0,3.6869999999999997e-26
BTG1,0.15554,0.054,0.738,7567.0,0.53641
HS3ST5,0.28549,0.129,0.738,7568.0,0.16621
NOA1,0.46429,0.301,0.738,7569.0,9.6433e-06
RPL23,0.23433,0.095,0.738,7570.0,0.33031
RNASEH1,0.37402,0.204,0.738,7571.0,0.011173
INTS9,0.486,0.328,0.738,7572.0,4.3201e-07
ING4,0.35119,0.183,0.738,7573.0,0.029013
ZBTB9,0.32239,0.158,0.738,7574.0,0.072545
MRPL19,0.35084,0.182,0.738,7575.0,0.029168
LAMB3,0.55408,0.421,0.738,7576.0,2.3136e-15
ETNPPL,0.44587,0.28,0.738,7577.0,7.5088e-05
GGT1,0.44573,0.28,0.738,7578.0,7.5307e-05
C11orf58,0.28591,0.129,0.739,7579.0,0.1654
A4GNT,0.28592,0.129,0.739,7580.0,0.16537
RGMB,0.323,0.158,0.739,7581.0,0.071955
RTTN,0.60847,0.503,0.739,7582.0,8.9747e-34
TUFM,0.3932,0.223,0.739,7583.0,0.004184
RAD51AP1,0.37446,0.204,0.739,7584.0,0.011096
UNC45A,0.5293,0.385,0.739,7585.0,3.2704e-11
F13A1,0.49831,0.343,0.739,7586.0,5.2851e-08
ZNF831,0.51752,0.369,0.739,7587.0,7.8727e-10
GTPBP10,0.39364,0.223,0.739,7588.0,0.0041528
TBL3,0.52577,0.38,0.739,7589.0,9.4054e-11
ITGA1,0.55945,0.428,0.739,7590.0,2.6124e-16
TDG,0.42369,0.254,0.739,7591.0,0.00056268
TMEFF2,0.44665,0.28,0.739,7592.0,7.3885e-05
NEURL1,0.37449,0.204,0.739,7593.0,0.011091
ASNS,0.46561,0.302,0.74,7594.0,9.3611e-06
RNF157,0.5095,0.357,0.74,7595.0,6.3025e-09
EGF,0.5626,0.432,0.74,7596.0,8.5294e-17
OR2H1,0.156,0.054,0.74,7597.0,0.53455
RASEF,0.51362,0.363,0.74,7598.0,2.2309e-09
TTC8,0.48061,0.321,0.74,7599.0,1.1846e-06
WNT8B,0.37505,0.204,0.74,7600.0,0.010991
NEK10,0.51843,0.369,0.74,7601.0,7.6572e-10
XRCC1,0.5093,0.357,0.74,7602.0,6.3386e-09
PARP10,0.50422,0.351,0.74,7603.0,1.8208e-08
GFPT2,0.50904,0.357,0.74,7604.0,6.3867e-09
KIF20A,0.54278,0.403,0.74,7605.0,4.5339e-13
INTU,0.51826,0.369,0.74,7606.0,7.6977e-10
MADCAM1,0.15599,0.054,0.74,7607.0,0.53462
CPSF2,0.49941,0.344,0.741,7608.0,5.13e-08
FOLH1,0.51008,0.358,0.741,7609.0,6.1977e-09
SNX29,0.52303,0.375,0.741,7610.0,2.6167e-10
RP11-724O16.1,0.48122,0.321,0.741,7611.0,1.1671e-06
CERK,0.45735,0.292,0.741,7612.0,2.5948e-05
DCAF4,0.46599,0.302,0.741,7613.0,9.2807e-06
RAPSN,0.41056,0.24,0.741,7614.0,0.0015148
TEX264,0.28657,0.13,0.741,7615.0,0.16412
MAGOHB,0.23538,0.095,0.741,7616.0,0.32706
SEC23A,0.53439,0.391,0.741,7617.0,1.0698e-11
FPGS,0.48155,0.321,0.741,7618.0,1.1579e-06
PNPLA2,0.3943,0.223,0.741,7619.0,0.0041069
FBXO25,0.4372,0.269,0.742,7620.0,0.00019921
LHX3,0.37579,0.205,0.742,7621.0,0.010863
CASC4,0.44817,0.281,0.742,7622.0,7.1603e-05
FLOT2,0.44847,0.281,0.742,7623.0,7.1158e-05
TMEM50A,0.28719,0.13,0.742,7624.0,0.16293
ZDHHC21,0.35268,0.183,0.742,7625.0,0.02838
ERLEC1,0.47457,0.312,0.742,7626.0,3.25e-06
PLEKHD1,0.4669,0.303,0.742,7627.0,9.0931e-06
ARHGAP11A,0.51547,0.365,0.742,7628.0,2.1115e-09
USP18,0.41128,0.24,0.742,7629.0,0.0014952
NOTCH4,0.5879,0.469,0.742,7630.0,2.0544e-23
HCN3,0.4578,0.292,0.742,7631.0,2.5694e-05
WDR6,0.51497,0.364,0.742,7632.0,2.1434e-09
CHRM5,0.39546,0.224,0.743,7633.0,0.0040271
FBN3,0.62353,0.525,0.743,7634.0,5.439e-42
HAPLN4,0.37627,0.205,0.743,7635.0,0.01078
ASPM,0.63219,0.539,0.743,7636.0,3.3502e-49
RNPC3,0.43804,0.269,0.743,7637.0,0.00019596
PTPLB,0.32474,0.159,0.743,7638.0,0.070281
CEP104,0.54175,0.4,0.743,7639.0,1.2281e-12
TBC1D8B,0.51149,0.359,0.743,7640.0,5.953e-09
SH3GLB2,0.41164,0.241,0.743,7641.0,0.0014857
DIAPH3,0.55777,0.423,0.743,7642.0,1.9877e-15
LYZL4,0.15668,0.055,0.743,7643.0,0.53187
VOPP1,0.23598,0.095,0.743,7644.0,0.32523
NCF2,0.489,0.33,0.743,7645.0,4.0054e-07
PALM2,0.41161,0.241,0.743,7646.0,0.0014865
PRG4,0.50665,0.352,0.743,7647.0,1.7017e-08
CCDC50,0.48991,0.331,0.744,7648.0,3.9152e-07
RP1-130H16.18,0.46798,0.304,0.744,7649.0,8.876e-06
RAB11FIP5,0.41249,0.241,0.744,7650.0,0.0014636
SLC35G1,0.28783,0.13,0.744,7651.0,0.16174
PSEN2,0.42614,0.256,0.744,7652.0,0.00053736
LRP11,0.39619,0.224,0.744,7653.0,0.0039782
PCDHGC5,0.4682,0.304,0.744,7654.0,8.8338e-06
VGLL3,0.32537,0.159,0.745,7655.0,0.069692
MOGAT2,0.37771,0.206,0.745,7656.0,0.010537
KLHL8,0.47628,0.314,0.745,7657.0,3.1232e-06
ERI3,0.39639,0.224,0.745,7658.0,0.003965
EVA1C,0.4127,0.241,0.745,7659.0,0.001458
HSD17B4,0.52556,0.377,0.745,7660.0,2.4175e-10
PARL,0.43913,0.27,0.745,7661.0,0.00019181
ZSCAN25,0.43892,0.27,0.745,7662.0,0.0001926
KIAA0196,0.57063,0.441,0.745,7663.0,8.2703e-18
POLR2C,0.41266,0.241,0.745,7664.0,0.0014592
UBAC1,0.41295,0.241,0.745,7665.0,0.0014517
SLC45A1,0.45953,0.293,0.745,7666.0,2.4761e-05
VPS28,0.32575,0.159,0.745,7667.0,0.069338
C19orf33,0.0,0.0,0.746,7668.0,0.70447
SYNGR3,0.15729,0.055,0.746,7669.0,0.52946
COL9A3,0.54108,0.398,0.746,7670.0,3.278e-12
PPP1R2,0.32581,0.159,0.746,7671.0,0.06928
SERPINH1,0.35468,0.184,0.746,7672.0,0.027553
REEP4,0.35473,0.184,0.746,7673.0,0.027532
GATSL3,0.35473,0.184,0.746,7674.0,0.027533
MROH2A,0.58412,0.46,0.747,7675.0,3.9287e-21
BAG4,0.44041,0.271,0.747,7676.0,0.00018708
ATP4A,0.53808,0.393,0.747,7677.0,9.4424e-12
C12orf55,0.62554,0.526,0.747,7678.0,3.7412000000000004e-41
ZDHHC20,0.42791,0.257,0.747,7679.0,0.00051998
AMACR,0.35515,0.185,0.747,7680.0,0.027363
DCLRE1A,0.51842,0.367,0.747,7681.0,1.9357e-09
CYP2U1,0.4142,0.242,0.747,7682.0,0.0014201
PPM1F,0.39775,0.225,0.747,7683.0,0.0038754
TRMT6,0.46093,0.294,0.747,7684.0,2.4031e-05
GEMIN5,0.58688,0.464,0.748,7685.0,1.244e-21
MERTK,0.53556,0.389,0.748,7686.0,2.6593e-11
SLBP,0.32705,0.16,0.748,7687.0,0.068148
CLDN2,0.0,0.0,0.748,7688.0,0.70328
FOSL1,0.28958,0.131,0.748,7689.0,0.15849
ATP6V0A2,0.53589,0.39,0.748,7690.0,2.6314e-11
MPZL1,0.28927,0.131,0.748,7691.0,0.15905
PNPLA1,0.44091,0.271,0.748,7692.0,0.00018528
GUCY2D,0.52404,0.373,0.748,7693.0,6.4574e-10
ESX1,0.15795,0.055,0.749,7694.0,0.52687
RBBP8,0.54292,0.399,0.749,7695.0,3.0764e-12
USP13,0.54303,0.399,0.749,7696.0,3.0651e-12
USP16,0.51999,0.368,0.749,7697.0,1.8493e-09
GGA2,0.49953,0.341,0.749,7698.0,1.2573e-07
NSA2,0.37939,0.207,0.749,7699.0,0.010263
WNT8A,0.37951,0.207,0.749,7700.0,0.010244
RP11-295K3.1,0.32714,0.16,0.749,7701.0,0.068066
OTOG,0.62136,0.517,0.749,7702.0,6.6065e-37
CPA5,0.4418,0.272,0.749,7703.0,0.00018213
NDUFAB1,0.15802,0.055,0.749,7704.0,0.52661
STX6,0.37938,0.207,0.749,7705.0,0.010265
EVPL,0.59737,0.479,0.749,7706.0,5.704800000000001e-25
CPLX2,0.15817,0.055,0.75,7707.0,0.52601
GMCL1,0.49361,0.333,0.75,7708.0,3.5709e-07
IRGQ,0.39915,0.226,0.75,7709.0,0.0037866
NELL1,0.54063,0.395,0.75,7710.0,8.6694e-12
RFC5,0.42965,0.258,0.75,7711.0,0.00050356
GNRHR,0.3277,0.16,0.75,7712.0,0.067566
DIXDC1,0.53359,0.385,0.75,7713.0,7.3213e-11
DNAH17,0.64945,0.564,0.75,7714.0,1.9559e-63
ZNF706,0.0,0.0,0.75,7715.0,0.70233
FASTKD2,0.47966,0.316,0.75,7716.0,2.8891e-06
ZNF570,0.45319,0.284,0.75,7717.0,6.4629e-05
ELOVL7,0.37989,0.207,0.75,7718.0,0.010183
FAM120B,0.53295,0.385,0.75,7719.0,7.4692e-11
AHRR,0.44209,0.272,0.75,7720.0,0.00018111
COL17A1,0.60398,0.489,0.75,7721.0,2.2869e-27
TNS4,0.49414,0.334,0.751,7722.0,3.525e-07
ANKFN1,0.53026,0.381,0.751,7723.0,2.0906e-10
FAM189B,0.47237,0.307,0.751,7724.0,8.0554e-06
PPFIBP1,0.56675,0.432,0.751,7725.0,5.1485e-16
SLC43A1,0.47249,0.307,0.751,7726.0,8.0343e-06
BAX,0.23858,0.097,0.751,7727.0,0.31746
BLM,0.56412,0.428,0.751,7728.0,1.5376e-15
C1orf86,0.15828,0.055,0.751,7729.0,0.52558
ADCYAP1,0.15863,0.055,0.752,7730.0,0.52424
RAB5B,0.35753,0.186,0.752,7731.0,0.026434
WDFY1,0.45419,0.285,0.752,7732.0,6.3352e-05
LIF,0.15864,0.055,0.752,7733.0,0.5242
SLC4A5,0.55412,0.414,0.752,7734.0,1.1368e-13
ZC3H12D,0.29102,0.132,0.752,7735.0,0.15589
TCAIM,0.46441,0.297,0.752,7736.0,2.2334e-05
ERGIC3,0.46423,0.296,0.752,7737.0,2.2416e-05
GLE1,0.53084,0.381,0.752,7738.0,2.0536e-10
ZNF276,0.47329,0.307,0.752,7739.0,7.8951e-06
MICALL1,0.50147,0.342,0.752,7740.0,1.1968e-07
HTRA1,0.43091,0.259,0.752,7741.0,0.00049201
IL6,0.2393,0.097,0.753,7742.0,0.31536
COL13A1,0.55782,0.418,0.753,7743.0,3.7355e-14
ACP2,0.45495,0.285,0.753,7744.0,6.2383e-05
TF,0.50783,0.35,0.753,7745.0,4.1001e-08
NDRG2,0.46503,0.297,0.753,7746.0,2.2044e-05
SYT10,0.45491,0.285,0.753,7747.0,6.2437e-05
SOD2,0.29152,0.132,0.753,7748.0,0.15499
HIP1R,0.56547,0.429,0.753,7749.0,1.4566e-15
KCNG1,0.35803,0.186,0.753,7750.0,0.026243
EEF1B2,0.32915,0.161,0.753,7751.0,0.066287
TMC6,0.52732,0.376,0.753,7752.0,5.8557e-10
MCM3,0.53523,0.387,0.753,7753.0,6.9522e-11
CCDC175,0.51819,0.364,0.753,7754.0,4.9246e-09
MYBPHL,0.40076,0.227,0.753,7755.0,0.0036874
TYW1,0.53232,0.382,0.754,7756.0,1.9626e-10
JUND,0.0,0.0,0.754,7757.0,0.70054
CCDC182,0.0,0.0,0.754,7758.0,0.70075
CCDC39,0.54338,0.397,0.754,7759.0,7.9127e-12
ATAD1,0.41767,0.244,0.754,7760.0,0.0013367
GUSB,0.50841,0.35,0.754,7761.0,4.0382e-08
CFDP1,0.40132,0.227,0.754,7762.0,0.0036535
LRSAM1,0.55328,0.411,0.754,7763.0,3.1008e-13
HLA-A,0.41796,0.244,0.754,7764.0,0.0013299
ZNF354B,0.46511,0.297,0.754,7765.0,2.201e-05
ANAPC5,0.52393,0.371,0.754,7766.0,1.6499e-09
AP000783.1,0.0,0.0,0.754,7767.0,0.70046
RAB3B,0.23952,0.097,0.754,7768.0,0.31473
NACC2,0.23948,0.097,0.754,7769.0,0.31484
OGFRL1,0.40165,0.227,0.754,7770.0,0.003634
STAC3,0.44465,0.273,0.754,7771.0,0.00017244
PTGFR,0.32938,0.161,0.754,7772.0,0.066085
KIAA2013,0.38251,0.208,0.755,7773.0,0.0097782
SLU7,0.5243,0.371,0.755,7774.0,1.6328e-09
IFT172,0.61948,0.511,0.755,7775.0,3.2682e-33
RTKN,0.48271,0.318,0.755,7776.0,2.696e-06
FAM50B,0.29215,0.132,0.755,7777.0,0.15388
CCDC71,0.35928,0.187,0.755,7778.0,0.025775
WFIKKN2,0.40204,0.228,0.755,7779.0,0.0036109
ALDOA,0.41827,0.244,0.755,7780.0,0.0013228
NOS2,0.56471,0.427,0.755,7781.0,4.0277e-15
CLDN3,0.15912,0.056,0.755,7782.0,0.52233
EFNA3,0.29243,0.132,0.756,7783.0,0.15339
ING1,0.38326,0.209,0.756,7784.0,0.0096662
SEMA4G,0.51508,0.358,0.756,7785.0,1.3518e-08
OAZ2,0.24006,0.097,0.756,7786.0,0.31316
MTMR6,0.51012,0.352,0.756,7787.0,3.8619e-08
ST3GAL5,0.41877,0.245,0.756,7788.0,0.0013115
HTRA2,0.40264,0.228,0.756,7789.0,0.0035755
AC079354.1,0.49798,0.336,0.756,7790.0,3.209e-07
CCNG2,0.38312,0.209,0.756,7791.0,0.0096861
CRYM,0.35951,0.187,0.756,7792.0,0.02569
ITGA2B,0.5723,0.438,0.756,7793.0,1.5205e-16
ABTB1,0.46669,0.298,0.756,7794.0,2.1295e-05
CLDN16,0.36012,0.187,0.757,7795.0,0.025466
BNIP3L,0.29281,0.132,0.757,7796.0,0.15274
TXNDC15,0.38338,0.209,0.757,7797.0,0.0096478
TTLL5,0.59537,0.471,0.757,7798.0,2.9217e-22
DMRT2,0.3833,0.209,0.757,7799.0,0.0096606
TRAF1,0.40284,0.228,0.757,7800.0,0.0035639
ZNF365,0.43371,0.26,0.757,7801.0,0.00046761
HOXB9,0.24046,0.097,0.757,7802.0,0.31202
WDR63,0.55516,0.412,0.757,7803.0,2.9016e-13
WDR70,0.5255,0.372,0.757,7804.0,1.5777e-09
SPC25,0.36001,0.187,0.757,7805.0,0.025506
LPPR3,0.38395,0.209,0.758,7806.0,0.0095649
FAM21A,0.43424,0.261,0.758,7807.0,0.00046322
FAM78B,0.24077,0.097,0.758,7808.0,0.31111
POP1,0.55607,0.413,0.758,7809.0,2.8105e-13
ZFP64,0.44686,0.275,0.758,7810.0,0.00016534
CEP76,0.52135,0.366,0.758,7811.0,4.5108e-09
MUC16,0.68108,0.611,0.759,7812.0,8.2703e-112
ARL5C,0.24128,0.098,0.759,7813.0,0.30967
DYNLL1,0.0,0.0,0.759,7814.0,0.6983
NOBOX,0.46823,0.299,0.759,7815.0,2.0629e-05
TOR1B,0.33159,0.162,0.759,7816.0,0.064206
GTF2F1,0.47717,0.31,0.759,7817.0,7.2585e-06
RHPN2,0.506,0.345,0.759,7818.0,1.0678e-07
SAP30,0.24118,0.098,0.759,7819.0,0.30994
PAQR8,0.29353,0.133,0.759,7820.0,0.15149
ACSS1,0.49971,0.337,0.759,7821.0,3.0776e-07
ZNF317,0.45876,0.288,0.759,7822.0,5.7842e-05
SCP2,0.49338,0.329,0.76,7823.0,8.7451e-07
AC073610.5,0.0,0.0,0.76,7824.0,0.69816
MINPP1,0.43525,0.261,0.76,7825.0,0.00045482
AUP1,0.44848,0.276,0.761,7826.0,0.00016038
SLC7A11,0.45967,0.288,0.761,7827.0,5.6817e-05
RAB28,0.36178,0.188,0.761,7828.0,0.02487
C4orf3,0.24188,0.098,0.761,7829.0,0.30797
CFI,0.51346,0.354,0.761,7830.0,3.5432e-08
EVI2B,0.33264,0.163,0.761,7831.0,0.063333
EVI5,0.54498,0.396,0.761,7832.0,1.9654e-11
NOXRED1,0.36204,0.188,0.761,7833.0,0.024779
CIAO1,0.4218,0.247,0.761,7834.0,0.0012454
PSTPIP1,0.48678,0.32,0.761,7835.0,2.4606e-06
SPAG1,0.52859,0.374,0.761,7836.0,1.445e-09
SP6,0.29464,0.133,0.761,7837.0,0.14961
AGBL4,0.48649,0.32,0.761,7838.0,2.4767e-06
C8orf44-SGK3,0.4943,0.33,0.761,7839.0,8.5621e-07
KCNJ10,0.29429,0.133,0.761,7840.0,0.1502
RNMT,0.4599,0.288,0.761,7841.0,5.6565e-05
SGK3,0.4943,0.33,0.761,7842.0,8.5621e-07
GLRA1,0.44923,0.276,0.762,7843.0,0.00015816
PRKCSH,0.50816,0.347,0.762,7844.0,1.0122e-07
RAB13,0.36221,0.188,0.762,7845.0,0.02472
HELQ,0.54946,0.402,0.762,7846.0,6.4877e-12
RP11-794P6.2,0.29486,0.133,0.762,7847.0,0.14923
GPN1,0.46063,0.289,0.762,7848.0,5.5764e-05
RSPO2,0.36253,0.188,0.762,7849.0,0.024608
HOXD10,0.33315,0.163,0.762,7850.0,0.062918
TP53I11,0.24216,0.098,0.762,7851.0,0.30718
SLC39A12,0.49543,0.33,0.763,7852.0,8.3413e-07
SRGN,0.0,0.0,0.763,7853.0,0.69656
C1QL3,0.16087,0.056,0.763,7854.0,0.51567
CCDC36,0.36284,0.189,0.763,7855.0,0.024502
HARS,0.48821,0.321,0.763,7856.0,2.3839e-06
ABHD12,0.47104,0.301,0.763,7857.0,1.9476e-05
RPAP1,0.5819,0.448,0.763,7858.0,1.3781e-17
C18orf63,0.48007,0.312,0.763,7859.0,6.8227e-06
M6PR,0.38635,0.211,0.763,7860.0,0.0092215
TTR,0.16087,0.056,0.763,7861.0,0.51566
MPL,0.52508,0.368,0.763,7862.0,4.0719e-09
ZSWIM3,0.46117,0.289,0.763,7863.0,5.5178e-05
IFNLR1,0.33363,0.163,0.763,7864.0,0.062532
MKI67,0.61769,0.502,0.764,7865.0,1.2598e-28
RP11-298I3.5,0.29571,0.134,0.764,7866.0,0.14781
CCDC25,0.38705,0.211,0.764,7867.0,0.0091245
SLC19A2,0.43788,0.263,0.764,7868.0,0.00043398
CNN2,0.36314,0.189,0.764,7869.0,0.024399
SDF4,0.3872,0.211,0.764,7870.0,0.0091042
POLE2,0.50288,0.339,0.764,7871.0,2.8528e-07
FCF1,0.36324,0.189,0.764,7872.0,0.024364
STAMBP,0.46181,0.29,0.764,7873.0,5.4496e-05
CCDC149,0.47219,0.302,0.765,7874.0,1.9023e-05
CDC14A,0.51014,0.348,0.765,7875.0,9.6376e-08
CABP7,0.29595,0.134,0.765,7876.0,0.14741
MATK,0.48965,0.322,0.765,7877.0,2.3097e-06
ABCC8,0.60559,0.483,0.765,7878.0,7.9571e-24
ATP6V1C1,0.45082,0.277,0.765,7879.0,0.00015353
GRAP2,0.45116,0.277,0.765,7880.0,0.00015256
COMP,0.53112,0.376,0.765,7881.0,1.3462e-09
GPRC5B,0.36377,0.189,0.765,7882.0,0.024183
SLC9C1,0.57201,0.433,0.765,7883.0,3.0455e-15
TMEM51,0.24296,0.098,0.765,7884.0,0.30495
PHOSPHO1,0.16126,0.056,0.765,7885.0,0.51421
SNTB2,0.43867,0.263,0.765,7886.0,0.00042801
PRRT3,0.46243,0.29,0.765,7887.0,5.3843e-05
SERINC5,0.48139,0.312,0.765,7888.0,6.6351e-06
MED20,0.24333,0.098,0.766,7889.0,0.30394
EFCAB8,0.45156,0.278,0.766,7890.0,0.00015144
CSF3R,0.5408,0.388,0.766,7891.0,1.5225e-10
SPATA22,0.43913,0.264,0.766,7892.0,0.00042457
EXT2,0.53188,0.376,0.766,7893.0,1.3179e-09
RARS,0.51662,0.356,0.766,7894.0,3.2689e-08
ANO3,0.58425,0.45,0.766,7895.0,1.2489e-17
ODF3,0.29648,0.134,0.766,7896.0,0.14655
PLEKHG4,0.58031,0.444,0.766,7897.0,1.0982e-16
ZNF18,0.46272,0.29,0.766,7898.0,5.3536e-05
EAF1,0.33494,0.164,0.766,7899.0,0.06149
BARHL1,0.29692,0.134,0.767,7900.0,0.14582
FAM219A,0.2967,0.134,0.767,7901.0,0.14617
LRP3,0.48267,0.313,0.767,7902.0,6.4582e-06
UBL7,0.42527,0.249,0.767,7903.0,0.0011746
IGDCC3,0.50473,0.341,0.767,7904.0,2.7305e-07
FCGBP,0.65396,0.559,0.767,7905.0,1.6706e-51
TFR2,0.53259,0.377,0.767,7906.0,1.2918e-09
SYNJ2BP,0.1618,0.056,0.767,7907.0,0.51218
CNTNAP3,0.54944,0.399,0.767,7908.0,1.7092e-11
APOBR,0.51117,0.349,0.767,7909.0,9.3975e-08
LMCD1,0.42491,0.248,0.767,7910.0,0.0011817
SHCBP1,0.51125,0.349,0.767,7911.0,9.3806e-08
ITIH4,0.56045,0.414,0.768,7912.0,6.4352e-13
NRDE2,0.57429,0.434,0.768,7913.0,2.7953e-15
CHRNA7,0.44035,0.264,0.768,7914.0,0.00041549
DBX1,0.33563,0.164,0.768,7915.0,0.060952
PARP12,0.51181,0.349,0.768,7916.0,9.2524e-08
RINL,0.46421,0.291,0.768,7917.0,5.2019e-05
NKAIN2,0.36526,0.19,0.768,7918.0,0.023684
DHX34,0.55988,0.414,0.768,7919.0,6.5588e-13
IARS,0.60079,0.473,0.768,7920.0,1.7339e-21
PIWIL1,0.56656,0.423,0.768,7921.0,7.2798e-14
YIPF4,0.33578,0.164,0.768,7922.0,0.06083
SYNDIG1,0.24385,0.099,0.768,7923.0,0.30249
RHCE,0.42587,0.249,0.768,7924.0,0.0011629
MAP3K6,0.58136,0.445,0.768,7925.0,1.0532e-16
SFXN5,0.4531,0.279,0.769,7926.0,0.0001472
DDHD2,0.54288,0.39,0.769,7927.0,1.4321e-10
CLCN2,0.55436,0.405,0.769,7928.0,5.546e-12
PIGS,0.47458,0.303,0.769,7929.0,1.8127e-05
PAGE4,0.0,0.0,0.769,7930.0,0.6939
TMEM150A,0.36555,0.19,0.769,7931.0,0.023588
RBM4B,0.36554,0.19,0.769,7932.0,0.02359
PLA2G4E,0.561,0.415,0.769,7933.0,6.3171e-13
CLK1,0.49954,0.333,0.769,7934.0,7.5962e-07
ZFPL1,0.38976,0.212,0.769,7935.0,0.0087619
DYNC1I2,0.52411,0.365,0.769,7936.0,1.0648e-08
C5orf22,0.45346,0.279,0.769,7937.0,0.00014623
VAMP4,0.298,0.135,0.77,7938.0,0.14407
CRTAC1,0.50015,0.334,0.77,7939.0,7.4918e-07
RPAP2,0.5072,0.342,0.77,7940.0,2.5763e-07
TMEM30A,0.40972,0.232,0.77,7941.0,0.0031923
YIPF1,0.41006,0.232,0.77,7942.0,0.0031753
LGI3,0.47549,0.304,0.77,7943.0,1.78e-05
SUSD4,0.45405,0.279,0.77,7944.0,0.00014466
EFR3A,0.54721,0.395,0.77,7945.0,4.8097e-11
INSIG2,0.33688,0.165,0.771,7946.0,0.059986
SLC5A1,0.51412,0.351,0.771,7947.0,8.747e-08
DEDD2,0.33694,0.165,0.771,7948.0,0.059941
LIMS1,0.41056,0.232,0.771,7949.0,0.0031502
DMC1,0.46562,0.292,0.771,7950.0,5.0628e-05
CCDC130,0.41044,0.232,0.771,7951.0,0.0031562
ATMIN,0.46595,0.292,0.771,7952.0,5.031e-05
MARCH1,0.39041,0.213,0.771,7953.0,0.0086782
SLC23A3,0.50093,0.334,0.771,7954.0,7.3605e-07
TBC1D16,0.50734,0.342,0.771,7955.0,2.5682e-07
TNNI2,0.29835,0.135,0.771,7956.0,0.14351
MOV10L1,0.58839,0.453,0.771,7957.0,1.0518e-17
REXO2,0.36666,0.191,0.771,7958.0,0.023229
PAPD4,0.51437,0.351,0.772,7959.0,8.6949e-08
PRRT1,0.24533,0.099,0.772,7960.0,0.29845
PLD3,0.47623,0.304,0.772,7961.0,1.754e-05
IL17RE,0.51498,0.351,0.772,7962.0,8.5681e-08
MXI1,0.42804,0.25,0.772,7963.0,0.0011217
NUAK2,0.46638,0.293,0.772,7964.0,4.9899e-05
SOWAHC,0.29886,0.135,0.772,7965.0,0.14271
ZKSCAN4,0.45512,0.28,0.772,7966.0,0.00014184
ZNF830,0.33743,0.165,0.772,7967.0,0.059572
NET1,0.49398,0.325,0.772,7968.0,2.1017e-06
TSPAN3,0.33718,0.165,0.772,7969.0,0.059759
PRPSAP2,0.41109,0.233,0.772,7970.0,0.0031244
NAP1L5,0.0,0.0,0.772,7971.0,0.6928
CMSS1,0.42828,0.25,0.773,7972.0,0.0011173
FAM204A,0.39185,0.214,0.773,7973.0,0.008495
PFAS,0.58998,0.454,0.773,7974.0,9.8526e-18
ACPL2,0.4118,0.233,0.773,7975.0,0.0030898
EPB42,0.52692,0.367,0.773,7976.0,9.9014e-09
FAM102B,0.44273,0.266,0.773,7977.0,0.00039858
GRWD1,0.44293,0.266,0.773,7978.0,0.00039721
KCNA7,0.2991,0.135,0.773,7979.0,0.14232
PCDHGB6,0.49418,0.325,0.773,7980.0,2.0925e-06
UNC13D,0.59397,0.46,0.773,7981.0,1.091e-18
SLC7A10,0.45632,0.281,0.774,7982.0,0.00013879
PIGK,0.4566,0.281,0.774,7983.0,0.0001381
APCDD1L,0.33825,0.166,0.774,7984.0,0.058959
KCNS2,0.33816,0.166,0.774,7985.0,0.059023
SRPX,0.41209,0.233,0.774,7986.0,0.0030756
BUD13,0.49488,0.326,0.774,7987.0,2.0613e-06
C1orf101,0.55773,0.408,0.774,7988.0,4.9865e-12
SPACA1,0.36835,0.192,0.774,7989.0,0.022692
BASP1,0.0,0.0,0.774,7990.0,0.69168
FAM160B2,0.52237,0.36,0.775,7991.0,2.83e-08
B4GALNT3,0.57732,0.435,0.775,7992.0,6.7902e-15
CENPT,0.48742,0.316,0.775,7993.0,5.8498e-06
F12,0.51654,0.353,0.775,7994.0,8.2526e-08
ZNF385B,0.42943,0.251,0.775,7995.0,0.0010962
C19orf57,0.45672,0.281,0.775,7996.0,0.00013778
PFKFB2,0.5104,0.345,0.775,7997.0,2.3914e-07
ANAPC15,0.24632,0.1,0.775,7998.0,0.29581
SYT16,0.49591,0.327,0.775,7999.0,2.0162e-06
RNF122,0.3001,0.136,0.776,8000.0,0.14077
VPS37B,0.33919,0.166,0.776,8001.0,0.058263
AZI1,0.58312,0.443,0.776,8002.0,7.3631e-16
NLRP4,0.53426,0.375,0.776,8003.0,3.1842e-09
ALDH1L1,0.55567,0.404,0.776,8004.0,1.4114e-11
GGNBP1,0.0,0.0,0.776,8005.0,0.69112
CHGB,0.51094,0.345,0.776,8006.0,2.3622e-07
L3MBTL1,0.56369,0.414,0.777,8007.0,1.5474e-12
ZGPAT,0.445,0.267,0.777,8008.0,0.00038328
ANGEL1,0.52959,0.368,0.777,8009.0,9.2452e-09
OR6C1,0.16382,0.057,0.777,8010.0,0.50471
NBAS,0.65227,0.549,0.777,8011.0,5.0234e-43
ATP5O,0.33936,0.166,0.777,8012.0,0.058145
ARL6IP1,0.3695,0.192,0.777,8013.0,0.022339
EDEM2,0.50429,0.336,0.777,8014.0,6.8274e-07
FTH1,0.3006,0.136,0.777,8015.0,0.13999
SLC2A4,0.4694,0.294,0.777,8016.0,4.7123e-05
GTSF1,0.37014,0.192,0.778,8017.0,0.022144
AVIL,0.57078,0.424,0.778,8018.0,1.6972e-13
SFXN2,0.43134,0.252,0.778,8019.0,0.0010626
RNASEK,0.16413,0.057,0.778,8020.0,0.50355
HS3ST3B1,0.2472,0.1,0.778,8021.0,0.29349
HTR1E,0.24722,0.1,0.778,8022.0,0.29344
AP000304.12,0.30084,0.136,0.778,8023.0,0.13962
TEX15,0.6189,0.495,0.778,8024.0,4.9939e-25
DHODH,0.41394,0.234,0.778,8025.0,0.0029884
CIPC,0.33985,0.166,0.778,8026.0,0.057788
GRPEL1,0.30115,0.136,0.778,8027.0,0.13916
PHGDH,0.45865,0.282,0.778,8028.0,0.00013308
MED17,0.53558,0.376,0.778,8029.0,3.0751e-09
PLEK,0.43109,0.252,0.778,8030.0,0.001067
ZNF451,0.56443,0.415,0.778,8031.0,1.5111e-12
ZNF354A,0.48919,0.317,0.778,8032.0,5.6407e-06
RFWD3,0.5449,0.388,0.778,8033.0,3.5331e-10
RRP1B,0.5357,0.376,0.778,8034.0,3.0653e-09
CCR7,0.34008,0.167,0.778,8035.0,0.057623
CDON,0.58252,0.44,0.779,8036.0,2.0608e-15
MARS,0.58262,0.441,0.779,8037.0,2.0536e-15
NEXN,0.55416,0.4,0.779,8038.0,3.9115e-11
USP53,0.57143,0.425,0.779,8039.0,1.6605e-13
ZDHHC6,0.48079,0.307,0.779,8040.0,1.6026e-05
DEGS1,0.3014,0.136,0.779,8041.0,0.13877
CORO1B,0.47081,0.295,0.779,8042.0,4.5885e-05
EIF1B,0.16437,0.057,0.779,8043.0,0.50271
SLC25A6,0.30152,0.136,0.779,8044.0,0.13859
CETN2,0.1642,0.057,0.779,8045.0,0.50331
LRRC71,0.49846,0.328,0.779,8046.0,1.9091e-06
ADGB,0.61148,0.483,0.78,8047.0,3.7200999999999996e-22
ATF5,0.24791,0.1,0.78,8048.0,0.29163
GPR176,0.39528,0.215,0.78,8049.0,0.0080793
CINP,0.34078,0.167,0.78,8050.0,0.057122
SLC46A1,0.37109,0.193,0.78,8051.0,0.021858
SYT6,0.39497,0.215,0.78,8052.0,0.0081153
ZNF33B,0.49914,0.329,0.78,8053.0,1.8817e-06
MRPL27,0.16453,0.057,0.78,8054.0,0.50212
ZMAT1,0.43216,0.253,0.78,8055.0,0.0010485
IRX2,0.37117,0.193,0.78,8056.0,0.021836
CTSL,0.39557,0.216,0.781,8057.0,0.0080454
TK1,0.30237,0.137,0.781,8058.0,0.13731
PSMD10,0.16474,0.058,0.781,8059.0,0.50136
RAB3IL1,0.44745,0.269,0.781,8060.0,0.00036755
RASAL3,0.55158,0.396,0.781,8061.0,1.114e-10
NARS,0.53719,0.377,0.781,8062.0,2.9489e-09
JPH2,0.47163,0.296,0.781,8063.0,4.5187e-05
CC2D2A,0.6274,0.507,0.781,8064.0,1.6721e-27
PSMB8,0.37131,0.193,0.781,8065.0,0.021795
ZNF428,0.16475,0.058,0.781,8066.0,0.5013
TXK,0.53257,0.371,0.781,8067.0,8.5733e-09
FOXD1,0.0,0.0,0.781,8068.0,0.68874
TRAT1,0.34174,0.167,0.782,8069.0,0.056441
TMTC4,0.53842,0.378,0.782,8070.0,2.8555e-09
PCMTD2,0.39601,0.216,0.782,8071.0,0.0079948
CAPN5,0.52709,0.363,0.782,8072.0,2.5197e-08
CAST,0.56386,0.412,0.782,8073.0,4.1218e-12
EFCAB12,0.48283,0.308,0.782,8074.0,1.5401e-05
WDPCP,0.55232,0.396,0.782,8075.0,1.0908e-10
ZBED1,0.44837,0.269,0.782,8076.0,0.00036187
XPC,0.55619,0.402,0.782,8077.0,3.6866e-11
C2orf44,0.43361,0.253,0.782,8078.0,0.0010242
C16orf45,0.30264,0.137,0.782,8079.0,0.13691
OS9,0.53842,0.378,0.782,8080.0,2.8559e-09
TSPAN15,0.39633,0.216,0.782,8081.0,0.0079572
CCDC108,0.62768,0.506,0.783,8082.0,4.7186000000000004e-27
PTGS1,0.50835,0.339,0.783,8083.0,6.2425e-07
TPM1,0.43408,0.254,0.783,8084.0,0.0010165
TPP1,0.50825,0.339,0.783,8085.0,6.2564e-07
BTBD17,0.37245,0.194,0.783,8086.0,0.021462
XRRA1,0.53355,0.371,0.783,8087.0,8.3651e-09
SAMD9L,0.58289,0.439,0.783,8088.0,5.5651e-15
CYP4F22,0.49232,0.32,0.783,8089.0,5.2921e-06
TTC37,0.6336,0.515,0.783,8090.0,1.725e-29
DNAJB13,0.41698,0.236,0.783,8091.0,0.0028524
DTX3L,0.49253,0.32,0.783,8092.0,5.2697e-06
DNAJC16,0.55678,0.402,0.783,8093.0,3.6232e-11
PAQR9,0.30277,0.137,0.783,8094.0,0.1367
TOR2A,0.30313,0.137,0.783,8095.0,0.13617
PAK4,0.47355,0.297,0.784,8096.0,4.3602e-05
SLC35D1,0.44942,0.27,0.784,8097.0,0.00035546
SLMO2,0.30325,0.137,0.784,8098.0,0.136
TIMP1,0.16531,0.058,0.784,8099.0,0.4993
TAF6,0.534,0.372,0.784,8100.0,8.2703e-09
GJA4,0.3427,0.168,0.784,8101.0,0.055777
TTC27,0.57786,0.431,0.784,8102.0,4.9343e-14
SDCCAG8,0.56158,0.408,0.784,8103.0,1.1809e-11
SCN7A,0.59584,0.457,0.784,8104.0,2.1568e-17
DCTN6,0.34275,0.168,0.784,8105.0,0.055741
BCCIP,0.39727,0.217,0.784,8106.0,0.0078502
GSS,0.50236,0.331,0.785,8107.0,1.7584e-06
MAMDC2,0.54957,0.392,0.785,8108.0,3.1044e-10
CCDC144A,0.57896,0.432,0.785,8109.0,4.7554e-14
IGSF11,0.43512,0.254,0.785,8110.0,0.00099965
ADRA1B,0.30365,0.137,0.785,8111.0,0.13541
CKM,0.39758,0.217,0.785,8112.0,0.0078152
ITGA10,0.60509,0.47,0.785,8113.0,2.4464e-19
TMEM182,0.34293,0.168,0.785,8114.0,0.05562
BRK1,0.0,0.0,0.785,8115.0,0.68706
BRIP1,0.5949,0.455,0.786,8116.0,6.206e-17
ERCC3,0.55866,0.404,0.786,8117.0,3.4312e-11
OPN1SW,0.37359,0.194,0.786,8118.0,0.021134
PRPS1L1,0.24981,0.101,0.786,8119.0,0.28673
YOD1,0.30407,0.137,0.786,8120.0,0.1348
GPR161,0.45045,0.271,0.786,8121.0,0.00034935
HJURP,0.51718,0.349,0.786,8122.0,2.0485e-07
KIAA0226,0.57687,0.429,0.787,8123.0,1.387e-13
BTLA,0.37412,0.195,0.787,8124.0,0.020987
ZNF414,0.34376,0.168,0.787,8125.0,0.055057
ATP10D,0.60844,0.474,0.787,8126.0,7.561e-20
TAP2,0.52474,0.358,0.787,8127.0,6.799e-08
L2HGDH,0.47527,0.298,0.787,8128.0,4.2231e-05
FIGNL1,0.46425,0.285,0.787,8129.0,0.00012046
INPP5K,0.47523,0.298,0.787,8130.0,4.2264e-05
EMP1,0.16593,0.058,0.787,8131.0,0.49706
GPSM3,0.24994,0.101,0.787,8132.0,0.28641
TBC1D2,0.55091,0.393,0.787,8133.0,2.9932e-10
CNGA2,0.43621,0.255,0.787,8134.0,0.00098232
EHD4,0.4757,0.298,0.787,8135.0,4.1903e-05
MED4,0.39944,0.218,0.788,8136.0,0.0076107
FOXC2,0.30492,0.138,0.788,8137.0,0.13356
NAIF1,0.25025,0.101,0.788,8138.0,0.28561
TH,0.50432,0.332,0.788,8139.0,1.6878e-06
BTBD1,0.46478,0.286,0.788,8140.0,0.00011935
SFXN1,0.43687,0.255,0.788,8141.0,0.00097212
ZDHHC7,0.43652,0.255,0.788,8142.0,0.00097756
AK4,0.30494,0.138,0.788,8143.0,0.13353
SLC4A1AP,0.5473,0.387,0.788,8144.0,8.6733e-10
RP11-108K14.8,0.43705,0.256,0.789,8145.0,0.00096926
ZNF45,0.51254,0.342,0.789,8146.0,5.6996e-07
SGCA,0.4203,0.238,0.789,8147.0,0.0027124
SH3GL2,0.46513,0.286,0.789,8148.0,0.00011862
RNPEPL1,0.47657,0.299,0.789,8149.0,4.124e-05
DISC1,0.50467,0.332,0.789,8150.0,1.6756e-06
CWC25,0.47684,0.299,0.789,8151.0,4.1031e-05
MBP,0.25071,0.101,0.789,8152.0,0.28446
KCTD5,0.34496,0.169,0.789,8153.0,0.054252
GPR37,0.4524,0.272,0.789,8154.0,0.00033812
AMT,0.42008,0.238,0.789,8155.0,0.0027214
NXPH3,0.25072,0.102,0.789,8156.0,0.28443
CA11,0.43786,0.256,0.79,8157.0,0.00095695
DSG2,0.55348,0.394,0.79,8158.0,2.7913e-10
DTNB,0.5534,0.394,0.79,8159.0,2.7969e-10
MIS18BP1,0.57637,0.426,0.79,8160.0,3.8309e-13
WEE2,0.49708,0.323,0.79,8161.0,4.8102e-06
PI15,0.37568,0.195,0.79,8162.0,0.020554
CAPN7,0.57918,0.43,0.79,8163.0,1.2865e-13
TRIM47,0.45268,0.272,0.79,8164.0,0.00033657
KIF15,0.62682,0.501,0.79,8165.0,9.5235e-25
MAPK11,0.45284,0.272,0.79,8166.0,0.00033565
ARMC2,0.54393,0.382,0.79,8167.0,2.4785e-09
THBD,0.34569,0.169,0.791,8168.0,0.053769
C17orf99,0.30618,0.138,0.791,8169.0,0.13177
FAM122A,0.16685,0.058,0.791,8170.0,0.4938
MAGEA11,0.0,0.0,0.791,8171.0,0.68445
MKNK2,0.48791,0.312,0.791,8172.0,1.3965e-05
COX5A,0.16677,0.058,0.791,8173.0,0.49407
NKAIN3,0.34557,0.169,0.791,8174.0,0.05385
GFOD1,0.34585,0.169,0.791,8175.0,0.053666
CHID1,0.48841,0.312,0.791,8176.0,1.3831e-05
NSUN7,0.4973,0.323,0.791,8177.0,4.7893e-06
KCTD20,0.43876,0.257,0.792,8178.0,0.00094347
RAG2,0.37667,0.196,0.792,8179.0,0.020287
DCBLD1,0.52786,0.36,0.792,8180.0,6.325e-08
PTP4A1,0.25155,0.102,0.792,8181.0,0.28236
TMEM167B,0.0,0.0,0.792,8182.0,0.68405
TESPA1,0.4984,0.323,0.792,8183.0,4.6856e-06
ZNF142,0.59467,0.451,0.792,8184.0,4.8098e-16
PAPSS1,0.52781,0.36,0.792,8185.0,6.3322e-08
TUBA1C,0.4011,0.219,0.792,8186.0,0.0074331
RPL12,0.34673,0.17,0.793,8187.0,0.053094
B4GALNT1,0.47927,0.301,0.793,8188.0,3.9259e-05
ZNF501,0.25199,0.102,0.793,8189.0,0.28125
C1orf222,0.56005,0.402,0.793,8190.0,8.7836e-11
PSMB4,0.42201,0.239,0.793,8191.0,0.0026437
GAS2L2,0.50727,0.334,0.793,8192.0,1.5879e-06
SAP30BP,0.46758,0.287,0.793,8193.0,0.00011365
AIM1L,0.5681,0.413,0.793,8194.0,9.7435e-12
FAM149A,0.48926,0.313,0.793,8195.0,1.361e-05
CDH24,0.53556,0.369,0.794,8196.0,2.0554e-08
STK10,0.58806,0.441,0.794,8197.0,1.2774e-14
CGRRF1,0.40219,0.219,0.794,8198.0,0.0073203
MGLL,0.37769,0.196,0.794,8199.0,0.020016
TTC5,0.49916,0.324,0.794,8200.0,4.6155e-06
PCDH15,0.63026,0.503,0.794,8201.0,8.028300000000001e-25
OSR2,0.30711,0.139,0.794,8202.0,0.13046
RCBTB1,0.50812,0.335,0.794,8203.0,1.5605e-06
CCDC155,0.54625,0.383,0.794,8204.0,2.3366e-09
SSX2IP,0.54675,0.384,0.794,8205.0,2.307e-09
CDIPT,0.30734,0.139,0.794,8206.0,0.13014
METTL3,0.523,0.353,0.794,8207.0,1.799e-07
ASXL1,0.58868,0.441,0.794,8208.0,1.2511e-14
MRPL40,0.347,0.17,0.794,8209.0,0.052924
CEP120,0.59172,0.446,0.795,8210.0,4.0887e-15
CTSD,0.44053,0.258,0.795,8211.0,0.00091747
EXOC4,0.58003,0.429,0.795,8212.0,3.4137e-13
TMED7-TICAM2,0.42329,0.24,0.795,8213.0,0.0025936
SP140L,0.54198,0.377,0.795,8214.0,6.7873e-09
DEPDC1,0.55216,0.391,0.795,8215.0,7.635e-10
RAD21L1,0.50009,0.325,0.795,8216.0,4.5316e-06
AGL,0.6377,0.514,0.795,8217.0,2.7564e-27
C8orf46,0.30751,0.139,0.795,8218.0,0.12991
KLHL41,0.46891,0.288,0.795,8219.0,0.00011107
DRAP1,0.30751,0.139,0.795,8220.0,0.1299
IQGAP2,0.63647,0.512,0.795,8221.0,8.4988e-27
TRO,0.48036,0.301,0.795,8222.0,3.8486e-05
KCNK13,0.34746,0.17,0.795,8223.0,0.05263
TICAM2,0.42329,0.24,0.795,8224.0,0.0025936
VWC2L,0.30758,0.139,0.795,8225.0,0.1298
CHST3,0.40294,0.22,0.795,8226.0,0.0072431
POMT2,0.56922,0.414,0.795,8227.0,9.4315e-12
NLRP5,0.58284,0.433,0.795,8228.0,1.1427e-13
SLC35A3,0.42301,0.24,0.795,8229.0,0.0026044
FAM186A,0.63693,0.513,0.796,8230.0,8.3001e-27
CLIP4,0.53088,0.362,0.796,8231.0,5.9018e-08
TPRN,0.40317,0.22,0.796,8232.0,0.0072201
RPS28,0.0,0.0,0.796,8233.0,0.68259
MFN1,0.5574,0.397,0.796,8234.0,2.5118e-10
OLR1,0.40338,0.22,0.796,8235.0,0.007199
HNMT,0.37877,0.197,0.796,8236.0,0.019734
TSEN15,0.25288,0.102,0.796,8237.0,0.27906
PHOX2A,0.16788,0.059,0.796,8238.0,0.49018
STRADA,0.50062,0.325,0.796,8239.0,4.4847e-06
EIF2D,0.5481,0.385,0.796,8240.0,2.2302e-09
ZDHHC19,0.40355,0.22,0.796,8241.0,0.0071821
ZNF839,0.48075,0.302,0.796,8242.0,3.8218e-05
TEAD2,0.50932,0.335,0.796,8243.0,1.5226e-06
DOK3,0.44141,0.258,0.796,8244.0,0.00090501
VWCE,0.5738,0.42,0.796,8245.0,3.0509e-12
TMEM104,0.48084,0.302,0.796,8246.0,3.8156e-05
TGFBI,0.53039,0.362,0.796,8247.0,5.9686e-08
GCM2,0.44095,0.258,0.796,8248.0,0.00091142
PGF,0.30831,0.139,0.797,8249.0,0.1288
IFT81,0.5705,0.415,0.797,8250.0,9.0878e-12
MATN1,0.42428,0.24,0.797,8251.0,0.0025559
RBAK-RBAKDN,0.16811,0.059,0.797,8252.0,0.48937
ZNF460,0.0,0.0,0.797,8253.0,0.68181
RNF114,0.34829,0.171,0.797,8254.0,0.052109
TARS,0.57785,0.425,0.797,8255.0,9.9483e-13
WRAP73,0.51009,0.336,0.797,8256.0,1.4988e-06
CDC7,0.50125,0.325,0.797,8257.0,4.4296e-06
SCNN1B,0.53199,0.363,0.798,8258.0,5.7545e-08
TMEM38B,0.37968,0.197,0.798,8259.0,0.019501
VIPAS39,0.5541,0.392,0.798,8260.0,7.2613e-10
ZPBP,0.45736,0.275,0.798,8261.0,0.00031153
ARL5A,0.30883,0.14,0.798,8262.0,0.1281
NEK8,0.54404,0.379,0.798,8263.0,6.4566e-09
DNAH3,0.69069,0.599,0.798,8264.0,1.5364e-64
NLRP11,0.54947,0.386,0.798,8265.0,2.1548e-09
IMPDH2,0.50202,0.326,0.798,8266.0,4.3635e-06
ADK,0.45712,0.275,0.798,8267.0,0.00031276
MX2,0.54389,0.378,0.798,8268.0,6.4792e-09
SLC39A13,0.42553,0.241,0.799,8269.0,0.0025092
SLAMF1,0.40502,0.221,0.799,8270.0,0.0070368
TNFSF14,0.349,0.171,0.799,8271.0,0.051663
SNX4,0.53259,0.363,0.799,8272.0,5.6768e-08
CTNS,0.45781,0.275,0.799,8273.0,0.00030924
ITGA7,0.60485,0.463,0.799,8274.0,4.2657e-17
MRPS23,0.30909,0.14,0.799,8275.0,0.12774
SLC52A3,0.38028,0.198,0.8,8276.0,0.019348
LIN7C,0.34955,0.171,0.8,8277.0,0.051327
MOB2,0.34952,0.171,0.8,8278.0,0.051345
SLC39A6,0.51929,0.346,0.8,8279.0,4.9368e-07
GCC1,0.5118,0.337,0.8,8280.0,1.4478e-06
GFM1,0.58014,0.427,0.8,8281.0,9.278e-13
SPNS2,0.494,0.316,0.8,8282.0,1.2449e-05
WDHD1,0.61047,0.47,0.8,8283.0,4.3694e-18
CHMP2A,0.3095,0.14,0.8,8284.0,0.12719
CCDC124,0.25424,0.103,0.8,8285.0,0.27576
CARKD,0.40542,0.221,0.8,8286.0,0.0069972
MYO15A,0.68594,0.589,0.8,8287.0,1.2504000000000001e-56
NDUFC2,0.0,0.0,0.8,8288.0,0.68071
ELF5,0.44399,0.26,0.801,8289.0,0.00086946
GPX3,0.35014,0.171,0.801,8290.0,0.050966
CD274,0.38104,0.198,0.801,8291.0,0.01916
CCNDBP1,0.45924,0.276,0.801,8292.0,0.00030213
KIAA0408,0.51989,0.347,0.801,8293.0,4.8741e-07
RAP2B,0.16892,0.059,0.801,8294.0,0.48658
TLR3,0.52736,0.356,0.801,8295.0,1.6349e-07
FAM35A,0.49428,0.316,0.801,8296.0,1.2384e-05
GBA,0.51222,0.337,0.801,8297.0,1.4355e-06
KANK4,0.55105,0.387,0.801,8298.0,2.0713e-09
PCDHGA12,0.51265,0.338,0.801,8299.0,1.423e-06
B3GNT1,0.40604,0.221,0.801,8300.0,0.0069375
PRKAG1,0.48374,0.304,0.801,8301.0,3.6224e-05
SCN3B,0.35004,0.171,0.801,8302.0,0.05103
C2orf81,0.31008,0.14,0.801,8303.0,0.12641
RNF130,0.45901,0.276,0.801,8304.0,0.00030327
SIX5,0.40618,0.221,0.802,8305.0,0.006924
SLC39A1,0.31049,0.14,0.802,8306.0,0.12586
TMEM132A,0.55164,0.387,0.802,8307.0,2.041e-09
SQSTM1,0.44467,0.26,0.802,8308.0,0.00086035
SORBS3,0.57395,0.417,0.802,8309.0,8.2277e-12
ERCC6,0.62717,0.494,0.802,8310.0,5.1622e-22
RIOK3,0.52091,0.348,0.802,8311.0,4.7708e-07
EFNA3,0.31039,0.14,0.802,8312.0,0.12599
PDILT,0.49508,0.316,0.802,8313.0,1.2202e-05
ALKBH4,0.3104,0.14,0.802,8314.0,0.12598
TNK2,0.57398,0.417,0.802,8315.0,8.22e-12
LIG4,0.50443,0.327,0.802,8316.0,4.1635e-06
ZSCAN2,0.48464,0.304,0.802,8317.0,3.5648e-05
CT55,0.16923,0.059,0.802,8318.0,0.48549
ABHD17A,0.38191,0.199,0.803,8319.0,0.018945
RP9,0.38186,0.199,0.803,8320.0,0.018956
SNRPB2,0.3507,0.172,0.803,8321.0,0.050625
C12orf50,0.52137,0.348,0.803,8322.0,4.7252e-07
RNFT2,0.4959,0.317,0.803,8323.0,1.2018e-05
CHST15,0.48527,0.304,0.803,8324.0,3.5249e-05
TUBG2,0.49552,0.317,0.803,8325.0,1.2102e-05
SH2B3,0.47338,0.291,0.803,8326.0,0.00010289
SH3GL3,0.47365,0.291,0.803,8327.0,0.00010242
TMEM179,0.0,0.0,0.803,8328.0,0.67923
CLEC5A,0.31063,0.14,0.803,8329.0,0.12568
BCL2L13,0.42741,0.242,0.803,8330.0,0.0024411
TMEM214,0.55845,0.395,0.804,8331.0,6.4957e-10
C10orf71,0.55323,0.388,0.804,8332.0,1.9625e-09
HEY1,0.35145,0.172,0.804,8333.0,0.050181
F3,0.38221,0.199,0.804,8334.0,0.018872
ZNF397,0.48583,0.305,0.804,8335.0,3.4902e-05
SGSH,0.47414,0.291,0.804,8336.0,0.00010158
KLHL6,0.50618,0.329,0.805,8337.0,4.0253e-06
STAB1,0.68249,0.58,0.805,8338.0,8.679199999999999e-50
C2orf69,0.38301,0.199,0.805,8339.0,0.018679
ZDHHC18,0.42854,0.243,0.805,8340.0,0.0024011
MTHFD2,0.42865,0.243,0.805,8341.0,0.0023975
RBMS2,0.51487,0.339,0.805,8342.0,1.3611e-06
ERCC5,0.5872,0.434,0.805,8343.0,2.732e-13
RP11-977G19.10,0.42844,0.243,0.805,8344.0,0.0024046
TBCE,0.54254,0.374,0.805,8345.0,1.7455e-08
SLC26A7,0.55427,0.389,0.805,8346.0,1.9125e-09
PCDH8,0.48691,0.305,0.806,8347.0,3.424e-05
SPOCD1,0.58068,0.425,0.806,8348.0,2.491e-12
FGD2,0.54916,0.382,0.806,8349.0,5.7084e-09
TAP2,0.56896,0.408,0.806,8350.0,6.8911e-11
PDAP1,0.35239,0.173,0.806,8351.0,0.049626
BYSL,0.47528,0.292,0.806,8352.0,9.9642e-05
IGF1,0.25599,0.104,0.806,8353.0,0.2716
UBE2QL1,0.0,0.0,0.806,8354.0,0.6783
GIP,0.25621,0.104,0.806,8355.0,0.27108
ZNF70,0.42936,0.243,0.806,8356.0,0.0023729
QARS,0.58765,0.434,0.806,8357.0,2.6952e-13
RPL36,0.0,0.0,0.806,8358.0,0.67802
DRD3,0.42946,0.243,0.807,8359.0,0.0023694
WIPF3,0.42988,0.243,0.807,8360.0,0.002355
SLC33A1,0.47572,0.292,0.807,8361.0,9.8902e-05
DNHD1,0.70339,0.614,0.807,8362.0,1.2016e-72
POLB,0.48731,0.306,0.807,8363.0,3.4002e-05
TESK2,0.5242,0.35,0.807,8364.0,4.4552e-07
MDH2,0.40877,0.223,0.807,8365.0,0.0066821
RNF115,0.42956,0.243,0.807,8366.0,0.002366
DPP3,0.56948,0.409,0.807,8367.0,6.7954e-11
CHMP5,0.40911,0.223,0.807,8368.0,0.0066514
CRISPLD1,0.55628,0.39,0.808,8369.0,1.8207e-09
NDUFS1,0.57042,0.409,0.808,8370.0,6.626e-11
NT5DC3,0.53227,0.359,0.808,8371.0,1.4702e-07
PDE4C,0.53211,0.359,0.808,8372.0,1.4755e-07
GAPDHS,0.48837,0.306,0.808,8373.0,3.3372e-05
NXNL2,0.0,0.0,0.808,8374.0,0.67718
SUPT20H,0.59586,0.445,0.808,8375.0,2.7313e-14
GABRG1,0.47649,0.293,0.808,8376.0,9.7634e-05
NOV,0.40919,0.223,0.808,8377.0,0.0066442
SLC25A22,0.40959,0.223,0.808,8378.0,0.0066081
ANXA2,0.47644,0.293,0.808,8379.0,9.7728e-05
FBXO43,0.4994,0.319,0.809,8380.0,1.1268e-05
CCNH,0.44835,0.262,0.809,8381.0,0.00081328
KPTN,0.49901,0.319,0.809,8382.0,1.1348e-05
MFSD5,0.43076,0.244,0.809,8383.0,0.0023254
CCDC91,0.50908,0.33,0.809,8384.0,3.8084e-06
KIAA1147,0.46382,0.279,0.809,8385.0,0.00028067
TMEM145,0.53236,0.359,0.809,8386.0,1.4675e-07
AASS,0.58328,0.427,0.809,8387.0,2.3101e-12
SPATA17,0.53241,0.359,0.809,8388.0,1.4658e-07
INSM1,0.25713,0.104,0.809,8389.0,0.26893
MAT1A,0.44864,0.262,0.809,8390.0,0.00080978
RBBP9,0.35409,0.173,0.81,8391.0,0.048641
ADO,0.17076,0.06,0.81,8392.0,0.48027
NOMO3,0.47761,0.294,0.81,8393.0,9.5825e-05
LIN37,0.41053,0.224,0.81,8394.0,0.0065239
IL2,0.17094,0.06,0.81,8395.0,0.47968
LRRC73,0.35396,0.173,0.81,8396.0,0.048718
PAPOLB,0.43127,0.244,0.81,8397.0,0.0023083
AMDHD2,0.43113,0.244,0.81,8398.0,0.002313
ZNF300,0.49987,0.319,0.81,8399.0,1.1172e-05
CHST2,0.38574,0.201,0.811,8400.0,0.018039
RPP25L,0.0,0.0,0.811,8401.0,0.67629
CASP8,0.51026,0.331,0.811,8402.0,3.7236e-06
EIF4E3,0.38566,0.201,0.811,8403.0,0.018058
GAS2,0.44929,0.263,0.811,8404.0,0.00080175
HRH2,0.31371,0.142,0.811,8405.0,0.1217
SRSF2,0.17115,0.06,0.811,8406.0,0.47898
CDC123,0.50039,0.32,0.811,8407.0,1.1066e-05
GSTCD,0.53385,0.36,0.811,8408.0,1.4216e-07
GTF2H4,0.52666,0.351,0.811,8409.0,4.2353e-07
TEAD4,0.49019,0.308,0.811,8410.0,3.233e-05
PIGO,0.57326,0.411,0.812,8411.0,6.1434e-11
CEP97,0.57722,0.417,0.812,8412.0,2.0368e-11
KCNU1,0.6101,0.463,0.812,8413.0,2.7854e-16
GPR133,0.59859,0.447,0.812,8414.0,2.5037e-14
PPIL1,0.3142,0.142,0.812,8415.0,0.12108
ATP5C1,0.45011,0.263,0.812,8416.0,0.00079192
LRCH3,0.58156,0.423,0.812,8417.0,6.6316e-12
SPG11,0.67499,0.563,0.812,8418.0,1.6013e-39
PDK1,0.50091,0.32,0.812,8419.0,1.0963e-05
WNT11,0.41151,0.224,0.812,8420.0,0.0064383
ARHGAP40,0.52761,0.352,0.812,8421.0,4.1535e-07
CEP135,0.63547,0.501,0.813,8422.0,3.5892e-22
DIRAS2,0.17143,0.06,0.813,8423.0,0.47802
SOHLH1,0.43275,0.245,0.813,8424.0,0.00226
BRCC3,0.41203,0.225,0.813,8425.0,0.0063932
OR12D2,0.0,0.0,0.813,8426.0,0.6753
GJA5,0.38648,0.201,0.813,8427.0,0.017871
IL6R,0.49136,0.308,0.813,8428.0,3.1681e-05
SH3TC2,0.60827,0.46,0.813,8429.0,8.3409e-16
PRPF18,0.46668,0.28,0.814,8430.0,0.00026823
PRSS16,0.52871,0.353,0.814,8431.0,4.0615e-07
COL9A1,0.62516,0.485,0.814,8432.0,3.0742e-19
PARP9,0.55478,0.386,0.814,8433.0,4.998e-09
PIP5K1B,0.53566,0.362,0.814,8434.0,1.368e-07
KCTD17,0.38731,0.201,0.814,8435.0,0.017683
CRY1,0.56002,0.393,0.814,8436.0,1.662e-09
KCNQ1,0.54257,0.37,0.814,8437.0,4.5453e-08
DAW1,0.50217,0.321,0.814,8438.0,1.0715e-05
RAVER2,0.54866,0.378,0.814,8439.0,1.5171e-08
ACAD9,0.54276,0.37,0.814,8440.0,4.5256e-08
COPG2,0.41281,0.225,0.815,8441.0,0.0063266
UBE2D1,0.31516,0.143,0.815,8442.0,0.11989
IL12A,0.3562,0.174,0.815,8443.0,0.04746
ATP12A,0.59785,0.444,0.815,8444.0,7.1254e-14
WDR35,0.63939,0.505,0.815,8445.0,1.0461999999999999e-22
RBM28,0.58378,0.424,0.815,8446.0,6.2318e-12
ALPK2,0.63542,0.499,0.815,8447.0,1.0375999999999998e-21
FKBP9,0.50285,0.321,0.815,8448.0,1.0584e-05
PLCD3,0.53673,0.362,0.815,8449.0,1.3373e-07
COX7B,0.0,0.0,0.815,8450.0,0.67459
ST6GALNAC6,0.4339,0.246,0.815,8451.0,0.0022236
AMN,0.46738,0.281,0.816,8452.0,0.00026529
ENTPD6,0.52203,0.344,0.816,8453.0,1.1814e-06
GPR34,0.25934,0.105,0.816,8454.0,0.26387
COLEC11,0.38797,0.202,0.816,8455.0,0.017539
RABGGTA,0.57122,0.407,0.816,8456.0,1.7504e-10
CTNNAL1,0.57152,0.407,0.816,8457.0,1.737e-10
GRK1,0.49322,0.309,0.816,8458.0,3.0677e-05
IGFBP2,0.3159,0.143,0.816,8459.0,0.11898
ATAT1,0.53729,0.363,0.816,8460.0,1.3216e-07
KATNAL2,0.52215,0.344,0.816,8461.0,1.1784e-06
IRGC,0.35655,0.175,0.816,8462.0,0.047269
PFDN4,0.17207,0.06,0.816,8463.0,0.47588
DBT,0.50346,0.322,0.816,8464.0,1.0467e-05
ZNF408,0.52212,0.344,0.816,8465.0,1.1792e-06
BDKRB2,0.31618,0.143,0.817,8466.0,0.11863
CYP17A1,0.46804,0.281,0.817,8467.0,0.00026255
PCDHGA10,0.52241,0.344,0.817,8468.0,1.1725e-06
RWDD4,0.38838,0.202,0.817,8469.0,0.017447
DDX31,0.58862,0.43,0.817,8470.0,1.9816e-12
CD63,0.38842,0.202,0.817,8471.0,0.017439
VSIG10,0.51379,0.334,0.817,8472.0,3.4841e-06
SYPL1,0.35756,0.175,0.818,8473.0,0.046723
GREM1,0.17253,0.06,0.818,8474.0,0.47436
CAMK1,0.49426,0.31,0.818,8475.0,3.0134e-05
VPS16,0.6093,0.459,0.818,8476.0,2.2652e-15
FDXR,0.52344,0.345,0.818,8477.0,1.1493e-06
ZNF565,0.50507,0.323,0.818,8478.0,1.0169e-05
IFT140,0.64444,0.511,0.818,8479.0,9.914e-24
TXNDC11,0.57279,0.408,0.818,8480.0,1.6814e-10
NEK2,0.52335,0.345,0.818,8481.0,1.1514e-06
SPINT1,0.50504,0.323,0.818,8482.0,1.0175e-05
CYP21A2,0.4687,0.282,0.818,8483.0,0.00025989
PLOD3,0.59411,0.437,0.819,8484.0,6.1305e-13
GPR179,0.65535,0.528,0.819,8485.0,3.2280000000000002e-27
C19orf43,0.17278,0.06,0.819,8486.0,0.47353
MSX2,0.26029,0.105,0.819,8487.0,0.26173
CBWD2,0.41518,0.226,0.819,8488.0,0.0061291
AMICA1,0.45402,0.265,0.819,8489.0,0.000747
HSD11B2,0.31689,0.143,0.819,8490.0,0.11777
TMX1,0.4541,0.266,0.819,8491.0,0.00074607
ZBTB32,0.46905,0.282,0.819,8492.0,0.00025845
ABCG4,0.53193,0.355,0.819,8493.0,3.8043e-07
NPR3,0.50567,0.323,0.819,8494.0,1.006e-05
GFOD2,0.35774,0.175,0.819,8495.0,0.046624
CERCAM,0.52367,0.345,0.819,8496.0,1.1441e-06
TTI1,0.56973,0.403,0.82,8497.0,4.8982e-10
FAIM2,0.48345,0.297,0.82,8498.0,8.7012e-05
CCDC101,0.43664,0.247,0.82,8499.0,0.002139
ENOPH1,0.41526,0.226,0.82,8500.0,0.0061227
WNT7B,0.45458,0.266,0.82,8501.0,0.00074076
GABARAP,0.26049,0.105,0.82,8502.0,0.26129
PPIP5K2,0.63558,0.497,0.82,8503.0,8.5759e-21
TANGO6,0.60174,0.447,0.82,8504.0,6.3244e-14
DCAF17,0.53278,0.355,0.82,8505.0,3.74e-07
LCLAT1,0.4698,0.282,0.82,8506.0,0.00025546
DGKG,0.59474,0.437,0.82,8507.0,6.0186e-13
AGFG2,0.47021,0.282,0.821,8508.0,0.00025383
DSG4,0.59535,0.438,0.821,8509.0,5.9129e-13
ISPD,0.47073,0.283,0.821,8510.0,0.00025176
ASPH,0.60806,0.456,0.821,8511.0,6.6268e-15
ZNF585B,0.5335,0.356,0.821,8512.0,3.6865e-07
BEX4,0.0,0.0,0.821,8513.0,0.67195
SLC16A1,0.45505,0.266,0.821,8514.0,0.00073565
NMD3,0.5473,0.374,0.821,8515.0,4.1006e-08
THOC7,0.41577,0.227,0.821,8516.0,0.0060818
VWA9,0.50695,0.324,0.821,8517.0,9.833e-06
GNPTAB,0.62869,0.486,0.821,8518.0,7.682400000000001e-19
TMEM161A,0.52548,0.346,0.821,8519.0,1.1047e-06
PCNT,0.70457,0.606,0.821,8520.0,4.0172e-58
RBM12,0.43766,0.248,0.822,8521.0,0.0021086
TLX3,0.2611,0.106,0.822,8522.0,0.25993
DNAJC1,0.55467,0.382,0.822,8523.0,1.3254e-08
IFNG,0.17338,0.061,0.822,8524.0,0.47156
PLEKHA4,0.5921,0.433,0.822,8525.0,1.7952e-12
CHRNA4,0.48455,0.298,0.822,8526.0,8.5474e-05
CHRNB2,0.45561,0.266,0.822,8527.0,0.00072964
RNF150,0.45554,0.266,0.822,8528.0,0.00073035
H2AFV,0.17346,0.061,0.822,8529.0,0.4713
MFSD6,0.51693,0.336,0.822,8530.0,3.2855e-06
SLC38A7,0.49657,0.312,0.822,8531.0,2.8965e-05
EIF3K,0.43789,0.248,0.822,8532.0,0.0021017
UBOX5,0.45638,0.267,0.823,8533.0,0.00072138
AREG,0.17367,0.061,0.823,8534.0,0.47061
GALNTL6,0.56105,0.39,0.823,8535.0,4.3214e-09
ARVCF,0.58079,0.417,0.823,8536.0,5.0422e-11
RASGEF1C,0.50826,0.325,0.823,8537.0,9.6077e-06
GIF,0.47142,0.283,0.823,8538.0,0.00024911
PGRMC1,0.0,0.0,0.823,8539.0,0.6711
C16orf52,0.2614,0.106,0.823,8540.0,0.25928
SELT,0.31896,0.144,0.824,8541.0,0.11531
SGCD,0.4389,0.249,0.824,8542.0,0.0020725
MFHAS1,0.56186,0.391,0.824,8543.0,4.2417e-09
TMED9,0.41738,0.228,0.824,8544.0,0.0059542
PDE4DIP,0.68045,0.564,0.824,8545.0,2.6099e-37
RAB15,0.4173,0.227,0.824,8546.0,0.0059597
SLC12A1,0.62128,0.473,0.824,8547.0,6.6809e-17
TRAK2,0.60718,0.453,0.824,8548.0,1.9123e-14
CD247,0.39174,0.204,0.824,8549.0,0.016734
STRA6,0.57712,0.411,0.824,8550.0,1.5068e-10
WDR77,0.47239,0.284,0.824,8551.0,0.0002454
CEP152,0.65919,0.531,0.824,8552.0,2.6574e-27
CYP7A1,0.47247,0.284,0.824,8553.0,0.00024507
LIPF,0.45642,0.267,0.824,8554.0,0.00072091
TMEM256-PLSCR3,0.41748,0.228,0.824,8555.0,0.0059458
SLC25A33,0.41778,0.228,0.825,8556.0,0.0059223
CACNG4,0.39238,0.204,0.825,8557.0,0.016603
ALDH3A2,0.50946,0.325,0.825,8558.0,9.4055e-06
HEATR3,0.5358,0.357,0.825,8559.0,3.5205e-07
NOL8,0.60177,0.445,0.825,8560.0,1.7627e-13
TFIP11,0.59481,0.435,0.825,8561.0,1.6636e-12
ANKRD18B,0.57752,0.412,0.825,8562.0,1.492e-10
FAM133B,0.45703,0.267,0.825,8563.0,0.00071452
GMNN,0.31932,0.144,0.825,8564.0,0.1149
TRNAU1AP,0.47276,0.284,0.825,8565.0,0.00024398
ETFB,0.3926,0.204,0.825,8566.0,0.016558
NCK1,0.43898,0.249,0.825,8567.0,0.0020702
SDHB,0.47277,0.284,0.825,8568.0,0.00024397
PEX16,0.48641,0.299,0.825,8569.0,8.2934e-05
KBTBD8,0.50909,0.325,0.825,8570.0,9.4672e-06
SLC6A12,0.5561,0.383,0.825,8571.0,1.2837e-08
TMC7,0.57274,0.405,0.825,8572.0,4.5498e-10
HBG2,0.0,0.0,0.826,8573.0,0.66982
BCL2L2,0.17414,0.061,0.826,8574.0,0.46908
CHPT1,0.47315,0.284,0.826,8575.0,0.00024252
RINT1,0.59919,0.441,0.826,8576.0,5.293e-13
TLDC2,0.39281,0.204,0.826,8577.0,0.016515
GSX2,0.26243,0.106,0.826,8578.0,0.25702
LMBR1,0.55704,0.384,0.826,8579.0,1.2575e-08
PAICS,0.49877,0.313,0.826,8580.0,2.7905e-05
GLTP,0.31945,0.144,0.826,8581.0,0.11475
KRT85,0.51976,0.337,0.826,8582.0,3.1183e-06
ATP5G3,0.26234,0.106,0.826,8583.0,0.25722
EMILIN3,0.51047,0.326,0.827,8584.0,9.24e-06
AP4B1,0.56921,0.399,0.827,8585.0,1.335e-09
POU2F3,0.52914,0.348,0.827,8586.0,1.0299e-06
ID2,0.0,0.0,0.827,8587.0,0.66939
RP11-302B13.5,0.26264,0.106,0.827,8588.0,0.25656
WNT6,0.39323,0.205,0.827,8589.0,0.016431
SRPRB,0.41897,0.228,0.827,8590.0,0.0058306
JOSD1,0.36161,0.177,0.827,8591.0,0.044609
TPM2,0.47398,0.285,0.827,8592.0,0.00023947
ATAD3A,0.5635,0.392,0.827,8593.0,4.0861e-09
SNX14,0.62404,0.476,0.827,8594.0,6.0711e-17
CPT1B,0.58788,0.425,0.827,8595.0,1.5291e-11
SLC16A7,0.41916,0.229,0.827,8596.0,0.0058162
ZNF775,0.45839,0.268,0.827,8597.0,0.00070042
KIF16B,0.63504,0.492,0.827,8598.0,2.1000000000000001e-19
PUS7,0.56887,0.399,0.827,8599.0,1.3457e-09
LILRB3,0.51993,0.338,0.827,8600.0,3.1087e-06
NECAB3,0.49962,0.313,0.827,8601.0,2.751e-05
AASDH,0.60375,0.446,0.828,8602.0,1.6629e-13
DTHD1,0.53758,0.359,0.828,8603.0,3.3986e-07
ASIC3,0.53745,0.359,0.828,8604.0,3.4071e-07
C17orf47,0.50014,0.314,0.828,8605.0,2.7268e-05
SCN11A,0.65875,0.527,0.828,8606.0,6.9339e-26
SRR,0.41942,0.229,0.828,8607.0,0.0057964
CSRP2BP,0.56949,0.4,0.828,8608.0,1.326e-09
UFSP2,0.52083,0.338,0.828,8609.0,3.0583e-06
KNTC1,0.69284,0.582,0.828,8610.0,5.3346e-43
C15orf26,0.39371,0.205,0.828,8611.0,0.016334
LDLRAD3,0.39432,0.205,0.829,8612.0,0.016213
APEH,0.60117,0.442,0.829,8613.0,5.0018e-13
CNTROB,0.62253,0.473,0.829,8614.0,1.8222e-16
CRB1,0.62006,0.469,0.829,8615.0,5.6266e-16
DNAJB4,0.39425,0.205,0.829,8616.0,0.016227
KCNJ15,0.32085,0.145,0.829,8617.0,0.11313
BANK1,0.59336,0.431,0.829,8618.0,4.7905e-12
FAM13A,0.63273,0.487,0.829,8619.0,1.8976e-18
TUT1,0.5848,0.42,0.829,8620.0,4.5457e-11
ANKRD54,0.44126,0.25,0.829,8621.0,0.002006
TLX2,0.26346,0.107,0.829,8622.0,0.2548
GPR21,0.32115,0.145,0.83,8623.0,0.1128
TMEM66,0.44194,0.25,0.83,8624.0,0.0019871
LRRC39,0.47536,0.286,0.83,8625.0,0.00023447
ALG8,0.55991,0.386,0.83,8626.0,1.1804e-08
CCDC8,0.26386,0.107,0.83,8627.0,0.25395
MPPED1,0.44212,0.25,0.83,8628.0,0.0019823
C2CD4C,0.17505,0.061,0.83,8629.0,0.46612
MSANTD3,0.39494,0.205,0.83,8630.0,0.016091
CSNK2B-LY6G5B-1181,0.42072,0.229,0.83,8631.0,0.0056992
MAN1B1,0.55988,0.386,0.83,8632.0,1.1812e-08
COX11,0.39495,0.205,0.83,8633.0,0.016088
PRRG4,0.32118,0.145,0.83,8634.0,0.11277
MIEF2,0.39518,0.206,0.831,8635.0,0.016043
CLU,0.49018,0.301,0.831,8636.0,7.8072e-05
ECEL1,0.60267,0.443,0.831,8637.0,4.7923e-13
TMEM117,0.5226,0.339,0.831,8638.0,2.9608e-06
GLS2,0.5823,0.415,0.831,8639.0,1.3239e-10
KCNK4,0.42103,0.23,0.831,8640.0,0.005677
FBXL12,0.36303,0.178,0.831,8641.0,0.043901
SERP2,0.0,0.0,0.831,8642.0,0.6681
SHOX2,0.3951,0.205,0.831,8643.0,0.016059
CDR2L,0.44284,0.251,0.832,8644.0,0.0019629
COL26A1,0.52323,0.34,0.832,8645.0,2.9274e-06
LIX1,0.4429,0.251,0.832,8646.0,0.0019611
HIBADH,0.42166,0.23,0.832,8647.0,0.0056303
DENND6B,0.56686,0.394,0.832,8648.0,3.7856e-09
COPRS,0.26428,0.107,0.832,8649.0,0.25305
YPEL5,0.17548,0.061,0.832,8650.0,0.46474
RPLP2,0.0,0.0,0.832,8651.0,0.66744
SPTLC3,0.54019,0.36,0.832,8652.0,3.2277e-07
LEP,0.17543,0.061,0.832,8653.0,0.46491
C2orf78,0.53195,0.35,0.832,8654.0,9.7632e-07
OVCH1-AS1,0.17542,0.061,0.832,8655.0,0.46492
SLC35F5,0.55467,0.379,0.832,8656.0,3.5033e-08
TAF11,0.32184,0.146,0.832,8657.0,0.11202
KIFC2,0.59169,0.428,0.832,8658.0,1.3832e-11
IL4R,0.47659,0.286,0.832,8659.0,0.00023013
CDKN3,0.44349,0.251,0.833,8660.0,0.0019455
IL18R1,0.51441,0.329,0.833,8661.0,8.625e-06
GPR65,0.32239,0.146,0.833,8662.0,0.1114
TSNARE1,0.53269,0.351,0.833,8663.0,9.6275e-07
SLC1A1,0.51399,0.328,0.833,8664.0,8.6876e-06
SYF2,0.42189,0.23,0.833,8665.0,0.0056136
ESCO2,0.54121,0.361,0.833,8666.0,3.1642e-07
ATP2A1,0.61431,0.459,0.833,8667.0,1.5354e-14
RAB23,0.42188,0.23,0.833,8668.0,0.0056143
ARHGAP24,0.57859,0.409,0.833,8669.0,3.9495e-10
GPLD1,0.62028,0.467,0.833,8670.0,1.5871e-15
ERLIN2,0.46181,0.27,0.833,8671.0,0.00066662
PGAP3,0.4437,0.251,0.833,8672.0,0.00194
SPG21,0.46242,0.27,0.834,8673.0,0.00066076
GPD1,0.42277,0.23,0.834,8674.0,0.0055506
PSMB6,0.39655,0.206,0.834,8675.0,0.015779
DOK5,0.47775,0.287,0.834,8676.0,0.00022609
FZD9,0.44404,0.252,0.834,8677.0,0.0019309
INPP5B,0.62336,0.471,0.834,8678.0,5.0487e-16
SNRPN,0.36451,0.179,0.834,8679.0,0.043181
TMEM63A,0.60136,0.44,0.834,8680.0,1.3865e-12
ADAMTS20,0.68963,0.573,0.834,8681.0,4.4533999999999996e-38
SLC13A3,0.53367,0.351,0.834,8682.0,9.4522e-07
MGAT4C,0.46232,0.27,0.834,8683.0,0.00066172
AKT1S1,0.32276,0.146,0.834,8684.0,0.111
UQCRC2,0.52447,0.34,0.834,8685.0,2.8623e-06
EYS,0.695,0.581,0.834,8686.0,3.7216e-41
NDUFV2,0.42241,0.23,0.834,8687.0,0.005576
TSPAN8,0.4233,0.231,0.835,8688.0,0.0055131
AARS2,0.62983,0.48,0.835,8689.0,4.9777e-17
TTC14,0.57464,0.403,0.835,8690.0,1.176e-09
LAT2,0.47868,0.288,0.835,8691.0,0.00022295
BCAM,0.56301,0.388,0.835,8692.0,1.1032e-08
IFIT2,0.26526,0.107,0.835,8693.0,0.25099
TRAPPC3,0.26533,0.107,0.835,8694.0,0.25083
SLC26A8,0.59767,0.435,0.835,8695.0,4.2638e-12
TMEM65,0.32291,0.146,0.835,8696.0,0.11083
PDLIM2,0.47921,0.288,0.836,8697.0,0.00022117
SYT5,0.44515,0.252,0.836,8698.0,0.001902
MTIF2,0.5808,0.411,0.836,8699.0,3.7464e-10
CIAPIN1,0.44509,0.252,0.836,8700.0,0.0019035
ARHGAP9,0.59043,0.424,0.836,8701.0,3.9385e-11
PCDHGA9,0.55073,0.372,0.836,8702.0,1.0018e-07
NLRP1,0.64034,0.495,0.836,8703.0,4.9693e-19
RAB12,0.36533,0.179,0.836,8704.0,0.042786
POLH,0.56983,0.397,0.836,8705.0,3.5414e-09
AC104809.3,0.60994,0.451,0.836,8706.0,1.3883e-13
RSRC1,0.4931,0.303,0.836,8707.0,7.4539e-05
MAMSTR,0.42369,0.231,0.836,8708.0,0.0054856
SLC16A6,0.44498,0.252,0.836,8709.0,0.0019063
PPHLN1,0.55746,0.381,0.836,8710.0,3.3043e-08
SNURF,0.17637,0.062,0.836,8711.0,0.4619
KDM8,0.50478,0.317,0.836,8712.0,2.5238e-05
PNMA1,0.36516,0.179,0.836,8713.0,0.042869
GSN,0.59091,0.424,0.837,8714.0,3.8905e-11
TATDN2,0.54371,0.363,0.837,8715.0,3.0137e-07
PHKB,0.6509,0.51,0.837,8716.0,1.5809999999999998e-21
CEP164,0.66885,0.538,0.837,8717.0,4.8293e-27
PARP4,0.66888,0.538,0.837,8718.0,4.8204000000000004e-27
VAT1,0.42401,0.231,0.837,8719.0,0.0054627
DNAH7,0.72765,0.633,0.837,8720.0,1.3505e-71
HLA-DQB2,0.36556,0.179,0.837,8721.0,0.042679
HHAT,0.55831,0.381,0.837,8722.0,3.246e-08
LSM7,0.17647,0.062,0.837,8723.0,0.46157
DUSP3,0.17648,0.062,0.837,8724.0,0.46156
MLYCD,0.46377,0.271,0.837,8725.0,0.00064816
SNX3,0.26607,0.108,0.837,8726.0,0.24928
ISYNA1,0.50552,0.317,0.837,8727.0,2.4934e-05
PDIA5,0.57574,0.404,0.837,8728.0,1.1464e-09
C15orf59,0.32404,0.147,0.837,8729.0,0.10959
KIAA1524,0.61068,0.451,0.837,8730.0,1.3591e-13
NPY1R,0.36571,0.179,0.837,8731.0,0.042605
LANCL3,0.36559,0.179,0.837,8732.0,0.042661
MCC,0.62583,0.473,0.837,8733.0,4.6577e-16
RNF180,0.52644,0.342,0.837,8734.0,2.7621e-06
SPG20,0.54451,0.363,0.838,8735.0,2.967e-07
SLCO4C1,0.565,0.39,0.838,8736.0,1.0568e-08
TEP1,0.7085,0.601,0.838,8737.0,4.383e-49
KRT13,0.46455,0.272,0.838,8738.0,0.00064096
RTFDC1,0.46435,0.272,0.838,8739.0,0.00064279
QSOX2,0.55159,0.372,0.838,8740.0,9.8463e-08
DCTPP1,0.17669,0.062,0.838,8741.0,0.46087
CDC20,0.54394,0.363,0.838,8742.0,3.0001e-07
MCM10,0.62122,0.466,0.838,8743.0,4.3797e-15
NEU1,0.49404,0.304,0.838,8744.0,7.3441e-05
ENAM,0.60371,0.442,0.838,8745.0,1.2999e-12
LALBA,0.17688,0.062,0.838,8746.0,0.4603
RAB40C,0.39868,0.207,0.838,8747.0,0.01538
ABCA5,0.66905,0.538,0.838,8748.0,4.7803e-27
EEF1D,0.53632,0.353,0.838,8749.0,8.9931e-07
MRE11A,0.60473,0.442,0.839,8750.0,1.264e-12
BOD1,0.26644,0.108,0.839,8751.0,0.24853
IMPAD1,0.39918,0.208,0.839,8752.0,0.015288
PRDM5,0.58247,0.412,0.839,8753.0,3.6003e-10
ERCC6-PGBD3,0.52798,0.343,0.839,8754.0,2.6873e-06
ACCS,0.53638,0.353,0.839,8755.0,8.9836e-07
NARG2,0.6116,0.452,0.839,8756.0,1.3236e-13
CEP128,0.65769,0.52,0.839,8757.0,4.7156999999999997e-23
CWF19L2,0.60076,0.437,0.839,8758.0,3.9267e-12
ZNF350,0.46476,0.272,0.839,8759.0,0.000639
CDC42BPG,0.6674,0.534,0.839,8760.0,4.5623e-26
GGN,0.44692,0.253,0.839,8761.0,0.0018569
CARS2,0.55289,0.373,0.84,8762.0,9.5929e-08
GUCY1A3,0.56013,0.382,0.84,8763.0,3.1253e-08
PLAUR,0.42583,0.232,0.84,8764.0,0.0053378
TM7SF3,0.55307,0.373,0.84,8765.0,9.558e-08
VEGFA,0.50762,0.319,0.84,8766.0,2.4085e-05
VPS41,0.63864,0.49,0.84,8767.0,4.4224e-18
C1orf43,0.44735,0.253,0.84,8768.0,0.0018462
GIN1,0.50745,0.318,0.84,8769.0,2.4151e-05
MMP11,0.50752,0.318,0.84,8770.0,2.4125e-05
GDF10,0.42568,0.232,0.84,8771.0,0.0053478
MGAM,0.69065,0.57,0.84,8772.0,1.0382000000000001e-35
NUP43,0.50749,0.318,0.84,8773.0,2.4136e-05
MGME1,0.44732,0.253,0.84,8774.0,0.001847
TARS2,0.60607,0.443,0.841,8775.0,1.2185e-12
VSTM2L,0.26736,0.108,0.841,8776.0,0.24663
PER3,0.63671,0.487,0.841,8777.0,1.3661e-17
FAM184B,0.63158,0.48,0.841,8778.0,1.3466e-16
ARMCX3,0.17735,0.062,0.841,8779.0,0.45882
TARBP1,0.66087,0.523,0.841,8780.0,1.3937e-23
FBXO6,0.39992,0.208,0.841,8781.0,0.015153
MPP2,0.54612,0.364,0.841,8782.0,2.876e-07
EBI3,0.32554,0.147,0.841,8783.0,0.10797
PI4K2A,0.53783,0.354,0.841,8784.0,8.744e-07
LAMC3,0.66125,0.524,0.841,8785.0,1.3704e-23
RFTN2,0.51936,0.332,0.841,8786.0,7.921e-06
MUC5AC,0.56762,0.391,0.842,8787.0,9.9887e-09
ZCCHC17,0.4266,0.233,0.842,8788.0,0.0052857
TMEM33,0.42653,0.233,0.842,8789.0,0.0052903
BBS9,0.63475,0.484,0.842,8790.0,4.2117e-17
EFCAB5,0.66037,0.522,0.842,8791.0,4.1975e-23
STXBP2,0.56139,0.383,0.842,8792.0,3.0444e-08
DERL1,0.48225,0.29,0.842,8793.0,0.00021136
C6orf132,0.53864,0.355,0.842,8794.0,8.6145e-07
CABLES2,0.48276,0.29,0.842,8795.0,0.00020975
FKTN,0.53837,0.355,0.842,8796.0,8.6576e-07
POR,0.58462,0.414,0.842,8797.0,3.4212e-10
FOXH1,0.36797,0.18,0.842,8798.0,0.041555
LARP7,0.55425,0.374,0.842,8799.0,9.3352e-08
PIK3IP1,0.4004,0.208,0.842,8800.0,0.015067
PUS7L,0.53013,0.344,0.843,8801.0,2.5859e-06
C11orf68,0.26786,0.109,0.843,8802.0,0.24562
ZIM2,0.44878,0.254,0.843,8803.0,0.001811
SLC45A3,0.4269,0.233,0.843,8804.0,0.0052658
TROAP,0.59505,0.427,0.843,8805.0,3.5061e-11
WISP3,0.46696,0.273,0.843,8806.0,0.00061942
PRKAB1,0.42702,0.233,0.843,8807.0,0.0052573
UFL1,0.60754,0.444,0.843,8808.0,1.1708e-12
B3GALNT2,0.5473,0.365,0.843,8809.0,2.8116e-07
JAM3,0.46737,0.273,0.843,8810.0,0.0006158
FAM104A,0.26772,0.108,0.843,8811.0,0.24589
KRT6A,0.49681,0.305,0.843,8812.0,7.0326e-05
ADSSL1,0.54723,0.365,0.843,8813.0,2.8155e-07
MYO5C,0.69551,0.576,0.844,8814.0,7.8146e-37
CUTC,0.46796,0.274,0.844,8815.0,0.0006107
RP11-192H23.4,0.49751,0.306,0.844,8816.0,6.9568e-05
LIAS,0.51006,0.32,0.844,8817.0,2.3146e-05
KIAA0930,0.4973,0.306,0.844,8818.0,6.9792e-05
NIPAL3,0.4975,0.306,0.844,8819.0,6.9573e-05
FHL3,0.45012,0.255,0.845,8820.0,0.0017791
FES,0.62589,0.469,0.845,8821.0,3.7916e-15
CCDC40,0.63767,0.486,0.845,8822.0,3.8155e-17
STRA8,0.46821,0.274,0.845,8823.0,0.00060861
TMEM19,0.42787,0.233,0.845,8824.0,0.0052014
NR2C2AP,0.26855,0.109,0.845,8825.0,0.24422
URB2,0.64001,0.49,0.845,8826.0,1.2188e-17
C9orf84,0.65994,0.519,0.846,8827.0,3.7079e-22
CCDC102A,0.49877,0.307,0.846,8828.0,6.8219e-05
SLC9B2,0.52196,0.333,0.846,8829.0,7.5781e-06
KRT14,0.48494,0.291,0.846,8830.0,0.00020311
PDXDC1,0.60549,0.44,0.846,8831.0,3.4641e-12
ETV4,0.56427,0.385,0.846,8832.0,2.8688e-08
FXYD1,0.26868,0.109,0.846,8833.0,0.24395
ANKLE2,0.59338,0.423,0.847,8834.0,1.0099e-10
NUGGC,0.60634,0.441,0.847,8835.0,3.387e-12
TMEM59L,0.46922,0.274,0.847,8836.0,0.0006
VSIG8,0.48534,0.292,0.847,8837.0,0.00020192
TADA2A,0.57136,0.394,0.847,8838.0,9.2222e-09
BTNL3,0.46964,0.275,0.847,8839.0,0.00059654
DDX53,0.0,0.0,0.847,8840.0,0.66167
SPATA2L,0.37018,0.181,0.847,8841.0,0.040562
SMYD2,0.53289,0.346,0.847,8842.0,2.4631e-06
TTC6,0.67247,0.537,0.847,8843.0,1.0591e-25
VPS72,0.48528,0.292,0.847,8844.0,0.00020208
PRRT4,0.46967,0.275,0.847,8845.0,0.00059626
TLR6,0.51179,0.321,0.847,8846.0,2.2508e-05
RGS9,0.62459,0.466,0.847,8847.0,1.1251e-14
MTL5,0.51243,0.322,0.848,8848.0,2.2276e-05
LRRC37A3,0.58898,0.417,0.848,8849.0,3.0883e-10
FRRS1,0.57776,0.402,0.848,8850.0,2.9703e-09
GTF2F2,0.4858,0.292,0.848,8851.0,0.00020055
DDB2,0.52339,0.334,0.848,8852.0,7.397e-06
PTGDS,0.42956,0.234,0.848,8853.0,0.0050922
MECR,0.51227,0.321,0.848,8854.0,2.2332e-05
TNFRSF10B,0.48623,0.292,0.848,8855.0,0.00019928
HOXD8,0.32797,0.148,0.848,8856.0,0.10544
IQGAP3,0.69194,0.567,0.848,8857.0,2.3959e-33
JRKL,0.48587,0.292,0.848,8858.0,0.00020034
MYO7A,0.70184,0.583,0.848,8859.0,1.6097e-38
PTAFR,0.26949,0.109,0.848,8860.0,0.24232
UBE2C,0.32827,0.149,0.848,8861.0,0.10513
OLIG1,0.0,0.0,0.849,8862.0,0.66074
MFAP5,0.43004,0.234,0.849,8863.0,0.0050619
CCDC12,0.37116,0.182,0.849,8864.0,0.040132
CDHR2,0.65455,0.509,0.849,8865.0,3.4271000000000003e-20
CCSAP,0.32844,0.149,0.849,8866.0,0.10496
CDC26,0.0,0.0,0.85,8867.0,0.66035
FKBP10,0.53478,0.347,0.85,8868.0,2.3826e-06
CTNNA3,0.61255,0.448,0.85,8869.0,1.0225e-12
ZNF667,0.53485,0.347,0.85,8870.0,2.3796e-06
TMEM249,0.3288,0.149,0.85,8871.0,0.10458
PTCH2,0.63549,0.481,0.85,8872.0,3.4086e-16
FTO,0.55979,0.378,0.85,8873.0,8.364e-08
CD101,0.61616,0.453,0.85,8874.0,3.2831e-13
WDR17,0.67184,0.534,0.85,8875.0,9.654700000000001e-25
L3MBTL4,0.60001,0.431,0.85,8876.0,3.1e-11
CA3,0.45245,0.256,0.85,8877.0,0.0017251
GPR45,0.32886,0.149,0.85,8878.0,0.10453
UNG,0.45246,0.256,0.85,8879.0,0.0017247
HHIPL1,0.53514,0.347,0.851,8880.0,2.3678e-06
CPLX3,0.27053,0.11,0.851,8881.0,0.24027
LIPE,0.60526,0.437,0.851,8882.0,9.7458e-12
MTCP1,0.17951,0.063,0.851,8883.0,0.45211
MROH8,0.63635,0.481,0.851,8884.0,3.3158e-16
KIAA1644,0.37201,0.182,0.851,8885.0,0.039764
RNF149,0.47187,0.276,0.851,8886.0,0.00057831
TMEM163,0.37208,0.182,0.851,8887.0,0.039734
TPH2,0.5527,0.369,0.851,8888.0,2.5364e-07
KIF22,0.58553,0.411,0.851,8889.0,9.1697e-10
ARHGEF25,0.59098,0.418,0.851,8890.0,2.9481e-10
SLC35G2,0.37208,0.182,0.851,8891.0,0.039734
WDR25,0.51478,0.323,0.852,8892.0,2.1449e-05
C4orf32,0.0,0.0,0.852,8893.0,0.65948
HIPK4,0.51481,0.323,0.852,8894.0,2.1439e-05
DCAF13,0.58664,0.412,0.852,8895.0,8.943e-10
SMAD9,0.50247,0.309,0.852,8896.0,6.4444e-05
NUCB1,0.56106,0.379,0.852,8897.0,8.1576e-08
BNIP2,0.50227,0.309,0.852,8898.0,6.4641e-05
CCHCR1,0.64024,0.486,0.852,8899.0,1.0122e-16
FAM47E,0.45343,0.257,0.852,8900.0,0.0017029
IPO4,0.64968,0.5,0.852,8901.0,1.0269e-18
TTC21B,0.67797,0.543,0.852,8902.0,2.704e-26
DDX56,0.56071,0.379,0.852,8903.0,8.2145e-08
MICA,0.43151,0.235,0.852,8904.0,0.0049697
GPN2,0.4052,0.211,0.852,8905.0,0.01424
CYB5R3,0.48877,0.294,0.853,8906.0,0.00019204
AK7,0.61877,0.455,0.853,8907.0,3.0553e-13
SCG2,0.51558,0.324,0.853,8908.0,2.1176e-05
GSTP1,0.40571,0.211,0.853,8909.0,0.014155
MANEAL,0.43201,0.236,0.853,8910.0,0.004939
C14orf1,0.27105,0.11,0.853,8911.0,0.23926
PLAU,0.53666,0.348,0.853,8912.0,2.3058e-06
TMEM35,0.0,0.0,0.853,8913.0,0.65922
CCDC104,0.51535,0.323,0.853,8914.0,2.1256e-05
WDR76,0.58102,0.404,0.853,8915.0,2.7667e-09
DNAJB1,0.37277,0.183,0.853,8916.0,0.039437
TNFSF11,0.43239,0.236,0.853,8917.0,0.0049159
ERO1LB,0.58115,0.404,0.853,8918.0,2.7587e-09
F13B,0.58679,0.412,0.853,8919.0,8.9128e-10
PLCB2,0.65744,0.511,0.853,8920.0,3.0661e-20
TCEA2,0.4731,0.277,0.854,8921.0,0.00056849
FERMT1,0.60248,0.433,0.854,8922.0,2.9163e-11
IFT20,0.33036,0.149,0.854,8923.0,0.10302
MALRD1,0.66016,0.515,0.854,8924.0,9.376499999999999e-21
CDH3,0.59322,0.42,0.854,8925.0,2.7988e-10
TRIM32,0.45499,0.258,0.855,8926.0,0.0016684
TWF1,0.5165,0.324,0.855,8927.0,2.087e-05
LIMA1,0.59404,0.42,0.855,8928.0,2.7465e-10
ST8SIA5,0.4737,0.277,0.855,8929.0,0.00056385
SHMT2,0.56323,0.38,0.855,8930.0,7.8195e-08
CYGB,0.33089,0.15,0.855,8931.0,0.10249
ZBTB39,0.49005,0.294,0.855,8932.0,0.00018848
PUS1,0.45512,0.258,0.855,8933.0,0.0016656
SOX3,0.18037,0.063,0.855,8934.0,0.44948
PROM2,0.63042,0.471,0.855,8935.0,9.4559e-15
ANKRD18A,0.59923,0.427,0.856,8936.0,8.7789e-11
FAM21C,0.61719,0.451,0.856,8937.0,9.0284e-13
NICN1,0.37421,0.183,0.856,8938.0,0.038834
OSTF1,0.45556,0.258,0.856,8939.0,0.001656
CCDC82,0.55601,0.371,0.856,8940.0,2.383e-07
SLC43A3,0.53853,0.35,0.856,8941.0,2.232e-06
MYH6,0.69654,0.569,0.856,8942.0,1.5952e-32
STARD3NL,0.4336,0.236,0.856,8943.0,0.0048432
AC004381.6,0.60418,0.434,0.856,8944.0,2.7972e-11
OCA2,0.62059,0.456,0.856,8945.0,2.9064e-13
MFSD11,0.5286,0.338,0.856,8946.0,6.7806e-06
ARHGAP28,0.58337,0.406,0.856,8947.0,2.629e-09
LMOD2,0.47522,0.278,0.857,8948.0,0.00055222
SIRT7,0.47469,0.278,0.857,8949.0,0.0005562
SNX19,0.60914,0.44,0.857,8950.0,8.8349e-12
CATSPERG,0.66264,0.517,0.857,8951.0,8.5007e-21
NOC3L,0.62886,0.467,0.857,8952.0,2.8342e-14
RAB27B,0.3745,0.183,0.857,8953.0,0.038714
GCGR,0.53897,0.35,0.857,8954.0,2.2154e-06
LARS2,0.64405,0.489,0.857,8955.0,8.9333e-17
STK11IP,0.65866,0.511,0.857,8956.0,8.598e-20
TBC1D31,0.65864,0.511,0.857,8957.0,8.6043e-20
ACACB,0.7204,0.608,0.857,8958.0,7.6499e-47
GOLT1A,0.27234,0.11,0.857,8959.0,0.23676
CRTAP,0.47503,0.278,0.857,8960.0,0.00055361
CDK2AP1,0.18073,0.063,0.857,8961.0,0.44839
USH2A,0.75645,0.669,0.857,8962.0,1.5692e-94
XDH,0.66847,0.525,0.857,8963.0,2.5889999999999998e-22
CYP26C1,0.4565,0.259,0.857,8964.0,0.0016358
HAVCR2,0.37463,0.184,0.857,8965.0,0.03866
TBL2,0.49153,0.295,0.858,8966.0,0.00018452
TMEM45A,0.43493,0.237,0.858,8967.0,0.0047645
ACTG1,0.4346,0.237,0.858,8968.0,0.0047837
C16orf47,0.18102,0.063,0.858,8969.0,0.44753
ARSD,0.45685,0.259,0.858,8970.0,0.0016285
DDAH2,0.40807,0.212,0.858,8971.0,0.013773
VAMP7,0.40804,0.212,0.858,8972.0,0.013777
IFT122,0.67586,0.536,0.858,8973.0,2.3816000000000002e-24
SNAPC2,0.33203,0.15,0.858,8974.0,0.10137
PCYT1A,0.51843,0.325,0.858,8975.0,2.024e-05
DCAF12,0.53971,0.35,0.858,8976.0,2.187e-06
WDR62,0.6735,0.532,0.859,8977.0,2.3562e-23
SDHA,0.59627,0.422,0.859,8978.0,2.6088e-10
CRISPLD2,0.57924,0.399,0.859,8979.0,7.8157e-09
ZMYND10,0.55783,0.372,0.859,8980.0,2.3034e-07
RAX,0.3325,0.15,0.859,8981.0,0.10092
STK33,0.54028,0.351,0.859,8982.0,2.1656e-06
ARG2,0.49245,0.296,0.859,8983.0,0.00018207
ARHGAP18,0.61094,0.441,0.859,8984.0,8.4436e-12
FAM19A5,0.18124,0.063,0.859,8985.0,0.44685
CCDC135,0.6363,0.477,0.859,8986.0,2.7576e-15
KCNJ13,0.40863,0.213,0.859,8987.0,0.013685
ZNF639,0.47659,0.279,0.86,8988.0,0.00054196
GPD2,0.60246,0.429,0.86,8989.0,8.1316e-11
PEX10,0.47658,0.279,0.86,8990.0,0.00054204
BCAS1,0.55043,0.363,0.86,8991.0,6.9521e-07
VPS37C,0.37566,0.184,0.86,8992.0,0.038236
NDUFC2-KCTD14,0.0,0.0,0.86,8993.0,0.65668
GLB1,0.59208,0.416,0.86,8994.0,7.9215e-10
PAM16,0.27321,0.111,0.86,8995.0,0.23509
LOXL3,0.62384,0.459,0.86,8996.0,2.6584e-13
NEK9,0.65149,0.498,0.86,8997.0,8.2095e-18
PRSS54,0.33287,0.151,0.86,8998.0,0.10056
MRPL10,0.33267,0.151,0.86,8999.0,0.10076
SELE,0.59216,0.416,0.86,9000.0,7.9058e-10
VTI1A,0.47662,0.279,0.86,9001.0,0.00054173
CD9,0.43566,0.238,0.86,9002.0,0.0047221
VIL1,0.63128,0.469,0.861,9003.0,2.6433e-14
ORC5,0.54166,0.352,0.861,9004.0,2.115e-06
CLVS2,0.40945,0.213,0.861,9005.0,0.013557
GPR4,0.33327,0.151,0.861,9006.0,0.10018
NXF2,0.18163,0.064,0.861,9007.0,0.44568
CREBZF,0.33314,0.151,0.861,9008.0,0.1003
PARK2,0.55057,0.363,0.861,9009.0,6.9346e-07
FAM117A,0.50756,0.312,0.861,9010.0,5.9668e-05
SPIRE2,0.58688,0.408,0.861,9011.0,2.4375e-09
SNAP29,0.40939,0.213,0.861,9012.0,0.013567
STK36,0.67016,0.525,0.862,9013.0,7.1492e-22
CDS2,0.55114,0.363,0.862,9014.0,6.8645e-07
NSMCE2,0.3765,0.184,0.862,9015.0,0.037899
DBP,0.27392,0.111,0.862,9016.0,0.23376
RAD54B,0.62119,0.454,0.862,9017.0,8.1173e-13
KIAA1875,0.67611,0.534,0.862,9018.0,2.095e-23
AP1S1,0.3335,0.151,0.862,9019.0,0.099959
CD163L1,0.68454,0.547,0.862,9020.0,5.791e-26
LRRC55,0.37668,0.185,0.862,9021.0,0.037827
ARL9,0.18191,0.064,0.862,9022.0,0.44485
PLA2G6,0.59842,0.423,0.862,9023.0,2.4837e-10
NEK1,0.68272,0.544,0.862,9024.0,1.9084e-25
DLAT,0.5752,0.393,0.863,9025.0,2.2998e-08
NLGN4Y,0.3341,0.151,0.863,9026.0,0.099388
LRRC3B,0.18215,0.064,0.863,9027.0,0.44415
PINLYP,0.0,0.0,0.863,9028.0,0.65544
SLC38A10,0.59945,0.424,0.863,9029.0,2.426e-10
UBE2G2,0.33399,0.151,0.863,9030.0,0.099496
CCDC174,0.56791,0.383,0.863,9031.0,7.142e-08
FOXS1,0.27416,0.111,0.863,9032.0,0.23329
PCOLCE,0.509,0.313,0.863,9033.0,5.8392e-05
FAM134B,0.53251,0.34,0.863,9034.0,6.3577e-06
FZD10,0.47844,0.28,0.863,9035.0,0.00052847
FGF1,0.18218,0.064,0.863,9036.0,0.44406
GALNT3,0.58178,0.401,0.863,9037.0,7.4143e-09
MDFIC,0.37722,0.185,0.863,9038.0,0.037611
SH2D4B,0.53268,0.34,0.863,9039.0,6.3396e-06
NARS2,0.56815,0.384,0.863,9040.0,7.1092e-08
TRPV2,0.62213,0.455,0.863,9041.0,7.9184e-13
ENO1,0.52198,0.328,0.864,9042.0,1.914e-05
GPSM2,0.6048,0.431,0.864,9043.0,7.6958e-11
SPDYE4,0.45973,0.26,0.864,9044.0,0.001569
ADAM15,0.64593,0.489,0.864,9045.0,2.4409e-16
RNF212,0.45996,0.261,0.864,9046.0,0.0015645
PROC,0.52206,0.328,0.864,9047.0,1.9118e-05
GALT,0.54339,0.353,0.864,9048.0,2.0533e-06
HN1L,0.27444,0.111,0.864,9049.0,0.23277
ABCA6,0.68873,0.552,0.864,9050.0,5.1099e-27
C11orf82,0.58883,0.41,0.864,9051.0,2.338e-09
FAM21B,0.47858,0.28,0.864,9052.0,0.00052748
FAM47E-STBD1,0.43811,0.239,0.865,9053.0,0.0045836
TUBA3C,0.43828,0.239,0.865,9054.0,0.004574
FABP3,0.18245,0.064,0.865,9055.0,0.44326
SCAMP4,0.43837,0.239,0.865,9056.0,0.0045692
MANEA,0.47925,0.28,0.865,9057.0,0.00052273
THAP7,0.41119,0.214,0.865,9058.0,0.013291
HCRTR1,0.49572,0.298,0.865,9059.0,0.00017378
FAM20A,0.56151,0.375,0.865,9060.0,2.1513e-07
TBRG1,0.49571,0.298,0.865,9061.0,0.00017381
CARNS1,0.54414,0.353,0.865,9062.0,2.0274e-06
KLF10,0.43823,0.239,0.865,9063.0,0.0045769
PIGU,0.52244,0.328,0.865,9064.0,1.9003e-05
GFI1B,0.47917,0.28,0.865,9065.0,0.00052334
MCIDAS,0.41136,0.214,0.865,9066.0,0.013264
C14orf105,0.48004,0.281,0.866,9067.0,0.00051722
IFT52,0.54457,0.354,0.866,9068.0,2.0125e-06
ITGAD,0.67156,0.525,0.866,9069.0,2.0033999999999997e-21
TCIRG1,0.62763,0.462,0.866,9070.0,2.3981e-13
OR52I2,0.18263,0.064,0.866,9071.0,0.44271
LRRC31,0.54492,0.354,0.866,9072.0,2.0007e-06
ZSCAN12,0.56245,0.375,0.866,9073.0,2.1145e-07
N4BP3,0.51057,0.314,0.866,9074.0,5.7046e-05
EFCAB4B,0.61606,0.445,0.866,9075.0,7.4288e-12
BTBD9,0.58412,0.403,0.866,9076.0,7.0655e-09
RNF133,0.37828,0.185,0.866,9077.0,0.037191
POLK,0.62434,0.457,0.866,9078.0,7.4692e-13
PDE6C,0.64748,0.49,0.866,9079.0,2.323e-16
RNF219,0.57,0.385,0.866,9080.0,6.8612e-08
ADCYAP1R1,0.59623,0.419,0.866,9081.0,7.2275e-10
DNAJC9,0.43915,0.239,0.867,9082.0,0.0045264
HTR2C,0.37871,0.186,0.867,9083.0,0.037023
PIGH,0.27555,0.112,0.867,9084.0,0.2307
ATP5F1,0.46177,0.262,0.867,9085.0,0.0015286
VWA7,0.61202,0.439,0.867,9086.0,2.3119e-11
TADA3,0.5112,0.314,0.867,9087.0,5.6509e-05
ANKRD55,0.57079,0.385,0.867,9088.0,6.7577e-08
IL17RC,0.63612,0.473,0.867,9089.0,2.3004e-14
TRIM14,0.43923,0.24,0.867,9090.0,0.004522
C3orf58,0.48049,0.281,0.867,9091.0,0.00051408
BCKDK,0.5111,0.314,0.867,9092.0,5.6598e-05
CATSPERB,0.6566,0.502,0.867,9093.0,6.8843e-18
ZNF471,0.53514,0.342,0.867,9094.0,6.0899e-06
CMTM4,0.27559,0.112,0.867,9095.0,0.23064
ZNF7,0.56276,0.376,0.867,9096.0,2.1025e-07
HIRIP3,0.54554,0.354,0.867,9097.0,1.9797e-06
BUD31,0.27534,0.112,0.867,9098.0,0.23109
RAB11FIP1,0.60686,0.433,0.867,9099.0,7.3324e-11
TMEM150C,0.41235,0.214,0.867,9100.0,0.013116
SYNC,0.52393,0.329,0.867,9101.0,1.8569e-05
GPR139,0.37902,0.186,0.867,9102.0,0.036904
ALAD,0.51159,0.315,0.868,9103.0,5.6185e-05
FGFR4,0.62577,0.458,0.868,9104.0,7.1917e-13
SLC30A6,0.58523,0.404,0.868,9105.0,6.906e-09
PLA2R1,0.70024,0.568,0.868,9106.0,3.2312e-30
THEMIS,0.54614,0.355,0.868,9107.0,1.9597e-06
ST7L,0.59164,0.412,0.868,9108.0,2.2024e-09
NXPH4,0.27595,0.112,0.868,9109.0,0.22997
MDK,0.27591,0.112,0.868,9110.0,0.23005
OPLAH,0.65161,0.495,0.868,9111.0,6.9736e-17
POLR3B,0.68091,0.538,0.868,9112.0,1.6812e-23
ANKRD31,0.67323,0.526,0.868,9113.0,1.8697e-21
GPR20,0.18321,0.064,0.868,9114.0,0.441
LPIN3,0.62996,0.463,0.869,9115.0,2.251e-13
LTV1,0.5722,0.386,0.869,9116.0,6.5796e-08
LPAR2,0.37966,0.186,0.869,9117.0,0.036658
SLC2A12,0.51241,0.315,0.869,9118.0,5.551e-05
DDX55,0.57957,0.396,0.869,9119.0,2.1088e-08
SLC24A4,0.61401,0.441,0.87,9120.0,2.2032e-11
ACOX2,0.60407,0.427,0.87,9121.0,2.1841e-10
MRPS27,0.5473,0.355,0.87,9122.0,1.9215e-06
TTLL1,0.537,0.343,0.87,9123.0,5.9095e-06
LSR,0.57269,0.387,0.87,9124.0,6.5186e-08
TMEM240,0.27646,0.112,0.87,9125.0,0.22904
TRAF3IP3,0.62316,0.453,0.87,9126.0,2.1912e-12
ARHGDIA,0.38028,0.186,0.87,9127.0,0.03642
NEUROD4,0.33663,0.152,0.87,9128.0,0.097046
LCMT1,0.52633,0.33,0.871,9129.0,1.789e-05
TBCK,0.6454,0.484,0.871,9130.0,2.0935e-15
ZNF91,0.18383,0.064,0.871,9131.0,0.43919
ELN,0.63859,0.475,0.871,9132.0,2.1429e-14
STK3,0.55685,0.367,0.871,9133.0,6.2043e-07
IFRG15,0.1839,0.064,0.871,9134.0,0.439
MARS2,0.51367,0.316,0.871,9135.0,5.4482e-05
BANF1,0.0,0.0,0.872,9136.0,0.6518
ZNF862,0.61974,0.448,0.872,9137.0,6.7801e-12
ZNF699,0.5385,0.344,0.872,9138.0,5.7677e-06
ENTPD7,0.61552,0.442,0.872,9139.0,2.125e-11
MTURN,0.18398,0.064,0.872,9140.0,0.43876
COL23A1,0.62878,0.46,0.872,9141.0,6.6455e-13
FBF1,0.67197,0.522,0.872,9142.0,1.7393000000000002e-20
FGFR1OP2,0.4831,0.283,0.872,9143.0,0.00049643
SLX4,0.68004,0.535,0.872,9144.0,1.5676e-22
TIMM8A,0.0,0.0,0.872,9145.0,0.65195
SIDT1,0.64307,0.48,0.872,9146.0,6.5084e-15
AC037459.4,0.41496,0.216,0.872,9147.0,0.012737
MCM9,0.63612,0.47,0.872,9148.0,6.6222e-14
SLC35D3,0.3812,0.187,0.872,9149.0,0.036075
CH25H,0.27747,0.112,0.873,9150.0,0.2272
TJAP1,0.52721,0.331,0.873,9151.0,1.7649e-05
PDLIM1,0.46477,0.263,0.873,9152.0,0.0014717
OBSCN,0.79291,0.72,0.873,9153.0,1.8605e-164
ZIC4,0.48364,0.283,0.873,9154.0,0.00049286
CASP7,0.5148,0.317,0.873,9155.0,5.3589e-05
DHPS,0.50024,0.301,0.873,9156.0,0.00016305
DLL3,0.51481,0.317,0.873,9157.0,5.3576e-05
ZNF529,0.51478,0.317,0.873,9158.0,5.3601e-05
SLC35C2,0.46487,0.263,0.873,9159.0,0.0014698
MRPS31,0.51453,0.316,0.873,9160.0,5.38e-05
DPM1,0.50054,0.301,0.873,9161.0,0.00016237
RAD50,0.69568,0.558,0.873,9162.0,3.4392000000000004e-27
HGFAC,0.58266,0.398,0.874,9163.0,1.9843e-08
TRIM59,0.46554,0.264,0.874,9164.0,0.0014575
LEPROT,0.1844,0.065,0.874,9165.0,0.43754
OR10A7,0.18441,0.065,0.874,9166.0,0.43751
VSX1,0.38179,0.187,0.874,9167.0,0.035854
MRPL48,0.4428,0.241,0.874,9168.0,0.004333
PYGM,0.63373,0.466,0.874,9169.0,2.033e-13
ALMS1,0.74774,0.641,0.874,9170.0,4.4999e-60
CCDC47,0.5759,0.389,0.875,9171.0,6.1333e-08
TIGD2,0.51568,0.317,0.875,9172.0,5.29e-05
OTOF,0.72316,0.6,0.875,9173.0,5.3804e-39
MATN2,0.6382,0.472,0.875,9174.0,6.249e-14
CEBPG,0.18463,0.065,0.875,9175.0,0.43688
MPND,0.51595,0.317,0.875,9176.0,5.2689e-05
FHOD1,0.65526,0.496,0.876,9177.0,1.8119e-16
NPY2R,0.38268,0.187,0.876,9178.0,0.035526
PARD6G,0.33888,0.153,0.876,9179.0,0.095027
HS3ST6,0.18495,0.065,0.876,9180.0,0.43595
SUCLG1,0.48533,0.284,0.876,9181.0,0.00048193
TRNT1,0.50211,0.302,0.876,9182.0,0.00015886
TRAFD1,0.58379,0.399,0.876,9183.0,1.9412e-08
POLR2F,0.41644,0.217,0.876,9184.0,0.012528
KCTD15,0.38271,0.188,0.876,9185.0,0.035511
HLCS,0.58433,0.399,0.876,9186.0,1.9208e-08
KBTBD3,0.54069,0.345,0.876,9187.0,5.5685e-06
PLD1,0.67695,0.528,0.876,9188.0,4.7758e-21
PCDHA1,0.57707,0.39,0.876,9189.0,6.0001e-08
KRI1,0.64562,0.482,0.876,9190.0,6.0373e-15
DDX59,0.56021,0.369,0.876,9191.0,5.8502e-07
NDP,0.0,0.0,0.876,9192.0,0.65042
RPGRIP1,0.68697,0.543,0.876,9193.0,1.2632e-23
POLR3A,0.68666,0.542,0.876,9194.0,1.2821e-23
NMNAT1,0.38315,0.188,0.877,9195.0,0.035353
CYP19A1,0.52957,0.332,0.877,9196.0,1.7022e-05
IMPA1,0.48596,0.284,0.877,9197.0,0.00047793
LRRC45,0.61895,0.444,0.877,9198.0,1.9572e-11
PRDX3,0.44458,0.242,0.877,9199.0,0.0042426
FOCAD,0.72048,0.595,0.877,9200.0,7.2122e-37
PTGES3L-AARSD1,0.59763,0.416,0.877,9201.0,1.9415e-09
COL25A1,0.6667,0.512,0.877,9202.0,1.6393e-18
ZFP3,0.46704,0.265,0.877,9203.0,0.0014304
LMLN,0.64327,0.478,0.877,9204.0,1.8746e-14
SKIV2L,0.68433,0.538,0.877,9205.0,1.2931e-22
LAPTM4A,0.44453,0.242,0.877,9206.0,0.0042449
FBXO7,0.56085,0.369,0.877,9207.0,5.7858e-07
ARNTL2,0.60443,0.424,0.878,9208.0,6.0435e-10
LRRC10,0.18539,0.065,0.878,9209.0,0.43469
CARD8,0.5523,0.359,0.878,9210.0,1.7672e-06
HSDL2,0.51768,0.318,0.878,9211.0,5.1377e-05
ZNF436,0.51782,0.318,0.878,9212.0,5.1273e-05
OBSL1,0.69503,0.554,0.878,9213.0,9.9902e-26
C8orf88,0.18527,0.065,0.878,9214.0,0.43502
GRPR,0.27901,0.113,0.878,9215.0,0.22444
PCGF6,0.51748,0.318,0.878,9216.0,5.1527e-05
GPRC5C,0.48656,0.285,0.878,9217.0,0.00047422
SLC37A4,0.53063,0.333,0.878,9218.0,1.6748e-05
STRC,0.65086,0.488,0.878,9219.0,1.7748e-15
HFE2,0.44471,0.243,0.878,9220.0,0.0042363
NHLRC1,0.33974,0.154,0.878,9221.0,0.094266
UBXN6,0.54166,0.346,0.878,9222.0,5.4834e-06
AGK,0.59217,0.408,0.878,9223.0,5.9973e-09
COLGALT1,0.5779,0.39,0.878,9224.0,5.9074e-08
FREM3,0.67221,0.519,0.878,9225.0,1.5219000000000002e-19
EIF2A,0.59183,0.408,0.878,9226.0,6.0385e-09
VDR,0.53048,0.333,0.878,9227.0,1.6787e-05
XPNPEP3,0.5861,0.4,0.879,9228.0,1.8555e-08
CPM,0.5312,0.333,0.879,9229.0,1.6604e-05
SKAP1,0.57069,0.381,0.879,9230.0,1.8196e-07
MOB1B,0.38402,0.188,0.879,9231.0,0.035037
GABPB2,0.54247,0.347,0.879,9232.0,5.413e-06
CR2,0.67094,0.517,0.879,9233.0,4.7399e-19
PCDHA5,0.57853,0.391,0.879,9234.0,5.8373e-08
CTSA,0.59299,0.409,0.879,9235.0,5.8984e-09
SERPINB9,0.4179,0.217,0.879,9236.0,0.012327
LRRC8E,0.55318,0.359,0.879,9237.0,1.7415e-06
TULP3,0.55293,0.359,0.879,9238.0,1.7488e-06
SDR9C7,0.41788,0.217,0.879,9239.0,0.012329
GCG,0.38464,0.188,0.88,9240.0,0.034814
NUDT5,0.46847,0.265,0.88,9241.0,0.001405
IFT74,0.6345,0.464,0.88,9242.0,5.7205e-13
RNASEH2A,0.44583,0.243,0.88,9243.0,0.0041807
ACR,0.41873,0.218,0.88,9244.0,0.012215
AIDA,0.50403,0.303,0.88,9245.0,0.00015469
CYB5B,0.34063,0.154,0.88,9246.0,0.093498
C1orf228,0.5317,0.334,0.88,9247.0,1.6479e-05
LIMS2,0.51883,0.319,0.88,9248.0,5.0526e-05
TSC22D3,0.18567,0.065,0.88,9249.0,0.4339
FBXL18,0.50416,0.303,0.88,9250.0,0.00015442
SARDH,0.65548,0.494,0.88,9251.0,5.2689e-16
OR51J1,0.18564,0.065,0.88,9252.0,0.43398
PCDHGB3,0.57161,0.381,0.88,9253.0,1.7899e-07
A1CF,0.60537,0.425,0.88,9254.0,5.9218e-10
SYNPR,0.44561,0.243,0.88,9255.0,0.0041913
SDR16C5,0.41854,0.218,0.88,9256.0,0.01224
AQP1,0.34085,0.154,0.881,9257.0,0.093302
CMTM6,0.18598,0.065,0.881,9258.0,0.43302
ERRFI1,0.4192,0.218,0.881,9259.0,0.012152
C17orf103,0.0,0.0,0.881,9260.0,0.64837
ORC1,0.64608,0.48,0.881,9261.0,1.7297e-14
CYP11A1,0.56386,0.371,0.881,9262.0,5.4912e-07
KIRREL2,0.6063,0.426,0.881,9263.0,5.805e-10
DCST2,0.63049,0.458,0.881,9264.0,1.8188e-12
STRIP2,0.6534,0.49,0.882,9265.0,1.6433e-15
ZKSCAN8,0.57263,0.382,0.882,9266.0,1.7574e-07
RSPH10B,0.54463,0.348,0.882,9267.0,5.2303e-06
MMAB,0.44689,0.244,0.882,9268.0,0.0041291
TSEN54,0.57282,0.382,0.882,9269.0,1.7512e-07
ELP2,0.67737,0.525,0.882,9270.0,4.1811e-20
SCRT1,0.28026,0.114,0.882,9271.0,0.22224
STAB2,0.7557,0.649,0.882,9272.0,9.2343e-62
PARS2,0.44704,0.244,0.882,9273.0,0.0041217
KRBOX4,0.0,0.0,0.882,9274.0,0.64798
SNF8,0.48933,0.286,0.883,9275.0,0.00045727
LRRD1,0.55542,0.361,0.883,9276.0,1.6779e-06
THSD1,0.58121,0.392,0.883,9277.0,5.5521e-08
C14orf37,0.57335,0.383,0.883,9278.0,1.7348e-07
CHAT,0.61822,0.441,0.883,9279.0,5.6328e-11
ACAD11,0.65081,0.486,0.883,9280.0,5.1833e-15
CHDH,0.55517,0.36,0.883,9281.0,1.685e-06
TTC21A,0.69439,0.55,0.883,9282.0,2.8878e-24
ITGAE,0.679,0.526,0.884,9283.0,3.9199e-20
TTF2,0.68982,0.542,0.884,9284.0,1.0025999999999999e-22
DGCR2,0.54552,0.349,0.884,9285.0,5.1573e-06
KCTD19,0.65158,0.486,0.884,9286.0,5.0661e-15
RBP2,0.28104,0.114,0.884,9287.0,0.22089
IYD,0.448,0.244,0.884,9288.0,0.0040758
CKS1B,0.18654,0.065,0.884,9289.0,0.4314
DHFR,0.3861,0.189,0.884,9290.0,0.0343
DNASE2,0.49018,0.287,0.884,9291.0,0.00045225
SLC6A7,0.60834,0.427,0.884,9292.0,5.5547e-10
HKDC1,0.64837,0.482,0.884,9293.0,1.6205e-14
NIPAL4,0.4704,0.267,0.884,9294.0,0.0013718
SLC12A7,0.66756,0.509,0.885,9295.0,1.3921e-17
PPT1,0.5215,0.321,0.885,9296.0,4.862e-05
TTC3,0.73295,0.61,0.885,9297.0,1.6279999999999999e-40
FAM184A,0.68645,0.537,0.885,9298.0,1.0625e-21
KIF24,0.66759,0.509,0.885,9299.0,1.3904e-17
TIE1,0.67744,0.524,0.885,9300.0,1.2446000000000002e-19
TANGO2,0.5074,0.305,0.885,9301.0,0.00014769
CYP2S1,0.52221,0.321,0.886,9302.0,4.8125e-05
TMEM98,0.42118,0.219,0.886,9303.0,0.01189
CCKAR,0.44891,0.245,0.886,9304.0,0.0040329
ERMP1,0.63471,0.462,0.886,9305.0,1.6343e-12
ZMYND15,0.62981,0.455,0.886,9306.0,5.2919e-12
AFAP1L1,0.64656,0.478,0.886,9307.0,4.9556e-14
COMMD1,0.2815,0.114,0.886,9308.0,0.2201
HHATL,0.57521,0.384,0.886,9309.0,1.6781e-07
PEBP1,0.34277,0.155,0.886,9310.0,0.09167
DRG2,0.56691,0.373,0.886,9311.0,5.2108e-07
FANCD2,0.71476,0.58,0.886,9312.0,1.0974000000000001e-30
LRMP,0.60944,0.428,0.886,9313.0,5.4252e-10
SIGLEC14,0.47223,0.268,0.887,9314.0,0.0013412
GPR56,0.61011,0.428,0.887,9315.0,5.3483e-10
COQ2,0.47239,0.268,0.887,9316.0,0.0013386
MAATS1,0.64328,0.473,0.887,9317.0,1.5718e-13
HERC6,0.65084,0.484,0.887,9318.0,1.5098e-14
LHCGR,0.58373,0.394,0.887,9319.0,5.2988e-08
RAB3IP,0.59155,0.404,0.887,9320.0,1.6698e-08
CHMP3,0.4496,0.245,0.887,9321.0,0.0040006
CCDC85A,0.53607,0.336,0.887,9322.0,1.5427e-05
RHOG,0.18721,0.066,0.887,9323.0,0.42952
PPIL4,0.60435,0.421,0.887,9324.0,1.6878e-09
RNF103-CHMP3,0.4496,0.245,0.887,9325.0,0.0040006
CRB2,0.65134,0.484,0.888,9326.0,1.4884e-14
TMEM169,0.42225,0.22,0.888,9327.0,0.011752
USH1C,0.67235,0.514,0.888,9328.0,3.9714e-18
DHX32,0.60549,0.421,0.888,9329.0,1.6487e-09
NT5DC1,0.56776,0.374,0.888,9330.0,5.1357e-07
SLC15A1,0.6397,0.468,0.888,9331.0,4.9948e-13
SPTSSA,0.0,0.0,0.888,9332.0,0.64582
MEF2BNB-MEF2B,0.44989,0.245,0.888,9333.0,0.0039873
CHRDL2,0.55851,0.363,0.888,9334.0,1.595e-06
PEAR1,0.68195,0.529,0.888,9335.0,3.4806e-20
NXT1,0.0,0.0,0.888,9336.0,0.64574
SCLT1,0.66138,0.498,0.888,9337.0,4.3816e-16
DPYSL4,0.59269,0.405,0.889,9338.0,1.634e-08
GEMIN7,0.0,0.0,0.889,9339.0,0.64543
ARMCX5,0.38868,0.19,0.889,9340.0,0.033415
METTL13,0.60618,0.422,0.889,9341.0,1.6253e-09
RPIA,0.50972,0.306,0.889,9342.0,0.00014309
IL4I1,0.45048,0.246,0.889,9343.0,0.0039601
MPDZ,0.7328,0.606,0.89,9344.0,5.8009e-38
C5orf30,0.18795,0.066,0.89,9345.0,0.42746
BPIFC,0.57828,0.386,0.89,9346.0,1.589e-07
BBS5,0.54951,0.351,0.89,9347.0,4.8446e-06
KHNYN,0.59354,0.405,0.89,9348.0,1.6074e-08
SAPCD2,0.45089,0.246,0.89,9349.0,0.0039417
C9orf147,0.0,0.0,0.89,9350.0,0.64518
ZNF74,0.55992,0.364,0.89,9351.0,1.5586e-06
NSL1,0.45112,0.246,0.89,9352.0,0.0039309
GTF3C5,0.59303,0.405,0.89,9353.0,1.6233e-08
SPICE1,0.65631,0.49,0.89,9354.0,4.407e-15
EID1,0.18794,0.066,0.89,9355.0,0.42748
PCDHGA1,0.57866,0.386,0.891,9356.0,1.5784e-07
RPL36A,0.18798,0.066,0.891,9357.0,0.42737
CYBRD1,0.42371,0.22,0.891,9358.0,0.011568
PYGB,0.65312,0.485,0.891,9359.0,1.4144e-14
ITIH3,0.64595,0.475,0.891,9360.0,1.4628e-13
ATP5G1,0.18815,0.066,0.891,9361.0,0.42691
TMEM210,0.0,0.0,0.891,9362.0,0.64464
PADI2,0.62389,0.445,0.891,9363.0,4.9471e-11
ZNF697,0.4512,0.246,0.891,9364.0,0.0039276
SH2B2,0.53825,0.338,0.891,9365.0,1.4932e-05
PFKFB1,0.57079,0.376,0.892,9366.0,4.878e-07
FANCE,0.56115,0.364,0.892,9367.0,1.5278e-06
MRPS22,0.53899,0.338,0.892,9368.0,1.4768e-05
MDM1,0.63446,0.459,0.892,9369.0,4.7231e-12
KY,0.61968,0.438,0.892,9370.0,1.542e-10
LRP10,0.58708,0.396,0.892,9371.0,4.9806e-08
CEL,0.56074,0.364,0.892,9372.0,1.538e-06
WDR27,0.66993,0.509,0.892,9373.0,3.8042e-17
CES4A,0.57053,0.376,0.892,9374.0,4.8994e-07
DDX19B,0.57945,0.387,0.892,9375.0,1.5562e-07
CNTRL,0.75664,0.644,0.892,9376.0,1.8908e-54
ADCY4,0.67817,0.521,0.892,9377.0,1.0791e-18
ENOX2,0.56095,0.364,0.892,9378.0,1.5327e-06
FAM71E2,0.60782,0.423,0.892,9379.0,1.5714e-09
MRPL47,0.49442,0.289,0.892,9380.0,0.00042814
UBA7,0.66983,0.509,0.892,9381.0,3.8164e-17
SLC25A43,0.34529,0.156,0.892,9382.0,0.089593
ZNF720,0.28348,0.115,0.892,9383.0,0.21673
DPPA3,0.28351,0.115,0.892,9384.0,0.21667
FAM131C,0.42444,0.221,0.892,9385.0,0.011477
PPP2R3B,0.58759,0.397,0.892,9386.0,4.9344e-08
AGBL2,0.66457,0.501,0.893,9387.0,3.9622e-16
POGLUT1,0.59519,0.406,0.893,9388.0,1.5575e-08
TTC9B,0.28369,0.115,0.893,9389.0,0.21638
GABRR2,0.53956,0.339,0.893,9390.0,1.4645e-05
SAMM50,0.60249,0.415,0.893,9391.0,4.8795e-09
MARCH2,0.39005,0.191,0.893,9392.0,0.032958
ATF3,0.34566,0.156,0.893,9393.0,0.089296
PANK3,0.52666,0.324,0.893,9394.0,4.5167e-05
KIAA1683,0.59551,0.407,0.893,9395.0,1.548e-08
QRSL1,0.58822,0.397,0.893,9396.0,4.8771e-08
OPN3,0.47606,0.27,0.894,9397.0,0.0012801
DNAJC27,0.47601,0.27,0.894,9398.0,0.0012809
PAX4,0.49541,0.29,0.894,9399.0,0.00042273
DUSP12,0.5121,0.308,0.894,9400.0,0.00013856
TMEM55A,0.49562,0.29,0.894,9401.0,0.00042164
BEST4,0.55147,0.352,0.894,9402.0,4.6984e-06
PCCB,0.59613,0.407,0.894,9403.0,1.53e-08
LGI2,0.56252,0.365,0.894,9404.0,1.4941e-06
ATP6V1D,0.52683,0.324,0.894,9405.0,4.5061e-05
LSG1,0.63595,0.46,0.894,9406.0,4.5543e-12
CCDC41,0.65172,0.482,0.894,9407.0,4.2942e-14
ZNF32,0.39122,0.192,0.895,9408.0,0.032574
PGBD1,0.61591,0.432,0.895,9409.0,4.7252e-10
KIF27,0.70361,0.557,0.895,9410.0,1.7585000000000003e-24
MYH13,0.73913,0.613,0.895,9411.0,8.049299999999999e-40
PRKX,0.39119,0.192,0.895,9412.0,0.032585
ERCC4,0.64154,0.467,0.896,9413.0,1.3758e-12
FCN3,0.45406,0.248,0.896,9414.0,0.0038008
NMU,0.49677,0.291,0.896,9415.0,0.00041549
RXFP1,0.6412,0.466,0.896,9416.0,1.3875e-12
SOX15,0.28467,0.115,0.896,9417.0,0.21474
PARVG,0.54156,0.34,0.896,9418.0,1.4217e-05
C1QL4,0.18906,0.066,0.896,9419.0,0.4244
ABCC3,0.71149,0.568,0.896,9420.0,1.2092e-26
ZNF180,0.58188,0.388,0.896,9421.0,1.4911e-07
LSP1,0.56344,0.366,0.896,9422.0,1.472e-06
TG,0.76457,0.654,0.896,9423.0,2.8802e-59
TRIM56,0.51335,0.308,0.896,9424.0,0.00013625
EPO,0.42629,0.222,0.896,9425.0,0.01125
CD46,0.57297,0.377,0.896,9426.0,4.7013e-07
MFGE8,0.52859,0.325,0.897,9427.0,4.3953e-05
TTC4,0.55375,0.354,0.897,9428.0,4.5355e-06
GDAP2,0.61143,0.426,0.897,9429.0,1.4591e-09
IQCB1,0.64206,0.467,0.897,9430.0,1.3581e-12
TMPRSS13,0.59802,0.408,0.897,9431.0,1.4759e-08
LAP3,0.58278,0.389,0.897,9432.0,1.4677e-07
TM9SF1,0.58233,0.389,0.897,9433.0,1.4793e-07
PLCD4,0.65059,0.479,0.897,9434.0,1.2913e-13
UPP2,0.47738,0.27,0.897,9435.0,0.0012599
H1F0,0.0,0.0,0.897,9436.0,0.6427
MCCC2,0.62791,0.448,0.897,9437.0,4.5134e-11
CCDC159,0.55368,0.354,0.897,9438.0,4.5404e-06
POLR2D,0.28517,0.116,0.897,9439.0,0.21392
GPRC5D,0.47828,0.271,0.898,9440.0,0.0012463
ABCD4,0.6427,0.467,0.898,9441.0,1.3364e-12
ZBTB8B,0.47803,0.271,0.898,9442.0,0.0012501
MYL3,0.3474,0.157,0.898,9443.0,0.087906
PCDHGA3,0.59135,0.399,0.898,9444.0,4.6058e-08
PROP1,0.3476,0.157,0.898,9445.0,0.087746
TARSL2,0.66183,0.494,0.898,9446.0,3.7422e-15
NAP1L3,0.3474,0.157,0.898,9447.0,0.087902
CWC27,0.57474,0.379,0.899,9448.0,4.5628e-07
CYSTM1,0.18974,0.066,0.899,9449.0,0.42254
SLC17A2,0.56555,0.367,0.899,9450.0,1.4228e-06
ASB3,0.58387,0.39,0.899,9451.0,1.4399e-07
MBIP,0.54339,0.341,0.899,9452.0,1.3838e-05
SMYD3,0.58372,0.39,0.899,9453.0,1.4438e-07
PMPCB,0.59222,0.4,0.899,9454.0,4.5335e-08
GALNT6,0.61289,0.427,0.899,9455.0,1.4162e-09
DLGAP5,0.65941,0.49,0.899,9456.0,1.1806e-14
DOLK,0.47874,0.271,0.899,9457.0,0.0012393
GPR75-ASB3,0.58387,0.39,0.899,9458.0,1.4399e-07
GCNT7,0.3482,0.158,0.9,9459.0,0.087274
SFT2D2,0.42788,0.223,0.9,9460.0,0.011062
TBCB,0.42816,0.223,0.9,9461.0,0.011028
RFC4,0.57558,0.379,0.9,9462.0,4.4992e-07
OTOGL,0.76028,0.644,0.9,9463.0,4.7009e-52
MLPH,0.61946,0.435,0.9,9464.0,4.383e-10
TMEM8A,0.6196,0.435,0.9,9465.0,4.3704e-10
CYB561A3,0.42855,0.223,0.901,9466.0,0.010983
PFN2,0.19023,0.067,0.901,9467.0,0.4212
RPP40,0.51651,0.31,0.901,9468.0,0.00013062
CDC42EP4,0.2863,0.116,0.901,9469.0,0.21207
ESM1,0.28633,0.116,0.901,9470.0,0.21202
SLC36A1,0.56669,0.368,0.901,9471.0,1.397e-06
ANKRD24,0.67075,0.505,0.901,9472.0,3.2559e-16
RNF13,0.49919,0.292,0.901,9473.0,0.00040292
KLHDC1,0.59293,0.4,0.901,9474.0,4.4754e-08
ST8SIA4,0.49948,0.292,0.901,9475.0,0.00040145
HSD17B12,0.4992,0.292,0.901,9476.0,0.00040288
CCDC163P,0.19037,0.067,0.902,9477.0,0.42082
F7,0.54513,0.342,0.902,9478.0,1.349e-05
GSTA4,0.42876,0.223,0.902,9479.0,0.010958
FUCA2,0.57705,0.38,0.902,9480.0,4.3892e-07
MCCC1,0.64112,0.463,0.902,9481.0,4.0152e-12
PRDX2,0.34918,0.158,0.902,9482.0,0.086513
SGSM3,0.66498,0.497,0.902,9483.0,3.4061e-15
RIN3,0.62054,0.436,0.902,9484.0,4.2837e-10
POPDC3,0.42912,0.223,0.902,9485.0,0.010916
VTA1,0.4999,0.292,0.902,9486.0,0.00039935
RP11-196G11.1,0.34899,0.158,0.902,9487.0,0.086658
TRAPPC1,0.34919,0.158,0.902,9488.0,0.086507
ACSS2,0.65507,0.482,0.903,9489.0,1.1443e-13
NAGLU,0.60213,0.411,0.903,9490.0,1.3655e-08
TMEM173,0.48098,0.273,0.903,9491.0,0.0012067
UTP23,0.34937,0.158,0.903,9492.0,0.086364
ZBTB49,0.60175,0.411,0.903,9493.0,1.3752e-08
MRPL39,0.5571,0.356,0.903,9494.0,4.3077e-06
NLN,0.64216,0.464,0.903,9495.0,3.9148e-12
RBM24,0.34932,0.158,0.903,9496.0,0.086409
CD80,0.42928,0.223,0.903,9497.0,0.010898
SERPINB5,0.45767,0.25,0.903,9498.0,0.0036486
ZNF680,0.19067,0.067,0.903,9499.0,0.42
LRRC58,0.45742,0.249,0.903,9500.0,0.003659
IL27RA,0.64231,0.464,0.903,9501.0,3.901e-12
ARHGAP15,0.60187,0.411,0.903,9502.0,1.372e-08
NOM1,0.62163,0.436,0.903,9503.0,4.1868e-10
N4BP2L2,0.61582,0.429,0.904,9504.0,1.3341e-09
MYOF,0.76587,0.651,0.904,9505.0,1.475e-54
DNTTIP2,0.60276,0.412,0.904,9506.0,1.3493e-08
PIGQ,0.56848,0.369,0.904,9507.0,1.3575e-06
MCF2L2,0.71087,0.563,0.904,9508.0,1.1565000000000001e-24
GADD45B,0.28722,0.116,0.904,9509.0,0.21058
SSBP1,0.45789,0.25,0.904,9510.0,0.0036396
CMYA5,0.76646,0.651,0.904,9511.0,1.3454000000000002e-54
SRP9,0.19091,0.067,0.904,9512.0,0.41934
C7,0.66267,0.492,0.904,9513.0,1.0747e-14
ATL3,0.61579,0.429,0.904,9514.0,1.3349e-09
C12orf75,0.0,0.0,0.904,9515.0,0.63977
TBC1D32,0.71762,0.573,0.904,9516.0,8.002e-27
MCMDC2,0.60962,0.42,0.904,9517.0,4.2397e-09
ICOS,0.39531,0.194,0.905,9518.0,0.031284
KCNK1,0.39571,0.194,0.905,9519.0,0.031161
POTEE,0.48188,0.273,0.905,9520.0,0.0011938
NDUFAF1,0.45831,0.25,0.905,9521.0,0.0036226
KARS,0.60997,0.421,0.905,9522.0,4.211e-09
UFC1,0.45848,0.25,0.905,9523.0,0.0036155
DYM,0.65233,0.477,0.905,9524.0,3.5939e-13
KCNS3,0.48185,0.273,0.905,9525.0,0.0011942
CKS2,0.19113,0.067,0.905,9526.0,0.41878
PLXDC1,0.5879,0.392,0.905,9527.0,1.3423e-07
PCDP1,0.67769,0.513,0.906,9528.0,8.7186e-17
CLN3,0.58831,0.393,0.906,9529.0,1.3327e-07
CPXM1,0.64387,0.465,0.906,9530.0,3.7553e-12
EDAR,0.57003,0.37,0.906,9531.0,1.3242e-06
ZNF25,0.53396,0.328,0.906,9532.0,4.0774e-05
TIMM17B,0.35062,0.159,0.906,9533.0,0.085414
LRIG2,0.68344,0.521,0.906,9534.0,7.9705e-18
SESN2,0.57982,0.382,0.906,9535.0,4.1912e-07
ARMC3,0.65291,0.478,0.906,9536.0,3.5404e-13
SLC25A46,0.54726,0.343,0.906,9537.0,1.3077e-05
PCCA,0.66775,0.499,0.906,9538.0,3.1345e-15
DPY19L2,0.65675,0.483,0.906,9539.0,1.0936e-13
SLC3A2,0.59622,0.403,0.906,9540.0,4.2163e-08
ZMYND12,0.53385,0.328,0.906,9541.0,4.084e-05
GLMN,0.64853,0.472,0.906,9542.0,1.1537e-12
MIP,0.39639,0.194,0.907,9543.0,0.030956
C12orf65,0.28824,0.117,0.907,9544.0,0.20896
DONSON,0.58891,0.393,0.907,9545.0,1.319e-07
PALD1,0.6685,0.499,0.907,9546.0,3.065e-15
TACR1,0.50294,0.294,0.907,9547.0,0.00038437
IL1RN,0.39653,0.194,0.907,9548.0,0.030914
AMPD3,0.64927,0.472,0.907,9549.0,1.1323e-12
EPHX4,0.54815,0.344,0.907,9550.0,1.2908e-05
KIAA0556,0.72775,0.587,0.907,9551.0,1.1859000000000001e-29
AC087645.1,0.2881,0.117,0.907,9552.0,0.20918
TAGLN,0.35081,0.159,0.907,9553.0,0.08527
TOR1AIP1,0.61818,0.43,0.907,9554.0,1.2719e-09
SLC44A4,0.66503,0.494,0.907,9555.0,1.0036e-14
TGS1,0.6503,0.473,0.908,9556.0,1.1034e-12
DUS2,0.6356,0.453,0.908,9557.0,3.7906e-11
ZCRB1,0.46015,0.251,0.908,9558.0,0.0035488
TIGD5,0.48326,0.274,0.908,9559.0,0.0011744
MEGF6,0.73856,0.604,0.908,9560.0,3.7965e-34
CRLF1,0.53542,0.329,0.908,9561.0,3.9958e-05
CHML,0.5354,0.329,0.908,9562.0,3.9968e-05
ANKRD30B,0.7017,0.547,0.908,9563.0,1.5987999999999998e-21
ANKRD6,0.64063,0.46,0.908,9564.0,1.1728e-11
OR52B1P,0.19188,0.067,0.909,9565.0,0.41675
NME7,0.56123,0.359,0.909,9566.0,4.0454e-06
PCDHGA11,0.60611,0.414,0.909,9567.0,1.267e-08
BCL2A1,0.28893,0.117,0.909,9568.0,0.20785
UNC45B,0.67023,0.5,0.909,9569.0,2.9085e-15
GSR,0.57157,0.371,0.909,9570.0,1.2922e-06
HEATR6,0.70043,0.545,0.909,9571.0,5.1847999999999994e-21
AFP,0.6419,0.461,0.909,9572.0,1.1383e-11
ADAMTS8,0.63118,0.447,0.909,9573.0,1.1981e-10
ROBO4,0.66985,0.5,0.909,9574.0,2.942e-15
RNF24,0.39729,0.195,0.909,9575.0,0.030685
FIBIN,0.19224,0.067,0.91,9576.0,0.41581
CISD2,0.19223,0.067,0.91,9577.0,0.41583
ABCA4,0.76333,0.642,0.91,9578.0,5.3499e-48
PELO,0.43287,0.225,0.91,9579.0,0.010494
FUZ,0.54975,0.345,0.91,9580.0,1.2613e-05
P2RY2,0.35218,0.159,0.91,9581.0,0.084245
ZNF175,0.59109,0.394,0.91,9582.0,1.2701e-07
RPS6KL1,0.59091,0.394,0.91,9583.0,1.2741e-07
HSCB,0.46086,0.251,0.91,9584.0,0.0035209
IL12RB1,0.66743,0.496,0.91,9585.0,9.3569e-15
TNMD,0.46109,0.251,0.91,9586.0,0.0035119
DLEC1,0.74352,0.61,0.911,9587.0,2.1303e-35
ANO9,0.67501,0.506,0.911,9588.0,8.4487e-16
GCNT4,0.48524,0.275,0.911,9589.0,0.0011474
ZNF696,0.28969,0.117,0.911,9590.0,0.20667
FYCO1,0.72318,0.578,0.911,9591.0,5.4118e-27
ZNF772,0.52231,0.314,0.911,9592.0,0.00012102
STMN3,0.35267,0.16,0.911,9593.0,0.083885
ZCCHC7,0.61442,0.424,0.911,9594.0,3.8612e-09
LILRA6,0.53714,0.33,0.911,9595.0,3.9025e-05
ZNRD1,0.28967,0.117,0.911,9596.0,0.2067
ALPK3,0.7161,0.567,0.911,9597.0,8.415800000000001e-25
NAT10,0.70646,0.552,0.911,9598.0,4.1206e-22
LYSMD2,0.19234,0.067,0.911,9599.0,0.41554
TGIF1,0.43324,0.225,0.911,9600.0,0.010454
SCNN1A,0.644,0.462,0.912,9601.0,1.0835e-11
SFXN4,0.59235,0.395,0.912,9602.0,1.2428e-07
TMPRSS11E,0.58322,0.384,0.912,9603.0,3.9622e-07
FCRL1,0.56279,0.36,0.912,9604.0,3.9509e-06
DERA,0.50532,0.296,0.912,9605.0,0.00037318
HLA-B,0.53786,0.331,0.912,9606.0,3.8642e-05
COL24A1,0.75894,0.634,0.912,9607.0,4.9779e-44
ILVBL,0.60823,0.415,0.912,9608.0,1.2177e-08
HMGN1,0.28973,0.117,0.912,9609.0,0.20661
TMEM205,0.39849,0.195,0.912,9610.0,0.030328
PQLC1,0.43433,0.226,0.913,9611.0,0.010336
FAM20B,0.56379,0.36,0.913,9612.0,3.8916e-06
CCDC138,0.63956,0.456,0.913,9613.0,3.4656e-11
KLHL31,0.56321,0.36,0.913,9614.0,3.9256e-06
KRTDAP,0.35325,0.16,0.913,9615.0,0.08346
COCH,0.59265,0.396,0.913,9616.0,1.2365e-07
SIMC1,0.56337,0.36,0.913,9617.0,3.9164e-06
ZNF311,0.60873,0.416,0.913,9618.0,1.2064e-08
ZNF329,0.50601,0.296,0.913,9619.0,0.00036998
SDE2,0.57412,0.373,0.913,9620.0,1.2412e-06
SLC26A6,0.6546,0.476,0.914,9621.0,9.897e-13
NSUN4,0.57486,0.373,0.914,9622.0,1.2267e-06
CYCS,0.0,0.0,0.914,9623.0,0.63647
GH1,0.39942,0.196,0.914,9624.0,0.030057
EPS8L3,0.66296,0.488,0.914,9625.0,9.2378e-14
IAH1,0.46288,0.252,0.914,9626.0,0.0034427
C18orf64,0.35419,0.16,0.915,9627.0,0.082776
POC5,0.59394,0.396,0.915,9628.0,1.2092e-07
BRCA1,0.7311,0.588,0.915,9629.0,9.2157e-29
ZFP30,0.58498,0.385,0.915,9630.0,3.8484e-07
DARS2,0.65504,0.476,0.915,9631.0,9.7876e-13
ARHGEF38,0.6238,0.434,0.915,9632.0,1.1352e-09
IFIT5,0.52428,0.315,0.915,9633.0,0.00011794
ZNF322,0.40004,0.196,0.915,9634.0,0.02988
ZNF813,0.0,0.0,0.915,9635.0,0.63585
DDC,0.60271,0.407,0.915,9636.0,3.7519e-08
ELK4,0.46382,0.253,0.915,9637.0,0.0034071
SAP18,0.3539,0.16,0.915,9638.0,0.082981
ATP6AP1L,0.39987,0.196,0.915,9639.0,0.029928
HSDL1,0.46372,0.253,0.915,9640.0,0.0034111
COLGALT2,0.63538,0.45,0.915,9641.0,1.0935e-10
STK16,0.52411,0.315,0.915,9642.0,0.0001182
TBC1D4,0.71552,0.564,0.915,9643.0,8.473e-24
ZCCHC18,0.19314,0.068,0.915,9644.0,0.41342
P2RX7,0.64127,0.457,0.916,9645.0,3.3344e-11
MICAL1,0.71029,0.555,0.916,9646.0,3.3836999999999997e-22
CHKB,0.58602,0.386,0.916,9647.0,3.7831e-07
ORAI2,0.29103,0.118,0.916,9648.0,0.20459
TYMP,0.52494,0.315,0.916,9649.0,0.00011694
MRPL45,0.53991,0.332,0.916,9650.0,3.7571e-05
EEF1E1,0.35442,0.16,0.916,9651.0,0.082607
HEXB,0.63026,0.442,0.916,9652.0,3.4915e-10
ACSBG2,0.63613,0.45,0.916,9653.0,1.0757e-10
TMPRSS11D,0.55342,0.347,0.916,9654.0,1.1964e-05
B3GALT1,0.4357,0.227,0.916,9655.0,0.01019
WNT10B,0.50787,0.297,0.916,9656.0,0.0003616
PAQR3,0.54032,0.332,0.916,9657.0,3.7364e-05
FICD,0.43568,0.227,0.916,9658.0,0.010193
ARL6,0.43627,0.227,0.917,9659.0,0.01013
GLYATL1,0.46481,0.254,0.917,9660.0,0.0033704
CD69,0.4007,0.196,0.917,9661.0,0.029691
KREMEN2,0.54062,0.333,0.917,9662.0,3.7207e-05
GDF1,0.19355,0.068,0.917,9663.0,0.41237
ZNF484,0.61102,0.417,0.917,9664.0,1.156e-08
SNX7,0.54039,0.332,0.917,9665.0,3.7323e-05
POLR1E,0.58675,0.387,0.917,9666.0,3.7381e-07
CC2D1B,0.69443,0.531,0.917,9667.0,1.748e-18
DUSP1,0.43607,0.227,0.917,9668.0,0.010151
ZCCHC9,0.48835,0.277,0.917,9669.0,0.0011065
ARG1,0.50836,0.297,0.917,9670.0,0.00035944
CA6,0.50833,0.297,0.917,9671.0,0.00035958
PHACTR1,0.0,0.0,0.917,9672.0,0.63537
IRF3,0.52572,0.316,0.917,9673.0,0.00011576
TPPP,0.29185,0.118,0.918,9674.0,0.20334
PLA2G4D,0.66922,0.495,0.918,9675.0,2.6287e-14
VWA3A,0.72335,0.574,0.918,9676.0,1.6824000000000002e-25
GDNF,0.29174,0.118,0.918,9677.0,0.2035
UBASH3A,0.63729,0.451,0.918,9678.0,1.0489e-10
GTF2B,0.52591,0.316,0.918,9679.0,0.00011548
FBXL4,0.61185,0.418,0.918,9680.0,1.1384e-08
NLRC4,0.64796,0.465,0.918,9681.0,9.8714e-12
RBAK,0.61198,0.418,0.918,9682.0,1.1355e-08
UEVLD,0.587,0.387,0.918,9683.0,3.7228e-07
LRRC46,0.4886,0.277,0.918,9684.0,0.0011032
SLFN14,0.61929,0.427,0.918,9685.0,3.5128e-09
ICOSLG,0.50941,0.298,0.919,9686.0,0.00035482
PDK2,0.56697,0.362,0.919,9687.0,3.7102e-06
SEMA4F,0.65768,0.478,0.919,9688.0,9.1544e-13
ZSCAN29,0.63792,0.451,0.919,9689.0,1.0345e-10
ATP1B4,0.50917,0.298,0.919,9690.0,0.00035587
GCNT1,0.46582,0.254,0.919,9691.0,0.0033333
MEP1A,0.6577,0.478,0.919,9692.0,9.1509e-13
C2orf43,0.50931,0.298,0.919,9693.0,0.00035525
PRMT6,0.46573,0.254,0.919,9694.0,0.0033368
FASTKD5,0.60535,0.409,0.919,9695.0,3.5791e-08
INVS,0.69322,0.528,0.919,9696.0,5.5501e-18
RP11-295P9.3,0.43704,0.227,0.919,9697.0,0.010051
C19orf38,0.43711,0.227,0.919,9698.0,0.010044
FMR1NB,0.35553,0.161,0.919,9699.0,0.081815
KCNA5,0.48934,0.277,0.919,9700.0,0.0010938
CTD-3074O7.11,0.64369,0.459,0.919,9701.0,3.1562e-11
IL12B,0.52664,0.316,0.919,9702.0,0.00011439
ADCK2,0.58825,0.388,0.92,9703.0,3.6479e-07
TXNDC2,0.0,0.0,0.92,9704.0,0.6341
TRIM43,0.43746,0.228,0.92,9705.0,0.010008
RMI1,0.56795,0.363,0.92,9706.0,3.6565e-06
DUSP5,0.46611,0.254,0.92,9707.0,0.0033227
TUBD1,0.57895,0.376,0.92,9708.0,1.1505e-06
CD27,0.43742,0.228,0.92,9709.0,0.010011
RBMXL1,0.40214,0.197,0.92,9710.0,0.029284
TMEM50B,0.40188,0.197,0.92,9711.0,0.029357
TMEM70,0.40214,0.197,0.92,9712.0,0.029285
PNMAL1,0.46592,0.254,0.92,9713.0,0.0033297
C11orf63,0.65411,0.473,0.92,9714.0,2.9259e-12
CATSPERD,0.67491,0.502,0.92,9715.0,7.5066e-15
COL6A5,0.76641,0.641,0.92,9716.0,5.609e-45
TYROBP,0.29248,0.119,0.92,9717.0,0.20238
ZNF454,0.56822,0.363,0.921,9718.0,3.6416e-06
ARHGAP22,0.62092,0.428,0.921,9719.0,3.4043e-09
PRKAA2,0.60616,0.409,0.921,9720.0,3.5282e-08
TP53I13,0.528,0.317,0.921,9721.0,0.00011241
TDRD10,0.55643,0.349,0.921,9722.0,1.1461e-05
TM6SF2,0.54285,0.334,0.921,9723.0,3.6097e-05
IGFBP6,0.40262,0.197,0.921,9724.0,0.02915
LRRC32,0.49059,0.278,0.921,9725.0,0.001078
FRZB,0.4901,0.278,0.921,9726.0,0.0010842
LIX1L,0.51085,0.299,0.922,9727.0,0.00034864
ALDH1L2,0.69239,0.526,0.922,9728.0,1.7337e-17
COL22A1,0.76815,0.642,0.922,9729.0,4.4899000000000003e-45
KNG1,0.63433,0.445,0.922,9730.0,3.2071e-10
ADAM32,0.67999,0.508,0.922,9731.0,2.1571e-15
ADAM33,0.68011,0.508,0.922,9732.0,2.1487e-15
MTHFR,0.63433,0.445,0.922,9733.0,3.2068e-10
TRMT2A,0.61448,0.42,0.922,9734.0,1.0841e-08
SLC29A4,0.55707,0.35,0.922,9735.0,1.1358e-05
ECM2,0.62201,0.429,0.922,9736.0,3.333e-09
CEP41,0.56915,0.364,0.922,9737.0,3.5915e-06
BLVRA,0.51104,0.299,0.922,9738.0,0.00034786
CCZ1,0.56922,0.364,0.922,9739.0,3.5878e-06
OTUD3,0.54379,0.334,0.922,9740.0,3.5645e-05
PBXIP1,0.64045,0.453,0.922,9741.0,9.7925e-11
THBS4,0.6981,0.534,0.922,9742.0,1.5117e-18
TMEM203,0.0,0.0,0.922,9743.0,0.63351
NVL,0.70179,0.539,0.923,9744.0,4.2587000000000004e-19
RARS2,0.66944,0.492,0.923,9745.0,7.7352e-14
SLC2A2,0.60768,0.41,0.923,9746.0,3.4337e-08
RIN1,0.59069,0.389,0.923,9747.0,3.5054e-07
CD3E,0.5118,0.299,0.923,9748.0,0.00034464
TXN,0.29327,0.119,0.923,9749.0,0.20119
MME,0.69888,0.535,0.923,9750.0,1.465e-18
KBTBD7,0.56952,0.364,0.923,9751.0,3.5716e-06
KRT9,0.58026,0.377,0.923,9752.0,1.1272e-06
ZNF626,0.19489,0.068,0.923,9753.0,0.40889
KLHL40,0.57015,0.364,0.924,9754.0,3.5382e-06
VPS51,0.6161,0.421,0.924,9755.0,1.052e-08
IMPA2,0.49216,0.279,0.924,9756.0,0.0010588
CHI3L1,0.55848,0.351,0.924,9757.0,1.1133e-05
PSMG1,0.51235,0.3,0.924,9758.0,0.00034234
ANKMY2,0.57057,0.365,0.924,9759.0,3.5166e-06
C17orf59,0.29361,0.119,0.924,9760.0,0.20068
DIS3L,0.69971,0.535,0.924,9761.0,1.4172e-18
CASP1,0.54475,0.335,0.924,9762.0,3.5183e-05
GLI1,0.66978,0.493,0.924,9763.0,7.6639e-14
PKLR,0.59101,0.389,0.924,9764.0,3.4869e-07
THOC3,0.40408,0.198,0.925,9765.0,0.028748
TUBGCP6,0.74484,0.603,0.925,9766.0,2.5559e-31
COL19A1,0.74895,0.609,0.925,9767.0,4.8406e-33
MYOT,0.6088,0.411,0.925,9768.0,3.3663e-08
FLOT1,0.61661,0.421,0.925,9769.0,1.0422e-08
SH3D21,0.65289,0.469,0.925,9770.0,8.7925e-12
USP40,0.72896,0.579,0.925,9771.0,1.1506e-25
EXO1,0.6624,0.482,0.925,9772.0,8.12e-13
FAM178B,0.66196,0.481,0.925,9773.0,8.2105e-13
HOOK2,0.69786,0.532,0.925,9774.0,4.6471e-18
YY2,0.1953,0.068,0.925,9775.0,0.40781
CCDC180,0.76316,0.632,0.925,9776.0,1.5309999999999999e-40
MED9,0.19535,0.068,0.925,9777.0,0.4077
AQPEP,0.6921,0.524,0.925,9778.0,5.3008e-17
C3orf67,0.64232,0.455,0.925,9779.0,9.4026e-11
KIF7,0.71773,0.561,0.926,9780.0,2.2711e-22
ACBD4,0.58267,0.378,0.926,9781.0,1.0857e-06
SYT17,0.5595,0.351,0.926,9782.0,1.0974e-05
SARS2,0.63126,0.439,0.926,9783.0,9.77e-10
ADAM8,0.67547,0.499,0.926,9784.0,2.1983e-14
LY75,0.77254,0.647,0.926,9785.0,7.4472e-46
LY75-CD302,0.77254,0.647,0.926,9786.0,7.4472e-46
KRT80,0.57158,0.365,0.926,9787.0,3.4641e-06
RNFT1,0.58247,0.378,0.926,9788.0,1.0891e-06
KIAA1328,0.60995,0.412,0.926,9789.0,3.2984e-08
TUSC3,0.57165,0.365,0.926,9790.0,3.4606e-06
ZNF227,0.64309,0.455,0.926,9791.0,9.2465e-11
HRAS,0.35846,0.162,0.926,9792.0,0.079774
GSG1,0.49371,0.28,0.927,9793.0,0.0010401
THBS3,0.71479,0.556,0.927,9794.0,2.5794999999999996e-21
FLVCR2,0.57225,0.366,0.927,9795.0,3.4299e-06
TELO2,0.67202,0.494,0.927,9796.0,7.2029e-14
DNA2,0.70231,0.537,0.927,9797.0,1.2748e-18
CDO1,0.44092,0.229,0.927,9798.0,0.0096603
PERP,0.35891,0.162,0.927,9799.0,0.079462
VHL,0.35884,0.162,0.927,9800.0,0.079515
HMOX1,0.4407,0.229,0.927,9801.0,0.0096817
OAS1,0.54623,0.336,0.927,9802.0,3.4489e-05
EGFLAM,0.70475,0.541,0.927,9803.0,3.7564e-19
SCD5,0.49374,0.28,0.927,9804.0,0.0010398
CALCR,0.62548,0.431,0.928,9805.0,3.1176e-09
TRMT13,0.60285,0.402,0.928,9806.0,1.039e-07
PDSS1,0.61088,0.413,0.928,9807.0,3.2449e-08
IER3,0.0,0.0,0.928,9808.0,0.63122
PIH1D1,0.53193,0.32,0.928,9809.0,0.0001069
RELT,0.58344,0.379,0.928,9810.0,1.0729e-06
CNGA1,0.6496,0.463,0.928,9811.0,2.7618e-11
TMEM5,0.58349,0.379,0.928,9812.0,1.072e-06
PRMT10,0.6601,0.477,0.928,9813.0,2.5269e-12
XIRP2,0.7827,0.662,0.928,9814.0,2.0802999999999998e-52
C9orf72,0.58394,0.379,0.928,9815.0,1.0647e-06
ADAMTS18,0.7429,0.598,0.928,9816.0,1.0716e-29
LMAN2,0.53155,0.319,0.928,9817.0,0.00010742
LMBRD1,0.6442,0.456,0.928,9818.0,9.0253e-11
CCDC30,0.69706,0.529,0.928,9819.0,1.4579e-17
PDZD11,0.29502,0.12,0.928,9820.0,0.1986
NUP37,0.56087,0.352,0.928,9821.0,1.0763e-05
PDCD4,0.59335,0.391,0.928,9822.0,3.3572e-07
NUBPL,0.56126,0.352,0.929,9823.0,1.0705e-05
CENPW,0.19632,0.069,0.929,9824.0,0.40523
ALPK1,0.70887,0.546,0.929,9825.0,1.0188000000000001e-19
ZNF286A,0.57352,0.367,0.929,9826.0,3.3664e-06
FTCDNL1,0.19632,0.069,0.929,9827.0,0.40524
HRC,0.61919,0.423,0.929,9828.0,9.9367e-09
LY6G5C,0.19623,0.069,0.929,9829.0,0.40546
CCDC42B,0.51497,0.301,0.929,9830.0,0.00033169
LAMTOR2,0.29531,0.12,0.929,9831.0,0.19816
SEC61G,0.0,0.0,0.929,9832.0,0.63104
BCLAF1,0.67767,0.501,0.929,9833.0,2.0629e-14
TCN2,0.58497,0.38,0.93,9834.0,1.0478e-06
NT5DC4,0.62004,0.423,0.93,9835.0,9.7819e-09
MTG2,0.51517,0.301,0.93,9836.0,0.00033086
ANTXRL,0.6126,0.414,0.93,9837.0,3.1476e-08
LIPC,0.59485,0.392,0.93,9838.0,3.2764e-07
GPR52,0.44218,0.23,0.93,9839.0,0.0095377
XKR3,0.36002,0.163,0.93,9840.0,0.078713
GGCX,0.67839,0.502,0.93,9841.0,2.0199e-14
PTMS,0.29576,0.12,0.93,9842.0,0.19751
DNPEP,0.61233,0.414,0.93,9843.0,3.1627e-08
POLI,0.61208,0.413,0.93,9844.0,3.1764e-08
SPINK5,0.73969,0.592,0.93,9845.0,4.846e-28
HFM1,0.7502,0.608,0.93,9846.0,4.7341999999999996e-32
TGM1,0.67009,0.49,0.93,9847.0,2.2509e-13
ZNF232,0.54807,0.337,0.93,9848.0,3.3651e-05
EGLN3,0.44283,0.23,0.931,9849.0,0.0094753
POC1A,0.57492,0.367,0.931,9850.0,3.2977e-06
GHRHR,0.60463,0.404,0.931,9851.0,1.0082e-07
GPR144,0.68672,0.513,0.931,9852.0,1.7455e-15
UMPS,0.53327,0.32,0.931,9853.0,0.0001051
GLP2R,0.65167,0.465,0.931,9854.0,2.635e-11
ZNF557,0.407,0.199,0.931,9855.0,0.027968
CHEK1,0.61274,0.414,0.931,9856.0,3.14e-08
PRR16,0.36025,0.163,0.931,9857.0,0.078558
CSPP1,0.74378,0.598,0.931,9858.0,3.26e-29
KIAA1430,0.53358,0.321,0.931,9859.0,0.00010469
KLF13,0.19668,0.069,0.931,9860.0,0.40432
CNDP2,0.60472,0.404,0.931,9861.0,1.0067e-07
HEXIM2,0.4067,0.199,0.931,9862.0,0.028048
CRLS1,0.4723,0.258,0.932,9863.0,0.0031076
ACO1,0.70276,0.536,0.932,9864.0,3.8322e-18
CYP7B1,0.57497,0.367,0.932,9865.0,3.2954e-06
ARHGAP10,0.6999,0.532,0.932,9866.0,1.3092e-17
FAM76A,0.56327,0.354,0.932,9867.0,1.0407e-05
LTA,0.29622,0.12,0.932,9868.0,0.19685
MGST2,0.36068,0.163,0.932,9869.0,0.078275
MARCH11,0.47214,0.258,0.932,9870.0,0.003113
SCARA5,0.5632,0.354,0.932,9871.0,1.0417e-05
P2RX3,0.58597,0.381,0.932,9872.0,1.0318e-06
SLC10A4,0.40721,0.2,0.932,9873.0,0.027914
SYNPO2L,0.64166,0.45,0.932,9874.0,2.7515e-10
SUSD1,0.67147,0.491,0.932,9875.0,2.169e-13
TAB1,0.59596,0.393,0.932,9876.0,3.2186e-07
ECD,0.66328,0.479,0.933,9877.0,2.3368e-12
POC1B,0.61442,0.415,0.933,9878.0,3.0483e-08
HS6ST2,0.4965,0.281,0.933,9879.0,0.0010077
ITM2A,0.29641,0.12,0.933,9880.0,0.19657
QRICH2,0.74369,0.597,0.933,9881.0,1.0765e-28
TLR2,0.58702,0.381,0.933,9882.0,1.0152e-06
NPNT,0.64205,0.451,0.933,9883.0,2.7295e-10
LRRC36,0.65836,0.473,0.933,9884.0,7.7277e-12
HLA-F,0.55008,0.338,0.933,9885.0,3.276e-05
TMEM176A,0.44392,0.231,0.933,9886.0,0.0093723
WDR78,0.69808,0.528,0.933,9887.0,4.2723e-17
RSPH3,0.60587,0.404,0.933,9888.0,9.8725e-08
TPH1,0.59656,0.393,0.933,9889.0,3.1872e-07
ESPN,0.62985,0.434,0.934,9890.0,2.8667e-09
DOK7,0.53515,0.322,0.934,9891.0,0.00010263
GIPC3,0.44429,0.231,0.934,9892.0,0.0093379
ACRBP,0.64265,0.451,0.934,9893.0,2.6954e-10
RHOU,0.36138,0.164,0.934,9894.0,0.077808
AMHR2,0.64255,0.451,0.934,9895.0,2.7013e-10
POMT1,0.69837,0.528,0.934,9896.0,4.2265e-17
DUSP22,0.44424,0.231,0.934,9897.0,0.0093421
TAGLN2,0.44411,0.231,0.934,9898.0,0.0093548
FMN1,0.70442,0.537,0.934,9899.0,3.5863e-18
HEATR2,0.64917,0.459,0.935,9900.0,8.1011e-11
KLHL33,0.56495,0.355,0.935,9901.0,1.0165e-05
MAD2L1,0.44475,0.231,0.935,9902.0,0.0092952
RPL29,0.29727,0.121,0.935,9903.0,0.19534
AGAP2-AS1,0.40868,0.2,0.935,9904.0,0.027534
YPEL4,0.29708,0.12,0.935,9905.0,0.1956
RHBDF1,0.68577,0.51,0.935,9906.0,5.4089e-15
PEX19,0.51827,0.303,0.935,9907.0,0.0003188
ATG7,0.66033,0.474,0.936,9908.0,7.3758e-12
HGD,0.61603,0.416,0.936,9909.0,2.9631e-08
ANXA7,0.63772,0.444,0.936,9910.0,8.5846e-10
AOX1,0.75345,0.61,0.936,9911.0,1.171e-31
OR2T4,0.29756,0.121,0.936,9912.0,0.19492
APOC2,0.19775,0.069,0.936,9913.0,0.40164
ASL,0.63779,0.444,0.936,9914.0,8.5727e-10
CD200R1L,0.47441,0.259,0.936,9915.0,0.0030387
NPC1L1,0.7164,0.554,0.936,9916.0,2.3098e-20
ANKEF1,0.638,0.444,0.936,9917.0,8.5371e-10
NNAT,0.19786,0.069,0.937,9918.0,0.40136
ZNF259,0.6249,0.427,0.937,9919.0,8.9466e-09
SEC14L2,0.61688,0.417,0.937,9920.0,2.9195e-08
AK1,0.40952,0.201,0.937,9921.0,0.027319
GALC,0.68696,0.511,0.937,9922.0,5.2142e-15
ABCB10,0.6171,0.417,0.937,9923.0,2.9084e-08
ALDH5A1,0.59929,0.395,0.937,9924.0,3.0504e-07
RTN4IP1,0.5782,0.37,0.937,9925.0,3.1428e-06
ZNF605,0.19806,0.069,0.937,9926.0,0.40086
LUM,0.36268,0.164,0.937,9927.0,0.07696
LRRIQ1,0.76679,0.63,0.938,9928.0,5.5161e-37
PLOD1,0.69178,0.517,0.938,9929.0,1.4837e-15
ORMDL2,0.29809,0.121,0.938,9930.0,0.19417
PITRM1,0.7208,0.559,0.938,9931.0,5.9266e-21
ATP1A4,0.71797,0.555,0.938,9932.0,2.1395e-20
PLEKHH2,0.76031,0.62,0.938,9933.0,4.8228e-34
ESPNL,0.64559,0.453,0.938,9934.0,2.535e-10
CORO7-PAM16,0.73542,0.581,0.938,9935.0,7.6179e-25
SAMHD1,0.67135,0.488,0.938,9936.0,6.4524e-13
XXbac-BPG181M17.5,0.36323,0.164,0.939,9937.0,0.076603
DUOX1,0.75901,0.617,0.939,9938.0,6.2238e-33
CAND2,0.69551,0.522,0.939,9939.0,4.326e-16
LRGUK,0.69251,0.517,0.939,9940.0,1.4489e-15
NADSYN1,0.69914,0.527,0.939,9941.0,1.2527e-16
CCDC106,0.41019,0.201,0.939,9942.0,0.027151
AC011530.4,0.36352,0.165,0.939,9943.0,0.076414
ASB1,0.47585,0.26,0.939,9944.0,0.0029925
RSPH4A,0.65228,0.462,0.939,9945.0,7.5712e-11
ATP6V1C2,0.61825,0.418,0.939,9946.0,2.8499e-08
PCDHGA5,0.61842,0.418,0.939,9947.0,2.8417e-08
FBXL13,0.66788,0.483,0.939,9948.0,2.0856e-12
C9orf3,0.68843,0.512,0.939,9949.0,4.9823e-15
LIPN,0.55425,0.341,0.94,9950.0,3.1003e-05
CLEC17A,0.61075,0.408,0.94,9951.0,9.0963e-08
CEP57L1,0.61903,0.418,0.94,9952.0,2.8112e-08
IGFN1,0.79014,0.667,0.94,9953.0,3.2796e-51
KRTAP4-12,0.29897,0.121,0.94,9954.0,0.19293
GBA2,0.71945,0.556,0.94,9955.0,1.9892e-20
CTSK,0.55428,0.341,0.94,9956.0,3.0989e-05
PRSS22,0.47641,0.26,0.94,9957.0,0.0029749
PHAX,0.58038,0.371,0.94,9958.0,3.0443e-06
TTF1,0.67283,0.489,0.94,9959.0,6.2102e-13
VWA3B,0.7459,0.596,0.94,9960.0,9.739699999999999e-28
PCDHGB4,0.61956,0.418,0.941,9961.0,2.7854e-08
RP11-178C3.1,0.19877,0.07,0.941,9962.0,0.39911
ABHD11,0.47695,0.26,0.941,9963.0,0.0029581
CNNM4,0.60176,0.396,0.941,9964.0,2.9325e-07
CYB5R4,0.63455,0.438,0.941,9965.0,2.6203e-09
ARFIP1,0.55477,0.341,0.941,9966.0,3.079e-05
NAE1,0.67829,0.496,0.941,9967.0,1.8043e-13
H6PD,0.62714,0.428,0.941,9968.0,8.5874e-09
ABCC10,0.74317,0.591,0.941,9969.0,1.2887e-26
HAND2,0.19878,0.07,0.941,9970.0,0.39908
GALNT12,0.59214,0.385,0.941,9971.0,9.3863e-07
RPS4Y1,0.0,0.0,0.942,9972.0,0.62651
SLC4A11,0.69069,0.513,0.942,9973.0,4.6435e-15
FCRL4,0.64181,0.447,0.942,9974.0,7.9109e-10
FAM207A,0.36474,0.165,0.942,9975.0,0.075641
PRDX4,0.41178,0.202,0.942,9976.0,0.026755
MCOLN3,0.65382,0.463,0.942,9977.0,7.3204e-11
RFC3,0.56926,0.357,0.942,9978.0,9.576e-06
TMPRSS2,0.64813,0.455,0.942,9979.0,2.4044e-10
HBEGF,0.36475,0.165,0.943,9980.0,0.07563
WDR87,0.71968,0.554,0.943,9981.0,6.1602e-20
TMEM151A,0.47803,0.261,0.943,9982.0,0.0029247
ATP6V0E1,0.19932,0.07,0.943,9983.0,0.39774
PADI3,0.64899,0.456,0.943,9984.0,2.3615e-10
GMPPA,0.62858,0.429,0.943,9985.0,8.3635e-09
EXPH5,0.74335,0.59,0.943,9986.0,4.1598e-26
POLRMT,0.72215,0.558,0.943,9987.0,1.739e-20
APOBEC3C,0.41204,0.202,0.943,9988.0,0.026691
DUS3L,0.66073,0.471,0.943,9989.0,2.1445e-11
SHC4,0.65514,0.464,0.943,9990.0,7.1127e-11
CIDEC,0.44837,0.233,0.943,9991.0,0.0089662
MPP7,0.66012,0.471,0.943,9992.0,2.1745e-11
P4HA3,0.64251,0.447,0.943,9993.0,7.8011e-10
TOMM20,0.41212,0.202,0.943,9994.0,0.026672
FUCA1,0.62144,0.42,0.944,9995.0,2.6956e-08
TMEM67,0.73805,0.582,0.944,9996.0,2.0654000000000002e-24
PLCXD3,0.44896,0.234,0.944,9997.0,0.0089141
RSPH6A,0.64952,0.456,0.944,9998.0,2.3355e-10
UPF3A,0.59366,0.386,0.944,9999.0,9.1728e-07
UBE2Q2,0.61311,0.409,0.944,10000.0,8.744e-08
C1orf50,0.41243,0.202,0.944,10001.0,0.026595
LIPT2,0.0,0.0,0.944,10002.0,0.62575
STMN1,0.36537,0.165,0.944,10003.0,0.075244
OSMR,0.70891,0.538,0.944,10004.0,9.2144e-18
ARFGAP3,0.65571,0.464,0.944,10005.0,7.0246e-11
HLA-DQB1,0.44883,0.234,0.944,10006.0,0.0089259
AADAC,0.47848,0.261,0.944,10007.0,0.0029108
MYH7B,0.78686,0.658,0.944,10008.0,4.341899999999999e-46
SLC22A15,0.63667,0.439,0.944,10009.0,2.516e-09
CNPY2,0.47808,0.261,0.944,10010.0,0.0029232
CCDC60,0.64311,0.448,0.944,10011.0,7.7084e-10
BVES,0.57104,0.358,0.945,10012.0,9.343e-06
KBTBD4,0.58341,0.373,0.945,10013.0,2.9136e-06
TPTE2,0.67215,0.486,0.945,10014.0,1.8753e-12
RCBTB2,0.6373,0.44,0.945,10015.0,2.4857e-09
SP110,0.68938,0.51,0.945,10016.0,1.4595e-14
ALDH6A1,0.64407,0.448,0.945,10017.0,7.5619e-10
DNAL1,0.44935,0.234,0.945,10018.0,0.0088801
PDCD6,0.44936,0.234,0.945,10019.0,0.0088799
COL10A1,0.55717,0.343,0.945,10020.0,2.9839e-05
WRN,0.76653,0.625,0.945,10021.0,2.6432e-34
STX17,0.54164,0.326,0.945,10022.0,9.4629e-05
TRMT1,0.67184,0.486,0.945,10023.0,1.8899e-12
SDF2,0.41333,0.203,0.946,10024.0,0.026377
CPXM2,0.67757,0.493,0.946,10025.0,5.487e-13
MCM8,0.70394,0.53,0.946,10026.0,1.0536e-16
MEF2B,0.50374,0.285,0.946,10027.0,0.00092914
TNK1,0.62262,0.421,0.946,10028.0,2.6405e-08
POU4F2,0.36605,0.166,0.946,10029.0,0.074814
KRT71,0.59483,0.386,0.946,10030.0,9.011e-07
TMEM119,0.0,0.0,0.946,10031.0,0.62503
ZRANB3,0.72725,0.564,0.947,10032.0,4.2341e-21
ATP13A4,0.74642,0.593,0.947,10033.0,3.3305999999999997e-26
AMELX,0.36655,0.166,0.947,10034.0,0.074507
RAB17,0.3664,0.166,0.947,10035.0,0.074599
DSC1,0.70167,0.526,0.947,10036.0,3.4979e-16
WDR46,0.67795,0.493,0.947,10037.0,5.4327e-13
NT5C1B-RDH14,0.64538,0.449,0.947,10038.0,7.3667e-10
SOAT1,0.64541,0.449,0.947,10039.0,7.3621e-10
ZNF510,0.61489,0.41,0.947,10040.0,8.4888e-08
NAPEPLD,0.55826,0.343,0.947,10041.0,2.9414e-05
NUDT9,0.57236,0.359,0.947,10042.0,9.1759e-06
ZNF729,0.2001,0.07,0.947,10043.0,0.39585
MASTL,0.67791,0.493,0.947,10044.0,5.4383e-13
IMP4,0.59593,0.387,0.947,10045.0,8.8614e-07
FAM133A,0.20012,0.07,0.947,10046.0,0.39581
PIP5KL1,0.55857,0.344,0.947,10047.0,2.9295e-05
SLC25A44,0.50418,0.286,0.947,10048.0,0.00092458
ADC,0.59586,0.387,0.947,10049.0,8.8707e-07
SFRP4,0.5434,0.327,0.948,10050.0,9.2586e-05
DPPA4,0.52523,0.307,0.948,10051.0,0.00029363
C6orf1,0.0,0.0,0.948,10052.0,0.62416
DPH2,0.57303,0.36,0.948,10053.0,9.0918e-06
TGOLN2,0.48056,0.262,0.948,10054.0,0.0028483
PIGT,0.64587,0.45,0.948,10055.0,7.2959e-10
CDKN2C,0.20034,0.07,0.948,10056.0,0.39526
NUDT6,0.55905,0.344,0.948,10057.0,2.9113e-05
TXNRD3,0.61592,0.411,0.948,10058.0,8.3449e-08
LEFTY2,0.5254,0.307,0.948,10059.0,0.00029307
CGN,0.76162,0.616,0.948,10060.0,1.8942000000000001e-31
SPAG4,0.60656,0.4,0.948,10061.0,2.7163e-07
CCDC142,0.67868,0.494,0.948,10062.0,5.3295e-13
TCAP,0.30153,0.122,0.948,10063.0,0.18939
OSER1,0.48028,0.262,0.948,10064.0,0.0028566
ATP6V1B1,0.63915,0.441,0.948,10065.0,2.3997e-09
SDF2L1,0.30139,0.122,0.948,10066.0,0.18957
DDX10,0.70688,0.533,0.949,10067.0,9.4565e-17
C1orf27,0.60676,0.4,0.949,10068.0,2.7079e-07
NKAPL,0.54372,0.327,0.949,10069.0,9.2219e-05
ANO5,0.73404,0.572,0.949,10070.0,2.8542e-22
CDKN2A,0.20056,0.07,0.949,10071.0,0.39474
KCTD13,0.50508,0.286,0.949,10072.0,0.00091544
KANK1,0.71248,0.541,0.949,10073.0,7.9821e-18
SYCP3,0.54412,0.327,0.949,10074.0,9.1772e-05
ZNF500,0.57314,0.36,0.949,10075.0,9.0776e-06
UQCRFS1,0.30164,0.122,0.949,10076.0,0.18923
ZCCHC4,0.65327,0.459,0.949,10077.0,2.1595e-10
ZNF197,0.67938,0.494,0.949,10078.0,5.2329e-13
FAM110D,0.20086,0.07,0.95,10079.0,0.39402
NGLY1,0.68474,0.501,0.95,10080.0,1.5117e-13
PPM1M,0.50598,0.287,0.95,10081.0,0.00090639
CHST10,0.54449,0.327,0.95,10082.0,9.1356e-05
INO80E,0.45163,0.235,0.95,10083.0,0.0086846
CDK14,0.62573,0.423,0.95,10084.0,2.5012e-08
ACADS,0.58611,0.375,0.95,10085.0,2.8026e-06
ARL6IP4,0.50584,0.287,0.95,10086.0,0.00090784
PKN3,0.71944,0.55,0.95,10087.0,6.108100000000001e-19
SGPP2,0.48155,0.263,0.95,10088.0,0.0028191
NPM2,0.50602,0.287,0.95,10089.0,0.00090602
ZNF649,0.36779,0.167,0.95,10090.0,0.073744
AHI1,0.74665,0.591,0.95,10091.0,1.0773e-25
TMEM8B,0.58623,0.375,0.95,10092.0,2.7974e-06
MROH2B,0.7774,0.639,0.95,10093.0,5.3194e-38
ACSS3,0.68074,0.495,0.951,10094.0,5.0483e-13
FKBP1B,0.20104,0.07,0.951,10095.0,0.39358
GNMT,0.48169,0.263,0.951,10096.0,0.0028153
INSRR,0.74136,0.583,0.951,10097.0,5.3976e-24
GEN1,0.69761,0.518,0.951,10098.0,3.7299e-15
COQ5,0.56093,0.345,0.951,10099.0,2.8412e-05
CCDC43,0.52682,0.308,0.951,10100.0,0.00028825
RHD,0.5606,0.345,0.951,10101.0,2.8534e-05
RAPGEF3,0.73785,0.577,0.951,10102.0,7.0737e-23
AOAH,0.68958,0.507,0.951,10103.0,4.3783e-14
SMPX,0.0,0.0,0.951,10104.0,0.62317
TNFSF15,0.48166,0.263,0.951,10105.0,0.0028159
SOX1,0.0,0.0,0.951,10106.0,0.62322
ITFG2,0.62629,0.423,0.951,10107.0,2.4768e-08
AGTRAP,0.30224,0.123,0.951,10108.0,0.18842
TRIM29,0.61759,0.412,0.951,10109.0,8.1158e-08
SCUBE2,0.73048,0.566,0.951,10110.0,3.5628999999999994e-21
OCLN,0.59824,0.388,0.951,10111.0,8.5583e-07
B9D1,0.48209,0.263,0.952,10112.0,0.0028034
DDAH1,0.4823,0.263,0.952,10113.0,0.0027974
SIVA1,0.41607,0.204,0.952,10114.0,0.025729
TMEM241,0.59892,0.389,0.952,10115.0,8.471e-07
A2ML1,0.77171,0.629,0.952,10116.0,1.6109e-34
HOXD13,0.45257,0.236,0.952,10117.0,0.0086055
RAB2B,0.48211,0.263,0.952,10118.0,0.0028028
ZP3,0.52777,0.309,0.952,10119.0,0.00028508
LRRC63,0.5612,0.345,0.952,10120.0,2.8312e-05
ZNF568,0.64172,0.443,0.952,10121.0,2.2849e-09
SMIM11,0.0,0.0,0.953,10122.0,0.62261
RSU1,0.50757,0.288,0.953,10123.0,0.00089071
CHCHD4,0.30302,0.123,0.953,10124.0,0.18737
MYOM1,0.78424,0.648,0.953,10125.0,1.7266999999999998e-40
TFB2M,0.57569,0.361,0.953,10126.0,8.7667e-06
FER1L6,0.78831,0.655,0.953,10127.0,7.1266999999999996e-43
RNF207,0.67282,0.483,0.953,10128.0,5.4736e-12
PRR11,0.5993,0.389,0.953,10129.0,8.4224e-07
RASAL1,0.69545,0.514,0.953,10130.0,1.2135e-14
SHISA2,0.36882,0.167,0.953,10131.0,0.073123
STAC2,0.59941,0.389,0.953,10132.0,8.4083e-07
IGHMBP2,0.70583,0.529,0.953,10133.0,3.0212e-16
TEX14,0.77574,0.634,0.954,10134.0,9.139e-36
PGPEP1,0.45387,0.236,0.954,10135.0,0.0084969
DHRS13,0.41672,0.204,0.954,10136.0,0.025578
METTL4,0.61979,0.414,0.954,10137.0,7.825e-08
CDK9,0.54668,0.329,0.954,10138.0,8.893e-05
UBTD2,0.30335,0.123,0.954,10139.0,0.18693
VGLL4,0.36931,0.167,0.954,10140.0,0.072826
KLK8,0.54708,0.329,0.955,10141.0,8.8493e-05
CHRNB3,0.57719,0.362,0.955,10142.0,8.5898e-06
PSMB9,0.48396,0.264,0.955,10143.0,0.0027499
PLEKHA8,0.64428,0.444,0.955,10144.0,2.1757e-09
PAPSS2,0.65754,0.462,0.955,10145.0,1.9748e-10
EFCAB14,0.62016,0.414,0.955,10146.0,7.7776e-08
GALT,0.54732,0.329,0.955,10147.0,8.8234e-05
CYP11B1,0.60071,0.39,0.955,10148.0,8.245e-07
GNPDA2,0.45404,0.236,0.955,10149.0,0.0084836
SLC9A9,0.67391,0.484,0.955,10150.0,5.3311e-12
F2R,0.45423,0.236,0.955,10151.0,0.0084678
ARMCX1,0.36957,0.167,0.955,10152.0,0.072672
NAA16,0.72065,0.549,0.955,10153.0,1.8144e-18
SLC26A3,0.68828,0.504,0.955,10154.0,1.3699e-13
ECHS1,0.50896,0.288,0.956,10155.0,0.00087731
NIFK,0.53008,0.31,0.956,10156.0,0.00027756
RPGRIP1L,0.76685,0.619,0.956,10157.0,4.083000000000001e-31
C15orf40,0.30385,0.123,0.956,10158.0,0.18627
PLCH2,0.72075,0.549,0.956,10159.0,1.8065e-18
TMCC3,0.56376,0.347,0.956,10160.0,2.7391e-05
RGS22,0.76494,0.616,0.956,10161.0,1.6387e-30
NGFRAP1,0.0,0.0,0.956,10162.0,0.62141
SLC25A17,0.56336,0.347,0.956,10163.0,2.7533e-05
SDC1,0.45492,0.237,0.956,10164.0,0.0084118
PAPL,0.64516,0.445,0.957,10165.0,2.1396e-09
TTC24,0.63039,0.426,0.957,10166.0,2.3067e-08
ZNRF2,0.3702,0.168,0.957,10167.0,0.072297
SIRT2,0.62982,0.425,0.957,10168.0,2.3295e-08
ZUFSP,0.64566,0.445,0.957,10169.0,2.1193e-09
CASC1,0.69363,0.51,0.957,10170.0,3.8887e-14
C21orf91,0.50969,0.289,0.957,10171.0,0.00087035
IBA57,0.45516,0.237,0.957,10172.0,0.0083921
BPIFB1,0.63,0.426,0.957,10173.0,2.3224e-08
STX18,0.61211,0.403,0.957,10174.0,2.4881e-07
CDC42EP3,0.30433,0.123,0.957,10175.0,0.18562
HTR3B,0.61233,0.403,0.957,10176.0,2.4797e-07
MOGS,0.6644,0.47,0.957,10177.0,5.8071e-11
PFKFB4,0.6451,0.445,0.957,10178.0,2.1422e-09
EMCN,0.54902,0.33,0.958,10179.0,8.6416e-05
PGM2,0.67627,0.486,0.958,10180.0,5.0352e-12
ZNF540,0.20248,0.071,0.958,10181.0,0.39014
ZNF546,0.67637,0.486,0.958,10182.0,5.0239e-12
WBSCR16,0.50995,0.289,0.958,10183.0,0.00086789
FBLN7,0.5787,0.363,0.958,10184.0,8.4159e-06
NLRP13,0.70663,0.528,0.958,10185.0,9.0301e-16
AC018470.1,0.45549,0.237,0.958,10186.0,0.0083655
CTH,0.6225,0.415,0.959,10187.0,7.482e-08
SLC7A7,0.6031,0.392,0.959,10188.0,7.9543e-07
DBNDD2,0.45623,0.237,0.959,10189.0,0.0083064
GIPC1,0.45616,0.237,0.959,10190.0,0.0083114
DGCR14,0.6134,0.404,0.959,10191.0,2.4382e-07
C19orf67,0.53132,0.311,0.959,10192.0,0.00027363
SH2D1A,0.20282,0.071,0.959,10193.0,0.38935
REN,0.61362,0.404,0.959,10194.0,2.4297e-07
C5orf54,0.56603,0.348,0.96,10195.0,2.6602e-05
CNGA4,0.61384,0.404,0.96,10196.0,2.4213e-07
ZNF431,0.4194,0.206,0.96,10197.0,0.024969
PPP2R3C,0.63979,0.437,0.96,10198.0,6.818e-09
ANO2,0.74277,0.579,0.961,10199.0,1.7081999999999999e-22
ASZ1,0.64101,0.438,0.961,10200.0,6.6692e-09
PARP15,0.64045,0.437,0.961,10201.0,6.7366e-09
VPS33B,0.71213,0.534,0.961,10202.0,2.4065e-16
CTDSPL,0.48684,0.266,0.961,10203.0,0.0026698
DDX11,0.73814,0.572,0.961,10204.0,2.3461e-21
LRRC24,0.51177,0.29,0.961,10205.0,0.00085094
RASL10A,0.30544,0.124,0.961,10206.0,0.18418
RNASET2,0.53283,0.312,0.961,10207.0,0.00026891
TMEM56-RWDD3,0.4572,0.238,0.961,10208.0,0.0082291
KIAA1377,0.72269,0.549,0.962,10209.0,5.2173e-18
LINS,0.61508,0.405,0.962,10210.0,2.3746e-07
MYO1H,0.75444,0.596,0.962,10211.0,2.0646000000000002e-25
C11orf80,0.64853,0.447,0.962,10212.0,2.0062e-09
ZSCAN5A,0.45765,0.238,0.962,10213.0,0.0081938
DIRAS1,0.20339,0.071,0.962,10214.0,0.388
SETD9,0.55145,0.331,0.962,10215.0,8.3912e-05
SEC16B,0.75429,0.596,0.962,10216.0,2.0871000000000003e-25
CCDC114,0.6413,0.438,0.962,10217.0,6.6333e-09
LAMP3,0.5333,0.312,0.962,10218.0,0.00026747
OAT,0.60512,0.393,0.962,10219.0,7.7182e-07
BBS12,0.61615,0.406,0.963,10220.0,2.3352e-07
PPP1R3C,0.48796,0.266,0.963,10221.0,0.0026397
ALOX5AP,0.3729,0.169,0.963,10222.0,0.070729
NT5C1A,0.552,0.332,0.963,10223.0,8.335e-05
SYS1,0.37257,0.169,0.963,10224.0,0.070915
HAUS6,0.71711,0.54,0.963,10225.0,6.4188e-17
BLOC1S1,0.37274,0.169,0.963,10226.0,0.070821
NPIPB4,0.30626,0.124,0.963,10227.0,0.18311
YBX3,0.58186,0.365,0.963,10228.0,8.0641e-06
FNDC7,0.67463,0.481,0.963,10229.0,1.558e-11
SLC35B4,0.56744,0.349,0.963,10230.0,2.6127e-05
ZNF33A,0.64944,0.448,0.963,10231.0,1.9718e-09
GZMK,0.45822,0.238,0.963,10232.0,0.0081495
CDH17,0.69798,0.513,0.963,10233.0,3.4172e-14
LACE1,0.64291,0.439,0.964,10234.0,6.4428e-09
EDN3,0.42122,0.206,0.964,10235.0,0.024568
RPL37,0.30655,0.124,0.964,10236.0,0.18273
BSG,0.56821,0.35,0.964,10237.0,2.5873e-05
CERS5,0.64245,0.439,0.964,10238.0,6.4962e-09
CR1,0.7826,0.639,0.964,10239.0,1.6488000000000002e-35
AUH,0.58223,0.365,0.964,10240.0,8.024e-06
MYBPC2,0.74788,0.585,0.964,10241.0,3.8252e-23
PCSK4,0.68541,0.495,0.964,10242.0,1.3398e-12
SPATA24,0.48864,0.267,0.964,10243.0,0.0026214
SLC35E2B,0.48839,0.266,0.964,10244.0,0.0026282
ZNF75D,0.53402,0.312,0.964,10245.0,0.00026527
ST6GALNAC3,0.53436,0.313,0.964,10246.0,0.00026424
FOXQ1,0.0,0.0,0.965,10247.0,0.61849
LRRCC1,0.73901,0.571,0.965,10248.0,7.2293e-21
PPAP2C,0.514,0.291,0.965,10249.0,0.00083068
PPEF2,0.70374,0.52,0.965,10250.0,9.3684e-15
SFTA3,0.20391,0.071,0.965,10251.0,0.38679
ZCWPW1,0.69533,0.509,0.965,10252.0,1.1227e-13
DUS1L,0.65798,0.458,0.965,10253.0,5.726e-10
COG5,0.73386,0.563,0.965,10254.0,9.7667e-20
KRT35,0.59584,0.381,0.965,10255.0,2.4391e-06
SLC27A2,0.64358,0.439,0.965,10256.0,6.3647e-09
PYGL,0.72168,0.546,0.965,10257.0,1.71e-17
COLEC10,0.48882,0.267,0.965,10258.0,0.0026167
CAPN3,0.73098,0.559,0.965,10259.0,3.5865e-19
SLC35F2,0.53485,0.313,0.965,10260.0,0.00026278
MANBA,0.72803,0.555,0.965,10261.0,1.3066e-18
CD99,0.48897,0.267,0.965,10262.0,0.0026127
PASK,0.74145,0.575,0.965,10263.0,1.9519999999999998e-21
PITHD1,0.45894,0.239,0.965,10264.0,0.0080936
SYCE1,0.62641,0.418,0.965,10265.0,7.0153e-08
CDHR4,0.69169,0.503,0.966,10266.0,3.765e-13
CC2D2B,0.62735,0.419,0.966,10267.0,6.9071e-08
CPN2,0.48941,0.267,0.966,10268.0,0.0026009
MTBP,0.73145,0.56,0.966,10269.0,3.5074e-19
PYROXD1,0.64416,0.44,0.966,10270.0,6.2976e-09
SC5D,0.48967,0.267,0.966,10271.0,0.0025941
RFTN1,0.59625,0.381,0.966,10272.0,2.4248e-06
ASPSCR1,0.68166,0.489,0.966,10273.0,4.4156e-12
TBC1D5,0.72544,0.551,0.966,10274.0,4.6359e-18
HMOX2,0.53511,0.313,0.966,10275.0,0.00026198
JMJD7,0.55378,0.333,0.966,10276.0,8.1582e-05
PPCS,0.45965,0.239,0.966,10277.0,0.0080389
STARD10,0.55364,0.333,0.966,10278.0,8.1718e-05
TRMT61A,0.42206,0.207,0.966,10279.0,0.024387
PDP2,0.55352,0.333,0.966,10280.0,8.1837e-05
SIGLEC9,0.56983,0.351,0.967,10281.0,2.5343e-05
TMPRSS9,0.72302,0.547,0.967,10282.0,1.6181e-17
SLC6A5,0.70508,0.521,0.967,10283.0,8.977e-15
GLB1L,0.69241,0.504,0.967,10284.0,3.6916e-13
AIMP2,0.45985,0.239,0.967,10285.0,0.008024
STEAP2,0.61865,0.408,0.967,10286.0,2.2453e-07
CCDC18,0.78939,0.647,0.967,10287.0,1.9627e-37
CCDC158,0.75852,0.599,0.967,10288.0,1.5547e-25
PANK2,0.60791,0.395,0.967,10289.0,7.4034e-07
SPARCL1,0.65875,0.459,0.967,10290.0,5.6374e-10
MAN2B1,0.74535,0.58,0.967,10291.0,4.7921e-22
FAM212B,0.46036,0.24,0.968,10292.0,0.0079857
H1FOO,0.37482,0.17,0.968,10293.0,0.06964
GUCY2F,0.69749,0.51,0.968,10294.0,1.0552e-13
THADA,0.79664,0.659,0.968,10295.0,4.6208e-41
CXCR3,0.3079,0.125,0.968,10296.0,0.181
MMRN2,0.67221,0.476,0.968,10297.0,4.8869e-11
SEPT1,0.6286,0.42,0.968,10298.0,6.7665e-08
ABCA10,0.78175,0.635,0.968,10299.0,7.6593e-34
MTRF1,0.66696,0.468,0.969,10300.0,1.6199e-10
TNFAIP8,0.20489,0.072,0.969,10301.0,0.38452
KIF12,0.68409,0.491,0.969,10302.0,4.1596e-12
ZNF263,0.66036,0.46,0.969,10303.0,5.4582e-10
NPM3,0.37507,0.17,0.969,10304.0,0.069498
MAD1L1,0.71453,0.534,0.969,10305.0,6.8444e-16
OOSP1,0.20485,0.072,0.969,10306.0,0.3846
AOC1,0.62899,0.42,0.969,10307.0,6.7236e-08
MRGPRF,0.42348,0.208,0.969,10308.0,0.024083
ZFAND2B,0.57145,0.352,0.969,10309.0,2.4827e-05
TM4SF5,0.46117,0.24,0.97,10310.0,0.0079243
RAD54L,0.71144,0.529,0.97,10311.0,2.3634e-15
C3orf17,0.63845,0.431,0.97,10312.0,2.0063e-08
DLX3,0.4913,0.268,0.97,10313.0,0.0025519
C17orf49,0.3754,0.17,0.97,10314.0,0.069318
CD96,0.67945,0.484,0.97,10315.0,1.392e-11
ZNF607,0.59849,0.383,0.97,10316.0,2.3495e-06
LRP2BP,0.5984,0.382,0.97,10317.0,2.3523e-06
HLA-DQA1,0.42412,0.208,0.97,10318.0,0.023947
ELMO3,0.71517,0.534,0.97,10319.0,6.6894e-16
CORO6,0.61016,0.396,0.97,10320.0,7.1605e-07
KIF19,0.72531,0.549,0.97,10321.0,1.4716e-17
PI4K2B,0.62026,0.409,0.97,10322.0,2.1895e-07
F10,0.59856,0.383,0.97,10323.0,2.3473e-06
ZNF569,0.63013,0.421,0.97,10324.0,6.5987e-08
MUC6,0.79622,0.656,0.971,10325.0,2.2123e-39
ASB6,0.51696,0.293,0.971,10326.0,0.00080472
CA5A,0.5564,0.334,0.971,10327.0,7.9051e-05
CABP2,0.49194,0.268,0.971,10328.0,0.0025355
SCML4,0.58635,0.368,0.971,10329.0,7.5932e-06
SLCO1C1,0.68579,0.492,0.972,10330.0,3.9889e-12
SMYD1,0.62171,0.41,0.972,10331.0,2.1406e-07
ITGBL1,0.65518,0.452,0.972,10332.0,1.7671e-09
CENPJ,0.76774,0.611,0.972,10333.0,2.0603000000000002e-27
GBE1,0.69132,0.5,0.972,10334.0,1.1497e-12
NKPD1,0.61131,0.397,0.972,10335.0,7.0389e-07
MRS2,0.64005,0.432,0.972,10336.0,1.9516e-08
PLVAP,0.59994,0.383,0.972,10337.0,2.3021e-06
XPA,0.55683,0.335,0.972,10338.0,7.8652e-05
PFKM,0.73023,0.555,0.972,10339.0,3.7625e-18
RABL3,0.51725,0.293,0.972,10340.0,0.00080229
EHHADH,0.66242,0.461,0.972,10341.0,5.2377e-10
BIN2,0.67567,0.478,0.973,10342.0,4.5252e-11
ZNF599,0.62207,0.41,0.973,10343.0,2.1284e-07
CCDC14,0.70947,0.525,0.973,10344.0,7.7963e-15
NEDD8-MDP1,0.49316,0.269,0.973,10345.0,0.0025047
CHST7,0.37661,0.171,0.973,10346.0,0.068651
CNNM3,0.62241,0.41,0.973,10347.0,2.1173e-07
CARD16,0.20566,0.072,0.973,10348.0,0.38275
TTC39B,0.71382,0.531,0.973,10349.0,2.179e-15
UACA,0.77361,0.619,0.973,10350.0,3.2462e-29
CD300E,0.42535,0.208,0.973,10351.0,0.023692
CCR4,0.37664,0.171,0.973,10352.0,0.06863
SRD5A3,0.53945,0.316,0.973,10353.0,0.00024941
HEXA,0.68106,0.486,0.973,10354.0,1.3405e-11
APBB3,0.66395,0.462,0.974,10355.0,5.0783e-10
GNB5,0.63236,0.422,0.974,10356.0,6.3614e-08
CASP9,0.58845,0.369,0.974,10357.0,7.3826e-06
GSKIP,0.2059,0.072,0.974,10358.0,0.3822
PSTK,0.58828,0.369,0.974,10359.0,7.3998e-06
GPR155,0.718,0.536,0.974,10360.0,6.0431e-16
USP6,0.78989,0.644,0.974,10361.0,2.9469000000000003e-35
KIAA0895,0.63267,0.422,0.974,10362.0,6.3286e-08
TRPV5,0.70652,0.52,0.974,10363.0,2.6365e-14
WDR53,0.49368,0.269,0.974,10364.0,0.0024918
CLGN,0.68298,0.487,0.975,10365.0,1.2813e-11
PZP,0.79204,0.647,0.975,10366.0,6.8173e-36
SLC52A2,0.49424,0.27,0.975,10367.0,0.0024777
ZNF394,0.60179,0.385,0.975,10368.0,2.2429e-06
TTC9,0.37749,0.171,0.975,10369.0,0.06817
SLC35C1,0.42606,0.209,0.975,10370.0,0.023545
NPHP1,0.72937,0.552,0.975,10371.0,1.241e-17
TMC1,0.73573,0.561,0.975,10372.0,9.1808e-19
NUFIP1,0.63302,0.423,0.975,10373.0,6.2929e-08
PAFAH1B3,0.49408,0.27,0.975,10374.0,0.0024816
ERI2,0.66449,0.463,0.975,10375.0,5.0234e-10
UROC1,0.71519,0.532,0.975,10376.0,2.0787e-15
TNNT3,0.62368,0.411,0.975,10377.0,2.0758e-07
SNAPC4,0.77619,0.622,0.976,10378.0,2.6507e-29
SNCB,0.37769,0.171,0.976,10379.0,0.068062
ZNF619,0.57537,0.354,0.976,10380.0,2.3629e-05
GUCA2B,0.20644,0.072,0.976,10381.0,0.38097
ARHGEF10,0.77771,0.624,0.976,10382.0,6.7739e-30
TSTD1,0.2064,0.072,0.976,10383.0,0.38107
EIF2B1,0.55954,0.336,0.976,10384.0,7.615e-05
EXOSC4,0.37777,0.171,0.976,10385.0,0.068017
HIST2H2AB,0.0,0.0,0.976,10386.0,0.61467
ZYG11A,0.68378,0.488,0.976,10387.0,1.2573e-11
GDF2,0.49474,0.27,0.976,10388.0,0.0024656
GPR6,0.3776,0.171,0.976,10389.0,0.068111
CCR2,0.42671,0.209,0.976,10390.0,0.023412
CLDN15,0.42702,0.209,0.977,10391.0,0.023349
DUOXA1,0.55985,0.336,0.977,10392.0,7.5867e-05
KIAA1009,0.77174,0.614,0.977,10393.0,1.5308000000000001e-27
HLA-DMB,0.49485,0.27,0.977,10394.0,0.0024627
RFC2,0.603,0.385,0.977,10395.0,2.2054e-06
CAGE1,0.7041,0.515,0.977,10396.0,8.7071e-14
HRSP12,0.378,0.171,0.977,10397.0,0.067892
RECQL5,0.73408,0.558,0.977,10398.0,3.1723e-18
TIMELESS,0.79055,0.643,0.977,10399.0,9.8476e-35
GPAA1,0.65165,0.445,0.977,10400.0,5.4966e-09
SRBD1,0.74517,0.574,0.977,10401.0,1.6921e-20
ABCB6,0.73714,0.562,0.977,10402.0,8.599900000000001e-19
OR52E8,0.20653,0.072,0.977,10403.0,0.38077
AP000295.9,0.56023,0.337,0.978,10404.0,7.5527e-05
CHRND,0.65215,0.445,0.978,10405.0,5.4466e-09
SEC23B,0.74324,0.571,0.978,10406.0,6.0973e-20
SOD1,0.31088,0.126,0.978,10407.0,0.1773
KLHL26,0.6034,0.386,0.978,10408.0,2.193e-06
RFXAP,0.42738,0.209,0.978,10409.0,0.023275
MASP1,0.68479,0.488,0.978,10410.0,1.2276e-11
SPTLC1,0.67906,0.481,0.978,10411.0,4.1945e-11
CATSPER3,0.56054,0.337,0.978,10412.0,7.5245e-05
SLC22A4,0.64392,0.435,0.978,10413.0,1.8253e-08
DPY30,0.31116,0.126,0.978,10414.0,0.17695
SLC6A13,0.6852,0.489,0.978,10415.0,1.2157e-11
EMID1,0.63537,0.424,0.978,10416.0,6.0551e-08
GRIN3B,0.62536,0.412,0.978,10417.0,2.0223e-07
RSAD1,0.60406,0.386,0.979,10418.0,2.1726e-06
MROH7,0.76163,0.597,0.979,10419.0,4.8111e-24
BEND6,0.52122,0.295,0.979,10420.0,0.00076917
ZNF783,0.60405,0.386,0.979,10421.0,2.1732e-06
FAM3D,0.54245,0.317,0.979,10422.0,0.00024114
SHARPIN,0.5771,0.355,0.979,10423.0,2.312e-05
AGPAT5,0.59163,0.371,0.979,10424.0,7.0782e-06
TRAF3IP2,0.65988,0.455,0.979,10425.0,1.615e-09
PATL2,0.6854,0.489,0.979,10426.0,1.21e-11
IQCH,0.75182,0.583,0.979,10427.0,1.0865e-21
TBX19,0.59129,0.371,0.979,10428.0,7.1102e-06
TMEM174,0.31145,0.126,0.979,10429.0,0.17659
SFTPD,0.5609,0.337,0.979,10430.0,7.4927e-05
CELA1,0.54311,0.318,0.98,10431.0,0.00023937
IGFBP4,0.42847,0.21,0.98,10432.0,0.023057
STK32A,0.62665,0.413,0.98,10433.0,1.9819e-07
CCKBR,0.60513,0.387,0.98,10434.0,2.1404e-06
MROH9,0.72273,0.54,0.98,10435.0,5.0853e-16
CHRNA9,0.59206,0.372,0.98,10436.0,7.0378e-06
SLC14A2,0.73298,0.555,0.98,10437.0,1.0646e-17
TCHH,0.76194,0.598,0.98,10438.0,4.7135e-24
CBLN1,0.3117,0.126,0.98,10439.0,0.17628
ANXA11,0.66779,0.465,0.98,10440.0,4.7001e-10
PCDH12,0.70177,0.51,0.98,10441.0,2.8508e-13
THAP9,0.69665,0.504,0.98,10442.0,9.9922e-13
BBS1,0.69212,0.497,0.981,10443.0,3.4063e-12
GNAT2,0.59296,0.372,0.981,10444.0,6.9544e-06
MAP7D3,0.66879,0.466,0.981,10445.0,4.6062e-10
SIGLEC5,0.60571,0.387,0.981,10446.0,2.1234e-06
SMTNL2,0.54365,0.318,0.981,10447.0,0.00023793
TOM1L1,0.66886,0.466,0.981,10448.0,4.5993e-10
GALNT5,0.70726,0.517,0.981,10449.0,7.9311e-14
EXOC3L4,0.6543,0.447,0.981,10450.0,5.2374e-09
CRYGS,0.42862,0.21,0.981,10451.0,0.023028
GAA,0.73674,0.56,0.981,10452.0,2.8174e-18
KNSTRN,0.60536,0.387,0.981,10453.0,2.1336e-06
RRP7A,0.54351,0.318,0.981,10454.0,0.00023832
CLTCL1,0.80012,0.655,0.982,10455.0,2.5101e-37
PTN,0.46695,0.243,0.982,10456.0,0.0075073
C15orf27,0.6279,0.414,0.982,10457.0,1.9439e-07
CENPU,0.63805,0.426,0.982,10458.0,5.7948e-08
GOLGA6L18,0.0,0.0,0.982,10459.0,0.61278
ABHD5,0.61754,0.401,0.982,10460.0,6.4201e-07
PTGER2,0.4672,0.243,0.982,10461.0,0.0074901
DNAI2,0.69843,0.505,0.982,10462.0,9.5317e-13
NT5C1B,0.66949,0.466,0.982,10463.0,4.541e-10
MTMR7,0.71219,0.524,0.982,10464.0,2.21e-14
TMEM255A,0.49731,0.271,0.982,10465.0,0.0024035
ZNF679,0.31237,0.127,0.982,10466.0,0.17547
SVOPL,0.65486,0.447,0.982,10467.0,5.1844e-09
CCDC7,0.69348,0.498,0.982,10468.0,3.2918e-12
NPHP4,0.78155,0.626,0.983,10469.0,1.7430000000000002e-29
OR9I1,0.20789,0.073,0.983,10470.0,0.37773
ARHGEF5,0.70875,0.519,0.983,10471.0,7.5872e-14
SEPT14,0.59388,0.373,0.983,10472.0,6.8701e-06
LRRFIP2,0.7689,0.606,0.983,10473.0,2.5833000000000004e-25
MTRR,0.71263,0.524,0.983,10474.0,2.1794e-14
SIGLEC5,0.60661,0.388,0.983,10475.0,2.0969e-06
SPINT2,0.52344,0.297,0.983,10476.0,0.00075147
RASL11B,0.46743,0.243,0.983,10477.0,0.0074739
DDX47,0.67682,0.475,0.983,10478.0,1.3136e-10
KLK11,0.5231,0.296,0.983,10479.0,0.00075409
NDUFB8,0.46743,0.243,0.983,10480.0,0.0074738
CYP27B1,0.62872,0.414,0.983,10481.0,1.9194e-07
VSIG1,0.4979,0.272,0.983,10482.0,0.0023894
HLA-DMA,0.49826,0.272,0.983,10483.0,0.002381
MDS2,0.20805,0.073,0.984,10484.0,0.37737
PTPN18,0.66374,0.458,0.984,10485.0,1.5e-09
BPNT1,0.58007,0.357,0.984,10486.0,2.2279e-05
PNLDC1,0.71348,0.525,0.984,10487.0,2.1216e-14
C6orf47,0.3808,0.172,0.984,10488.0,0.066412
DEPDC1B,0.67079,0.467,0.984,10489.0,4.4233e-10
ABHD6,0.57994,0.357,0.984,10490.0,2.2313e-05
GLI4,0.49862,0.272,0.984,10491.0,0.0023726
MUC19,0.7891,0.637,0.984,10492.0,6.2216e-32
ASS1,0.66341,0.458,0.984,10493.0,1.5095e-09
CEBPD,0.0,0.0,0.984,10494.0,0.61219
DTNBP1,0.59424,0.373,0.984,10495.0,6.8375e-06
PRX,0.7133,0.525,0.984,10496.0,2.1337e-14
TEPP,0.54596,0.319,0.985,10497.0,0.0002319
CEP290,0.83664,0.713,0.985,10498.0,1.0549e-60
CCDC183,0.66398,0.458,0.985,10499.0,1.493e-09
EOGT,0.65644,0.448,0.985,10500.0,5.038e-09
NWD1,0.77447,0.613,0.985,10501.0,1.49e-26
TMED3,0.43068,0.211,0.985,10502.0,0.022622
FMOD,0.49926,0.272,0.985,10503.0,0.0023576
ECSIT,0.59506,0.374,0.985,10504.0,6.764e-06
RSPH1,0.60809,0.389,0.985,10505.0,2.054e-06
METTL7B,0.38116,0.173,0.985,10506.0,0.066221
TSPAN6,0.38144,0.173,0.985,10507.0,0.066079
HORMAD2,0.56504,0.34,0.986,10508.0,7.1353e-05
PCDHA7,0.65707,0.449,0.986,10509.0,4.98e-09
MUS81,0.70122,0.507,0.986,10510.0,8.8469e-13
CRYAA,0.31364,0.127,0.986,10511.0,0.17396
SLC2A6,0.59567,0.374,0.986,10512.0,6.7106e-06
GIMAP8,0.56485,0.34,0.986,10513.0,7.1512e-05
OGN,0.52475,0.297,0.986,10514.0,0.00074118
ZNF823,0.20848,0.073,0.986,10515.0,0.3764
CTD-2140B24.4,0.63061,0.415,0.986,10516.0,1.8638e-07
CD300LG,0.52542,0.298,0.987,10517.0,0.00073606
KDELC1,0.65783,0.449,0.987,10518.0,4.9115e-09
DNAAF3,0.64081,0.428,0.987,10519.0,5.5391e-08
PRMT7,0.72001,0.532,0.987,10520.0,5.5036e-15
GORAB,0.59632,0.374,0.987,10521.0,6.6537e-06
CMTM5,0.38201,0.173,0.987,10522.0,0.065782
ANKRD63,0.20885,0.073,0.987,10523.0,0.37559
AIFM3,0.71618,0.527,0.988,10524.0,1.9474e-14
TSPAN32,0.58224,0.358,0.988,10525.0,2.1686e-05
CCNG1,0.52592,0.298,0.988,10526.0,0.00073222
ZNF597,0.38245,0.173,0.988,10527.0,0.065558
PIGG,0.72044,0.533,0.988,10528.0,5.4258e-15
ACTR8,0.72052,0.533,0.988,10529.0,5.4097e-15
NKAIN4,0.46977,0.245,0.988,10530.0,0.0073144
AAAS,0.70734,0.514,0.988,10531.0,2.4356e-13
FAM120AOS,0.43224,0.212,0.989,10532.0,0.022322
SEPSECS,0.65104,0.44,0.989,10533.0,1.6143e-08
TSPAN33,0.56659,0.341,0.989,10534.0,7.0071e-05
CEACAM5,0.67378,0.469,0.989,10535.0,4.1625e-10
SLC31A1,0.38276,0.173,0.989,10536.0,0.065398
MSH4,0.74301,0.564,0.989,10537.0,2.1195e-18
PLEKHJ1,0.38293,0.173,0.989,10538.0,0.065312
IL1RL2,0.68661,0.486,0.989,10539.0,3.537e-11
SAR1B,0.50112,0.273,0.989,10540.0,0.002315
PNLIP,0.65141,0.44,0.989,10541.0,1.604e-08
LGALS9,0.59753,0.375,0.989,10542.0,6.548e-06
COMMD6,0.31499,0.128,0.99,10543.0,0.17236
TXNRD2,0.68746,0.487,0.99,10544.0,3.4688e-11
CHRNE,0.65991,0.451,0.99,10545.0,4.7293e-09
TCTN2,0.71799,0.528,0.99,10546.0,1.8379e-14
PARP2,0.70891,0.516,0.99,10547.0,2.3289e-13
SLC22A6,0.64326,0.429,0.99,10548.0,5.3222e-08
ITGB2,0.72237,0.534,0.99,10549.0,5.0817e-15
PRSS50,0.54857,0.321,0.99,10550.0,0.0002253
CEP95,0.74942,0.573,0.99,10551.0,1.4612000000000002e-19
ARHGEF26,0.71768,0.528,0.99,10552.0,1.8567e-14
CCDC67,0.70408,0.509,0.99,10553.0,8.1904e-13
PKD2L2,0.71313,0.522,0.99,10554.0,6.6526e-14
PKDCC,0.58362,0.359,0.99,10555.0,2.1316e-05
TRIM22,0.58364,0.359,0.99,10556.0,2.1312e-05
CATSPER1,0.69304,0.494,0.99,10557.0,1.008e-11
UBE3D,0.62241,0.404,0.99,10558.0,5.9771e-07
LACTB,0.61092,0.39,0.99,10559.0,1.975e-06
AQP4,0.50215,0.274,0.991,10560.0,0.0022919
RAD18,0.65233,0.441,0.991,10561.0,1.5787e-08
C6orf163,0.52745,0.299,0.991,10562.0,0.00072068
LSM4,0.43333,0.212,0.991,10563.0,0.022117
PPP1R3B,0.3835,0.174,0.991,10564.0,0.065025
CIR1,0.64345,0.43,0.991,10565.0,5.3057e-08
MAPK12,0.62361,0.405,0.991,10566.0,5.8734e-07
GBP2,0.67534,0.47,0.991,10567.0,4.0322e-10
AXDND1,0.77702,0.614,0.991,10568.0,4.3136999999999997e-26
C1QTNF4,0.31505,0.128,0.991,10569.0,0.17229
CD53,0.50196,0.274,0.991,10570.0,0.0022961
IFT80,0.75019,0.574,0.991,10571.0,1.4059000000000002e-19
SCO1,0.54935,0.321,0.991,10572.0,0.00022337
RGN,0.4333,0.212,0.991,10573.0,0.022123
PET112,0.67575,0.47,0.992,10574.0,3.9989e-10
TPPP3,0.20989,0.074,0.992,10575.0,0.37331
CHTF8,0.20992,0.074,0.992,10576.0,0.37324
CD180,0.56863,0.342,0.992,10577.0,6.842e-05
ZNF212,0.61205,0.391,0.992,10578.0,1.9444e-06
DCAKD,0.3838,0.174,0.992,10579.0,0.064871
DCDC2C,0.52797,0.299,0.992,10580.0,0.00071676
NUTM2D,0.20997,0.074,0.992,10581.0,0.37313
TLR4,0.66127,0.452,0.992,10582.0,4.6131e-09
PM20D2,0.56873,0.342,0.992,10583.0,6.8342e-05
MYO3B,0.80531,0.657,0.992,10584.0,2.0329e-36
ZNF264,0.62415,0.405,0.992,10585.0,5.8267e-07
ZNF268,0.71475,0.523,0.992,10586.0,6.3323e-14
C6,0.76258,0.591,0.993,10587.0,5.8646e-22
MUC4,0.83536,0.705,0.993,10588.0,2.7904000000000004e-54
IQUB,0.71992,0.53,0.993,10589.0,1.7274e-14
BFAR,0.65361,0.442,0.993,10590.0,1.5442e-08
WDR34,0.63528,0.419,0.993,10591.0,1.7342e-07
CRAT,0.69558,0.496,0.993,10592.0,9.4796e-12
FBP2,0.5502,0.322,0.993,10593.0,0.00022129
PLEKHB1,0.55019,0.322,0.993,10594.0,0.00022133
SLC15A4,0.6126,0.392,0.993,10595.0,1.9296e-06
KIAA0319,0.75503,0.58,0.993,10596.0,3.3234e-20
PPP1R1A,0.43452,0.213,0.994,10597.0,0.021894
LPCAT2,0.68426,0.48,0.994,10598.0,1.1195e-10
PREPL,0.71161,0.518,0.994,10599.0,2.1551e-13
CPSF3L,0.71657,0.524,0.994,10600.0,5.991e-14
CCDC73,0.74954,0.571,0.994,10601.0,4.7746e-19
GTF2H2C,0.43456,0.213,0.994,10602.0,0.021887
LPXN,0.61338,0.392,0.994,10603.0,1.9089e-06
NADK,0.68389,0.48,0.994,10604.0,1.1284e-10
MMADHC,0.58596,0.36,0.994,10605.0,2.071e-05
SNAP47,0.58605,0.361,0.994,10606.0,2.0687e-05
BRI3BP,0.38478,0.174,0.994,10607.0,0.064384
ISCA1,0.31628,0.128,0.994,10608.0,0.17085
WDFY2,0.65454,0.442,0.994,10609.0,1.5198e-08
CLCN1,0.75546,0.58,0.994,10610.0,3.2501e-20
SLC7A8,0.64579,0.431,0.994,10611.0,5.1068e-08
SEC11A,0.50386,0.275,0.994,10612.0,0.0022542
USE1,0.58595,0.36,0.994,10613.0,2.0712e-05
MARC2,0.551,0.322,0.994,10614.0,0.00021936
BRAT1,0.70766,0.512,0.995,10615.0,7.4316e-13
DAGLB,0.70236,0.504,0.995,10616.0,2.6256e-12
MIS18A,0.47349,0.246,0.995,10617.0,0.0070702
NRM,0.43488,0.213,0.995,10618.0,0.021828
CEP70,0.72558,0.537,0.995,10619.0,4.5554e-15
FAM195A,0.21054,0.074,0.995,10620.0,0.3719
SBSN,0.60128,0.377,0.995,10621.0,6.2352e-06
WIBG,0.43475,0.213,0.995,10622.0,0.021852
CEBPE,0.47339,0.246,0.995,10623.0,0.0070769
FBXO39,0.56999,0.343,0.995,10624.0,6.7347e-05
ZNF879,0.62608,0.407,0.995,10625.0,5.6652e-07
ALDH3B1,0.60117,0.377,0.995,10626.0,6.2437e-06
TMEM194B,0.62604,0.407,0.995,10627.0,5.6685e-07
OSGEPL1,0.56999,0.343,0.995,10628.0,6.7346e-05
CST6,0.21055,0.074,0.995,10629.0,0.37188
GHDC,0.66342,0.453,0.995,10630.0,4.4358e-09
CARD14,0.75327,0.576,0.995,10631.0,1.2051e-19
ASPHD1,0.50443,0.275,0.996,10632.0,0.0022416
CHRNB1,0.64653,0.432,0.996,10633.0,5.0456e-08
WTIP,0.57079,0.343,0.996,10634.0,6.6719e-05
GCSAM,0.38549,0.175,0.996,10635.0,0.06403
DCTN5,0.47379,0.247,0.996,10636.0,0.0070514
CNIH4,0.43551,0.214,0.996,10637.0,0.021712
CRYBB1,0.53017,0.301,0.996,10638.0,0.00070069
CD1D,0.61447,0.393,0.996,10639.0,1.8805e-06
OLFML2A,0.67163,0.463,0.996,10640.0,1.2885e-09
SYDE2,0.74224,0.559,0.997,10641.0,2.3083e-17
KLK5,0.47436,0.247,0.997,10642.0,0.0070149
SAAL1,0.66482,0.454,0.997,10643.0,4.3242e-09
TMCO6,0.67228,0.464,0.997,10644.0,1.2724e-09
TRPT1,0.50539,0.276,0.997,10645.0,0.0022209
AKR1B1,0.58792,0.362,0.997,10646.0,2.0216e-05
ASMTL,0.67236,0.464,0.997,10647.0,1.2704e-09
FBXO2,0.55272,0.323,0.997,10648.0,0.00021527
CCL2,0.0,0.0,0.997,10649.0,0.60786
RFK,0.38585,0.175,0.997,10650.0,0.063854
MMEL1,0.76824,0.597,0.997,10651.0,1.2441e-22
RAB8B,0.53098,0.301,0.997,10652.0,0.00069486
CCDC141,0.80258,0.65,0.997,10653.0,1.5924e-33
R3HCC1L,0.67266,0.464,0.997,10654.0,1.2632e-09
LRRC34,0.62787,0.408,0.998,10655.0,5.5187e-07
HADH,0.5722,0.344,0.998,10656.0,6.5638e-05
CPED1,0.77635,0.609,0.998,10657.0,1.8689e-24
MRPS9,0.67271,0.464,0.998,10658.0,1.262e-09
SYCP2L,0.77141,0.602,0.998,10659.0,3.0126999999999997e-23
TMEM68,0.47476,0.247,0.998,10660.0,0.0069895
STK32B,0.64818,0.433,0.998,10661.0,4.9116e-08
SEPHS2,0.50546,0.276,0.998,10662.0,0.0022195
LIPA,0.62771,0.408,0.998,10663.0,5.532e-07
KIAA1614,0.73182,0.544,0.998,10664.0,1.1531e-15
RNF217,0.58807,0.362,0.998,10665.0,2.0177e-05
CCDC19,0.71911,0.526,0.998,10666.0,5.5417e-14
MED6,0.57175,0.344,0.998,10667.0,6.5981e-05
RPLP1,0.21124,0.074,0.998,10668.0,0.37039
TTC30A,0.62862,0.408,0.999,10669.0,5.4588e-07
DDX51,0.69952,0.499,0.999,10670.0,8.6133e-12
CHAD,0.47497,0.247,0.999,10671.0,0.0069766
TMPRSS11F,0.67369,0.465,0.999,10672.0,1.2382e-09
EXD3,0.73687,0.55,0.999,10673.0,2.9843e-16
TRPM5,0.76742,0.595,0.999,10674.0,4.4415e-22
GJA8,0.50614,0.276,0.999,10675.0,0.002205
CAPN10,0.71026,0.513,0.999,10676.0,6.9206e-13
B3GALNT1,0.50595,0.276,0.999,10677.0,0.002209
USB1,0.53209,0.302,0.999,10678.0,0.000687
TAF1A,0.67382,0.465,0.999,10679.0,1.235e-09
NRAP,0.83478,0.7,0.999,10680.0,3.2576999999999996e-50
RAB34,0.62897,0.409,1.0,10681.0,5.4311e-07
FAM71F2,0.43718,0.214,1.0,10682.0,0.021409
DNAAF1,0.70022,0.499,1.0,10683.0,8.4672e-12
P2RY4,0.31817,0.129,1.0,10684.0,0.1687
DNAJC18,0.64931,0.433,1.0,10685.0,4.8219e-08
SLC10A7,0.58977,0.363,1.0,10686.0,1.9761e-05
OR2A7,0.21161,0.074,1.0,10687.0,0.36959
SLCO4A1,0.68797,0.483,1.0,10688.0,1.0328e-10
GAP43,0.4369,0.214,1.0,10689.0,0.021461
TMEM53,0.43728,0.214,1.0,10690.0,0.021392
ZNF75A,0.50653,0.276,1.0,10691.0,0.0021966
ARL2,0.43714,0.214,1.0,10692.0,0.021417
NAT6,0.3182,0.129,1.0,10693.0,0.16865
ZNF3,0.58948,0.363,1.0,10694.0,1.9833e-05
SPAG7,0.53239,0.302,1.0,10695.0,0.0006849
SPSB2,0.4374,0.214,1.001,10696.0,0.02137
ACOT8,0.60467,0.38,1.001,10697.0,5.9662e-06
ZNF615,0.70066,0.5,1.001,10698.0,8.376e-12
BPGM,0.43772,0.215,1.001,10699.0,0.021313
LY6H,0.31854,0.129,1.001,10700.0,0.16827
SH3BGR,0.50718,0.277,1.001,10701.0,0.0021831
C9orf114,0.66735,0.456,1.001,10702.0,4.1284e-09
SRP19,0.47617,0.248,1.001,10703.0,0.0069014
TYSND1,0.53281,0.302,1.001,10704.0,0.00068197
GSAP,0.77417,0.604,1.001,10705.0,2.5479e-23
PLEKHG6,0.75472,0.575,1.001,10706.0,3.7173000000000005e-19
ZNF804B,0.74869,0.566,1.001,10707.0,5.3504e-18
ACER1,0.50778,0.277,1.002,10708.0,0.0021705
ASAH2C,0.5336,0.302,1.002,10709.0,0.00067646
SLCO6A1,0.69556,0.492,1.002,10710.0,2.8807e-11
SIGIRR,0.60515,0.38,1.002,10711.0,5.9288e-06
FBXW9,0.66792,0.456,1.002,10712.0,4.086e-09
CORO2A,0.68302,0.475,1.002,10713.0,3.4457e-10
CRYBA1,0.57427,0.345,1.002,10714.0,6.4088e-05
CNDP1,0.67602,0.466,1.002,10715.0,1.1834e-09
CXCL10,0.21205,0.074,1.002,10716.0,0.36865
APOOL,0.43817,0.215,1.002,10717.0,0.021234
TC2N,0.67583,0.466,1.002,10718.0,1.1879e-09
RGS20,0.57437,0.345,1.002,10719.0,6.4013e-05
PRSS23,0.59119,0.364,1.003,10720.0,1.9421e-05
C16orf11,0.43858,0.215,1.003,10721.0,0.02116
UBALD2,0.21226,0.074,1.003,10722.0,0.3682
CLMP,0.64165,0.423,1.003,10723.0,1.5718e-07
C2orf16,0.72762,0.535,1.003,10724.0,1.3435e-14
CDRT1,0.72255,0.529,1.003,10725.0,4.9801e-14
SMIM23,0.47725,0.248,1.003,10726.0,0.0068348
CCDC147,0.77292,0.601,1.003,10727.0,9.4345e-23
NKX6-1,0.38822,0.176,1.003,10728.0,0.062705
CAB39L,0.57454,0.345,1.003,10729.0,6.3887e-05
UTP3,0.59139,0.364,1.003,10730.0,1.9374e-05
ZNF235,0.68398,0.476,1.004,10731.0,3.3787e-10
ELTD1,0.69709,0.493,1.004,10732.0,2.78e-11
ATP6V0A4,0.76337,0.586,1.004,10733.0,2.1504e-20
CBLN4,0.31944,0.13,1.004,10734.0,0.16726
CD59,0.0,0.0,1.004,10735.0,0.60568
RXFP2,0.73598,0.547,1.004,10736.0,9.8971e-16
PQLC2,0.5751,0.346,1.004,10737.0,6.3479e-05
FAM118A,0.57554,0.346,1.004,10738.0,6.3156e-05
LIPK,0.61942,0.396,1.004,10739.0,1.7565e-06
C9orf78,0.59208,0.364,1.004,10740.0,1.9212e-05
HIST1H3J,0.0,0.0,1.004,10741.0,0.60556
PIK3R3,0.68427,0.476,1.004,10742.0,3.3583e-10
KLKB1,0.71372,0.516,1.004,10743.0,6.2893e-13
DDX60L,0.82034,0.673,1.005,10744.0,1.0665e-38
C4orf21,0.82699,0.684,1.005,10745.0,2.1633e-42
HHLA2,0.6206,0.397,1.005,10746.0,1.7284e-06
PPA1,0.59226,0.364,1.005,10747.0,1.917e-05
YDJC,0.38891,0.176,1.005,10748.0,0.062374
TMC4,0.71934,0.523,1.005,10749.0,1.7195e-13
COL21A1,0.77974,0.61,1.005,10750.0,5.2336e-24
SLC9B1,0.63239,0.411,1.005,10751.0,5.1677e-07
DPYD,0.77223,0.599,1.005,10752.0,3.3686e-22
P4HTM,0.67018,0.458,1.005,10753.0,3.9204e-09
KBTBD11,0.38895,0.176,1.005,10754.0,0.062354
ZNF416,0.2128,0.075,1.005,10755.0,0.36706
TTC29,0.66194,0.447,1.005,10756.0,1.3375e-08
ZXDC,0.67773,0.467,1.005,10757.0,1.1449e-09
DBH,0.68461,0.477,1.005,10758.0,3.3352e-10
BTC,0.38912,0.176,1.005,10759.0,0.062276
TMPO,0.64275,0.424,1.005,10760.0,1.5453e-07
CDC6,0.6775,0.467,1.005,10761.0,1.1499e-09
RSL1D1,0.63239,0.411,1.005,10762.0,5.1679e-07
C16orf54,0.21289,0.075,1.006,10763.0,0.36686
ACTR5,0.67817,0.468,1.006,10764.0,1.1352e-09
C6orf211,0.63304,0.411,1.006,10765.0,5.119e-07
PPP1R3A,0.73763,0.548,1.006,10766.0,9.3122e-16
C10orf129,0.64327,0.424,1.006,10767.0,1.5331e-07
PALB2,0.75888,0.579,1.006,10768.0,3.0379000000000004e-19
BMF,0.47851,0.249,1.006,10769.0,0.006758
NUDCD1,0.6988,0.495,1.006,10770.0,2.6721e-11
FAM71C,0.31993,0.13,1.006,10771.0,0.16671
CCBE1,0.64334,0.424,1.006,10772.0,1.5315e-07
AIM1,0.80864,0.654,1.006,10773.0,3.5143e-33
DIS3,0.77053,0.596,1.006,10774.0,1.2693999999999998e-21
TMEM209,0.71509,0.517,1.006,10775.0,6.0536e-13
PLA2G4C,0.72017,0.524,1.006,10776.0,1.6781e-13
FAM175A,0.63365,0.412,1.007,10777.0,5.0739e-07
ADCK3,0.69284,0.486,1.007,10778.0,9.2856e-11
C20orf196,0.32028,0.13,1.007,10779.0,0.16633
BLZF1,0.63346,0.411,1.007,10780.0,5.0879e-07
FKBP3,0.53598,0.304,1.007,10781.0,0.00066025
TTC22,0.62139,0.397,1.007,10782.0,1.7098e-06
ESR2,0.65421,0.437,1.007,10783.0,4.4516e-08
ZNF614,0.64418,0.424,1.007,10784.0,1.5117e-07
ZPLD1,0.65426,0.437,1.007,10785.0,4.448e-08
HACL1,0.70524,0.503,1.007,10786.0,7.4827e-12
NKIRAS2,0.4791,0.249,1.007,10787.0,0.0067229
GEMIN4,0.71603,0.518,1.007,10788.0,5.8966e-13
C16orf80,0.51074,0.279,1.008,10789.0,0.00211
MEIS3,0.67194,0.459,1.008,10790.0,3.7957e-09
BSCL2,0.67988,0.469,1.008,10791.0,1.0981e-09
TPD52L2,0.55864,0.327,1.008,10792.0,0.00020188
FGL2,0.5779,0.347,1.008,10793.0,6.1472e-05
RASSF2,0.63378,0.412,1.008,10794.0,5.0648e-07
LAMB4,0.83001,0.686,1.008,10795.0,1.614e-42
ECE2,0.7719,0.597,1.008,10796.0,1.1756e-21
KCTD12,0.39036,0.177,1.008,10797.0,0.061693
MTFMT,0.64471,0.425,1.008,10798.0,1.4994e-07
KCNN4,0.63431,0.412,1.008,10799.0,5.0256e-07
MRPL33,0.21354,0.075,1.009,10800.0,0.3655
EMC1,0.78902,0.622,1.009,10801.0,6.7281e-26
PTF1A,0.32089,0.13,1.009,10802.0,0.16565
SCEL,0.7695,0.593,1.009,10803.0,4.5807e-21
GSG2,0.63479,0.412,1.009,10804.0,4.9913e-07
HARBI1,0.53791,0.305,1.01,10805.0,0.00064751
CREB3,0.59523,0.366,1.01,10806.0,1.8489e-05
CX3CR1,0.39105,0.177,1.01,10807.0,0.061371
NHLRC3,0.59528,0.366,1.01,10808.0,1.8477e-05
PWP1,0.71305,0.512,1.01,10809.0,1.9862e-12
RPS20,0.44131,0.216,1.01,10810.0,0.020686
F11R,0.59524,0.366,1.01,10811.0,1.8487e-05
LEPREL2,0.70731,0.504,1.01,10812.0,7.1076e-12
SYTL2,0.77086,0.594,1.01,10813.0,4.257199999999999e-21
SLC45A2,0.6234,0.398,1.01,10814.0,1.6634e-06
NEIL1,0.63516,0.413,1.01,10815.0,4.9641e-07
MSX1,0.32133,0.13,1.01,10816.0,0.16517
NBN,0.74489,0.556,1.01,10817.0,2.1838e-16
SELL,0.63519,0.413,1.01,10818.0,4.9624e-07
POMGNT2,0.61018,0.383,1.01,10819.0,5.5559e-06
CRIP3,0.53777,0.305,1.01,10820.0,0.00064839
FXYD5,0.51189,0.279,1.01,10821.0,0.0020871
AHNAK2,0.53784,0.305,1.01,10822.0,0.00064799
G6PC,0.5956,0.366,1.01,10823.0,1.8404e-05
COQ9,0.61061,0.383,1.011,10824.0,5.5253e-06
RP11-514O12.4,0.53832,0.305,1.011,10825.0,0.00064483
MAN2B2,0.7791,0.606,1.011,10826.0,6.557e-23
CYP51A1,0.64661,0.426,1.011,10827.0,1.4563e-07
RPL36A-HNRNPH2,0.21414,0.075,1.011,10828.0,0.36425
CTSH,0.66577,0.45,1.011,10829.0,1.2518e-08
CACNA2D4,0.81561,0.662,1.011,10830.0,1.4894e-34
CTC-534A2.2,0.44177,0.217,1.011,10831.0,0.020609
ARHGAP19-SLIT1,0.70802,0.505,1.011,10832.0,6.9829e-12
ATP8B3,0.79291,0.627,1.011,10833.0,1.4666e-26
SNRNP27,0.56061,0.328,1.012,10834.0,0.00019763
UNC50,0.56066,0.328,1.012,10835.0,0.00019753
GHSR,0.48147,0.251,1.012,10836.0,0.0065825
POTEF,0.61164,0.384,1.012,10837.0,5.4522e-06
STAC,0.64757,0.427,1.012,10838.0,1.435e-07
LOXHD1,0.79182,0.624,1.012,10839.0,5.5941e-26
POLR1D,0.21446,0.075,1.013,10840.0,0.36357
DNTT,0.69046,0.481,1.013,10841.0,2.9548e-10
LIMD2,0.32238,0.131,1.013,10842.0,0.16402
TRIM5,0.58049,0.349,1.013,10843.0,5.9675e-05
COL6A6,0.8393,0.698,1.013,10844.0,8.4528e-46
GSTM1,0.51306,0.28,1.013,10845.0,0.0020641
GALNS,0.69036,0.481,1.013,10846.0,2.9611e-10
SLC7A2,0.7044,0.499,1.014,10847.0,2.3434e-11
UBQLN3,0.5976,0.368,1.014,10848.0,1.7965e-05
SCN10A,0.82473,0.674,1.014,10849.0,9.945699999999999e-38
TMPRSS4,0.66794,0.451,1.014,10850.0,1.2055e-08
SLC9A8,0.69112,0.481,1.014,10851.0,2.9146e-10
SFI1,0.83672,0.693,1.014,10852.0,5.936899999999999e-44
FAM161A,0.72117,0.521,1.014,10853.0,5.1034e-13
RP11-758M4.1,0.323,0.131,1.015,10854.0,0.16336
HMCN2,0.71669,0.515,1.015,10855.0,1.8027e-12
EPB41L4A,0.77441,0.597,1.015,10856.0,3.5133e-21
PEX13,0.58155,0.35,1.015,10857.0,5.8959e-05
PMS1,0.75531,0.569,1.015,10858.0,1.3178e-17
SOSTDC1,0.32301,0.131,1.015,10859.0,0.16334
EFCAB3,0.67666,0.462,1.015,10860.0,3.4807e-09
ZNF286B,0.61329,0.385,1.015,10861.0,5.3381e-06
TRMT61B,0.65915,0.44,1.015,10862.0,4.107e-08
RIMKLA,0.54054,0.306,1.015,10863.0,0.00063057
TLR10,0.67669,0.462,1.015,10864.0,3.4787e-09
ZNF302,0.5625,0.329,1.015,10865.0,0.00019368
ZNF441,0.21503,0.075,1.015,10866.0,0.3624
ABT1,0.44362,0.217,1.015,10867.0,0.020296
C2orf82,0.0,0.0,1.016,10868.0,0.60161
MED27,0.59874,0.368,1.016,10869.0,1.7718e-05
TRDN,0.77804,0.601,1.016,10870.0,8.3569999999999995e-22
ANXA4,0.6689,0.452,1.016,10871.0,1.1858e-08
C1orf198,0.54072,0.307,1.016,10872.0,0.00062943
INHA,0.48338,0.252,1.016,10873.0,0.0064728
EDN2,0.39334,0.178,1.016,10874.0,0.060323
BHLHB9,0.4439,0.218,1.016,10875.0,0.02025
PARD6A,0.48339,0.252,1.016,10876.0,0.0064719
DBR1,0.66925,0.452,1.016,10877.0,1.1785e-08
C7orf31,0.69929,0.491,1.016,10878.0,8.0549e-11
KRT75,0.66014,0.441,1.016,10879.0,4.041e-08
RP11-155D18.14,0.32323,0.131,1.016,10880.0,0.16311
HYAL1,0.56374,0.33,1.017,10881.0,0.00019112
KIAA0101,0.32355,0.131,1.017,10882.0,0.16276
APOBEC3H,0.51535,0.281,1.017,10883.0,0.00202
ENTPD4,0.74958,0.56,1.017,10884.0,1.8146e-16
TM2D2,0.48386,0.252,1.017,10885.0,0.0064454
TM7SF2,0.65078,0.429,1.017,10886.0,1.366e-07
NLRP7,0.74971,0.56,1.017,10887.0,1.8058e-16
BOK,0.32353,0.131,1.017,10888.0,0.16279
CORO7,0.79309,0.624,1.017,10889.0,1.8292000000000002e-25
HLA-C,0.62766,0.401,1.017,10890.0,1.5695e-06
PGP,0.32368,0.131,1.017,10891.0,0.16263
TCHP,0.74975,0.56,1.017,10892.0,1.8026e-16
MICU3,0.6779,0.463,1.017,10893.0,3.4019e-09
SEPN1,0.68577,0.473,1.017,10894.0,9.7863e-10
C4orf47,0.54199,0.307,1.018,10895.0,0.00062148
NFATC2IP,0.60015,0.369,1.018,10896.0,1.742e-05
ZMAT3,0.56413,0.33,1.018,10897.0,0.00019034
RALB,0.44501,0.218,1.018,10898.0,0.020067
CNGB3,0.76453,0.581,1.018,10899.0,7.772300000000001e-19
HP,0.60044,0.369,1.018,10900.0,1.736e-05
CEP78,0.71299,0.508,1.018,10901.0,6.1656e-12
TRMT2B,0.64052,0.416,1.018,10902.0,4.5938e-07
SSH3,0.73394,0.537,1.018,10903.0,3.4726e-14
RP11-796G6.2,0.2156,0.076,1.018,10904.0,0.36123
TEX40,0.44507,0.218,1.018,10905.0,0.020057
SYT12,0.60023,0.369,1.018,10906.0,1.7402e-05
ZNF461,0.66143,0.442,1.018,10907.0,3.9571e-08
WBP4,0.66112,0.441,1.018,10908.0,3.9769e-08
PDE6D,0.48426,0.252,1.018,10909.0,0.006423
ARHGEF16,0.72402,0.523,1.018,10910.0,4.7056e-13
ZNF771,0.39424,0.179,1.018,10911.0,0.05992
CSAD,0.71355,0.509,1.019,10912.0,6.0781e-12
CAMLG,0.5425,0.308,1.019,10913.0,0.00061836
CAPN8,0.72995,0.531,1.019,10914.0,1.2513e-13
APOBEC3F,0.65174,0.429,1.019,10915.0,1.346e-07
FUNDC2,0.39446,0.179,1.019,10916.0,0.059823
HPS3,0.7777,0.599,1.019,10917.0,2.9432999999999997e-21
WBSCR27,0.39458,0.179,1.019,10918.0,0.059768
CCDC57,0.74721,0.555,1.019,10919.0,6.5038e-16
TM9SF1,0.74311,0.55,1.019,10920.0,2.4599e-15
RHOJ,0.48464,0.252,1.019,10921.0,0.0064012
FAM110A,0.21576,0.076,1.019,10922.0,0.36091
SLC35B1,0.60072,0.37,1.019,10923.0,1.7301e-05
HOXB4,0.39456,0.179,1.019,10924.0,0.059777
PODN,0.68692,0.474,1.019,10925.0,9.5675e-10
C3orf38,0.54332,0.308,1.02,10926.0,0.00061331
CMTM8,0.39492,0.179,1.02,10927.0,0.059614
AIF1L,0.48513,0.253,1.02,10928.0,0.0063739
ZCCHC10,0.3948,0.179,1.02,10929.0,0.059669
VKORC1,0.32462,0.132,1.02,10930.0,0.16163
COG6,0.74782,0.556,1.02,10931.0,6.3567e-16
JUN,0.39491,0.179,1.02,10932.0,0.05962
MATN4,0.67162,0.454,1.02,10933.0,1.1311e-08
GPALPP1,0.6011,0.37,1.02,10934.0,1.7222e-05
NPY5R,0.48523,0.253,1.02,10935.0,0.0063686
SNAPC3,0.64125,0.417,1.02,10936.0,4.5455e-07
TREH,0.73968,0.544,1.02,10937.0,8.9579e-15
MAP3K19,0.78362,0.608,1.02,10938.0,1.7573999999999998e-22
CALB2,0.6413,0.417,1.02,10939.0,4.5423e-07
CREB3L4,0.61624,0.387,1.02,10940.0,5.1401e-06
PCDHAC1,0.70209,0.493,1.02,10941.0,7.5673e-11
COA7,0.39476,0.179,1.02,10942.0,0.059686
HAUS8,0.62998,0.403,1.021,10943.0,1.5207e-06
CDK7,0.64237,0.417,1.021,10944.0,4.4725e-07
DYNLRB1,0.32477,0.132,1.021,10945.0,0.16147
ZWILCH,0.73139,0.532,1.021,10946.0,1.198e-13
EARS2,0.67199,0.454,1.021,10947.0,1.1238e-08
TSPAN17,0.63045,0.403,1.021,10948.0,1.511e-06
FGA,0.73069,0.531,1.021,10949.0,1.2236e-13
RGAG4,0.56613,0.331,1.021,10950.0,0.00018633
STAP1,0.60221,0.371,1.021,10951.0,1.6993e-05
EGR4,0.48559,0.253,1.021,10952.0,0.0063486
NOMO1,0.77073,0.588,1.022,10953.0,1.7020000000000002e-19
BCAT1,0.66393,0.443,1.022,10954.0,3.7984e-08
SYCE3,0.0,0.0,1.022,10955.0,0.5999
SLC22A11,0.65403,0.431,1.022,10956.0,1.2995e-07
RP11-47I22.4,0.39557,0.179,1.022,10957.0,0.059327
SMPD4,0.7706,0.588,1.022,10958.0,1.7125e-19
GEMIN2,0.63099,0.403,1.022,10959.0,1.4999e-06
GYLTL1B,0.72103,0.518,1.022,10960.0,1.6044e-12
MARVELD1,0.21641,0.076,1.022,10961.0,0.35958
HTR5A,0.48664,0.253,1.023,10962.0,0.0062906
CCDC34,0.6182,0.388,1.023,10963.0,5.013e-06
GABRE,0.56713,0.332,1.023,10964.0,0.00018436
STX7,0.61797,0.388,1.023,10965.0,5.0273e-06
METTL1,0.51847,0.283,1.023,10966.0,0.001962
ERMARD,0.75033,0.558,1.023,10967.0,5.7789e-16
MRPS18B,0.58608,0.352,1.023,10968.0,5.6012e-05
NBL1,0.39628,0.179,1.023,10969.0,0.059018
SLC30A7,0.64343,0.418,1.023,10970.0,4.4049e-07
MYL10,0.48718,0.254,1.024,10971.0,0.0062611
FANCI,0.82993,0.677,1.024,10972.0,8.9116e-37
SPHK2,0.65501,0.432,1.024,10973.0,1.28e-07
TREM1,0.48688,0.253,1.024,10974.0,0.0062776
ERAL1,0.68276,0.466,1.024,10975.0,3.1095e-09
CD34,0.61859,0.388,1.024,10976.0,4.9881e-06
CCDC86,0.6039,0.372,1.024,10977.0,1.6652e-05
THNSL2,0.63184,0.404,1.024,10978.0,1.4828e-06
VSIG10L,0.67396,0.455,1.024,10979.0,1.086e-08
CEBPB,0.21714,0.076,1.025,10980.0,0.35809
ATP10B,0.81504,0.653,1.025,10981.0,1.4073000000000001e-30
ELP3,0.73835,0.54,1.025,10982.0,3.0115e-14
HDGFL1,0.39705,0.18,1.025,10983.0,0.058681
ENPP3,0.79001,0.614,1.025,10984.0,3.468e-23
PLCZ1,0.72348,0.52,1.025,10985.0,1.5016e-12
TAF1B,0.74305,0.547,1.025,10986.0,7.9823e-15
ARTN,0.21723,0.076,1.025,10987.0,0.35793
TBCA,0.32613,0.132,1.025,10988.0,0.16004
PPAPDC1A,0.56794,0.332,1.025,10989.0,0.0001828
SEP15,0.39691,0.18,1.025,10990.0,0.058745
PIGN,0.78236,0.603,1.025,10991.0,2.2899999999999997e-21
TRMT10B,0.61952,0.389,1.025,10992.0,4.9293e-06
DCHS2,0.8502,0.708,1.025,10993.0,7.4152e-47
ALKBH1,0.62005,0.389,1.026,10994.0,4.8961e-06
PPP1R11,0.21729,0.076,1.026,10995.0,0.35781
CDR2,0.64511,0.419,1.026,10996.0,4.299e-07
CRIP2,0.56887,0.333,1.026,10997.0,0.00018101
PSMA8,0.58778,0.353,1.026,10998.0,5.4953e-05
GFAP,0.63298,0.405,1.026,10999.0,1.4601e-06
VAX2,0.32635,0.132,1.026,11000.0,0.15981
LILRA3,0.63325,0.405,1.026,11001.0,1.4548e-06
EML2,0.77086,0.586,1.026,11002.0,5.763300000000001e-19
SH2D3A,0.6666,0.445,1.026,11003.0,3.6368e-08
SPPL2C,0.5684,0.333,1.026,11004.0,0.00018192
CRB3,0.21727,0.076,1.026,11005.0,0.35784
ABCC6,0.82767,0.671,1.026,11006.0,5.6167e-35
UBIAD1,0.44836,0.22,1.026,11007.0,0.019529
NAA20,0.48827,0.254,1.026,11008.0,0.0062021
SLC50A1,0.52047,0.284,1.027,11009.0,0.0019259
GNAT3,0.60544,0.372,1.027,11010.0,1.6347e-05
C2,0.75701,0.565,1.027,11011.0,1.3494e-16
DNAJB2,0.58861,0.354,1.027,11012.0,5.444e-05
PON2,0.58876,0.354,1.027,11013.0,5.4352e-05
ANKDD1B,0.63399,0.405,1.027,11014.0,1.4401e-06
CCDC125,0.6924,0.478,1.027,11015.0,8.5885e-10
ZNF485,0.58828,0.354,1.027,11016.0,5.4641e-05
EPS8L1,0.74876,0.554,1.027,11017.0,2.0053e-15
AGXT,0.65744,0.433,1.028,11018.0,1.2332e-07
LMO2,0.32729,0.133,1.028,11019.0,0.15884
LIN28A,0.44938,0.22,1.028,11020.0,0.019369
C17orf80,0.65762,0.433,1.028,11021.0,1.2297e-07
ELP4,0.65773,0.433,1.028,11022.0,1.2277e-07
C12orf49,0.48901,0.255,1.028,11023.0,0.0061628
RP11-216L13.17,0.48877,0.254,1.028,11024.0,0.0061755
SECISBP2,0.76848,0.581,1.028,11025.0,2.1874e-18
ZNF420,0.71416,0.506,1.028,11026.0,1.8575e-11
PPL,0.84482,0.698,1.028,11027.0,1.5145e-42
SEMG1,0.2177,0.076,1.028,11028.0,0.35697
CEND1,0.0,0.0,1.029,11029.0,0.59751
ERN2,0.7953,0.62,1.029,11030.0,7.1766e-24
CNRIP1,0.32739,0.133,1.029,11031.0,0.15874
TTLL8,0.74598,0.549,1.029,11032.0,7.2171e-15
MYH8,0.86014,0.722,1.029,11033.0,2.0456e-51
TMEM87B,0.73198,0.529,1.029,11034.0,3.741e-13
ANKRD45,0.54865,0.311,1.03,11035.0,0.00058172
TWSG1,0.48996,0.255,1.03,11036.0,0.0061123
DZIP1,0.77997,0.597,1.03,11037.0,3.1283e-20
CD5,0.70225,0.489,1.03,11038.0,2.3074e-10
TMEM38A,0.54848,0.311,1.03,11039.0,0.00058271
ZCWPW2,0.63558,0.406,1.03,11040.0,1.4095e-06
CLCA4,0.74702,0.55,1.03,11041.0,6.9601e-15
NDUFS3,0.54841,0.311,1.03,11042.0,0.00058312
ANXA1,0.65917,0.434,1.03,11043.0,1.2009e-07
CACNG5,0.48988,0.255,1.03,11044.0,0.0061164
FAIM3,0.60707,0.374,1.03,11045.0,1.6032e-05
POLR3C,0.721,0.514,1.03,11046.0,5.0277e-12
ADAM7,0.778,0.593,1.031,11047.0,1.1927000000000002e-19
GBP5,0.69528,0.48,1.031,11048.0,8.112e-10
COASY,0.69541,0.48,1.031,11049.0,8.0903e-10
G6PC3,0.62297,0.391,1.031,11050.0,4.7177e-06
STEAP4,0.65944,0.435,1.031,11051.0,1.1959e-07
MED16,0.74296,0.544,1.031,11052.0,2.5908e-14
HMGN3,0.39914,0.181,1.031,11053.0,0.057786
SDCBP,0.54872,0.311,1.031,11054.0,0.00058136
TMEM86A,0.45059,0.221,1.031,11055.0,0.019183
FKBP6,0.63632,0.407,1.031,11056.0,1.3955e-06
HAGH,0.57123,0.334,1.031,11057.0,0.00017657
EXTL2,0.57149,0.334,1.031,11058.0,0.00017608
IFI16,0.71592,0.507,1.031,11059.0,1.7803e-11
PBX4,0.59167,0.356,1.032,11060.0,5.2605e-05
MST1,0.7748,0.589,1.032,11061.0,4.7831e-19
SECTM1,0.39958,0.181,1.032,11062.0,0.057603
ZNF564,0.21865,0.077,1.032,11063.0,0.35507
BCKDHA,0.67972,0.459,1.032,11064.0,9.8243e-09
NOXA1,0.68828,0.47,1.032,11065.0,2.8065e-09
ALX3,0.45102,0.221,1.032,11066.0,0.019117
MKNK1,0.69568,0.48,1.032,11067.0,8.0483e-10
AOC3,0.71048,0.499,1.032,11068.0,6.267e-11
CEACAM16,0.60852,0.374,1.032,11069.0,1.5758e-05
SUGCT,0.68809,0.47,1.032,11070.0,2.8168e-09
RAB44,0.52294,0.285,1.032,11071.0,0.0018825
THG1L,0.5913,0.355,1.032,11072.0,5.2821e-05
HIST1H2AC,0.0,0.0,1.033,11073.0,0.5964
ALG12,0.66055,0.435,1.033,11074.0,1.1758e-07
PLBD2,0.71729,0.508,1.033,11075.0,1.7226e-11
RTP4,0.0,0.0,1.033,11076.0,0.59616
GCNT6,0.45156,0.221,1.033,11077.0,0.019034
HEMK1,0.67096,0.448,1.033,11078.0,3.3864e-08
ADPRHL2,0.54981,0.312,1.033,11079.0,0.00057514
KIAA1755,0.76515,0.574,1.033,11080.0,2.8893e-17
S1PR5,0.32897,0.133,1.034,11081.0,0.15713
GPR156,0.73018,0.524,1.034,11082.0,1.25e-12
TRIM6-TRIM34,0.77702,0.59,1.034,11083.0,4.3078000000000004e-19
PRIM2,0.6614,0.436,1.034,11084.0,1.1605e-07
SLC22A3,0.69743,0.481,1.034,11085.0,7.7723e-10
IFITM10,0.32896,0.133,1.034,11086.0,0.15714
UBAP1L,0.49209,0.256,1.034,11087.0,0.0060011
ADCY10,0.84637,0.696,1.034,11088.0,7.383400000000001e-41
CYP4V2,0.70455,0.491,1.034,11089.0,2.1975e-10
APOE,0.52375,0.286,1.034,11090.0,0.0018685
TMC3,0.79189,0.612,1.034,11091.0,3.8941e-22
GOLM1,0.68094,0.46,1.034,11092.0,9.6171e-09
LRRC14,0.57319,0.335,1.034,11093.0,0.00017297
NOP9,0.71787,0.508,1.034,11094.0,1.6985e-11
AREGB,0.21916,0.077,1.034,11095.0,0.35407
IL31RA,0.75863,0.564,1.034,11096.0,4.204e-16
KLK6,0.49202,0.256,1.034,11097.0,0.0060052
ABCA13,0.91534,0.811,1.035,11098.0,8.7753e-114
AGBL3,0.75878,0.564,1.035,11099.0,4.1796e-16
MIPEP,0.75516,0.559,1.035,11100.0,1.5876e-15
GOLGA7B,0.49231,0.256,1.035,11101.0,0.00599
NKX2-6,0.45255,0.222,1.035,11102.0,0.018885
PFKL,0.76674,0.575,1.035,11103.0,2.702e-17
POLR3H,0.49239,0.256,1.035,11104.0,0.0059858
BAIAP3,0.82673,0.665,1.035,11105.0,4.3826e-32
DCK,0.61018,0.375,1.035,11106.0,1.545e-05
SLC25A40,0.65129,0.423,1.035,11107.0,3.9328e-07
CTSC,0.66227,0.436,1.035,11108.0,1.1451e-07
UFM1,0.32955,0.134,1.035,11109.0,0.15655
TTC33,0.55083,0.312,1.035,11110.0,0.00056941
ATHL1,0.7465,0.546,1.036,11111.0,2.3064e-14
LRRC37A2,0.66259,0.437,1.036,11112.0,1.1396e-07
ZNF562,0.40123,0.182,1.036,11113.0,0.056912
DIMT1,0.6517,0.423,1.036,11114.0,3.9098e-07
RPL22,0.3299,0.134,1.036,11115.0,0.15619
RBM45,0.70638,0.492,1.036,11116.0,2.1132e-10
ELOVL3,0.45285,0.222,1.036,11117.0,0.01884
TSSK3,0.40099,0.182,1.036,11118.0,0.057013
ARSJ,0.66303,0.437,1.037,11119.0,1.1319e-07
SLC25A53,0.40142,0.182,1.037,11120.0,0.056834
SEMA3G,0.77234,0.582,1.037,11121.0,6.2569e-18
PSMD5,0.67366,0.45,1.037,11122.0,3.2398e-08
TRIM34,0.63986,0.409,1.037,11123.0,1.3303e-06
ARL13B,0.69124,0.472,1.037,11124.0,2.6559e-09
AAGAB,0.65248,0.424,1.037,11125.0,3.8664e-07
CD99L2,0.57474,0.336,1.037,11126.0,0.00017021
CD2BP2,0.61158,0.376,1.037,11127.0,1.5195e-05
BFSP2,0.67413,0.45,1.038,11128.0,3.2152e-08
VRK2,0.72116,0.51,1.038,11129.0,1.5681e-11
TMEM62,0.72072,0.51,1.038,11130.0,1.5846e-11
COL28A1,0.82913,0.667,1.038,11131.0,3.6797e-32
TMCO5A,0.62694,0.394,1.038,11132.0,4.4861e-06
C7orf61,0.45392,0.223,1.038,11133.0,0.018681
SLC5A10,0.74417,0.541,1.039,11134.0,8.0689e-14
GFM2,0.77687,0.588,1.039,11135.0,1.4922e-18
P2RY10,0.33068,0.134,1.039,11136.0,0.15542
ISLR,0.45417,0.223,1.039,11137.0,0.018643
IL10,0.49433,0.257,1.039,11138.0,0.0058874
MRPL1,0.62766,0.394,1.039,11139.0,4.4456e-06
UQCC1,0.67446,0.45,1.039,11140.0,3.1978e-08
UQCC2,0.45406,0.223,1.039,11141.0,0.01866
ZYX,0.70825,0.493,1.039,11142.0,2.0307e-10
ALOX12,0.75782,0.56,1.039,11143.0,1.4397e-15
SGK494,0.70073,0.483,1.039,11144.0,7.2766e-10
TDO2,0.70809,0.493,1.039,11145.0,2.0378e-10
TRPM8,0.82117,0.653,1.039,11146.0,4.5964000000000003e-29
PLTP,0.68475,0.463,1.04,11147.0,8.9961e-09
FAM114A2,0.70103,0.484,1.04,11148.0,7.2335e-10
SI,0.8802,0.747,1.04,11149.0,3.9353e-60
PUS10,0.74493,0.542,1.04,11150.0,7.8796e-14
CDCA2,0.7225,0.511,1.04,11151.0,1.5175e-11
ABI3,0.59607,0.358,1.04,11152.0,5.0089e-05
RTKN2,0.75398,0.555,1.04,11153.0,5.4633e-15
HADHB,0.72248,0.511,1.04,11154.0,1.5183e-11
NIPA1,0.49468,0.258,1.04,11155.0,0.0058703
TCTN3,0.72839,0.519,1.04,11156.0,4.1528e-12
MYO3A,0.85918,0.713,1.04,11157.0,1.8056e-45
DCAF12L2,0.49466,0.258,1.04,11158.0,0.0058713
IL7R,0.65436,0.425,1.04,11159.0,3.763e-07
ZNF23,0.6659,0.439,1.041,11160.0,1.0831e-07
TUBB6,0.57688,0.338,1.041,11161.0,0.00016645
DDX20,0.74541,0.542,1.041,11162.0,7.7601e-14
FIBP,0.62874,0.395,1.041,11163.0,4.3854e-06
VNN1,0.62871,0.395,1.041,11164.0,4.3868e-06
DRC1,0.78539,0.599,1.041,11165.0,8.3157e-20
LHFPL2,0.40295,0.183,1.041,11166.0,0.056209
FBXW12,0.7021,0.484,1.041,11167.0,7.0808e-10
ZNF567,0.66585,0.439,1.041,11168.0,1.084e-07
DTD1,0.52752,0.288,1.041,11169.0,0.0018054
C1orf127,0.7232,0.512,1.041,11170.0,1.4917e-11
MYH4,0.8757,0.739,1.041,11171.0,1.0355e-55
NDNL2,0.40294,0.183,1.041,11172.0,0.056212
LYAR,0.65445,0.425,1.041,11173.0,3.758e-07
ZMYM5,0.57677,0.338,1.041,11174.0,0.00016664
CD37,0.62868,0.395,1.041,11175.0,4.3887e-06
INADL,0.8695,0.728,1.042,11176.0,1.1917e-50
MKS1,0.76431,0.568,1.042,11177.0,3.3768e-16
LRRC48,0.69442,0.474,1.042,11178.0,2.5027e-09
ZNF713,0.62945,0.395,1.042,11179.0,4.3462e-06
CCDC181,0.71011,0.494,1.042,11180.0,1.9512e-10
POMGNT1,0.78941,0.604,1.042,11181.0,1.9454e-20
FANCC,0.74194,0.536,1.043,11182.0,2.7921e-13
BIRC5,0.40382,0.183,1.043,11183.0,0.055854
C16orf86,0.49599,0.258,1.043,11184.0,0.0058052
MTX3,0.57787,0.338,1.043,11185.0,0.00016475
TOM1,0.72423,0.513,1.043,11186.0,1.4544e-11
GTF2H3,0.67752,0.452,1.043,11187.0,3.0414e-08
INS-IGF2,0.40393,0.183,1.043,11188.0,0.055811
LGALSL,0.45589,0.224,1.043,11189.0,0.018392
CCR6,0.49637,0.258,1.043,11190.0,0.0057867
TRIM31,0.62984,0.395,1.043,11191.0,4.3248e-06
FGF2,0.45584,0.224,1.043,11192.0,0.0184
KLHDC8B,0.5284,0.288,1.043,11193.0,0.001791
TCP11,0.66738,0.44,1.043,11194.0,1.0587e-07
AC003002.6,0.22119,0.078,1.043,11195.0,0.3501
OSTC,0.45616,0.224,1.043,11196.0,0.018353
TNN,0.82236,0.653,1.043,11197.0,1.5729e-28
VSX2,0.57783,0.338,1.043,11198.0,0.00016481
SDAD1,0.79062,0.605,1.044,11199.0,1.8319000000000002e-20
SHBG,0.64426,0.412,1.044,11200.0,1.2538e-06
ETFDH,0.74211,0.536,1.044,11201.0,2.778e-13
SLC17A5,0.70374,0.485,1.044,11202.0,6.8514e-10
C1QB,0.3322,0.135,1.044,11203.0,0.15392
CCL3,0.22134,0.078,1.044,11204.0,0.34981
AGA,0.63066,0.396,1.044,11205.0,4.2802e-06
BTNL8,0.61553,0.379,1.044,11206.0,1.4502e-05
LRRC37A,0.55561,0.315,1.044,11207.0,0.00054349
NDUFB9,0.57883,0.339,1.044,11208.0,0.00016312
ADHFE1,0.68788,0.465,1.045,11209.0,8.5168e-09
SCARA3,0.67873,0.453,1.045,11210.0,2.9816e-08
EPHA1,0.80508,0.626,1.045,11211.0,1.4624e-23
S1PR2,0.45663,0.224,1.045,11212.0,0.018286
SIRT3,0.57913,0.339,1.045,11213.0,0.00016261
CLEC18B,0.6449,0.412,1.045,11214.0,1.2431e-06
AC174470.1,0.3326,0.135,1.045,11215.0,0.15353
OXA1L,0.71197,0.496,1.045,11216.0,1.8749e-10
TTI2,0.6573,0.427,1.045,11217.0,3.6074e-07
SPDYC,0.59868,0.36,1.045,11218.0,4.8667e-05
LLPH,0.22161,0.078,1.045,11219.0,0.34929
ELAC2,0.79182,0.606,1.046,11220.0,1.7245e-20
FAM65C,0.78892,0.602,1.046,11221.0,7.0058e-20
POM121C,0.70555,0.487,1.046,11222.0,6.6064e-10
RHBDL3,0.66881,0.441,1.046,11223.0,1.0358e-07
SGCG,0.59953,0.36,1.046,11224.0,4.821e-05
TM6SF1,0.66985,0.441,1.047,11225.0,1.0194e-07
DESI1,0.49791,0.259,1.047,11226.0,0.0057118
TIPIN,0.58043,0.34,1.047,11227.0,0.00016045
PABPC4L,0.55762,0.316,1.047,11228.0,0.00053305
SOCS4,0.61726,0.38,1.047,11229.0,1.4208e-05
KRT222,0.61715,0.38,1.047,11230.0,1.4228e-05
ARL6IP6,0.45794,0.225,1.047,11231.0,0.018099
CRELD1,0.72747,0.515,1.048,11232.0,1.3432e-11
MYOD1,0.33378,0.135,1.048,11233.0,0.15239
ARL5B,0.53083,0.29,1.048,11234.0,0.0017521
SLC25A16,0.64697,0.414,1.048,11235.0,1.2089e-06
TTC12,0.77653,0.583,1.048,11236.0,1.7871e-17
MON1A,0.69903,0.477,1.049,11237.0,2.2952e-09
WNK4,0.81334,0.636,1.049,11238.0,6.8806000000000005e-25
ABHD14A-ACY1,0.71467,0.498,1.049,11239.0,1.7689e-10
ZDHHC12,0.55838,0.317,1.049,11240.0,0.00052913
ZDHHC22,0.40625,0.184,1.049,11241.0,0.054892
TMEM101,0.53169,0.29,1.049,11242.0,0.0017385
DKK3,0.63399,0.398,1.049,11243.0,4.1049e-06
KRTAP17-1,0.0,0.0,1.049,11244.0,0.59112
RBM23,0.72193,0.507,1.049,11245.0,4.8221e-11
GNB1L,0.60103,0.361,1.049,11246.0,4.7419e-05
FAM149B1,0.74578,0.539,1.049,11247.0,2.4901e-13
PROCR,0.49972,0.26,1.05,11248.0,0.0056256
AP000275.65,0.64834,0.414,1.05,11249.0,1.1868e-06
SEC31B,0.82981,0.66,1.05,11250.0,2.5856000000000004e-29
TIGIT,0.45925,0.225,1.05,11251.0,0.017915
ACADVL,0.76119,0.56,1.05,11252.0,4.2385e-15
METTL25,0.74123,0.532,1.05,11253.0,9.188e-13
PNPLA5,0.64792,0.414,1.05,11254.0,1.1936e-06
PPM1J,0.70009,0.478,1.05,11255.0,2.2494e-09
NOX3,0.75689,0.554,1.05,11256.0,1.632e-14
TMPRSS5,0.69994,0.478,1.05,11257.0,2.2562e-09
VIPR2,0.72287,0.508,1.05,11258.0,4.718e-11
LCA5L,0.66029,0.429,1.05,11259.0,3.456e-07
GPR27,0.22291,0.078,1.051,11260.0,0.34682
PROM1,0.80468,0.622,1.051,11261.0,1.9485e-22
CRELD2,0.68276,0.456,1.051,11262.0,2.7906e-08
ACAT1,0.67207,0.443,1.051,11263.0,9.8525e-08
ZAN,0.8914,0.758,1.051,11264.0,1.6432e-62
C9orf152,0.45945,0.225,1.051,11265.0,0.017887
EPDR1,0.45962,0.225,1.051,11266.0,0.017864
EMILIN2,0.75713,0.554,1.051,11267.0,1.6186e-14
GNRH1,0.33475,0.136,1.051,11268.0,0.15146
FBXO4,0.63586,0.399,1.052,11269.0,4.0093e-06
MRPL9,0.58296,0.341,1.052,11270.0,0.00015633
C1orf167,0.84334,0.681,1.052,11271.0,9.1452e-34
RAD9A,0.63549,0.399,1.052,11272.0,4.0279e-06
ATP4B,0.60306,0.363,1.052,11273.0,4.6372e-05
LYSMD1,0.46004,0.226,1.052,11274.0,0.017805
NMUR2,0.56035,0.318,1.052,11275.0,0.00051924
IGSF8,0.72366,0.508,1.052,11276.0,4.6329e-11
CXCR4,0.46005,0.226,1.052,11277.0,0.017804
IRAK4,0.69287,0.468,1.052,11278.0,7.8001e-09
KIAA1191,0.64948,0.415,1.052,11279.0,1.1689e-06
ZNF555,0.67279,0.443,1.052,11280.0,9.7445e-08
ATOH1,0.45984,0.225,1.052,11281.0,0.017833
UGT2B17,0.67315,0.444,1.052,11282.0,9.6905e-08
GSDMB,0.66257,0.43,1.053,11283.0,3.3446e-07
PDX1,0.46026,0.226,1.053,11284.0,0.017775
TRIM72,0.60317,0.363,1.053,11285.0,4.632e-05
RPL7L1,0.58339,0.341,1.053,11286.0,0.00015563
ARMC9,0.77623,0.58,1.053,11287.0,6.2032e-17
SLCO2A1,0.74872,0.541,1.053,11288.0,2.2804e-13
CXorf40A,0.0,0.0,1.053,11289.0,0.59015
SLC22A7,0.72478,0.509,1.053,11290.0,4.5139e-11
SLC16A4,0.67328,0.444,1.053,11291.0,9.6707e-08
KIF17,0.78398,0.591,1.053,11292.0,3.7556e-18
KANK3,0.684,0.457,1.053,11293.0,2.734e-08
KCNJ12,0.40792,0.185,1.053,11294.0,0.054242
SLC15A2,0.794,0.605,1.053,11295.0,5.4803e-20
SOX18,0.3352,0.136,1.053,11296.0,0.15103
TVP23B,0.56072,0.318,1.053,11297.0,0.00051742
ARMC12,0.65006,0.416,1.053,11298.0,1.1597e-06
FAAH,0.72544,0.509,1.054,11299.0,4.4449e-11
RP11-426L16.10,0.63692,0.4,1.054,11300.0,3.9563e-06
CAT,0.71855,0.5,1.054,11301.0,1.6263e-10
SNX15,0.63665,0.4,1.054,11302.0,3.97e-06
C17orf53,0.72542,0.509,1.054,11303.0,4.4469e-11
CNPPD1,0.69406,0.469,1.054,11304.0,7.6384e-09
ITPRIPL2,0.58445,0.342,1.054,11305.0,0.00015396
C15orf41,0.66374,0.431,1.055,11306.0,3.2889e-07
TYW3,0.53467,0.292,1.055,11307.0,0.0016927
GNG12,0.0,0.0,1.055,11308.0,0.58936
C9orf43,0.72632,0.51,1.055,11309.0,4.3555e-11
C8orf58,0.60442,0.363,1.055,11310.0,4.5689e-05
LILRB1,0.75544,0.55,1.055,11311.0,5.6502e-14
CGA,0.22377,0.078,1.055,11312.0,0.34518
DMKN,0.74464,0.535,1.055,11313.0,8.3445e-13
ATP6C,0.2237,0.078,1.055,11314.0,0.34533
ACSM3,0.76059,0.557,1.055,11315.0,1.441e-14
ZBBX,0.8018,0.616,1.055,11316.0,2.9305999999999997e-21
FAM188B2,0.66361,0.431,1.055,11317.0,3.2951e-07
ZNF213,0.67473,0.445,1.055,11318.0,9.4572e-08
DCP1B,0.71922,0.501,1.055,11319.0,1.6028e-10
ALOXE3,0.79538,0.606,1.055,11320.0,5.1284e-20
LCN9,0.53451,0.292,1.055,11321.0,0.0016951
SAMD7,0.65125,0.416,1.055,11322.0,1.1415e-06
IL5RA,0.68524,0.457,1.055,11323.0,2.6791e-08
SLC25A10,0.71138,0.491,1.055,11324.0,5.8727e-10
POLL,0.71978,0.501,1.056,11325.0,1.5836e-10
C11orf85,0.56232,0.319,1.056,11326.0,0.00050954
PIGC,0.50228,0.261,1.056,11327.0,0.0055065
ZFAND4,0.73345,0.519,1.056,11328.0,1.1579e-11
MPP4,0.78613,0.592,1.056,11329.0,3.418e-18
ANAPC10,0.50226,0.261,1.056,11330.0,0.0055077
SYTL1,0.7336,0.519,1.056,11331.0,1.1537e-11
QDPR,0.58535,0.343,1.056,11332.0,0.00015254
OLFML2B,0.76542,0.563,1.056,11333.0,3.6491e-15
TWIST1,0.22392,0.079,1.056,11334.0,0.34491
AL356356.1,0.22406,0.079,1.056,11335.0,0.34464
FAM153C,0.40885,0.185,1.056,11336.0,0.053887
FSHB,0.22412,0.079,1.056,11337.0,0.34452
OSM,0.0,0.0,1.056,11338.0,0.58916
PKHD1L1,0.93233,0.823,1.057,11339.0,1.3739e-109
ENTHD1,0.66456,0.432,1.057,11340.0,3.2503e-07
TRPV4,0.77491,0.576,1.057,11341.0,2.237e-16
USP45,0.78295,0.587,1.057,11342.0,1.363e-17
CCDC15,0.79724,0.608,1.057,11343.0,4.6882e-20
C19orf12,0.22432,0.079,1.057,11344.0,0.34416
GHRH,0.33668,0.137,1.057,11345.0,0.14964
LGALS8,0.63854,0.401,1.057,11346.0,3.8769e-06
NRBF2,0.5634,0.319,1.058,11347.0,0.00050432
PEF1,0.58657,0.343,1.058,11348.0,0.00015066
SMIM19,0.22441,0.079,1.058,11349.0,0.34399
TOR1A,0.56314,0.319,1.058,11350.0,0.00050557
GPR146,0.33705,0.137,1.058,11351.0,0.1493
BROX,0.72785,0.511,1.058,11352.0,4.2023e-11
SFRP2,0.53623,0.293,1.058,11353.0,0.0016693
C21orf59,0.65275,0.417,1.058,11354.0,1.1187e-06
SPDYE3,0.58633,0.343,1.058,11355.0,0.00015103
SIGLEC8,0.66523,0.432,1.058,11356.0,3.2193e-07
BOLA3,0.33725,0.137,1.059,11357.0,0.14911
GMPR,0.62435,0.384,1.059,11358.0,1.3075e-05
PKP2,0.78826,0.594,1.059,11359.0,3.1147e-18
PCDHB10,0.62446,0.384,1.059,11360.0,1.3058e-05
POLG2,0.72141,0.502,1.059,11361.0,1.528e-10
CTGF,0.56388,0.32,1.059,11362.0,0.00050202
UGGT2,0.86645,0.713,1.059,11363.0,1.3209e-41
SH3BGRL3,0.33737,0.137,1.059,11364.0,0.149
HOXD4,0.50357,0.262,1.059,11365.0,0.0054479
METTL17,0.72908,0.512,1.059,11366.0,4.0832e-11
C1orf65,0.67765,0.447,1.059,11367.0,9.042e-08
C9orf142,0.50418,0.262,1.06,11368.0,0.0054207
RIMS3,0.58744,0.344,1.06,11369.0,0.00014932
FGFBP1,0.0,0.0,1.06,11370.0,0.58794
RNLS,0.64023,0.402,1.06,11371.0,3.796e-06
AQP5,0.41054,0.186,1.06,11372.0,0.053249
TAMM41,0.65404,0.418,1.06,11373.0,1.0996e-06
KRT4,0.71463,0.493,1.06,11374.0,5.4962e-10
FMO2,0.6669,0.433,1.06,11375.0,3.143e-07
TBC1D21,0.66652,0.433,1.06,11376.0,3.1602e-07
VTN,0.72222,0.503,1.06,11377.0,1.5014e-10
ELP6,0.56468,0.32,1.061,11378.0,0.00049822
DSCR3,0.58784,0.344,1.061,11379.0,0.00014872
GPR183,0.4641,0.228,1.061,11380.0,0.017257
ABHD10,0.62574,0.385,1.061,11381.0,1.2865e-05
MYH15,0.89556,0.758,1.061,11382.0,4.5499e-59
MUC3A,0.72303,0.503,1.061,11383.0,1.4752e-10
GPX8,0.41102,0.186,1.061,11384.0,0.053068
RHOH,0.33779,0.137,1.061,11385.0,0.14861
CDKN2AIPNL,0.22545,0.079,1.062,11386.0,0.34205
DSN1,0.67904,0.447,1.062,11387.0,8.8514e-08
CRYL1,0.64188,0.403,1.062,11388.0,3.7186e-06
ARSB,0.69899,0.472,1.062,11389.0,7.0009e-09
SPATA16,0.72389,0.504,1.062,11390.0,1.4475e-10
C2orf49,0.46435,0.228,1.062,11391.0,0.017223
SPTBN5,0.94077,0.834,1.062,11392.0,8.2224e-118
PPM1K,0.58874,0.345,1.062,11393.0,0.00014736
FMO6P,0.62625,0.385,1.062,11394.0,1.2788e-05
ACY1,0.69967,0.473,1.063,11395.0,6.9169e-09
TPGS2,0.58928,0.345,1.063,11396.0,0.00014656
GPR108,0.75614,0.547,1.063,11397.0,1.8227e-13
ACOX3,0.77503,0.573,1.063,11398.0,7.6016e-16
DDRGK1,0.66857,0.434,1.063,11399.0,3.0689e-07
ME2,0.77066,0.567,1.063,11400.0,3.0296e-15
BTBD6,0.64203,0.403,1.063,11401.0,3.7117e-06
CPN1,0.68018,0.448,1.063,11402.0,8.6973e-08
SEC14L6,0.6904,0.461,1.063,11403.0,2.4606e-08
CCDC38,0.75593,0.546,1.063,11404.0,1.8346e-13
C2orf15,0.41175,0.187,1.063,11405.0,0.052798
MRPL30,0.41175,0.187,1.063,11406.0,0.052798
PIGZ,0.62692,0.386,1.063,11407.0,1.2688e-05
FCRL5,0.78355,0.585,1.063,11408.0,4.6105e-17
PPP2R1B,0.7709,0.567,1.063,11409.0,3.0047e-15
PIGB,0.73155,0.514,1.063,11410.0,3.8535e-11
NOSIP,0.62737,0.386,1.064,11411.0,1.2622e-05
NOX1,0.68049,0.448,1.064,11412.0,8.6564e-08
NEFH,0.7451,0.531,1.064,11413.0,2.6684e-12
GOLPH3L,0.62742,0.386,1.064,11414.0,1.2615e-05
NARFL,0.70938,0.484,1.064,11415.0,1.8864e-09
SST,0.22587,0.079,1.064,11416.0,0.34128
GMFB,0.50613,0.264,1.064,11417.0,0.0053339
MYO15B,0.56629,0.321,1.064,11418.0,0.00049067
UGT1A6,0.66902,0.435,1.064,11419.0,3.0491e-07
EVC,0.82523,0.645,1.064,11420.0,3.4620000000000003e-25
EVC2,0.855,0.691,1.064,11421.0,1.0207e-34
GPATCH2,0.73865,0.523,1.064,11422.0,1.0165e-11
TCERG1L,0.70032,0.473,1.064,11423.0,6.8376e-09
DOC2B,0.46564,0.228,1.065,11424.0,0.017055
APOBEC2,0.46552,0.228,1.065,11425.0,0.01707
PLD2,0.83321,0.657,1.065,11426.0,4.1429000000000004e-27
SFT2D1,0.53971,0.295,1.065,11427.0,0.0016186
AATF,0.74612,0.532,1.065,11428.0,2.5958e-12
ILDR1,0.74596,0.532,1.065,11429.0,2.6072e-12
ATOX1,0.0,0.0,1.065,11430.0,0.58645
RABAC1,0.50712,0.264,1.066,11431.0,0.005291
BBS2,0.78954,0.592,1.066,11432.0,1.0328e-17
ADORA3,0.59095,0.346,1.066,11433.0,0.0001441
VWA1,0.50719,0.264,1.066,11434.0,0.0052878
CCDC42,0.64397,0.404,1.066,11435.0,3.6229e-06
CPSF4L,0.54018,0.295,1.066,11436.0,0.0016119
ZNF577,0.61085,0.367,1.066,11437.0,4.2594e-05
HOXD9,0.46603,0.229,1.066,11438.0,0.017004
HMGCLL1,0.67055,0.436,1.066,11439.0,2.9827e-07
PCDHA6,0.73426,0.516,1.067,11440.0,3.6156e-11
MFSD8,0.74697,0.533,1.067,11441.0,2.5375e-12
KCTD6,0.46653,0.229,1.067,11442.0,0.016939
DLX4,0.46667,0.229,1.067,11443.0,0.016921
SLC5A11,0.75893,0.549,1.067,11444.0,1.6748e-13
MIS12,0.33986,0.138,1.067,11445.0,0.14672
KRT8,0.69292,0.463,1.067,11446.0,2.36e-08
ABCA7,0.89526,0.754,1.067,11447.0,2.1111e-55
MED7,0.4667,0.229,1.067,11448.0,0.016917
TCEAL1,0.0,0.0,1.067,11449.0,0.58578
DYRK3,0.64483,0.405,1.067,11450.0,3.5842e-06
LMBR1L,0.7528,0.541,1.067,11451.0,6.614e-13
WDR93,0.78666,0.588,1.067,11452.0,4.0651e-17
FSCN3,0.72718,0.506,1.067,11453.0,1.3467e-10
NDUFAF3,0.50762,0.264,1.067,11454.0,0.0052693
POLR3F,0.65835,0.421,1.067,11455.0,1.038e-06
CCER1,0.61223,0.368,1.068,11456.0,4.1961e-05
TRIM17,0.68311,0.45,1.068,11457.0,8.3141e-08
ZNF548,0.22667,0.079,1.068,11458.0,0.33982
DNAAF2,0.70334,0.475,1.068,11459.0,6.4811e-09
BATF2,0.0,0.0,1.068,11460.0,0.58536
RGPD8,0.67172,0.436,1.068,11461.0,2.9332e-07
SOCS1,0.0,0.0,1.068,11462.0,0.58544
GALNT9,0.50828,0.265,1.068,11463.0,0.0052407
SPATA5L1,0.73506,0.516,1.068,11464.0,3.5478e-11
TRPM1,0.87528,0.721,1.068,11465.0,1.6009e-42
IRX1,0.56939,0.323,1.069,11466.0,0.0004765
FAM83C,0.68367,0.451,1.069,11467.0,8.2423e-08
C19orf59,0.59248,0.347,1.069,11468.0,0.00014188
AIPL1,0.63016,0.388,1.069,11469.0,1.222e-05
GPN3,0.67244,0.437,1.069,11470.0,2.9029e-07
GPA33,0.64557,0.405,1.069,11471.0,3.5516e-06
ANKRA2,0.64573,0.405,1.069,11472.0,3.5443e-06
TCEANC,0.41414,0.188,1.069,11473.0,0.051926
RP11-371E8.4,0.46724,0.229,1.069,11474.0,0.016849
RP11-295D22.1,0.0,0.0,1.07,11475.0,0.58464
CECR1,0.68448,0.451,1.07,11476.0,8.1396e-08
SPRED2,0.67328,0.437,1.07,11477.0,2.8684e-07
CD83,0.50891,0.265,1.07,11478.0,0.0052136
ARHGEF37,0.75541,0.543,1.07,11479.0,6.1367e-13
ABCA9,0.8863,0.737,1.07,11480.0,9.4911e-48
FAM194B,0.77126,0.564,1.07,11481.0,1.0046e-14
SUMF1,0.69493,0.464,1.07,11482.0,2.2828e-08
DNAJC25,0.63093,0.388,1.07,11483.0,1.2112e-05
PMPCA,0.7364,0.517,1.07,11484.0,3.437e-11
ADSL,0.74383,0.527,1.071,11485.0,8.9207e-12
TMEM147,0.59377,0.347,1.071,11486.0,0.00014005
TTLL11,0.70546,0.477,1.071,11487.0,6.2403e-09
MINA,0.69558,0.464,1.071,11488.0,2.2584e-08
MYOZ2,0.54283,0.296,1.071,11489.0,0.0015748
USP44,0.77198,0.565,1.071,11490.0,9.8051e-15
DOK2,0.63114,0.388,1.071,11491.0,1.2082e-05
CCDC127,0.57011,0.323,1.071,11492.0,0.00047328
CCDC146,0.83614,0.658,1.072,11493.0,1.3126e-26
RCAN1,0.4686,0.23,1.072,11494.0,0.016675
ANKAR,0.85289,0.683,1.072,11495.0,1.02e-31
ART4,0.54346,0.297,1.072,11496.0,0.0015662
SDS,0.59435,0.348,1.072,11497.0,0.00013923
TAAR6,0.46866,0.23,1.072,11498.0,0.016668
NOMO2,0.66136,0.423,1.072,11499.0,9.9709e-07
PTGES3L,0.51014,0.266,1.072,11500.0,0.0051619
PNMA2,0.54347,0.297,1.072,11501.0,0.0015661
C10orf53,0.0,0.0,1.072,11502.0,0.58427
CAPN2,0.81812,0.63,1.072,11503.0,3.519e-22
CPVL,0.73748,0.518,1.072,11504.0,3.3502e-11
OCIAD1,0.66152,0.423,1.072,11505.0,9.9492e-07
ME3,0.76231,0.551,1.072,11506.0,1.5112e-13
VAT1L,0.6616,0.423,1.072,11507.0,9.9386e-07
POLD4,0.34167,0.139,1.073,11508.0,0.1451
ABHD4,0.69662,0.465,1.073,11509.0,2.2197e-08
TM4SF1,0.54378,0.297,1.073,11510.0,0.0015619
CD7,0.41575,0.188,1.073,11511.0,0.05135
NPEPL1,0.66231,0.423,1.073,11512.0,9.8457e-07
LPAR5,0.41559,0.188,1.073,11513.0,0.051408
SGPP1,0.59459,0.348,1.073,11514.0,0.0001389
ERI1,0.6327,0.389,1.073,11515.0,1.1866e-05
ACSM1,0.7786,0.573,1.074,11516.0,2.2841e-15
RP11-644F5.10,0.41591,0.188,1.074,11517.0,0.051295
ITLN1,0.64879,0.407,1.074,11518.0,3.4119e-06
ETNK2,0.66259,0.424,1.074,11519.0,9.808e-07
MICB,0.61526,0.37,1.074,11520.0,4.0609e-05
PRSS36,0.80336,0.608,1.074,11521.0,4.51e-19
SF3B5,0.0,0.0,1.074,11522.0,0.58354
UAP1L1,0.64878,0.407,1.074,11523.0,3.4123e-06
DPY19L4,0.81619,0.627,1.074,11524.0,1.4233999999999998e-21
TCHHL1,0.0,0.0,1.074,11525.0,0.58371
TTLL12,0.77911,0.573,1.074,11526.0,2.2425e-15
GCA,0.59533,0.348,1.074,11527.0,0.00013787
WDR72,0.84018,0.662,1.074,11528.0,2.733e-27
MMP17,0.69726,0.466,1.074,11529.0,2.1964e-08
TMEM185A,0.46945,0.23,1.074,11530.0,0.016569
VRK3,0.73893,0.519,1.074,11531.0,3.2374e-11
DDX58,0.82548,0.64,1.075,11532.0,1.7557999999999998e-23
PRICKLE4,0.616,0.37,1.075,11533.0,4.0289e-05
CYB5RL,0.64971,0.408,1.075,11534.0,3.3734e-06
LGALS4,0.67612,0.439,1.075,11535.0,2.7538e-07
PIGW,0.63377,0.39,1.075,11536.0,1.172e-05
RAMP2,0.41638,0.189,1.075,11537.0,0.051127
BSPH1,0.47007,0.231,1.075,11538.0,0.016492
GINS4,0.5957,0.349,1.075,11539.0,0.00013735
MAB21L3,0.66349,0.424,1.075,11540.0,9.6909e-07
R3HDM4,0.57257,0.325,1.075,11541.0,0.00046251
MBOAT1,0.75304,0.537,1.075,11542.0,2.1535e-12
PTCRA,0.34235,0.139,1.075,11543.0,0.14449
C5orf34,0.77451,0.567,1.075,11544.0,8.9961e-15
FAM179A,0.78867,0.586,1.075,11545.0,1.31e-16
LACC1,0.63424,0.39,1.076,11546.0,1.1655e-05
AP1M2,0.69872,0.466,1.076,11547.0,2.1436e-08
GPR82,0.34281,0.139,1.076,11548.0,0.14409
UQCRB,0.47063,0.231,1.076,11549.0,0.016423
GRAMD1C,0.81461,0.623,1.076,11550.0,5.628699999999999e-21
C16orf96,0.81478,0.624,1.076,11551.0,5.5816e-21
MSTO1,0.71739,0.49,1.076,11552.0,1.6182e-09
POPDC2,0.61652,0.371,1.076,11553.0,4.0063e-05
SMYD4,0.77523,0.567,1.076,11554.0,8.7782e-15
ZNF334,0.71759,0.49,1.076,11555.0,1.6122e-09
LRRC38,0.34265,0.139,1.076,11556.0,0.14423
RP11-529K1.3,0.6343,0.39,1.076,11557.0,1.1648e-05
ALDH16A1,0.81163,0.619,1.076,11558.0,2.3658e-20
CXorf38,0.59631,0.349,1.076,11559.0,0.00013652
MOB3B,0.47093,0.231,1.077,11560.0,0.016386
ARPC4-TTLL3,0.76584,0.554,1.077,11561.0,1.3565e-13
IDI1,0.61721,0.371,1.077,11562.0,3.9769e-05
NTMT1,0.41737,0.189,1.077,11563.0,0.050783
TTLL6,0.80883,0.614,1.077,11564.0,9.7742e-20
USHBP1,0.79421,0.593,1.077,11565.0,2.9968e-17
PANX3,0.61743,0.371,1.077,11566.0,3.9672e-05
ART5,0.57362,0.325,1.077,11567.0,0.00045797
DRAM2,0.59691,0.349,1.077,11568.0,0.0001357
PTGR2,0.67716,0.44,1.077,11569.0,2.7131e-07
ADAP2,0.72727,0.502,1.078,11570.0,4.2394e-10
C11orf21,0.47118,0.231,1.078,11571.0,0.016355
ANXA13,0.72722,0.502,1.078,11572.0,4.2441e-10
TMEM232,0.74845,0.53,1.078,11573.0,7.9307e-12
PCID2,0.76072,0.546,1.078,11574.0,5.2663e-13
SLC17A4,0.71892,0.491,1.078,11575.0,1.5714e-09
IDO1,0.65144,0.409,1.078,11576.0,3.3013e-06
MITD1,0.63582,0.391,1.078,11577.0,1.1445e-05
TJP3,0.82495,0.638,1.078,11578.0,6.7101e-23
MAN2C1,0.84963,0.675,1.078,11579.0,2.7689000000000003e-29
PNPLA7,0.87092,0.708,1.078,11580.0,5.3653e-37
DPH6,0.63602,0.391,1.079,11581.0,1.1419e-05
AP1S3,0.47165,0.231,1.079,11582.0,0.016298
TMEM136,0.5135,0.267,1.079,11583.0,0.0050232
MMD,0.59787,0.35,1.079,11584.0,0.0001344
ZNF782,0.72755,0.502,1.079,11585.0,4.215e-10
FAM198B,0.71059,0.48,1.079,11586.0,5.6948e-09
CHRNA1,0.70088,0.468,1.079,11587.0,2.0681e-08
FZD6,0.7557,0.539,1.079,11588.0,2.0034e-12
FAM228A,0.47162,0.231,1.079,11589.0,0.016302
SUOX,0.66579,0.426,1.079,11590.0,9.399e-07
GUCY2C,0.85428,0.681,1.079,11591.0,1.3919000000000001e-30
SPATA5,0.81045,0.616,1.079,11592.0,9.0776e-20
ATG16L2,0.78801,0.583,1.08,11593.0,4.6874e-16
DMBT1,0.91532,0.778,1.08,11594.0,4.476e-63
PNMT,0.51391,0.268,1.08,11595.0,0.0050065
NPY,0.34413,0.14,1.08,11596.0,0.14294
RBPJL,0.74328,0.522,1.08,11597.0,2.9189e-11
TRIM45,0.70109,0.468,1.08,11598.0,2.061e-08
TNNC2,0.47213,0.232,1.08,11599.0,0.01624
NGDN,0.70163,0.468,1.08,11600.0,2.0427e-08
SMUG1,0.57514,0.326,1.08,11601.0,0.00045154
UGT1A1,0.65252,0.41,1.08,11602.0,3.2577e-06
CEP55,0.75643,0.539,1.08,11603.0,1.964e-12
PEX11B,0.59858,0.35,1.08,11604.0,0.00013346
DFFB,0.63655,0.392,1.08,11605.0,1.1349e-05
SYNE3,0.83727,0.655,1.08,11606.0,1.7571000000000001e-25
RLBP1,0.63691,0.392,1.08,11607.0,1.1303e-05
ANKRD35,0.83833,0.656,1.081,11608.0,1.6568e-25
NEIL3,0.72058,0.492,1.081,11609.0,1.522e-09
EEF2K,0.81225,0.617,1.081,11610.0,8.3628e-20
ABCB8,0.78352,0.577,1.081,11611.0,1.9164e-15
PTCD3,0.82499,0.636,1.081,11612.0,2.487e-22
CYP27C1,0.66736,0.427,1.081,11613.0,9.2035e-07
C5orf15,0.41882,0.19,1.081,11614.0,0.050281
ACE,0.8746,0.712,1.081,11615.0,1.0344e-37
MYH1,0.90838,0.766,1.081,11616.0,1.3645e-56
CDK5RAP3,0.77934,0.57,1.081,11617.0,7.6348e-15
PTTG1IP,0.5145,0.268,1.081,11618.0,0.0049827
TMEM208,0.54798,0.299,1.081,11619.0,0.0015059
LOR,0.22961,0.081,1.081,11620.0,0.33454
EXTL1,0.75162,0.532,1.082,11621.0,7.3142e-12
NDOR1,0.76386,0.549,1.082,11622.0,4.8084e-13
FBXO40,0.71221,0.481,1.082,11623.0,5.5318e-09
CLDN19,0.51487,0.268,1.082,11624.0,0.0049681
YAE1D1,0.54851,0.299,1.082,11625.0,0.001499
NHP2,0.41932,0.19,1.082,11626.0,0.05011
ALS2CL,0.8488,0.671,1.082,11627.0,4.297e-28
OR11L1,0.41935,0.19,1.082,11628.0,0.050098
PTRF,0.51493,0.268,1.082,11629.0,0.0049657
ACOT11,0.79355,0.59,1.082,11630.0,1.0844e-16
SLFNL1,0.62025,0.373,1.082,11631.0,3.8491e-05
DPAGT1,0.63793,0.393,1.082,11632.0,1.117e-05
CDX1,0.3446,0.14,1.082,11633.0,0.14253
MOCS1,0.66808,0.427,1.082,11634.0,9.1165e-07
QTRT1,0.68031,0.442,1.082,11635.0,2.5932e-07
MZF1,0.73769,0.514,1.082,11636.0,1.0667e-10
FCGR1A,0.60032,0.351,1.083,11637.0,0.00013116
CHCHD5,0.41977,0.19,1.083,11638.0,0.049956
ACTR6,0.71291,0.482,1.083,11639.0,5.4629e-09
AIFM2,0.63876,0.393,1.083,11640.0,1.1064e-05
RHO,0.60038,0.351,1.083,11641.0,0.00013108
GPC5,0.73024,0.504,1.083,11642.0,3.9864e-10
LACTBL1,0.54877,0.299,1.083,11643.0,0.0014956
AQP1,0.68094,0.442,1.083,11644.0,2.5697e-07
CCDC62,0.78978,0.584,1.083,11645.0,4.3887e-16
FRK,0.75948,0.542,1.084,11646.0,1.8071e-12
TRPV1,0.79538,0.591,1.084,11647.0,1.0103e-16
ZNF559-ZNF177,0.5772,0.327,1.084,11648.0,0.00044299
OSGEP,0.69349,0.457,1.084,11649.0,7.0838e-08
CCL15,0.23031,0.081,1.084,11650.0,0.3333
SHPK,0.79538,0.591,1.084,11651.0,1.0103e-16
RGS18,0.54918,0.3,1.084,11652.0,0.0014903
SEPT1,0.70419,0.47,1.084,11653.0,1.9572e-08
THY1,0.41995,0.19,1.084,11654.0,0.049895
FUT10,0.71343,0.482,1.084,11655.0,5.4119e-09
LRRC6,0.73879,0.514,1.084,11656.0,1.0409e-10
DOHH,0.47424,0.233,1.084,11657.0,0.015986
ARSK,0.7308,0.504,1.084,11658.0,3.9395e-10
GC,0.74607,0.524,1.084,11659.0,2.7301e-11
XCR1,0.47411,0.233,1.084,11660.0,0.016001
IGSF6,0.55005,0.3,1.085,11661.0,0.0014791
ACAD10,0.85923,0.685,1.085,11662.0,1.0177000000000001e-30
PSMC3IP,0.62189,0.374,1.085,11663.0,3.7819e-05
TEKT1,0.66947,0.428,1.085,11664.0,8.9486e-07
PIRT,0.0,0.0,1.085,11665.0,0.5802
SMPD1,0.73137,0.505,1.085,11666.0,3.8932e-10
RFX8,0.71436,0.483,1.085,11667.0,5.3224e-09
SLC35E4,0.47445,0.233,1.085,11668.0,0.015961
TAF13,0.47459,0.233,1.085,11669.0,0.015944
BTN1A1,0.70443,0.47,1.085,11670.0,1.9496e-08
NIT1,0.66952,0.428,1.085,11671.0,8.9425e-07
SPIDR,0.7999,0.597,1.085,11672.0,2.3847e-17
C5orf51,0.65629,0.412,1.086,11673.0,3.109e-06
ERCC2,0.81597,0.62,1.086,11674.0,7.0654e-20
CD151,0.64053,0.394,1.086,11675.0,1.0841e-05
MTMR11,0.83161,0.643,1.086,11676.0,4.7707e-23
CDKL1,0.68285,0.444,1.086,11677.0,2.5004e-07
CLIC2,0.42098,0.191,1.086,11678.0,0.049547
RWDD3,0.55029,0.3,1.086,11679.0,0.0014761
RHOD,0.47479,0.233,1.086,11680.0,0.015921
WDR64,0.86391,0.692,1.086,11681.0,4.9565e-32
TBC1D26,0.64038,0.394,1.086,11682.0,1.086e-05
SLC37A3,0.77197,0.558,1.086,11683.0,1.124e-13
GRK4,0.78809,0.58,1.087,11684.0,1.6286e-15
NHLH2,0.0,0.0,1.087,11685.0,0.57964
CCDC172,0.62308,0.375,1.087,11686.0,3.7344e-05
ACOT12,0.77806,0.566,1.087,11687.0,2.7282e-14
AQP6,0.47518,0.233,1.087,11688.0,0.015875
NTSR2,0.51738,0.269,1.087,11689.0,0.0048692
CCDC3,0.51734,0.269,1.087,11690.0,0.0048709
USH1G,0.62273,0.374,1.087,11691.0,3.7481e-05
RPUSD2,0.67072,0.429,1.087,11692.0,8.8012e-07
REXO4,0.6708,0.429,1.087,11693.0,8.7916e-07
C6orf89,0.67093,0.429,1.087,11694.0,8.7766e-07
RP11-58C22.1,0.0,0.0,1.088,11695.0,0.5792
PDCL2,0.55121,0.301,1.088,11696.0,0.0014645
SLC6A16,0.76778,0.551,1.088,11697.0,4.2922e-13
CASP12,0.60318,0.353,1.088,11698.0,0.00012749
EDEM1,0.7739,0.56,1.088,11699.0,1.0594e-13
FGF4,0.34688,0.141,1.088,11700.0,0.1406
AACS,0.79801,0.593,1.088,11701.0,9.1275e-17
FAM161B,0.7734,0.559,1.088,11702.0,1.0758e-13
RPS21,0.34687,0.141,1.088,11703.0,0.1406
TACO1,0.55152,0.301,1.088,11704.0,0.0014606
FRRS1L,0.55148,0.301,1.088,11705.0,0.0014611
CYP2A13,0.67205,0.43,1.089,11706.0,8.6461e-07
CASP6,0.60384,0.353,1.089,11707.0,0.00012665
LACTB2,0.62429,0.375,1.089,11708.0,3.6864e-05
APPL2,0.81105,0.611,1.089,11709.0,1.1641e-18
TRAF5,0.76229,0.544,1.089,11710.0,1.6736e-12
ZNF627,0.23149,0.081,1.089,11711.0,0.33124
PTPN22,0.8246,0.631,1.089,11712.0,3.4920999999999995e-21
EBNA1BP2,0.72613,0.496,1.089,11713.0,1.3668e-09
HSD17B8,0.62414,0.375,1.089,11714.0,3.6923e-05
FKBP2,0.42179,0.191,1.089,11715.0,0.049274
CEP19,0.47679,0.234,1.09,11716.0,0.015687
TMOD4,0.70808,0.473,1.09,11717.0,1.8344e-08
DDX52,0.79018,0.581,1.09,11718.0,1.5121e-15
DSG3,0.82201,0.627,1.09,11719.0,1.4584e-20
SPDL1,0.79957,0.594,1.09,11720.0,8.5955e-17
STXBP4,0.78056,0.568,1.09,11721.0,2.5154e-14
NAALAD2,0.82247,0.627,1.09,11722.0,1.4282e-20
SPATA18,0.77549,0.561,1.091,11723.0,1.0088e-13
PXDNL,0.87676,0.709,1.091,11724.0,2.2028000000000002e-35
FAM168B,0.4769,0.234,1.091,11725.0,0.015675
CUEDC1,0.69773,0.46,1.091,11726.0,6.6336e-08
TTPA,0.55311,0.302,1.091,11727.0,0.0014409
HSD17B3,0.67341,0.431,1.091,11728.0,8.4911e-07
SIGLEC7,0.68606,0.446,1.091,11729.0,2.388e-07
VILL,0.83555,0.646,1.091,11730.0,3.9093e-23
SLC34A2,0.74334,0.518,1.091,11731.0,9.3992e-11
AP5M1,0.72744,0.497,1.091,11732.0,1.3325e-09
PDCD2L,0.67352,0.431,1.091,11733.0,8.4791e-07
FANCG,0.78093,0.568,1.091,11734.0,2.4859e-14
CIB2,0.55272,0.302,1.091,11735.0,0.0014456
ATF4,0.47704,0.234,1.091,11736.0,0.015659
DUSP11,0.6734,0.431,1.091,11737.0,8.4923e-07
LYPLA1,0.6253,0.376,1.091,11738.0,3.6468e-05
ZNF621,0.64362,0.396,1.092,11739.0,1.0463e-05
ITIH2,0.8361,0.646,1.092,11740.0,3.8024999999999997e-23
CABP5,0.51934,0.27,1.092,11741.0,0.0047939
ZNF135,0.76493,0.546,1.092,11742.0,1.5569e-12
GALK1,0.64398,0.396,1.092,11743.0,1.042e-05
KEL,0.82701,0.633,1.092,11744.0,3.1153999999999997e-21
CCDC71L,0.0,0.0,1.092,11745.0,0.57806
EXOSC7,0.64379,0.396,1.092,11746.0,1.0442e-05
WIF1,0.72774,0.497,1.092,11747.0,1.3249e-09
GMPPB,0.67389,0.431,1.092,11748.0,8.437e-07
MED10,0.42311,0.192,1.092,11749.0,0.048839
PRRX2,0.34808,0.141,1.092,11750.0,0.13959
KRT27,0.70936,0.474,1.092,11751.0,1.7955e-08
NINL,0.88668,0.724,1.092,11752.0,2.6545e-39
FAM217A,0.71984,0.486,1.093,11753.0,4.8219e-09
ADAMTSL4,0.85735,0.678,1.093,11754.0,2.6008e-28
FMO1,0.74468,0.519,1.093,11755.0,9.1198e-11
CA9,0.7286,0.498,1.093,11756.0,1.3027e-09
C1QTNF1,0.5819,0.33,1.093,11757.0,0.00042421
SPERT,0.62621,0.376,1.093,11758.0,3.6118e-05
SNX22,0.52021,0.271,1.093,11759.0,0.0047609
HAUS3,0.72874,0.498,1.093,11760.0,1.2992e-09
XRCC4,0.67533,0.432,1.094,11761.0,8.2774e-07
CLDN12,0.42407,0.192,1.094,11762.0,0.048525
NOSTRIN,0.79828,0.59,1.094,11763.0,3.2029e-16
SAP30L,0.55417,0.302,1.094,11764.0,0.0014279
RFT1,0.77247,0.555,1.094,11765.0,3.7445e-13
RD3L,0.42386,0.192,1.094,11766.0,0.048594
C1QC,0.42387,0.192,1.094,11767.0,0.048591
ATP8B4,0.87596,0.706,1.094,11768.0,3.6708000000000002e-34
SH2D2A,0.6754,0.432,1.094,11769.0,8.2695e-07
SH2D5,0.69958,0.461,1.094,11770.0,6.4459e-08
STON1-GTF2A1L,0.83495,0.643,1.094,11771.0,1.5167e-22
ALDH2,0.73792,0.509,1.094,11772.0,3.3959e-10
PTPN7,0.77774,0.562,1.094,11773.0,9.4147e-14
SEPP1,0.67523,0.432,1.094,11774.0,8.2884e-07
NDUFB10,0.52046,0.271,1.094,11775.0,0.0047516
TRMT112,0.3486,0.141,1.094,11776.0,0.13916
CCDC94,0.67556,0.432,1.095,11777.0,8.2518e-07
RAD1,0.60719,0.355,1.095,11778.0,0.00012252
C8orf34,0.76664,0.547,1.095,11779.0,1.4855e-12
ULK4,0.88623,0.721,1.095,11780.0,4.4336e-38
MID1IP1,0.0,0.0,1.095,11781.0,0.57733
SNX31,0.77318,0.555,1.095,11782.0,3.6683e-13
TUBA8,0.6273,0.377,1.095,11783.0,3.5702e-05
RIOK1,0.78404,0.57,1.095,11784.0,2.2477e-14
MSMP,0.42449,0.192,1.095,11785.0,0.048387
ZNF620,0.5831,0.331,1.095,11786.0,0.00041957
LPL,0.72986,0.498,1.095,11787.0,1.2712e-09
SCNM1,0.66141,0.415,1.095,11788.0,2.9187e-06
KRT25,0.7219,0.488,1.096,11789.0,4.6459e-09
PNCK,0.64614,0.398,1.096,11790.0,1.0166e-05
EXOSC2,0.66234,0.416,1.096,11791.0,2.8854e-06
UCK1,0.64606,0.398,1.096,11792.0,1.0175e-05
CLIC6,0.62826,0.378,1.096,11793.0,3.5342e-05
MUC20,0.52127,0.271,1.096,11794.0,0.0047211
GPIHBP1,0.3492,0.142,1.096,11795.0,0.13866
IFT57,0.73878,0.51,1.096,11796.0,3.3347e-10
PPM1D,0.75444,0.53,1.096,11797.0,2.2321e-11
SUMO3,0.23313,0.082,1.096,11798.0,0.32841
CTC-435M10.3,0.73886,0.51,1.096,11799.0,3.3296e-10
FOLR3,0.47923,0.235,1.096,11800.0,0.015409
TMPRSS7,0.81269,0.61,1.097,11801.0,3.9482e-18
ARL3,0.5559,0.303,1.097,11802.0,0.0014071
ARMC10,0.60827,0.356,1.097,11803.0,0.00012123
QPRT,0.52185,0.272,1.097,11804.0,0.0046997
GALNT14,0.80467,0.598,1.097,11805.0,7.0648e-17
BAIAP2L2,0.73156,0.5,1.097,11806.0,1.2298e-09
ACOXL,0.79037,0.578,1.097,11807.0,5.2479e-15
NDUFA10,0.70166,0.462,1.097,11808.0,6.2418e-08
CCDC33,0.82387,0.626,1.097,11809.0,4.9566e-20
BDKRB1,0.52212,0.272,1.097,11810.0,0.0046897
CYP4B1,0.7396,0.51,1.097,11811.0,3.2777e-10
BCL2L15,0.42493,0.193,1.097,11812.0,0.048246
ARHGAP19,0.76824,0.548,1.097,11813.0,1.4213e-12
C1orf74,0.48008,0.235,1.098,11814.0,0.015314
SLC2A8,0.67767,0.433,1.098,11815.0,8.0241e-07
RPL39,0.0,0.0,1.098,11816.0,0.57637
GGT5,0.75586,0.531,1.098,11817.0,2.1567e-11
MED8,0.66351,0.417,1.098,11818.0,2.844e-06
SCCPDH,0.72264,0.488,1.098,11819.0,4.5839e-09
ZNF324B,0.6292,0.378,1.098,11820.0,3.4989e-05
SMG9,0.77516,0.557,1.098,11821.0,3.4628e-13
HTR1F,0.52277,0.272,1.099,11822.0,0.0046656
ROM1,0.58503,0.332,1.099,11823.0,0.00041221
CYP2W1,0.69138,0.449,1.099,11824.0,2.2124e-07
CCL25,0.48073,0.236,1.099,11825.0,0.015241
MRPL38,0.72357,0.489,1.099,11826.0,4.508e-09
PRR3,0.55701,0.304,1.099,11827.0,0.0013939
TRPM4,0.87633,0.703,1.099,11828.0,5.6531000000000005e-33
DEPDC7,0.74873,0.521,1.099,11829.0,8.3246e-11
VSIG2,0.60904,0.356,1.099,11830.0,0.00012031
ASPA,0.58528,0.332,1.099,11831.0,0.00041128
RRAS,0.52284,0.272,1.099,11832.0,0.004663
PTGIS,0.73294,0.501,1.099,11833.0,1.197e-09
AFMID,0.72369,0.489,1.099,11834.0,4.4977e-09
CCDC90B,0.6482,0.399,1.099,11835.0,9.9297e-06
ALDOB,0.67904,0.434,1.1,11836.0,7.8786e-07
FAP,0.86277,0.682,1.1,11837.0,1.9009e-28
CLEC12B,0.64845,0.399,1.1,11838.0,9.9015e-06
SLC9A4,0.78189,0.565,1.1,11839.0,8.286e-14
SWI5,0.55766,0.304,1.1,11840.0,0.0013862
KLK15,0.48118,0.236,1.1,11841.0,0.015191
ADORA1,0.48097,0.236,1.1,11842.0,0.015215
CDADC1,0.74154,0.512,1.1,11843.0,3.1468e-10
MIPOL1,0.75726,0.532,1.1,11844.0,2.0845e-11
PIDD,0.80711,0.6,1.1,11845.0,6.435e-17
ZNF677,0.71408,0.477,1.1,11846.0,1.6591e-08
PRODH,0.76372,0.541,1.1,11847.0,5.3577e-12
P2RX6,0.72406,0.489,1.1,11848.0,4.468e-09
RPUSD3,0.69167,0.449,1.1,11849.0,2.2032e-07
NRL,0.42684,0.193,1.101,11850.0,0.047637
YIF1B,0.63104,0.379,1.101,11851.0,3.4314e-05
ZNF630,0.61016,0.357,1.101,11852.0,0.000119
HLTF,0.86303,0.682,1.101,11853.0,1.8723999999999998e-28
TTC38,0.77719,0.558,1.101,11854.0,3.2628e-13
MARCKS,0.23428,0.082,1.101,11855.0,0.32648
KRT34,0.70495,0.465,1.102,11856.0,5.9309e-08
SMIM20,0.0,0.0,1.102,11857.0,0.57531
OLFM4,0.66549,0.418,1.102,11858.0,2.7754e-06
CCDC83,0.73443,0.502,1.102,11859.0,1.1628e-09
CDC20B,0.7655,0.542,1.102,11860.0,5.1167e-12
MAL2,0.35135,0.143,1.102,11861.0,0.13691
MTERFD2,0.63178,0.38,1.102,11862.0,3.4049e-05
CCM2L,0.68,0.435,1.102,11863.0,7.7785e-07
DHX58,0.77785,0.559,1.102,11864.0,3.2013e-13
MRI1,0.58664,0.333,1.102,11865.0,0.00040621
COLQ,0.78329,0.566,1.102,11866.0,7.9356e-14
GPR149,0.72534,0.49,1.102,11867.0,4.3654e-09
C1orf52,0.42765,0.194,1.103,11868.0,0.047382
ZNF560,0.65053,0.4,1.103,11869.0,9.6685e-06
PLCD1,0.82513,0.624,1.103,11870.0,1.7370000000000001e-19
RBM18,0.58755,0.333,1.103,11871.0,0.00040287
AARD,0.23468,0.082,1.103,11872.0,0.3258
MRPS30,0.71648,0.478,1.103,11873.0,1.5937e-08
BCKDHB,0.72603,0.491,1.103,11874.0,4.3112e-09
NTAN1,0.66672,0.419,1.104,11875.0,2.7337e-06
PNOC,0.48267,0.237,1.104,11876.0,0.015028
POLM,0.75262,0.524,1.104,11877.0,7.6227e-11
CCDC53,0.5254,0.274,1.104,11878.0,0.0045705
CENPM,0.48284,0.237,1.104,11879.0,0.01501
LINC00692,0.23486,0.082,1.104,11880.0,0.32549
HIST1H1B,0.0,0.0,1.104,11881.0,0.57467
TGIF2,0.35197,0.143,1.104,11882.0,0.13641
RFX5,0.75979,0.534,1.104,11883.0,1.9605e-11
KIF6,0.86163,0.678,1.105,11884.0,3.0905000000000002e-27
ANKRD27,0.8749,0.698,1.105,11885.0,3.8647e-31
KIAA0753,0.86629,0.685,1.105,11886.0,1.5544999999999998e-28
PNPLA3,0.70705,0.466,1.105,11887.0,5.7409e-08
STX2,0.69472,0.451,1.105,11888.0,2.1087e-07
FAM92A1,0.70652,0.466,1.105,11889.0,5.788e-08
CDH15,0.7915,0.576,1.105,11890.0,1.7656e-14
KCNK18,0.5602,0.306,1.105,11891.0,0.0013568
PMFBP1,0.88283,0.71,1.105,11892.0,9.339e-34
RGS11,0.78588,0.568,1.105,11893.0,7.3266e-14
DAP3,0.7366,0.503,1.105,11894.0,1.1143e-09
FBXL6,0.72722,0.491,1.105,11895.0,4.2187e-09
ODF3B,0.52593,0.274,1.105,11896.0,0.0045516
AGPAT9,0.76793,0.544,1.106,11897.0,4.8042e-12
TXLNB,0.76792,0.544,1.106,11898.0,4.8053e-12
ZFP69,0.71831,0.48,1.106,11899.0,1.5454e-08
MYOM3,0.91409,0.759,1.106,11900.0,1.4264e-47
WDR88,0.7184,0.48,1.106,11901.0,1.5429e-08
C2orf71,0.81938,0.615,1.106,11902.0,3.0058e-18
SLC26A2,0.68278,0.437,1.106,11903.0,7.4963e-07
KLK13,0.52615,0.274,1.106,11904.0,0.0045435
FABP5,0.42885,0.194,1.106,11905.0,0.047008
SLC35F6,0.61328,0.359,1.106,11906.0,0.00011541
GLDC,0.86494,0.682,1.106,11907.0,6.5777e-28
BCL2L14,0.63387,0.381,1.106,11908.0,3.3304e-05
IFRD2,0.73736,0.504,1.106,11909.0,1.098e-09
CPNE1,0.79214,0.576,1.106,11910.0,1.7292e-14
TMEM138,0.42876,0.194,1.106,11911.0,0.047034
TSPAN13,0.61317,0.359,1.106,11912.0,0.00011554
TDP1,0.81587,0.609,1.107,11913.0,1.2652e-17
RMND1,0.7379,0.504,1.107,11914.0,1.0863e-09
S1PR3,0.42905,0.194,1.107,11915.0,0.046945
SLC25A38,0.65272,0.402,1.107,11916.0,9.4313e-06
SUSD2,0.83861,0.642,1.107,11917.0,1.8143999999999997e-21
ZNF438,0.66878,0.42,1.107,11918.0,2.6656e-06
ZNF446,0.70785,0.467,1.107,11919.0,5.6695e-08
GPR180,0.72893,0.492,1.107,11920.0,4.0903e-09
TPO,0.83857,0.642,1.107,11921.0,1.8182e-21
CYP4X1,0.76864,0.544,1.107,11922.0,4.7167e-12
LHFPL1,0.35313,0.143,1.107,11923.0,0.13548
ADPRM,0.5896,0.334,1.107,11924.0,0.00039545
ATG9B,0.81609,0.61,1.107,11925.0,1.2544e-17
RP4-559A3.7,0.68339,0.437,1.107,11926.0,7.4364e-07
MTFR2,0.669,0.42,1.107,11927.0,2.6584e-06
XPNPEP2,0.78163,0.561,1.107,11928.0,2.867e-13
ADCK4,0.78224,0.562,1.108,11929.0,2.8159e-13
FAM129C,0.80797,0.598,1.108,11930.0,2.2418e-16
RETSAT,0.78815,0.57,1.108,11931.0,6.8328e-14
CTC-360G5.8,0.82453,0.621,1.108,11932.0,6.6002e-19
HSF4,0.739,0.505,1.108,11933.0,1.0632e-09
TRIM6,0.77617,0.554,1.108,11934.0,1.1425e-12
AARSD1,0.72926,0.493,1.108,11935.0,4.0653e-09
ESYT3,0.85716,0.669,1.109,11936.0,2.3108000000000003e-25
CLEC4G,0.65387,0.402,1.109,11937.0,9.3088e-06
GDPD4,0.78245,0.562,1.109,11938.0,2.7987e-13
C15orf60,0.6355,0.382,1.109,11939.0,3.2736e-05
C16orf87,0.52779,0.275,1.109,11940.0,0.0044861
ZFYVE27,0.73909,0.505,1.109,11941.0,1.0613e-09
AQP10,0.56223,0.307,1.109,11942.0,0.0013339
SNX11,0.68474,0.438,1.109,11943.0,7.3043e-07
AMBN,0.73965,0.505,1.109,11944.0,1.0497e-09
C2orf74,0.35376,0.144,1.109,11945.0,0.13499
RAD52,0.75567,0.526,1.109,11946.0,7.1128e-11
SNRNP25,0.56184,0.307,1.109,11947.0,0.0013382
FRAT1,0.23606,0.083,1.109,11948.0,0.32349
FAM45A,0.71028,0.468,1.11,11949.0,5.4591e-08
EXOSC9,0.7636,0.536,1.11,11950.0,1.7871e-11
B4GALT7,0.61542,0.36,1.11,11951.0,0.00011304
CDK18,0.75667,0.527,1.11,11952.0,6.9526e-11
METAP1D,0.67145,0.422,1.111,11953.0,2.5794e-06
C19orf44,0.73178,0.494,1.111,11954.0,3.8831e-09
WDR41,0.78977,0.571,1.111,11955.0,6.4998e-14
RPE65,0.78983,0.571,1.111,11956.0,6.4889e-14
XXYLT1,0.56306,0.307,1.111,11957.0,0.0013246
ZCCHC12,0.4306,0.195,1.111,11958.0,0.04647
SSC5D,0.84775,0.653,1.111,11959.0,8.1581e-23
FAM189A2,0.74145,0.506,1.112,11960.0,1.0131e-09
RPP30,0.71148,0.469,1.112,11961.0,5.3582e-08
CYP3A43,0.76526,0.537,1.112,11962.0,1.7165e-11
LY9,0.78492,0.564,1.112,11963.0,2.6039e-13
RND2,0.59234,0.336,1.112,11964.0,0.00038579
UGT1A9,0.71142,0.469,1.112,11965.0,5.3634e-08
VMA21,0.0,0.0,1.112,11966.0,0.57236
CELA2B,0.67191,0.422,1.112,11967.0,2.5651e-06
EMC9,0.56348,0.308,1.112,11968.0,0.0013199
CRISP3,0.67191,0.422,1.112,11969.0,2.565e-06
SPO11,0.7222,0.482,1.112,11970.0,1.4473e-08
WDR65,0.77909,0.556,1.112,11971.0,1.0541e-12
AP3M2,0.69938,0.454,1.112,11972.0,1.972e-07
TRPM2,0.91133,0.751,1.112,11973.0,8.963299999999999e-44
LRRC70,0.69937,0.454,1.112,11974.0,1.9724e-07
HMGCL,0.67195,0.422,1.112,11975.0,2.5638e-06
SH3YL1,0.71137,0.469,1.112,11976.0,5.3675e-08
MAPK13,0.75817,0.528,1.112,11977.0,6.7197e-11
CAPN14,0.84181,0.644,1.112,11978.0,1.5663999999999998e-21
HS3ST1,0.5294,0.276,1.113,11979.0,0.0044305
TLCD1,0.52947,0.276,1.113,11980.0,0.0044281
METTL11B,0.52969,0.276,1.113,11981.0,0.0044204
DCST1,0.83249,0.63,1.113,11982.0,1.2681e-19
KRBA1,0.80737,0.594,1.113,11983.0,8.2344e-16
CMBL,0.61685,0.361,1.113,11984.0,0.00011148
TTC1,0.6724,0.422,1.113,11985.0,2.5494e-06
HMCES,0.70027,0.455,1.113,11986.0,1.9468e-07
PAFAH2,0.73256,0.495,1.113,11987.0,3.8282e-09
CAPNS1,0.68677,0.439,1.113,11988.0,7.11e-07
SLC4A9,0.84717,0.651,1.114,11989.0,3.2089e-22
TALDO1,0.67324,0.423,1.114,11990.0,2.5234e-06
TUBB3,0.75117,0.518,1.114,11991.0,2.5676e-10
TIMP4,0.59303,0.336,1.114,11992.0,0.00038342
CCDC151,0.80261,0.587,1.114,11993.0,3.4684e-15
DUS4L,0.63829,0.384,1.114,11994.0,3.1791e-05
TRIM10,0.73379,0.496,1.114,11995.0,3.7432e-09
RHPN1,0.7801,0.556,1.114,11996.0,1.025e-12
ZNF707,0.56439,0.308,1.114,11997.0,0.00131
TM2D1,0.61823,0.362,1.115,11998.0,0.00010999
AIRE,0.77454,0.548,1.115,11999.0,4.0468e-12
DUSP27,0.83013,0.626,1.115,12000.0,5.233100000000001e-19
DYX1C1,0.74356,0.508,1.115,12001.0,9.7181e-10
LRRC57,0.56493,0.308,1.115,12002.0,0.0013041
IL10RB,0.67366,0.423,1.115,12003.0,2.5103e-06
SERPINB6,0.61814,0.362,1.115,12004.0,0.00011009
PUS3,0.72416,0.484,1.115,12005.0,1.4003e-08
MAPKAPK3,0.73411,0.496,1.115,12006.0,3.7216e-09
TRIM38,0.7244,0.484,1.115,12007.0,1.3947e-08
ACMSD,0.72451,0.484,1.116,12008.0,1.392e-08
CLCNKA,0.81818,0.608,1.116,12009.0,4.2296e-17
MRPL37,0.72447,0.484,1.116,12010.0,1.3929e-08
MORN1,0.76779,0.539,1.116,12011.0,1.6137e-11
TTC19,0.72508,0.484,1.116,12012.0,1.3788e-08
ZXDA,0.53111,0.277,1.116,12013.0,0.0043723
ZNF558,0.65795,0.405,1.116,12014.0,8.8874e-06
ROS1,0.95484,0.819,1.116,12015.0,1.6183999999999998e-72
LY6E,0.23751,0.083,1.116,12016.0,0.3211
SERPINE3,0.67407,0.423,1.116,12017.0,2.4978e-06
WDR4,0.725,0.484,1.116,12018.0,1.3806e-08
CLEC11A,0.59401,0.337,1.116,12019.0,0.00038003
FAM229B,0.0,0.0,1.117,12020.0,0.57066
FBXW10,0.87136,0.685,1.117,12021.0,1.818e-27
THAP10,0.43285,0.196,1.117,12022.0,0.045791
TRMT11,0.77582,0.549,1.117,12023.0,3.9134e-12
ZNF177,0.67495,0.424,1.117,12024.0,2.4711e-06
VWDE,0.90845,0.743,1.117,12025.0,1.3320999999999998e-40
PCDHB5,0.67487,0.424,1.117,12026.0,2.4736e-06
FAN1,0.86368,0.674,1.117,12027.0,1.6512000000000002e-25
PANX1,0.67504,0.424,1.117,12028.0,2.4684e-06
FREM1,0.93052,0.778,1.117,12029.0,1.5684999999999999e-52
EMR1,0.85522,0.661,1.117,12030.0,1.4801e-23
TMBIM1,0.72569,0.485,1.117,12031.0,1.3647e-08
RP11-618P17.4,0.48922,0.24,1.118,12032.0,0.014339
SERTAD1,0.23796,0.083,1.118,12033.0,0.32037
ACAA1,0.73608,0.497,1.118,12034.0,3.5904e-09
HMMR,0.84349,0.643,1.118,12035.0,5.5222e-21
FBXL15,0.48924,0.24,1.118,12036.0,0.014337
UPP1,0.59524,0.338,1.118,12037.0,0.00037588
CLEC2L,0.48918,0.24,1.118,12038.0,0.014343
CCDC178,0.85563,0.661,1.118,12039.0,1.4511e-23
IGFBP7,0.56649,0.309,1.118,12040.0,0.0012873
TMEM260,0.83258,0.627,1.118,12041.0,4.729900000000001e-19
GSTA3,0.5667,0.309,1.118,12042.0,0.0012851
KCTD8,0.59537,0.338,1.118,12043.0,0.00037542
UGP2,0.72614,0.485,1.118,12044.0,1.3543e-08
ZNF396,0.6592,0.406,1.118,12045.0,8.7621e-06
SNTG2,0.80077,0.583,1.118,12046.0,1.3092e-14
RBM43,0.35695,0.145,1.119,12047.0,0.13251
GBAS,0.72673,0.485,1.119,12048.0,1.3407e-08
VNN3,0.53252,0.277,1.119,12049.0,0.0043252
BFSP1,0.70396,0.457,1.119,12050.0,1.8463e-07
LILRB2,0.80144,0.583,1.119,12051.0,1.2812e-14
OCSTAMP,0.56699,0.309,1.119,12052.0,0.001282
TMPRSS3,0.7626,0.531,1.119,12053.0,6.0739e-11
CHST8,0.62018,0.363,1.119,12054.0,0.00010793
CSF2RA,0.75443,0.52,1.119,12055.0,2.3956e-10
ITLN2,0.67577,0.424,1.119,12056.0,2.4462e-06
NMI,0.65984,0.406,1.119,12057.0,8.699e-06
CDH19,0.80114,0.583,1.119,12058.0,1.2935e-14
PTP4A3,0.43387,0.197,1.119,12059.0,0.045489
FGF19,0.0,0.0,1.119,12060.0,0.57022
PXDC1,0.5324,0.277,1.119,12061.0,0.0043291
CCDC64B,0.77691,0.55,1.119,12062.0,3.8038e-12
INSIG1,0.56693,0.309,1.119,12063.0,0.0012827
LRRC42,0.72663,0.485,1.119,12064.0,1.3431e-08
PCDHB2,0.69089,0.442,1.119,12065.0,6.7312e-07
DUT,0.56771,0.31,1.12,12066.0,0.0012744
PDE6A,0.86331,0.672,1.12,12067.0,6.5775e-25
TSR1,0.84503,0.644,1.12,12068.0,5.1572999999999995e-21
RFXANK,0.66012,0.406,1.12,12069.0,8.6716e-06
GLB1L2,0.83379,0.628,1.12,12070.0,4.501500000000001e-19
MED21,0.49005,0.24,1.12,12071.0,0.014255
MRPL55,0.48973,0.24,1.12,12072.0,0.014288
DNAH12,0.74692,0.51,1.12,12073.0,9.0946e-10
SLC7A9,0.74709,0.51,1.121,12074.0,9.0644e-10
SLC37A2,0.80273,0.584,1.121,12075.0,1.2292e-14
AKR1A1,0.69167,0.442,1.121,12076.0,6.6621e-07
PPP5D1,0.43473,0.197,1.121,12077.0,0.045235
AVPR1B,0.59686,0.338,1.121,12078.0,0.00037047
STON1,0.77115,0.542,1.121,12079.0,1.4867e-11
THAP5,0.66069,0.407,1.121,12080.0,8.6157e-06
EXD2,0.77842,0.551,1.121,12081.0,3.6578e-12
TMEM102,0.66111,0.407,1.121,12082.0,8.5749e-06
PP2D1,0.64238,0.386,1.121,12083.0,3.0461e-05
ASAH2,0.53414,0.278,1.122,12084.0,0.0042718
GAS2L3,0.79191,0.569,1.122,12085.0,2.1234e-13
CCDC65,0.76486,0.533,1.122,12086.0,5.7685e-11
PHYH,0.67804,0.426,1.122,12087.0,2.3792e-06
FERD3L,0.23897,0.084,1.122,12088.0,0.31875
UMODL1,0.90124,0.729,1.122,12089.0,4.2869e-36
GPR128,0.82752,0.618,1.122,12090.0,8.0386e-18
IFNAR2,0.66154,0.407,1.122,12091.0,8.5332e-06
KIAA1586,0.76496,0.533,1.122,12092.0,5.7547e-11
FCRL2,0.77203,0.542,1.122,12093.0,1.4548e-11
WDR74,0.73864,0.499,1.122,12094.0,3.4256e-09
ZNF283,0.73883,0.499,1.122,12095.0,3.4136e-09
PDCD7,0.66133,0.407,1.122,12096.0,8.5544e-06
RAMP1,0.35787,0.145,1.122,12097.0,0.13181
LEKR1,0.35783,0.145,1.122,12098.0,0.13185
CYP3A4,0.76464,0.532,1.122,12099.0,5.7979e-11
CATSPER4,0.76528,0.533,1.123,12100.0,5.7136e-11
LRRIQ4,0.70665,0.459,1.123,12101.0,1.7762e-07
TNFSF9,0.23929,0.084,1.123,12102.0,0.31823
ACTL8,0.23921,0.084,1.123,12103.0,0.31835
CCT6B,0.76563,0.533,1.123,12104.0,5.6679e-11
HUS1,0.6436,0.387,1.123,12105.0,3.0073e-05
IMPACT,0.71817,0.473,1.123,12106.0,4.8274e-08
PRRG1,0.3583,0.145,1.123,12107.0,0.13149
AQP8,0.59789,0.339,1.123,12108.0,0.00036707
CLEC4M,0.69285,0.443,1.123,12109.0,6.5585e-07
SIRPB2,0.59812,0.339,1.123,12110.0,0.00036633
LOXL4,0.84013,0.636,1.123,12111.0,9.1912e-20
MRPS7,0.56917,0.311,1.123,12112.0,0.0012591
TFPT,0.62243,0.364,1.123,12113.0,0.00010562
RAB31,0.56941,0.311,1.123,12114.0,0.0012566
DNASE1L3,0.6438,0.387,1.123,12115.0,3.0012e-05
SLC5A2,0.79885,0.578,1.123,12116.0,4.9184e-14
TBC1D24,0.72953,0.487,1.123,12117.0,1.2788e-08
PLEKHN1,0.80467,0.585,1.124,12118.0,1.1549e-14
DPM2,0.23952,0.084,1.124,12119.0,0.31786
TMC8,0.80507,0.586,1.124,12120.0,1.1401e-14
TRIM21,0.73978,0.5,1.124,12121.0,3.3549e-09
NANOGNB,0.53509,0.279,1.124,12122.0,0.004241
GPAT2,0.79937,0.578,1.124,12123.0,4.8416e-14
DCAF4L1,0.23939,0.084,1.124,12124.0,0.31806
STOX1,0.82014,0.607,1.124,12125.0,1.4404e-16
C10orf107,0.59852,0.339,1.124,12126.0,0.00036502
AC024580.1,0.3585,0.146,1.124,12127.0,0.13133
CCDC105,0.70694,0.459,1.124,12128.0,1.7688e-07
ATRAID,0.62288,0.365,1.124,12129.0,0.00010516
ZNF584,0.62314,0.365,1.124,12130.0,0.00010489
CCDC150,0.90545,0.733,1.125,12131.0,7.9451e-37
DFNA5,0.74094,0.501,1.125,12132.0,3.2843e-09
RGP1,0.74072,0.5,1.125,12133.0,3.2975e-09
ST6GALNAC1,0.77416,0.544,1.125,12134.0,1.3809e-11
SURF6,0.69412,0.444,1.125,12135.0,6.449e-07
C4orf27,0.67991,0.427,1.125,12136.0,2.3254e-06
SHD,0.6634,0.408,1.125,12137.0,8.3568e-06
KRTAP16-1,0.66344,0.408,1.125,12138.0,8.3521e-06
TRUB1,0.67963,0.427,1.125,12139.0,2.3333e-06
GYS2,0.8522,0.652,1.125,12140.0,9.7872e-22
UROD,0.73058,0.488,1.125,12141.0,1.2563e-08
CARD9,0.78841,0.562,1.126,12142.0,8.1491e-13
COQ10A,0.59976,0.34,1.126,12143.0,0.00036102
CKAP2,0.78829,0.562,1.126,12144.0,8.1751e-13
CD38,0.68035,0.427,1.126,12145.0,2.3129e-06
LOH12CR1,0.57085,0.312,1.126,12146.0,0.0012418
LYPD6B,0.59964,0.34,1.126,12147.0,0.00036139
WISP1,0.69483,0.444,1.126,12148.0,6.3885e-07
SLC25A24,0.78176,0.553,1.126,12149.0,3.3527e-12
KIAA1919,0.66402,0.409,1.126,12150.0,8.298e-06
ECM1,0.80059,0.579,1.126,12151.0,4.6627e-14
CCNB1IP1,0.62408,0.365,1.126,12152.0,0.00010395
CAPN13,0.85581,0.657,1.126,12153.0,2.1544e-22
AKR1D1,0.70898,0.461,1.127,12154.0,1.7175e-07
RASL10B,0.53657,0.279,1.127,12155.0,0.0041933
MSRB1,0.35976,0.146,1.127,12156.0,0.1304
IQCF2,0.57102,0.312,1.127,12157.0,0.00124
CEP112,0.91248,0.743,1.127,12158.0,7.086099999999999e-39
ABCB5,0.90921,0.738,1.127,12159.0,1.5071999999999999e-37
CCR9,0.53641,0.279,1.127,12160.0,0.0041986
EPHX1,0.7421,0.501,1.127,12161.0,3.2154e-09
CCL19,0.24012,0.084,1.127,12162.0,0.31691
KLHL21,0.69579,0.445,1.127,12163.0,6.3071e-07
RTDR1,0.60002,0.34,1.127,12164.0,0.00036018
SEC14L4,0.7763,0.545,1.128,12165.0,1.3104e-11
ARRDC4,0.70943,0.461,1.128,12166.0,1.7064e-07
KLF1,0.6007,0.341,1.128,12167.0,0.000358
LDLR,0.86374,0.668,1.128,12168.0,9.841e-24
GRPEL2,0.60046,0.34,1.128,12169.0,0.00035876
TTC30B,0.72173,0.476,1.128,12170.0,4.5661e-08
SPCS1,0.49335,0.242,1.128,12171.0,0.013927
TAS2R38,0.35989,0.146,1.128,12172.0,0.1303
HPX,0.77662,0.545,1.128,12173.0,1.3005e-11
TMEM229B,0.36025,0.146,1.129,12174.0,0.13003
ACBD6,0.68236,0.429,1.129,12175.0,2.2569e-06
LCN15,0.53718,0.28,1.129,12176.0,0.0041741
CABYR,0.68232,0.428,1.129,12177.0,2.258e-06
ELANE,0.57227,0.312,1.129,12178.0,0.0012274
DAK,0.78392,0.555,1.129,12179.0,3.1694e-12
ANKUB1,0.73351,0.49,1.129,12180.0,1.1953e-08
ANO10,0.80866,0.588,1.129,12181.0,1.0162e-14
NPIPB11,0.49401,0.242,1.129,12182.0,0.013863
GSC,0.49413,0.242,1.129,12183.0,0.013852
DYNC2LI1,0.74315,0.502,1.129,12184.0,3.154e-09
UBXN10,0.49402,0.242,1.129,12185.0,0.013862
MEFV,0.80862,0.588,1.129,12186.0,1.0177e-14
TRIM16,0.74312,0.502,1.129,12187.0,3.1558e-09
TEX261,0.57255,0.312,1.13,12188.0,0.0012246
NOL12,0.57297,0.313,1.13,12189.0,0.0012204
RCN1,0.64769,0.389,1.13,12190.0,2.8821e-05
ZBTB45,0.6477,0.389,1.13,12191.0,2.8819e-05
ORC4,0.7911,0.564,1.13,12192.0,7.5667e-13
NPFFR2,0.71099,0.462,1.13,12193.0,1.6686e-07
SETMAR,0.62618,0.367,1.13,12194.0,0.00010188
RTCA,0.74422,0.503,1.13,12195.0,3.0927e-09
TSTA3,0.71048,0.462,1.13,12196.0,1.6808e-07
MXRA8,0.71077,0.462,1.13,12197.0,1.6738e-07
ECH1,0.69757,0.446,1.13,12198.0,6.1604e-07
NYX,0.36082,0.146,1.131,12199.0,0.12961
MEGF11,0.89139,0.708,1.131,12200.0,2.3668e-30
DHX35,0.87159,0.678,1.131,12201.0,4.3653e-25
AC109829.1,0.60244,0.342,1.131,12202.0,0.00035252
SMIM12,0.0,0.0,1.131,12203.0,0.56679
FHL2,0.64812,0.39,1.131,12204.0,2.8693e-05
NUCB2,0.76283,0.526,1.131,12205.0,2.0028e-10
MVB12A,0.667,0.41,1.131,12206.0,8.024e-06
GADD45A,0.43878,0.199,1.131,12207.0,0.044075
SDC4,0.53802,0.28,1.131,12208.0,0.0041475
FAM188B,0.84205,0.635,1.131,12209.0,3.2175000000000004e-19
TMEM175,0.74489,0.503,1.131,12210.0,3.0549e-09
ZNF891,0.69789,0.446,1.131,12211.0,6.1344e-07
IGF2,0.43859,0.199,1.131,12212.0,0.044127
PGS1,0.778,0.546,1.131,12213.0,1.2572e-11
ERAP1,0.87763,0.687,1.132,12214.0,2.0562e-26
CXCR2,0.49533,0.243,1.132,12215.0,0.013736
MYF6,0.53885,0.281,1.132,12216.0,0.0041218
GSX1,0.43896,0.199,1.132,12217.0,0.044024
TTLL10,0.77894,0.547,1.132,12218.0,1.2286e-11
BTBD8,0.69859,0.447,1.132,12219.0,6.077e-07
MFI2,0.8257,0.611,1.132,12220.0,1.1795e-16
ASTL,0.69895,0.447,1.132,12221.0,6.048e-07
OR2W1,0.43881,0.199,1.132,12222.0,0.044066
FUK,0.88984,0.705,1.132,12223.0,1.0421e-29
OMA1,0.77909,0.547,1.132,12224.0,1.2241e-11
RNF152,0.36173,0.147,1.133,12225.0,0.12894
SLC5A4,0.82646,0.611,1.133,12226.0,1.148e-16
APOL5,0.69946,0.447,1.133,12227.0,6.0075e-07
NCF1,0.64941,0.39,1.133,12228.0,2.8311e-05
CLN6,0.62786,0.367,1.133,12229.0,0.00010025
SPINK1,0.24148,0.085,1.133,12230.0,0.31476
AC007040.11,0.539,0.281,1.133,12231.0,0.004117
ZBTB25,0.68464,0.43,1.133,12232.0,2.1949e-06
HBG1,0.0,0.0,1.133,12233.0,0.56611
LRRC20,0.43951,0.199,1.133,12234.0,0.04387
SLC47A2,0.81149,0.59,1.133,12235.0,9.2836e-15
RNASEL,0.76405,0.527,1.133,12236.0,1.9513e-10
PDSS2,0.72448,0.477,1.133,12237.0,4.3743e-08
OPA3,0.0,0.0,1.134,12238.0,0.5657
UGT1A4,0.6998,0.447,1.134,12239.0,5.9807e-07
TDP2,0.73661,0.492,1.134,12240.0,1.134e-08
SHQ1,0.77306,0.538,1.134,12241.0,4.7806e-11
COG8,0.74637,0.504,1.134,12242.0,2.9725e-09
GLT8D1,0.7366,0.492,1.134,12243.0,1.1343e-08
C17orf66,0.82258,0.605,1.134,12244.0,4.8498e-16
PDZD7,0.7557,0.516,1.134,12245.0,7.6433e-10
CXCL11,0.24192,0.085,1.135,12246.0,0.31408
SH3BP2,0.78142,0.549,1.135,12247.0,1.156e-11
TFEC,0.72583,0.478,1.135,12248.0,4.2824e-08
MRFAP1,0.24194,0.085,1.135,12249.0,0.31404
BRMS1,0.71481,0.464,1.136,12250.0,1.579e-07
CLEC10A,0.66998,0.412,1.136,12251.0,7.7599e-06
PADI1,0.81849,0.599,1.136,12252.0,2.0388e-15
PADI4,0.82412,0.606,1.136,12253.0,4.6001e-16
TMEM30C,0.0,0.0,1.136,12254.0,0.56514
PVRIG,0.54057,0.281,1.136,12255.0,0.0040685
HOXC11,0.54088,0.282,1.136,12256.0,0.004059
KRT28,0.75718,0.517,1.136,12257.0,7.4212e-10
CHRNA5,0.68638,0.431,1.136,12258.0,2.1488e-06
RIC3,0.68653,0.431,1.136,12259.0,2.1447e-06
COMMD3,0.65131,0.392,1.136,12260.0,2.776e-05
OR10K1,0.24225,0.085,1.136,12261.0,0.31356
PIK3C2G,0.9211,0.751,1.136,12262.0,9.501299999999998e-40
HS3ST3A1,0.49713,0.244,1.136,12263.0,0.013565
PINK1,0.76592,0.528,1.136,12264.0,1.8749e-10
ACTL9,0.54104,0.282,1.137,12265.0,0.0040543
CCDC58,0.54096,0.282,1.137,12266.0,0.0040567
GUF1,0.83818,0.626,1.137,12267.0,5.3495e-18
B4GALT4,0.70174,0.449,1.137,12268.0,5.8287e-07
C9orf24,0.68687,0.431,1.137,12269.0,2.1359e-06
NPL,0.71526,0.465,1.137,12270.0,1.5688e-07
FUT4,0.67033,0.413,1.137,12271.0,7.7294e-06
CCDC85B,0.24241,0.085,1.137,12272.0,0.31331
OVOL3,0.57639,0.315,1.137,12273.0,0.0011868
PNKD,0.728,0.48,1.138,12274.0,4.1392e-08
POF1B,0.77562,0.54,1.138,12275.0,4.507e-11
LMOD3,0.71602,0.465,1.138,12276.0,1.5519e-07
SPR,0.44121,0.2,1.138,12277.0,0.0434
ASTE1,0.75863,0.518,1.138,12278.0,7.2103e-10
WFIKKN1,0.67065,0.413,1.138,12279.0,7.7014e-06
ALDH9A1,0.78347,0.55,1.138,12280.0,1.0995e-11
ZNF502,0.72768,0.48,1.138,12281.0,4.1603e-08
NOX4,0.85143,0.644,1.138,12282.0,5.7555e-20
IL17RB,0.77608,0.54,1.139,12283.0,4.4601e-11
ITGB1BP1,0.63134,0.37,1.139,12284.0,9.6972e-05
CENPH,0.71625,0.465,1.139,12285.0,1.5465e-07
RAD51L3-RFFL,0.68838,0.432,1.139,12286.0,2.0968e-06
HSD17B13,0.65268,0.392,1.139,12287.0,2.7371e-05
CTC-512J12.6,0.36357,0.148,1.139,12288.0,0.12761
C6ORF165,0.81582,0.594,1.139,12289.0,8.0894e-15
NEBL,0.91507,0.74,1.139,12290.0,1.7679e-36
ZNF185,0.79773,0.569,1.139,12291.0,6.3026e-13
FAM177A1,0.57719,0.315,1.139,12292.0,0.0011791
TRMT10C,0.6312,0.369,1.139,12293.0,9.7105e-05
FBXO44,0.6879,0.432,1.139,12294.0,2.1091e-06
FAM81B,0.78414,0.551,1.139,12295.0,1.0816e-11
HEXDC,0.77726,0.541,1.14,12296.0,4.3406e-11
ASPG,0.79845,0.57,1.14,12297.0,6.1787e-13
EXOSC5,0.54253,0.283,1.14,12298.0,0.0040091
LZIC,0.57804,0.315,1.14,12299.0,0.0011711
CAPN9,0.86656,0.666,1.14,12300.0,1.3256e-22
HSPB8,0.4422,0.2,1.14,12301.0,0.043128
HSPBAP1,0.7766,0.541,1.14,12302.0,4.4074e-11
RDH8,0.57806,0.316,1.14,12303.0,0.0011708
C14orf164,0.74049,0.494,1.14,12304.0,1.0617e-08
CALR3,0.76027,0.519,1.14,12305.0,6.9788e-10
CTD-2260A17.2,0.0,0.0,1.14,12306.0,0.56415
OSCP1,0.75989,0.519,1.14,12307.0,7.0317e-10
TMA16,0.63183,0.37,1.14,12308.0,9.6522e-05
FAM64A,0.57859,0.316,1.141,12309.0,0.0011659
NAGS,0.72967,0.481,1.141,12310.0,4.0325e-08
ANO6,0.90322,0.72,1.141,12311.0,7.3158e-32
PCDHGB2,0.79241,0.561,1.141,12312.0,2.5408e-12
C11orf70,0.68947,0.433,1.141,12313.0,2.0691e-06
HTR3A,0.76914,0.531,1.141,12314.0,1.7499e-10
COX7C,0.0,0.0,1.141,12315.0,0.56366
HAAO,0.7408,0.495,1.141,12316.0,1.0561e-08
PAPLN,0.91991,0.746,1.141,12317.0,7.489499999999999e-38
IL17A,0.44249,0.2,1.141,12318.0,0.043049
SKA3,0.71787,0.466,1.141,12319.0,1.5109e-07
STOM,0.65383,0.393,1.141,12320.0,2.7047e-05
SAMD12,0.57856,0.316,1.141,12321.0,0.0011661
SLC2A9,0.76051,0.519,1.141,12322.0,6.9451e-10
C15orf52,0.80612,0.579,1.142,12323.0,1.405e-13
UBXN11,0.80631,0.579,1.142,12324.0,1.3973e-13
PPP1R36,0.77017,0.531,1.142,12325.0,1.7114e-10
KCNJ5,0.60797,0.345,1.142,12326.0,0.00033577
AGBL1,0.90035,0.715,1.142,12327.0,1.4377000000000002e-30
CCDC37,0.84174,0.629,1.142,12328.0,4.6757e-18
CBLC,0.77829,0.542,1.142,12329.0,4.2394e-11
GRAMD3,0.7927,0.561,1.142,12330.0,2.5212e-12
ZFYVE19,0.8129,0.588,1.143,12331.0,3.2046e-14
KIF9,0.86532,0.662,1.143,12332.0,5.484099999999999e-22
CDCA5,0.57939,0.316,1.143,12333.0,0.0011583
DMP1,0.71892,0.467,1.143,12334.0,1.4881e-07
ENPEP,0.89366,0.705,1.143,12335.0,1.3877999999999998e-28
RBFA,0.6334,0.371,1.143,12336.0,9.5095e-05
SARM1,0.77047,0.532,1.143,12337.0,1.7007e-10
TERF2IP,0.65514,0.394,1.143,12338.0,2.6683e-05
DALRD3,0.7708,0.532,1.143,12339.0,1.6886e-10
CCER2,0.54382,0.283,1.143,12340.0,0.0039706
PPP1R14A,0.36482,0.148,1.143,12341.0,0.12672
PRG3,0.60844,0.345,1.143,12342.0,0.00033439
C2orf61,0.63334,0.371,1.143,12343.0,9.5142e-05
SCRN3,0.71915,0.467,1.143,12344.0,1.4833e-07
ACAT2,0.7057,0.451,1.143,12345.0,5.5303e-07
GPR113,0.86902,0.667,1.143,12346.0,1.1879e-22
DQX1,0.85487,0.647,1.143,12347.0,5.0034e-20
HDHD1,0.36489,0.148,1.143,12348.0,0.12667
SCTR,0.79419,0.562,1.144,12349.0,2.4257e-12
ADAD2,0.79475,0.563,1.144,12350.0,2.3904e-12
TSEN2,0.78696,0.553,1.144,12351.0,1.0092e-11
C3orf20,0.86288,0.658,1.144,12352.0,2.381e-21
CSRP1,0.60899,0.345,1.144,12353.0,0.0003328
LRRC2,0.70609,0.451,1.144,12354.0,5.5017e-07
SNAI3,0.50055,0.246,1.144,12355.0,0.013249
RP11-385D13.1,0.88462,0.69,1.144,12356.0,5.7998e-26
TRIT1,0.77986,0.543,1.144,12357.0,4.0895e-11
HYKK,0.67511,0.415,1.145,12358.0,7.3257e-06
KRT84,0.76338,0.521,1.145,12359.0,6.5597e-10
MPO,0.81992,0.597,1.145,12360.0,7.105e-15
SLC22A8,0.75363,0.509,1.145,12361.0,2.6004e-09
VAMP1,0.54487,0.284,1.145,12362.0,0.0039396
HAO1,0.72035,0.468,1.145,12363.0,1.4578e-07
ZNF786,0.79534,0.563,1.145,12364.0,2.3543e-12
TATDN3,0.70694,0.452,1.145,12365.0,5.4402e-07
CES3,0.79561,0.563,1.146,12366.0,2.3374e-12
CSNK1A1L,0.50138,0.246,1.146,12367.0,0.013174
IQCK,0.69213,0.435,1.146,12368.0,2.0032e-06
GPR112,0.91575,0.736,1.146,12369.0,1.2147e-34
MASP2,0.81461,0.589,1.146,12370.0,3.0428e-14
TIMM21,0.63538,0.372,1.146,12371.0,9.3324e-05
SLC13A2,0.80902,0.581,1.146,12372.0,1.2919e-13
CSH2,0.50129,0.246,1.146,12373.0,0.013182
TRPV3,0.85694,0.648,1.146,12374.0,4.6013e-20
ESD,0.70757,0.452,1.146,12375.0,5.3945e-07
MRPS24,0.5454,0.284,1.146,12376.0,0.0039242
ANKRD61,0.54533,0.284,1.146,12377.0,0.0039262
TTC16,0.84518,0.631,1.146,12378.0,4.1102e-18
TRIM69,0.75421,0.51,1.146,12379.0,2.5727e-09
ZNF432,0.81502,0.589,1.146,12380.0,3.0049e-14
TSR3,0.5813,0.317,1.147,12381.0,0.0011406
NBPF1,0.88416,0.688,1.147,12382.0,2.3773e-25
HMGN5,0.24484,0.086,1.147,12383.0,0.30957
MRPL2,0.72175,0.469,1.147,12384.0,1.4285e-07
SH3RF2,0.80957,0.582,1.147,12385.0,1.2714e-13
ARSG,0.76486,0.522,1.147,12386.0,6.3682e-10
CIB1,0.61131,0.347,1.148,12387.0,0.00032612
KIR2DL4,0.44526,0.202,1.148,12388.0,0.042308
ATP5J2-PTCD1,0.8161,0.59,1.148,12389.0,2.9087e-14
TGDS,0.75614,0.511,1.148,12390.0,2.4826e-09
PTCD1,0.8161,0.59,1.148,12391.0,2.9087e-14
CDKL3,0.79696,0.564,1.148,12392.0,2.2569e-12
CHRNA3,0.72218,0.469,1.148,12393.0,1.4197e-07
RILPL2,0.54658,0.285,1.148,12394.0,0.00389
SPATA7,0.80488,0.574,1.149,12395.0,5.1769e-13
SCPEP1,0.81076,0.582,1.149,12396.0,1.2284e-13
FAM195B,0.44561,0.202,1.149,12397.0,0.042217
CA4,0.67751,0.417,1.149,12398.0,7.1318e-06
DFNB59,0.73482,0.484,1.149,12399.0,3.7194e-08
PLK5,0.63692,0.373,1.149,12400.0,9.1971e-05
GCKR,0.85129,0.639,1.149,12401.0,8.5354e-19
SH2D1B,0.5029,0.247,1.149,12402.0,0.013037
CD276,0.75642,0.511,1.149,12403.0,2.4699e-09
IQCF1,0.58312,0.318,1.15,12404.0,0.0011241
ZNF195,0.54736,0.285,1.15,12405.0,0.0038677
HOXC9,0.5034,0.247,1.15,12406.0,0.012993
ZNF738,0.44634,0.202,1.15,12407.0,0.042023
FUNDC1,0.44623,0.202,1.15,12408.0,0.042053
TIFA,0.36726,0.149,1.15,12409.0,0.12501
TPMT,0.67783,0.417,1.15,12410.0,7.1064e-06
VWA8,0.97917,0.836,1.15,12411.0,8.4114e-70
CWF19L1,0.82904,0.607,1.15,12412.0,1.4404e-15
TSSK2,0.54759,0.285,1.15,12413.0,0.003861
LPO,0.83849,0.62,1.15,12414.0,7.4989e-17
ADAMTSL5,0.78418,0.546,1.151,12415.0,3.7025e-11
OTOP3,0.78428,0.546,1.151,12416.0,3.6938e-11
CAPN11,0.881,0.681,1.151,12417.0,4.4077e-24
NBPF3,0.85274,0.64,1.151,12418.0,8.0766e-19
ZSCAN31,0.73607,0.485,1.151,12419.0,3.647e-08
CCDC154,0.83946,0.621,1.151,12420.0,7.2485e-17
TMC2,0.89547,0.702,1.151,12421.0,2.083e-27
ARHGEF19,0.86073,0.651,1.151,12422.0,3.9492e-20
MFAP3,0.58356,0.319,1.151,12423.0,0.0011201
RPTN,0.65964,0.397,1.151,12424.0,2.5475e-05
TLL2,0.90932,0.724,1.151,12425.0,2.1374e-31
GCSAML,0.36765,0.149,1.151,12426.0,0.12474
TMPRSS15,0.9115,0.727,1.151,12427.0,4.5847e-32
BAG2,0.44643,0.202,1.151,12428.0,0.042
PRCP,0.79275,0.557,1.152,12429.0,8.7577e-12
EXOC3L1,0.85751,0.646,1.152,12430.0,1.7404000000000002e-19
PNP,0.67919,0.418,1.152,12431.0,6.9987e-06
COMMD4,0.61344,0.348,1.152,12432.0,0.00032013
FARS2,0.74828,0.5,1.152,12433.0,9.2964e-09
PDPN,0.61331,0.348,1.152,12434.0,0.00032048
MUL1,0.69601,0.437,1.152,12435.0,1.9108e-06
SERPINB13,0.67898,0.418,1.152,12436.0,7.0156e-06
MBOAT4,0.72528,0.471,1.153,12437.0,1.3575e-07
EDARADD,0.61413,0.348,1.153,12438.0,0.0003182
C1QA,0.54902,0.286,1.153,12439.0,0.0038204
PFKP,0.88579,0.687,1.153,12440.0,8.834200000000001e-25
ACADM,0.80057,0.567,1.153,12441.0,2.0548e-12
PLA2G3,0.78588,0.547,1.153,12442.0,3.5604e-11
CNGB1,0.92835,0.752,1.153,12443.0,1.8369e-37
SCLY,0.75947,0.513,1.153,12444.0,2.3341e-09
CHRNA6,0.73739,0.486,1.153,12445.0,3.5719e-08
PLSCR4,0.69656,0.437,1.153,12446.0,1.8979e-06
SLC35A5,0.69684,0.438,1.153,12447.0,1.8916e-06
WHAMM,0.80755,0.576,1.153,12448.0,4.8122e-13
ARMC4,0.88885,0.691,1.153,12449.0,1.9031000000000002e-25
RNF141,0.63899,0.374,1.153,12450.0,9.0192e-05
CNTN6,0.9089,0.722,1.153,12451.0,9.0232e-31
ZNF623,0.68006,0.419,1.153,12452.0,6.9313e-06
MOCOS,0.85936,0.648,1.154,12453.0,1.6193000000000002e-19
YPEL3,0.44793,0.203,1.154,12454.0,0.041612
SLC22A2,0.80122,0.567,1.154,12455.0,2.0202e-12
SPRY3,0.54951,0.286,1.154,12456.0,0.0038066
TWIST2,0.0,0.0,1.154,12457.0,0.56004
NR1I3,0.73822,0.487,1.154,12458.0,3.5259e-08
FAM183A,0.44787,0.203,1.154,12459.0,0.041627
TMEM127,0.50485,0.248,1.154,12460.0,0.012865
FIGF,0.66156,0.398,1.154,12461.0,2.498e-05
FASTKD3,0.76903,0.525,1.154,12462.0,5.8599e-10
ZNF165,0.74946,0.5,1.154,12463.0,9.111e-09
OFCC1,0.69701,0.438,1.154,12464.0,1.8876e-06
NEK4,0.89493,0.7,1.154,12465.0,8.688300000000001e-27
LEPREL1,0.86717,0.659,1.155,12466.0,7.787799999999999e-21
MTHFD2L,0.68103,0.419,1.155,12467.0,6.8566e-06
C18orf54,0.69797,0.438,1.155,12468.0,1.8657e-06
C1RL,0.73934,0.487,1.156,12469.0,3.4642e-08
HLA-DRB1,0.58586,0.32,1.156,12470.0,0.0010997
HRH1,0.69831,0.439,1.156,12471.0,1.858e-06
NCR3LG1,0.64092,0.375,1.156,12472.0,8.8569e-05
C9orf117,0.79522,0.559,1.156,12473.0,8.2434e-12
DIRC2,0.76139,0.514,1.156,12474.0,2.2526e-09
OXSM,0.66249,0.398,1.156,12475.0,2.4742e-05
OIT3,0.78799,0.549,1.156,12476.0,3.392e-11
IZUMO2,0.66246,0.398,1.156,12477.0,2.4749e-05
DCDC2,0.77076,0.526,1.156,12478.0,5.6611e-10
DCSTAMP,0.69818,0.438,1.156,12479.0,1.8609e-06
ISCU,0.44851,0.203,1.156,12480.0,0.041463
PCDHA13,0.82183,0.594,1.156,12481.0,2.4469e-14
LRRC9,0.92048,0.737,1.157,12482.0,1.5993e-33
TACR2,0.64118,0.375,1.157,12483.0,8.8349e-05
XKRX,0.61603,0.349,1.157,12484.0,0.00031303
KHDC3L,0.36981,0.15,1.157,12485.0,0.12327
C16orf97,0.44903,0.203,1.157,12486.0,0.04133
MSRB3,0.55097,0.287,1.157,12487.0,0.003766
OR8D4,0.36964,0.15,1.157,12488.0,0.12338
NDUFS4,0.61642,0.35,1.157,12489.0,0.00031196
TRPA1,0.92451,0.743,1.157,12490.0,7.2309e-35
SLC9A3R1,0.6411,0.375,1.157,12491.0,8.8416e-05
C11orf88,0.61646,0.35,1.158,12492.0,0.00031184
ABCC2,0.95304,0.788,1.158,12493.0,5.2025e-47
PTPMT1,0.50698,0.249,1.158,12494.0,0.012681
ORMDL1,0.36989,0.15,1.158,12495.0,0.12321
TFAP2E,0.66363,0.399,1.158,12496.0,2.4455e-05
MSH3,0.91248,0.725,1.158,12497.0,7.4413000000000005e-31
SBSPON,0.68299,0.42,1.158,12498.0,6.7083e-06
EFCAB6,0.95015,0.784,1.158,12499.0,1.1933000000000001e-45
STX4,0.72817,0.473,1.158,12500.0,1.3021e-07
H3F3A,0.37005,0.15,1.158,12501.0,0.1231
SIAE,0.79755,0.56,1.159,12502.0,7.7865e-12
EPCAM,0.72911,0.474,1.159,12503.0,1.2844e-07
CLIC4,0.58737,0.321,1.159,12504.0,0.0010866
ZNF226,0.82961,0.604,1.159,12505.0,5.2389e-15
SLC12A9,0.83515,0.611,1.159,12506.0,1.1806e-15
ZNF595,0.24756,0.087,1.159,12507.0,0.3055
MLNR,0.50722,0.249,1.159,12508.0,0.012661
EIF4EBP2,0.24755,0.087,1.159,12509.0,0.30552
HPSE,0.82439,0.596,1.159,12510.0,2.266e-14
BAG5,0.70046,0.44,1.159,12511.0,1.81e-06
SLC25A10,0.71537,0.457,1.159,12512.0,4.8646e-07
SLC25A29,0.58742,0.321,1.159,12513.0,0.0010861
FAM153A,0.68314,0.42,1.159,12514.0,6.6975e-06
CEP44,0.72974,0.474,1.16,12515.0,1.2728e-07
CMTR2,0.77361,0.528,1.16,12516.0,5.3475e-10
HSD17B7,0.68381,0.421,1.16,12517.0,6.6475e-06
FAM169B,0.50779,0.249,1.16,12518.0,0.012612
TPBG,0.50761,0.249,1.16,12519.0,0.012627
MRO,0.70104,0.44,1.16,12520.0,1.7975e-06
GYPA,0.588,0.321,1.16,12521.0,0.0010811
SLX1A,0.37068,0.15,1.16,12522.0,0.12268
ZNF675,0.37072,0.15,1.16,12523.0,0.12265
ZNF200,0.70112,0.44,1.16,12524.0,1.7956e-06
CHTF18,0.9056,0.712,1.161,12525.0,3.0746999999999997e-28
ZNHIT6,0.7989,0.561,1.161,12526.0,7.5337e-12
GCNT2,0.6652,0.4,1.161,12527.0,2.4065e-05
DFFA,0.64333,0.377,1.161,12528.0,8.6585e-05
RHOB,0.37091,0.151,1.161,12529.0,0.12253
AC006547.14,0.71646,0.458,1.161,12530.0,4.795e-07
TMED6,0.64365,0.377,1.161,12531.0,8.6323e-05
RPUSD4,0.71745,0.459,1.162,12532.0,4.7321e-07
ANKK1,0.79963,0.562,1.162,12533.0,7.4008e-12
PCDHA11,0.84759,0.627,1.162,12534.0,5.4635e-17
ADAM28,0.88978,0.688,1.162,12535.0,2.9634000000000002e-24
MCAT,0.61861,0.351,1.162,12536.0,0.00030611
PLEKHF1,0.50884,0.25,1.162,12537.0,0.012523
GDAP1,0.74349,0.49,1.162,12538.0,3.2448e-08
SYNM,0.88926,0.688,1.162,12539.0,3.0339e-24
TULP2,0.84247,0.62,1.162,12540.0,2.4676e-16
PIGX,0.66611,0.401,1.162,12541.0,2.3843e-05
OCEL1,0.61869,0.351,1.162,12542.0,0.00030592
ADM,0.451,0.204,1.162,12543.0,0.040831
SERPINB11,0.71744,0.459,1.162,12544.0,4.7328e-07
GNE,0.84227,0.62,1.162,12545.0,2.4844e-16
MLC1,0.74354,0.49,1.162,12546.0,3.2425e-08
ACADL,0.80692,0.571,1.162,12547.0,1.743e-12
LDLRAP1,0.68577,0.422,1.163,12548.0,6.5037e-06
C2orf62,0.76562,0.517,1.163,12549.0,2.0831e-09
ELL3,0.80789,0.572,1.163,12550.0,1.6997e-12
PPAN,0.80733,0.572,1.163,12551.0,1.7244e-12
PPAN-P2RY11,0.80733,0.572,1.163,12552.0,1.7244e-12
CA13,0.70277,0.441,1.163,12553.0,1.7599e-06
BAG1,0.68546,0.422,1.163,12554.0,6.5264e-06
FUT11,0.70278,0.441,1.163,12555.0,1.7598e-06
SLC24A5,0.77548,0.53,1.163,12556.0,5.1503e-10
SLC19A1,0.6863,0.422,1.164,12557.0,6.4655e-06
NPSR1,0.76643,0.518,1.164,12558.0,2.0518e-09
MEGT1,0.73189,0.476,1.164,12559.0,1.234e-07
TRIM62,0.7448,0.491,1.164,12560.0,3.1787e-08
TIGD1,0.5541,0.289,1.164,12561.0,0.0036808
LTF,0.87797,0.67,1.164,12562.0,1.2664999999999998e-21
SLC22A18,0.68641,0.422,1.164,12563.0,6.458e-06
TPD52,0.64539,0.378,1.164,12564.0,8.4929e-05
SAMD15,0.78524,0.542,1.164,12565.0,1.2383e-10
C19orf55,0.77637,0.53,1.165,12566.0,5.0594e-10
LGALS9B,0.64608,0.378,1.165,12567.0,8.4381e-05
TSPAN2,0.66755,0.401,1.165,12568.0,2.3496e-05
CRTAM,0.75661,0.505,1.165,12569.0,8.0626e-09
ZC3HAV1L,0.59076,0.322,1.165,12570.0,0.0010577
GTF2IRD2,0.74533,0.491,1.165,12571.0,3.1521e-08
CBLN2,0.37226,0.151,1.165,12572.0,0.12162
NOD1,0.85909,0.642,1.165,12573.0,2.4602e-18
GRHPR,0.71895,0.46,1.165,12574.0,4.6393e-07
POLR3GL,0.66793,0.402,1.165,12575.0,2.3404e-05
PCDHB17,0.66759,0.401,1.165,12576.0,2.3485e-05
CYP2E1,0.75656,0.505,1.165,12577.0,8.0688e-09
CRYZL1,0.76747,0.519,1.166,12578.0,2.0125e-09
FAM83D,0.74582,0.492,1.166,12579.0,3.128e-08
PYROXD2,0.84021,0.615,1.166,12580.0,1.0027e-15
PKDREJ,0.76761,0.519,1.166,12581.0,2.0073e-09
HK3,0.88627,0.681,1.166,12582.0,5.599e-23
AMDHD1,0.74584,0.492,1.166,12583.0,3.1269e-08
IDUA,0.81658,0.582,1.166,12584.0,3.7599e-13
DMRTA1,0.68763,0.423,1.166,12585.0,6.3708e-06
SLC47A1,0.82924,0.6,1.166,12586.0,1.9605e-14
DZANK1,0.87667,0.666,1.167,12587.0,5.303399999999999e-21
GNPNAT1,0.51072,0.251,1.167,12588.0,0.012367
ERMAP,0.77791,0.531,1.167,12589.0,4.9067e-10
DUSP14,0.373,0.151,1.167,12590.0,0.12114
FRA10AC1,0.77786,0.531,1.167,12591.0,4.911e-10
SLC25A20,0.73398,0.477,1.167,12592.0,1.1972e-07
PDCD5,0.55554,0.289,1.167,12593.0,0.0036424
CCDC51,0.74627,0.492,1.167,12594.0,3.1061e-08
GCFC2,0.89309,0.69,1.167,12595.0,2.5566e-24
PLA2G4F,0.90751,0.712,1.167,12596.0,1.1507e-27
APOBEC3A,0.59224,0.323,1.168,12597.0,0.0010454
QTRTD1,0.77845,0.532,1.168,12598.0,4.8537e-10
BLK,0.82423,0.592,1.168,12599.0,8.348e-14
ZDHHC1,0.77864,0.532,1.168,12600.0,4.8355e-10
ITFG3,0.80368,0.564,1.168,12601.0,6.7039e-12
TMEM9,0.55605,0.29,1.168,12602.0,0.0036291
XIRP1,0.91835,0.728,1.168,12603.0,2.2682000000000002e-30
LAX1,0.62264,0.353,1.169,12604.0,0.00029571
LRPAP1,0.72133,0.461,1.169,12605.0,4.4951e-07
IZUMO1,0.74766,0.493,1.169,12606.0,3.0387e-08
CASP4,0.74748,0.493,1.169,12607.0,3.0474e-08
DPYS,0.79657,0.555,1.169,12608.0,2.785e-11
PPID,0.76971,0.52,1.169,12609.0,1.9309e-09
PLIN3,0.73504,0.478,1.169,12610.0,1.179e-07
MPI,0.73548,0.478,1.169,12611.0,1.1715e-07
COX6B1,0.37374,0.152,1.169,12612.0,0.12065
ME1,0.82486,0.593,1.169,12613.0,8.2005e-14
SEPT10,0.77968,0.533,1.169,12614.0,4.7356e-10
KDELC2,0.78901,0.544,1.17,12615.0,1.1421e-10
RRP15,0.62321,0.353,1.17,12616.0,0.00029428
ZNF764,0.64869,0.38,1.17,12617.0,8.2354e-05
LINGO4,0.64863,0.38,1.17,12618.0,8.2397e-05
GRM6,0.85348,0.631,1.17,12619.0,4.4632e-17
TNFRSF10D,0.74847,0.493,1.17,12620.0,3e-08
DUSP18,0.37401,0.152,1.17,12621.0,0.12048
SLC16A3,0.62338,0.353,1.17,12622.0,0.00029385
MRPL41,0.0,0.0,1.171,12623.0,0.55531
NEK5,0.89371,0.689,1.171,12624.0,1.0081e-23
FAM153B,0.7491,0.494,1.171,12625.0,2.9703e-08
SNRNP48,0.76027,0.508,1.171,12626.0,7.5727e-09
TMEM41A,0.62384,0.354,1.171,12627.0,0.00029269
DBF4B,0.7983,0.556,1.171,12628.0,2.677e-11
PMM1,0.70765,0.444,1.171,12629.0,1.6587e-06
FAM227A,0.84931,0.625,1.171,12630.0,1.9662e-16
CPT2,0.78115,0.534,1.172,12631.0,4.598e-10
ABRA,0.69079,0.425,1.172,12632.0,6.1508e-06
DMRT3,0.69076,0.425,1.172,12633.0,6.1531e-06
HELB,0.9036,0.703,1.172,12634.0,9.5899e-26
LTB4R,0.37485,0.152,1.172,12635.0,0.11994
ACADSB,0.79863,0.556,1.172,12636.0,2.6565e-11
GSTM3,0.72357,0.463,1.172,12637.0,4.3638e-07
TKTL2,0.73749,0.479,1.172,12638.0,1.1378e-07
OR10T2,0.37462,0.152,1.172,12639.0,0.12008
INS,0.25072,0.088,1.172,12640.0,0.30091
LRRC17,0.737,0.479,1.172,12641.0,1.1461e-07
WNT16,0.70797,0.445,1.172,12642.0,1.6523e-06
GDE1,0.6913,0.425,1.172,12643.0,6.1163e-06
SH3BGRL,0.25079,0.088,1.172,12644.0,0.30081
PHTF1,0.90338,0.703,1.172,12645.0,9.6863e-26
ADH6,0.70873,0.445,1.173,12646.0,1.6373e-06
DMGDH,0.89808,0.694,1.173,12647.0,2.0503e-24
FAM53A,0.5583,0.291,1.173,12648.0,0.0035705
IL1RL1,0.8143,0.577,1.173,12649.0,1.4407e-12
SLC39A3,0.37521,0.152,1.173,12650.0,0.1197
CROT,0.90092,0.699,1.173,12651.0,4.431500000000001e-25
IFLTD1,0.79105,0.546,1.173,12652.0,1.093e-10
RBM11,0.67228,0.404,1.173,12653.0,2.2392e-05
PLAC8,0.37547,0.152,1.174,12654.0,0.11953
FAM26E,0.59532,0.325,1.174,12655.0,0.0010205
ATAD3C,0.76263,0.509,1.174,12656.0,7.2718e-09
EGFL8,0.7382,0.48,1.174,12657.0,1.1262e-07
LINGO3,0.51382,0.252,1.174,12658.0,0.012114
GLT6D1,0.37541,0.152,1.174,12659.0,0.11957
ADAL,0.70931,0.445,1.174,12660.0,1.6257e-06
NR1I2,0.76267,0.509,1.174,12661.0,7.2668e-09
CCNO,0.55917,0.291,1.174,12662.0,0.003548
CHADL,0.75081,0.495,1.174,12663.0,2.8914e-08
RAB3C,0.62515,0.355,1.174,12664.0,0.00028942
DCT,0.82853,0.595,1.174,12665.0,7.3889e-14
CLIC5,0.70956,0.446,1.174,12666.0,1.6209e-06
CLN8,0.55874,0.291,1.174,12667.0,0.0035591
SSPN,0.45585,0.207,1.174,12668.0,0.039646
FCAMR,0.78242,0.534,1.174,12669.0,4.483e-10
DSPP,0.73864,0.48,1.174,12670.0,1.1191e-07
TAS1R1,0.82875,0.595,1.174,12671.0,7.3432e-14
INPP5J,0.85175,0.627,1.175,12672.0,1.8139e-16
PRSS27,0.65165,0.381,1.175,12673.0,8.0112e-05
FDXACB1,0.78335,0.535,1.175,12674.0,4.3999e-10
MRPL42,0.45605,0.207,1.175,12675.0,0.039597
MYO19,0.93635,0.751,1.175,12676.0,1.5479e-34
PAQR7,0.62574,0.355,1.175,12677.0,0.00028797
DPCD,0.62577,0.355,1.175,12678.0,0.00028791
SLC26A4,0.88638,0.676,1.175,12679.0,8.989799999999999e-22
ALG2,0.65114,0.381,1.175,12680.0,8.0497e-05
MED22,0.65128,0.381,1.175,12681.0,8.0393e-05
FMO4,0.79252,0.547,1.175,12682.0,1.0592e-10
NUDT17,0.73915,0.48,1.175,12683.0,1.1109e-07
GPATCH11,0.73889,0.48,1.175,12684.0,1.1151e-07
MED29,0.59549,0.325,1.175,12685.0,0.0010191
NPHS2,0.76304,0.51,1.175,12686.0,7.2218e-09
CD320,0.56008,0.292,1.176,12687.0,0.003525
C12orf10,0.78393,0.535,1.176,12688.0,4.3496e-10
IGFL3,0.5148,0.253,1.176,12689.0,0.012036
CYP1B1,0.67391,0.405,1.176,12690.0,2.2024e-05
CCDC126,0.37602,0.153,1.176,12691.0,0.11918
C6orf203,0.59633,0.326,1.176,12692.0,0.0010125
ADAM2,0.89048,0.682,1.176,12693.0,1.8889e-22
FRMPD2,0.93178,0.743,1.177,12694.0,1.5123e-32
CLDN1,0.59661,0.326,1.177,12695.0,0.0010103
CHMP1A,0.62695,0.356,1.177,12696.0,0.00028502
RANBP3L,0.84805,0.621,1.177,12697.0,7.8033e-16
TMLHE,0.65238,0.382,1.177,12698.0,7.9575e-05
UTP11L,0.74026,0.481,1.177,12699.0,1.0932e-07
MDH1B,0.83109,0.597,1.177,12700.0,6.8732e-14
HELT,0.59695,0.326,1.177,12701.0,0.0010075
TRIM55,0.83093,0.597,1.177,12702.0,6.9041e-14
GBP7,0.83726,0.605,1.177,12703.0,1.5462e-14
CEBPA,0.0,0.0,1.177,12704.0,0.55365
C16orf78,0.69386,0.427,1.177,12705.0,5.9448e-06
CCNB2,0.81005,0.569,1.177,12706.0,5.7407e-12
BLOC1S2,0.51591,0.253,1.178,12707.0,0.011948
C16orf93,0.75378,0.497,1.178,12708.0,2.7592e-08
CCDC173,0.84339,0.614,1.178,12709.0,3.4215e-15
LIPG,0.79443,0.548,1.178,12710.0,1.0165e-10
NOP16,0.51585,0.253,1.178,12711.0,0.011953
CHST9,0.76526,0.511,1.178,12712.0,6.9512e-09
NDUFA1,0.0,0.0,1.178,12713.0,0.55315
NSMCE1,0.67513,0.406,1.178,12714.0,2.1753e-05
TTLL13,0.81067,0.569,1.178,12715.0,5.6537e-12
SLC46A3,0.76551,0.511,1.179,12716.0,6.9222e-09
CCDC89,0.6538,0.383,1.179,12717.0,7.8532e-05
IL17F,0.45787,0.207,1.179,12718.0,0.039165
RAD51AP2,0.8779,0.662,1.179,12719.0,7.9703e-20
UBL4A,0.25238,0.089,1.179,12720.0,0.29855
CTBS,0.7413,0.482,1.179,12721.0,1.0768e-07
ZCCHC3,0.51604,0.253,1.179,12722.0,0.011938
STXBP6,0.65351,0.383,1.179,12723.0,7.8743e-05
CXCL1,0.37717,0.153,1.179,12724.0,0.11845
OR52I1,0.37698,0.153,1.179,12725.0,0.11857
CXCL12,0.37707,0.153,1.179,12726.0,0.11851
GOLGA6C,0.59779,0.326,1.179,12727.0,0.001001
NANOS3,0.45771,0.207,1.179,12728.0,0.039203
CLRN3,0.45765,0.207,1.179,12729.0,0.039218
GTF3C6,0.62792,0.356,1.179,12730.0,0.00028269
ACOT9,0.76653,0.512,1.18,12731.0,6.8017e-09
ISM2,0.80429,0.56,1.18,12732.0,2.3337e-11
FOXR1,0.71319,0.448,1.18,12733.0,1.551e-06
C20orf78,0.0,0.0,1.18,12734.0,0.55269
TGM7,0.87832,0.662,1.18,12735.0,7.8438e-20
FANK1,0.77718,0.525,1.18,12736.0,1.6807e-09
MARVELD2,0.81956,0.58,1.18,12737.0,1.2584e-12
ZNF354C,0.78678,0.537,1.18,12738.0,4.108e-10
COTL1,0.45825,0.208,1.18,12739.0,0.039077
ASAH1,0.81955,0.58,1.18,12740.0,1.2588e-12
BCMO1,0.8118,0.57,1.18,12741.0,5.5008e-12
UGT2A1,0.82616,0.589,1.18,12742.0,2.9014e-13
SQRDL,0.7865,0.537,1.18,12743.0,4.1314e-10
STK19,0.76704,0.512,1.181,12744.0,6.7428e-09
METTL2B,0.77756,0.525,1.181,12745.0,1.6691e-09
NT5E,0.80515,0.561,1.181,12746.0,2.2881e-11
EEFSEC,0.75521,0.498,1.181,12747.0,2.6975e-08
SLC15A5,0.77738,0.525,1.181,12748.0,1.6745e-09
ABHD3,0.77747,0.525,1.181,12749.0,1.6717e-09
ENPP6,0.76696,0.512,1.181,12750.0,6.7521e-09
HEPHL1,0.94174,0.756,1.181,12751.0,1.1459e-34
CUZD1,0.80508,0.561,1.181,12752.0,2.2917e-11
ZNF404,0.75556,0.498,1.181,12753.0,2.6828e-08
KRTAP1-3,0.37787,0.153,1.181,12754.0,0.11801
OAF,0.56258,0.293,1.181,12755.0,0.0034624
PTPRH,0.94787,0.765,1.182,12756.0,1.0298e-36
ASPN,0.74378,0.483,1.182,12757.0,1.0389e-07
FAM71F1,0.74333,0.483,1.182,12758.0,1.0457e-07
PCDHGA7,0.82054,0.581,1.182,12759.0,1.2273e-12
IL13RA2,0.72974,0.467,1.182,12760.0,4.021e-07
LURAP1,0.51752,0.254,1.182,12761.0,0.011822
EFCC1,0.74335,0.483,1.182,12762.0,1.0453e-07
SSUH2,0.78819,0.538,1.182,12763.0,3.9939e-10
EIF1AY,0.0,0.0,1.182,12764.0,0.55208
SEL1L2,0.8801,0.663,1.182,12765.0,7.3382e-20
TMEM179B,0.59933,0.327,1.182,12766.0,0.00098906
TXNDC17,0.45902,0.208,1.182,12767.0,0.038897
EFCAB1,0.63022,0.357,1.183,12768.0,0.00027724
PNLIPRP2,0.78841,0.539,1.183,12769.0,3.9766e-10
C6orf10,0.85806,0.631,1.183,12770.0,1.4756e-16
FARP2,0.94703,0.763,1.183,12771.0,4.6425e-36
TAPBP,0.76825,0.513,1.183,12772.0,6.6044e-09
KLRG1,0.56325,0.293,1.183,12773.0,0.0034459
OR6A2,0.37832,0.154,1.183,12774.0,0.11773
SRCRB4D,0.81425,0.572,1.183,12775.0,5.1832e-12
CALY,0.45989,0.208,1.184,12776.0,0.038696
IFIT3,0.37897,0.154,1.184,12777.0,0.11732
PCDHGA4,0.80707,0.562,1.184,12778.0,2.1897e-11
BBS4,0.85849,0.632,1.184,12779.0,1.4549e-16
ALOX15B,0.87321,0.652,1.184,12780.0,1.4819e-18
METTL6,0.67841,0.408,1.184,12781.0,2.1044e-05
NINJ1,0.37876,0.154,1.184,12782.0,0.11745
RASD1,0.45971,0.208,1.184,12783.0,0.038736
TRMT10A,0.7895,0.539,1.184,12784.0,3.8911e-10
C8A,0.85358,0.625,1.184,12785.0,6.5536e-16
C2orf48,0.25392,0.089,1.185,12786.0,0.2964
PNLIPRP3,0.80746,0.562,1.185,12787.0,2.1705e-11
EID2,0.25387,0.089,1.185,12788.0,0.29648
LMAN1L,0.83013,0.592,1.185,12789.0,2.6071e-13
TGM2,0.86874,0.646,1.185,12790.0,6.8118e-18
SPINK4,0.25396,0.089,1.186,12791.0,0.29634
MPC1,0.46076,0.209,1.186,12792.0,0.038495
STYK1,0.79959,0.552,1.186,12793.0,9.1009e-11
ARMCX6,0.37934,0.154,1.186,12794.0,0.11709
TK2,0.73195,0.468,1.186,12795.0,3.9054e-07
HFE,0.75856,0.5,1.186,12796.0,2.5587e-08
EIF1AD,0.565,0.294,1.186,12797.0,0.0034032
SGCZ,0.77008,0.514,1.186,12798.0,6.4001e-09
CYP2R1,0.79077,0.54,1.186,12799.0,3.793e-10
RAP2C,0.25399,0.089,1.186,12800.0,0.29631
GPR157,0.60123,0.328,1.186,12801.0,0.00097453
HIBCH,0.83057,0.592,1.186,12802.0,2.5766e-13
ABCA8,0.9845,0.821,1.186,12803.0,1.6089999999999998e-52
ACD,0.8243,0.584,1.187,12804.0,1.1148e-12
PDE6B,0.92018,0.72,1.187,12805.0,2.6155e-27
TAC3,0.51977,0.255,1.187,12806.0,0.01165
THUMPD2,0.78175,0.528,1.187,12807.0,1.5442e-09
C11orf48,0.68045,0.409,1.187,12808.0,2.0614e-05
WDR31,0.78161,0.528,1.187,12809.0,1.5482e-09
ADAT1,0.83113,0.593,1.187,12810.0,2.5388e-13
C1orf35,0.6578,0.385,1.187,12811.0,7.568e-05
CNTLN,0.97974,0.812,1.187,12812.0,3.9521e-49
C7orf73,0.0,0.0,1.187,12813.0,0.55075
OR2B6,0.56512,0.294,1.187,12814.0,0.0034004
CAPZA3,0.60171,0.328,1.187,12815.0,0.00097097
PSPH,0.60223,0.329,1.188,12816.0,0.00096703
USP41,0.80933,0.564,1.188,12817.0,2.0796e-11
CLEC2B,0.52025,0.255,1.188,12818.0,0.011614
GAS8,0.82527,0.584,1.188,12819.0,1.0876e-12
ATP7B,0.93189,0.737,1.188,12820.0,4.8001e-30
ZNF554,0.79173,0.541,1.188,12821.0,3.7213e-10
CYP8B1,0.68073,0.409,1.188,12822.0,2.0558e-05
TMEM109,0.65868,0.386,1.188,12823.0,7.507e-05
HSD11B1L,0.63294,0.359,1.188,12824.0,0.00027093
GDF9,0.70053,0.431,1.188,12825.0,5.5222e-06
MCOLN2,0.84451,0.611,1.188,12826.0,1.2502e-14
PTPLAD2,0.68071,0.409,1.188,12827.0,2.0561e-05
ALG3,0.79232,0.541,1.188,12828.0,3.6777e-10
HYAL3,0.73343,0.469,1.188,12829.0,3.8292e-07
SIT1,0.60251,0.329,1.188,12830.0,0.00096493
PARP11,0.77215,0.516,1.189,12831.0,6.1763e-09
SLC25A30,0.77219,0.516,1.189,12832.0,6.1722e-09
PRF1,0.7011,0.432,1.189,12833.0,5.4875e-06
YEATS4,0.6593,0.386,1.189,12834.0,7.464e-05
PCDHA12,0.83294,0.594,1.189,12835.0,2.4185e-13
CD109,0.97153,0.798,1.189,12836.0,2.2706999999999997e-44
TMEM40,0.76043,0.501,1.189,12837.0,2.4842e-08
PRODH2,0.83242,0.594,1.189,12838.0,2.452e-13
ATP6V0E2,0.25481,0.089,1.189,12839.0,0.29517
WDR89,0.65902,0.386,1.189,12840.0,7.4832e-05
CTD-2410N18.5,0.38055,0.154,1.189,12841.0,0.11635
PPIH,0.65932,0.386,1.189,12842.0,7.4626e-05
ABHD16B,0.6597,0.386,1.19,12843.0,7.4371e-05
AK8,0.81093,0.565,1.19,12844.0,2.0053e-11
ACBD7,0.38103,0.155,1.19,12845.0,0.11605
PRKAG3,0.81902,0.575,1.19,12846.0,4.618e-12
CLDN22,0.46237,0.21,1.19,12847.0,0.038131
CMTM7,0.4622,0.209,1.19,12848.0,0.038169
CENPA,0.52128,0.256,1.19,12849.0,0.011536
IQCF5,0.52108,0.256,1.19,12850.0,0.011551
APOA4,0.70167,0.432,1.19,12851.0,5.4536e-06
HDDC2,0.68196,0.41,1.19,12852.0,2.0302e-05
GANC,0.94933,0.762,1.191,12853.0,7.545700000000001e-35
SLC2A5,0.79382,0.542,1.191,12854.0,3.5691e-10
TRDMT1,0.79396,0.542,1.191,12855.0,3.5589e-10
PLA2G12B,0.604,0.33,1.191,12856.0,0.00095391
SFXN3,0.76164,0.502,1.191,12857.0,2.4372e-08
MUTYH,0.87777,0.656,1.191,12858.0,1.2619e-18
ZKSCAN3,0.81171,0.565,1.191,12859.0,1.9697e-11
CYP26A1,0.80318,0.554,1.191,12860.0,8.4269e-11
PGLYRP3,0.74918,0.487,1.191,12861.0,9.6075e-08
EPPIN,0.6602,0.386,1.191,12862.0,7.4025e-05
EPPIN-WFDC6,0.6602,0.386,1.191,12863.0,7.4025e-05
ERAP2,0.92859,0.73,1.191,12864.0,1.0027999999999999e-28
DDX49,0.84068,0.604,1.191,12865.0,5.2505e-14
APOM,0.60376,0.33,1.191,12866.0,0.00095567
RNF39,0.68243,0.41,1.191,12867.0,2.0207e-05
DGUOK,0.73578,0.47,1.192,12868.0,3.7122e-07
MAP9,0.85315,0.621,1.192,12869.0,2.5444e-15
RPF1,0.7628,0.503,1.192,12870.0,2.3931e-08
EFCAB7,0.86941,0.643,1.192,12871.0,2.6115e-17
EFNA2,0.46291,0.21,1.192,12872.0,0.038008
AWAT1,0.63506,0.36,1.192,12873.0,0.00026614
OPRD1,0.56836,0.296,1.193,12874.0,0.0033233
BTN3A1,0.77511,0.518,1.193,12875.0,5.8712e-09
IGFBP1,0.60498,0.33,1.193,12876.0,0.00094677
STARD6,0.63545,0.36,1.193,12877.0,0.00026527
TSTD2,0.81332,0.566,1.193,12878.0,1.8987e-11
ANGPTL6,0.7634,0.503,1.193,12879.0,2.3705e-08
TRAPPC12,0.85999,0.629,1.193,12880.0,5.3624e-16
SH2D7,0.76335,0.503,1.193,12881.0,2.3722e-08
FAM163A,0.38193,0.155,1.193,12882.0,0.1155
RUFY4,0.84197,0.605,1.193,12883.0,5.0653e-14
SLAMF8,0.70356,0.433,1.193,12884.0,5.341e-06
ANKRD9,0.25594,0.09,1.194,12885.0,0.29363
C3orf30,0.77527,0.518,1.194,12886.0,5.8545e-09
CCDC171,0.9816,0.811,1.194,12887.0,3.035e-47
CD68,0.72129,0.453,1.194,12888.0,1.4063e-06
CALHM3,0.5691,0.296,1.195,12889.0,0.003306
GCOM1,0.88573,0.665,1.195,12890.0,2.3874e-19
STEAP1,0.70477,0.434,1.195,12891.0,5.27e-06
SEC22A,0.72204,0.454,1.195,12892.0,1.3936e-06
ST3GAL6,0.76457,0.504,1.195,12893.0,2.3272e-08
KCNAB3,0.87165,0.645,1.195,12894.0,2.4251e-17
KRT86,0.73781,0.472,1.195,12895.0,3.6139e-07
MMRN1,0.9182,0.712,1.195,12896.0,2.0714000000000003e-25
TCF19,0.60615,0.331,1.195,12897.0,0.00093832
TSPEAR,0.8715,0.645,1.195,12898.0,2.4371e-17
ALG14,0.60629,0.331,1.196,12899.0,0.00093727
SLC5A8,0.86228,0.631,1.196,12900.0,4.9955e-16
ARL15,0.60649,0.331,1.196,12901.0,0.00093584
RASA2,0.9405,0.745,1.196,12902.0,7.391e-31
RASA4,0.38276,0.155,1.196,12903.0,0.115
TCP10L,0.56945,0.297,1.196,12904.0,0.0032979
IL36B,0.56943,0.297,1.196,12905.0,0.0032983
C17orf112,0.25638,0.09,1.196,12906.0,0.29303
C17orf51,0.38289,0.155,1.196,12907.0,0.11492
C10orf82,0.52369,0.257,1.196,12908.0,0.011358
MRPL22,0.72236,0.454,1.196,12909.0,1.3883e-06
CA5B,0.63733,0.361,1.196,12910.0,0.00026112
SLC39A2,0.66316,0.388,1.196,12911.0,7.204e-05
DSC3,0.89818,0.682,1.196,12912.0,2.2847999999999998e-21
PTCHD3,0.79727,0.545,1.196,12913.0,3.3312e-10
PMCH,0.38299,0.155,1.196,12914.0,0.11486
ZNF575,0.3829,0.155,1.196,12915.0,0.11491
CBWD1,0.72352,0.454,1.197,12916.0,1.369e-06
DHRSX,0.63747,0.362,1.197,12917.0,0.00026081
ARL4D,0.46488,0.211,1.197,12918.0,0.03757
SLC25A51,0.5703,0.297,1.197,12919.0,0.0032782
NDUFAF6,0.75313,0.489,1.197,12920.0,9.0736e-08
DYDC1,0.63783,0.362,1.197,12921.0,0.00026003
TMCO3,0.86266,0.631,1.197,12922.0,4.936e-16
EPPK1,0.96238,0.778,1.198,12923.0,1.0343e-37
ALKBH2,0.57046,0.297,1.198,12924.0,0.0032745
SLC12A3,0.94621,0.753,1.198,12925.0,3.0323999999999997e-32
C10orf11,0.63835,0.362,1.198,12926.0,0.0002589
GZMM,0.52482,0.257,1.198,12927.0,0.011275
PEX2,0.63816,0.362,1.198,12928.0,0.00025931
FITM1,0.63814,0.362,1.198,12929.0,0.00025936
RNF168,0.83912,0.599,1.198,12930.0,2.0514e-13
ARRDC1,0.72403,0.455,1.198,12931.0,1.3606e-06
NCF4,0.75351,0.49,1.198,12932.0,9.0248e-08
ZNF225,0.38363,0.156,1.198,12933.0,0.11448
SHISA4,0.6077,0.332,1.198,12934.0,0.0009272
ZNF385C,0.7246,0.455,1.199,12935.0,1.3511e-06
FXYD2,0.38391,0.156,1.199,12936.0,0.11431
C19orf54,0.7072,0.435,1.199,12937.0,5.1312e-06
MCHR2,0.7067,0.435,1.199,12938.0,5.1594e-06
FAHD2A,0.72454,0.455,1.199,12939.0,1.3522e-06
CHPF2,0.8748,0.647,1.199,12940.0,2.1868e-17
CXCL14,0.46611,0.211,1.2,12941.0,0.037302
ENKUR,0.66518,0.389,1.2,12942.0,7.0721e-05
MMP21,0.79015,0.534,1.2,12943.0,1.3213e-09
NUBP2,0.60854,0.332,1.2,12944.0,0.00092127
OR10P1,0.38435,0.156,1.2,12945.0,0.11405
SOX7,0.74059,0.474,1.2,12946.0,3.4831e-07
CTD-2192J16.24,0.60864,0.332,1.2,12947.0,0.00092057
GNG11,0.0,0.0,1.2,12948.0,0.54709
SLC39A5,0.80939,0.558,1.2,12949.0,7.3793e-11
CYP2A6,0.77997,0.521,1.201,12950.0,5.401e-09
NDUFAF5,0.80065,0.547,1.201,12951.0,3.1138e-10
BSPRY,0.72569,0.456,1.201,12952.0,1.3336e-06
CTSF,0.84117,0.6,1.201,12953.0,1.9431e-13
KLHDC8A,0.74133,0.474,1.201,12954.0,3.4494e-07
HMGCS2,0.84758,0.609,1.201,12955.0,4.3354e-14
ZNF37A,0.79101,0.535,1.201,12956.0,1.3004e-09
TNNI1,0.66605,0.39,1.201,12957.0,7.0162e-05
AC006946.15,0.38475,0.156,1.201,12958.0,0.11381
PTX3,0.66657,0.39,1.202,12959.0,6.9827e-05
C1orf141,0.57236,0.298,1.202,12960.0,0.0032311
IMMP2L,0.52635,0.258,1.202,12961.0,0.011165
HEATR4,0.94008,0.741,1.202,12962.0,1.3711e-29
AMPD1,0.90289,0.686,1.202,12963.0,1.9098999999999998e-21
SCOC,0.52667,0.258,1.202,12964.0,0.011142
LRTOMT,0.66634,0.39,1.202,12965.0,6.9976e-05
PCDHB8,0.72638,0.456,1.202,12966.0,1.3226e-06
SYPL2,0.68903,0.414,1.202,12967.0,1.8911e-05
BRF2,0.8277,0.581,1.203,12968.0,3.7481e-12
BNIPL,0.80208,0.548,1.203,12969.0,3.0268e-10
MRPL12,0.57284,0.298,1.203,12970.0,0.0032204
RPS29,0.25824,0.091,1.203,12971.0,0.29053
LIPM,0.8021,0.548,1.203,12972.0,3.025e-10
MOBP,0.0,0.0,1.203,12973.0,0.54623
TCP10,0.70944,0.437,1.203,12974.0,5.0062e-06
ALG10,0.72684,0.457,1.203,12975.0,1.3151e-06
PLEK2,0.78123,0.522,1.203,12976.0,5.2858e-09
HABP2,0.86181,0.627,1.204,12977.0,1.9637e-15
COL20A1,0.97448,0.793,1.204,12978.0,1.3805999999999999e-40
SULT1C4,0.71014,0.437,1.204,12979.0,4.9677e-06
NAALADL1,0.90422,0.687,1.204,12980.0,1.8164e-21
LDHB,0.71004,0.437,1.204,12981.0,4.9734e-06
PCDHA10,0.84965,0.61,1.204,12982.0,4.0942e-14
MYL12B,0.3857,0.157,1.204,12983.0,0.11325
NUDCD2,0.57385,0.299,1.205,12984.0,0.0031978
MAK,0.88874,0.664,1.205,12985.0,8.626600000000001e-19
RPE,0.64181,0.364,1.205,12986.0,0.00025152
THEGL,0.77092,0.508,1.205,12987.0,2.1051e-08
EFHC1,0.87917,0.65,1.205,12988.0,1.8959e-17
ANKRD39,0.61136,0.334,1.205,12989.0,0.00090169
GYPC,0.38619,0.157,1.205,12990.0,0.11297
MYBBP1A,0.97946,0.8,1.206,12991.0,5.2346e-42
RASSF1,0.71092,0.438,1.206,12992.0,4.9255e-06
NFYB,0.6427,0.364,1.206,12993.0,0.00024967
TMUB1,0.46871,0.212,1.206,12994.0,0.036741
CEACAM8,0.74463,0.476,1.206,12995.0,3.3021e-07
CLEC9A,0.69129,0.416,1.206,12996.0,1.8488e-05
P2RX1,0.81349,0.561,1.206,12997.0,6.7632e-11
TGM4,0.8981,0.677,1.206,12998.0,3.796e-20
FUT7,0.72845,0.458,1.206,12999.0,1.29e-06
HOXD1,0.57452,0.299,1.206,13000.0,0.0031828
LSM1,0.52829,0.259,1.206,13001.0,0.011027
MMP9,0.87932,0.651,1.206,13002.0,1.8869e-17
TBC1D17,0.90213,0.683,1.206,13003.0,8.038699999999999e-21
OR51I2,0.46868,0.212,1.206,13004.0,0.036748
HYPK,0.46916,0.213,1.207,13005.0,0.036644
C8orf47,0.69201,0.416,1.207,13006.0,1.8356e-05
MPPE1,0.79446,0.537,1.207,13007.0,1.2197e-09
NME1,0.57482,0.299,1.207,13008.0,0.0031764
SLC27A5,0.85843,0.621,1.207,13009.0,8.3678e-15
HIST2H2BE,0.0,0.0,1.207,13010.0,0.54518
ZSWIM7,0.61218,0.334,1.207,13011.0,0.00089609
ZSCAN22,0.7597,0.494,1.208,13012.0,8.2509e-08
LAIR1,0.74568,0.477,1.208,13013.0,3.2563e-07
RAB39A,0.61279,0.335,1.208,13014.0,0.00089193
A1BG,0.78457,0.524,1.208,13015.0,4.9917e-09
PCDHGA6,0.85881,0.621,1.208,13016.0,8.2779e-15
DCDC2B,0.77285,0.509,1.208,13017.0,2.0422e-08
C10orf90,0.85865,0.621,1.208,13018.0,8.315e-15
VSTM2B,0.57545,0.3,1.208,13019.0,0.0031624
MFSD6L,0.77363,0.51,1.209,13020.0,2.0172e-08
LIPH,0.81513,0.562,1.209,13021.0,6.5309e-11
NTN3,0.74632,0.477,1.209,13022.0,3.2291e-07
POP4,0.69298,0.417,1.209,13023.0,1.8179e-05
ZNF808,0.25965,0.091,1.209,13024.0,0.28866
PID1,0.57611,0.3,1.209,13025.0,0.003148
TRH,0.61295,0.335,1.209,13026.0,0.00089084
KCNJ11,0.53021,0.26,1.21,13027.0,0.010894
KCTD4,0.57658,0.3,1.21,13028.0,0.0031378
RECQL4,0.96466,0.774,1.21,13029.0,3.3132e-35
TIGD6,0.71331,0.439,1.21,13030.0,4.7979e-06
MOSPD3,0.64473,0.366,1.21,13031.0,0.00024549
PNKP,0.85371,0.613,1.21,13032.0,3.662e-14
GLB1L3,0.91623,0.701,1.21,13033.0,6.7255e-23
ZNF852,0.78571,0.525,1.21,13034.0,4.8955e-09
GRK7,0.77483,0.511,1.211,13035.0,1.9791e-08
ITIH5,0.90553,0.685,1.211,13036.0,7.095199999999999e-21
SRL,0.76183,0.495,1.211,13037.0,8.0004e-08
IFNAR1,0.83367,0.586,1.211,13038.0,3.2501e-12
NDUFV1,0.81641,0.563,1.211,13039.0,6.3562e-11
OR52N1,0.3882,0.158,1.211,13040.0,0.1118
MFSD2B,0.81658,0.563,1.211,13041.0,6.3325e-11
CCL21,0.47109,0.213,1.212,13042.0,0.036239
MX1,0.88915,0.661,1.212,13043.0,3.4206e-18
FAM180B,0.61477,0.336,1.212,13044.0,0.00087865
SUPT4H1,0.61496,0.336,1.212,13045.0,0.0008774
OR51H1P,0.38838,0.158,1.212,13046.0,0.1117
MYOZ1,0.69452,0.418,1.212,13047.0,1.7902e-05
RADIL,0.91805,0.703,1.212,13048.0,6.2671e-23
LCN8,0.61512,0.336,1.213,13049.0,0.00087637
KLRD1,0.61537,0.336,1.213,13050.0,0.0008747
MOB3C,0.69516,0.418,1.213,13051.0,1.7788e-05
NOB1,0.79836,0.539,1.213,13052.0,1.1349e-09
TMEM231,0.74844,0.479,1.213,13053.0,3.1399e-07
PBK,0.73316,0.46,1.213,13054.0,1.2188e-06
EXOSC3,0.64599,0.366,1.213,13055.0,0.00024296
RRNAD1,0.82668,0.576,1.213,13056.0,1.403e-11
TCEAL8,0.0,0.0,1.213,13057.0,0.54338
ARMC7,0.47181,0.214,1.214,13058.0,0.036089
ANKMY1,0.92588,0.714,1.214,13059.0,2.6293e-24
MXD3,0.57854,0.301,1.214,13060.0,0.0030954
RASL12,0.61593,0.336,1.214,13061.0,0.00087102
ODF4,0.53205,0.261,1.214,13062.0,0.010768
LIPJ,0.76341,0.496,1.214,13063.0,7.8196e-08
BTN2A2,0.82735,0.576,1.214,13064.0,1.3821e-11
GUCA2A,0.26098,0.092,1.214,13065.0,0.28692
CMKLR1,0.53206,0.261,1.214,13066.0,0.010767
PAAF1,0.8188,0.565,1.214,13067.0,6.0412e-11
DEGS2,0.64702,0.367,1.214,13068.0,0.0002409
SERPINF1,0.76355,0.496,1.214,13069.0,7.8044e-08
GNPTG,0.78892,0.527,1.215,13070.0,4.6332e-09
C17orf105,0.57901,0.302,1.215,13071.0,0.0030854
POLQ,1.0451,0.901,1.215,13072.0,1.3078999999999999e-82
CDT1,0.81006,0.553,1.215,13073.0,2.5825e-10
DRGX,0.64753,0.367,1.215,13074.0,0.00023988
FGGY,0.89132,0.663,1.215,13075.0,3.1851e-18
TMEM54,0.5787,0.301,1.215,13076.0,0.0030921
FBXO16,0.78921,0.527,1.215,13077.0,4.6108e-09
IP6K3,0.74976,0.479,1.215,13078.0,3.0854e-07
WRB,0.61644,0.337,1.215,13079.0,0.00086766
PARM1,0.61623,0.336,1.215,13080.0,0.000869
SAMD3,0.87023,0.633,1.215,13081.0,1.5324e-15
CCDC66,0.9703,0.78,1.215,13082.0,5.6053e-36
FSHR,0.82778,0.576,1.215,13083.0,1.3689e-11
RNH1,0.81061,0.554,1.216,13084.0,2.5541e-10
TDRD6,0.99379,0.816,1.216,13085.0,5.4437000000000004e-45
BEX1,0.0,0.0,1.216,13086.0,0.54273
GOLGA8N,0.26135,0.092,1.216,13087.0,0.28645
FOXL1,0.47289,0.214,1.216,13088.0,0.035865
NAGK,0.78996,0.528,1.216,13089.0,4.5517e-09
OR10Z1,0.38973,0.158,1.216,13090.0,0.11093
CHMP2B,0.71675,0.441,1.216,13091.0,4.6203e-06
AIMP1,0.75086,0.48,1.216,13092.0,3.0411e-07
ZNF829,0.81995,0.566,1.216,13093.0,5.8965e-11
GRAP,0.39024,0.158,1.217,13094.0,0.11064
PLSCR2,0.7354,0.462,1.217,13095.0,1.1863e-06
HS1BP3,0.73533,0.462,1.217,13096.0,1.1873e-06
CEACAM6,0.73525,0.462,1.217,13097.0,1.1884e-06
PDLIM3,0.75109,0.48,1.217,13098.0,3.032e-07
DPH7,0.77876,0.513,1.217,13099.0,1.8603e-08
PPFIBP2,0.96569,0.772,1.217,13100.0,6.004e-34
IRG1,0.71784,0.442,1.217,13101.0,4.5659e-06
STRA13,0.39016,0.158,1.217,13102.0,0.11069
GNG3,0.0,0.0,1.218,13103.0,0.54217
RP11-433C9.2,0.47372,0.215,1.218,13104.0,0.035697
RP11-477N12.3,0.64917,0.368,1.218,13105.0,0.00023666
DGAT1,0.88841,0.657,1.218,13106.0,1.4082e-17
TMEM244,0.53385,0.262,1.218,13107.0,0.010646
PLA2G2C,0.47361,0.215,1.218,13108.0,0.035718
ASB2,0.86589,0.626,1.218,13109.0,6.774e-15
C1QL2,0.47367,0.215,1.218,13110.0,0.035707
RAD51D,0.80189,0.542,1.218,13111.0,1.0631e-09
LRRC23,0.77936,0.514,1.218,13112.0,1.8429e-08
CCDC81,0.92346,0.707,1.219,13113.0,5.0855e-23
MAP6D1,0.39089,0.159,1.219,13114.0,0.11028
CD3G,0.699,0.42,1.219,13115.0,1.712e-05
EFS,0.78007,0.514,1.219,13116.0,1.8222e-08
MLF1,0.792,0.529,1.219,13117.0,4.3955e-09
ZNF71,0.77963,0.514,1.219,13118.0,1.835e-08
PGAM5,0.67596,0.396,1.219,13119.0,6.4116e-05
TMPPE,0.61891,0.338,1.22,13120.0,0.0008517
LRRIQ3,0.85439,0.609,1.22,13121.0,1.374e-13
LTK,0.93716,0.727,1.22,13122.0,9.285999999999999e-26
RP11-162P23.2,0.7197,0.443,1.22,13123.0,4.4737e-06
SPRY1,0.58118,0.303,1.22,13124.0,0.0030398
ZNF480,0.47434,0.215,1.22,13125.0,0.03557
UGT2B4,0.79224,0.529,1.22,13126.0,4.3777e-09
ZNF692,0.83153,0.579,1.22,13127.0,1.2582e-11
SKA1,0.69958,0.421,1.22,13128.0,1.7022e-05
BCAT2,0.83956,0.59,1.22,13129.0,2.826e-12
PCOLCE2,0.82361,0.568,1.221,13130.0,5.4571e-11
HEMGN,0.80365,0.543,1.221,13131.0,1.0292e-09
MRPL53,0.26259,0.092,1.221,13132.0,0.28485
ADRA2B,0.72012,0.443,1.221,13133.0,4.4533e-06
LDHD,0.85508,0.61,1.221,13134.0,1.3494e-13
CD300A,0.73772,0.463,1.221,13135.0,1.1537e-06
KLHL30,0.82368,0.568,1.221,13136.0,5.4481e-11
ZNF789,0.7539,0.482,1.221,13137.0,2.9215e-07
UPK3B,0.65041,0.369,1.221,13138.0,0.00023426
KRT39,0.84758,0.6,1.221,13139.0,6.2024e-13
RP11-1012A1.4,0.26272,0.092,1.221,13140.0,0.28468
C6orf15,0.53558,0.263,1.222,13141.0,0.010531
HHLA1,0.86221,0.619,1.222,13142.0,2.9066e-14
ZDHHC13,0.90551,0.68,1.222,13143.0,1.1955000000000002e-19
NUTM2F,0.79366,0.53,1.222,13144.0,4.2727e-09
VEPH1,0.92145,0.703,1.222,13145.0,2.296e-22
NANOS1,0.0,0.0,1.222,13146.0,0.54106
PANX2,0.72083,0.444,1.222,13147.0,4.4188e-06
KIAA0391,0.85572,0.61,1.222,13148.0,1.3271e-13
AKAP7,0.75461,0.483,1.222,13149.0,2.8942e-07
GAB4,0.81494,0.557,1.222,13150.0,2.344e-10
SLC25A39,0.82415,0.569,1.222,13151.0,5.3953e-11
SCFD2,0.8488,0.601,1.222,13152.0,6.0175e-13
LUZP2,0.81486,0.557,1.222,13153.0,2.3478e-10
ODF2L,0.90112,0.673,1.222,13154.0,5.673100000000001e-19
ACTA1,0.73882,0.464,1.223,13155.0,1.1385e-06
OVCH1,0.97695,0.786,1.223,13156.0,3.9431999999999996e-36
CHRFAM7A,0.65144,0.369,1.223,13157.0,0.00023228
C12orf40,0.8568,0.611,1.223,13158.0,1.2906e-13
MFRP,0.87564,0.637,1.223,13159.0,1.3093e-15
TFPI2,0.62032,0.339,1.223,13160.0,0.00084274
CEP89,0.93973,0.729,1.223,13161.0,8.350399999999999e-26
NFAM1,0.67815,0.397,1.223,13162.0,6.2864e-05
SPAG6,0.85658,0.611,1.223,13163.0,1.298e-13
SCG5,0.67814,0.397,1.223,13164.0,6.2865e-05
EFCAB11,0.65177,0.37,1.223,13165.0,0.00023166
AK2,0.67842,0.397,1.223,13166.0,6.2706e-05
CTC-454I21.3,0.39225,0.159,1.223,13167.0,0.10952
GKN2,0.65147,0.369,1.223,13168.0,0.00023223
TMEM79,0.72145,0.444,1.223,13169.0,4.3888e-06
C12orf45,0.53673,0.263,1.224,13170.0,0.010456
CATSPER2,0.88723,0.653,1.224,13171.0,5.8613e-17
CLDN10,0.62095,0.339,1.224,13172.0,0.00083876
PIWIL3,0.96436,0.766,1.224,13173.0,5.3547e-32
SLC13A1,0.89269,0.66,1.224,13174.0,1.2291e-17
SEC22C,0.75564,0.483,1.224,13175.0,2.8553e-07
GTPBP3,0.79482,0.531,1.224,13176.0,4.1886e-09
PRSS38,0.67848,0.397,1.224,13177.0,6.2675e-05
KCNA10,0.62104,0.339,1.224,13178.0,0.00083822
TAPBPL,0.81577,0.557,1.224,13179.0,2.3058e-10
PLEKHG4B,0.9669,0.77,1.224,13180.0,1.0827e-32
NEK11,0.9193,0.698,1.224,13181.0,1.0373999999999998e-21
GPR115,0.86406,0.621,1.224,13182.0,2.7656e-14
OBFC1,0.81601,0.557,1.224,13183.0,2.295e-10
HAND1,0.39294,0.159,1.225,13184.0,0.10914
DUSP26,0.65259,0.37,1.225,13185.0,0.00023011
GBP1,0.87707,0.638,1.225,13186.0,1.2564e-15
C1QTNF2,0.62159,0.339,1.225,13187.0,0.00083478
SLC12A8,0.9031,0.675,1.225,13188.0,5.3107e-19
MCUR1,0.74015,0.465,1.225,13189.0,1.1206e-06
SLC7A4,0.75626,0.484,1.225,13190.0,2.8317e-07
FAXDC2,0.78387,0.517,1.225,13191.0,1.7164e-08
SBDS,0.67954,0.398,1.225,13192.0,6.2076e-05
GJC2,0.53701,0.263,1.225,13193.0,0.010438
SGOL1,0.84325,0.592,1.225,13194.0,2.5902e-12
CLN5,0.78407,0.517,1.226,13195.0,1.7111e-08
EPX,0.91266,0.688,1.226,13196.0,2.2664e-20
LEPRE1,0.91241,0.688,1.226,13197.0,2.2869e-20
MYF5,0.65308,0.37,1.226,13198.0,0.00022918
PLB1,1.044,0.892,1.226,13199.0,1.7314999999999999e-72
ZNF154,0.75651,0.484,1.226,13200.0,2.8224e-07
NAA11,0.53736,0.264,1.226,13201.0,0.010415
SYTL3,0.91303,0.688,1.226,13202.0,2.2377e-20
STARD5,0.68011,0.398,1.226,13203.0,6.1762e-05
ZNF19,0.72309,0.445,1.226,13204.0,4.3113e-06
CCDC153,0.7027,0.423,1.226,13205.0,1.6504e-05
PTPRCAP,0.0,0.0,1.226,13206.0,0.54001
TTLL3,0.90858,0.682,1.226,13207.0,1.0765000000000001e-19
WDR49,0.90941,0.682,1.227,13208.0,1.0465000000000001e-19
GPR110,0.92513,0.706,1.227,13209.0,2.0011e-22
AANAT,0.58463,0.304,1.227,13210.0,0.002969
TTC23L,0.82752,0.571,1.227,13211.0,5.0245e-11
SLC27A1,0.88411,0.647,1.227,13212.0,2.5752e-16
ANKRD7,0.72338,0.445,1.227,13213.0,4.2975e-06
HOXA5,0.58462,0.304,1.227,13214.0,0.0029693
IQCC,0.79683,0.532,1.227,13215.0,4.0474e-09
SAMSN1,0.82736,0.571,1.227,13216.0,5.0417e-11
SIGLEC12,0.8591,0.613,1.227,13217.0,1.2163e-13
RP11-723O4.6,0.81899,0.559,1.228,13218.0,2.1637e-10
DPT,0.72388,0.446,1.228,13219.0,4.2743e-06
MFAP2,0.72403,0.446,1.228,13220.0,4.2671e-06
POLR3K,0.39412,0.16,1.228,13221.0,0.10849
ZNF275,0.65443,0.371,1.228,13222.0,0.00022666
CHCHD7,0.47777,0.216,1.228,13223.0,0.034885
FTCD,0.87319,0.631,1.228,13224.0,5.523e-15
KXD1,0.47756,0.216,1.228,13225.0,0.034926
TNFAIP6,0.74215,0.466,1.228,13226.0,1.0939e-06
ANKRD42,0.81946,0.56,1.229,13227.0,2.1439e-10
ATP6V1E2,0.58564,0.305,1.229,13228.0,0.0029486
ARL10,0.62362,0.34,1.229,13229.0,0.00082222
KRT38,0.79841,0.533,1.229,13230.0,3.9395e-09
C15orf62,0.47813,0.217,1.229,13231.0,0.034814
MRPS36,0.39482,0.16,1.23,13232.0,0.10812
EME1,0.86788,0.623,1.23,13233.0,2.4963e-14
APOF,0.53924,0.265,1.23,13234.0,0.010295
MEDAG,0.70491,0.424,1.23,13235.0,1.6145e-05
LANCL1,0.83825,0.584,1.23,13236.0,1.0827e-11
ARL14EPL,0.47835,0.217,1.23,13237.0,0.034771
ITIH1,0.96691,0.766,1.23,13238.0,2.0755e-31
SIGLEC1,1.0069,0.828,1.23,13239.0,5.3298e-46
XRCC6BP1,0.70523,0.424,1.23,13240.0,1.6095e-05
KIAA1407,0.96962,0.77,1.23,13241.0,4.1656e-32
ADRA2A,0.62429,0.341,1.231,13242.0,0.00081816
GJE1,0.395,0.16,1.231,13243.0,0.10802
GRSF1,0.83895,0.584,1.231,13244.0,1.066e-11
AKNAD1,0.93243,0.714,1.231,13245.0,3.6153e-23
LCTL,0.91195,0.684,1.231,13246.0,9.6021e-20
NAAA,0.82113,0.561,1.232,13247.0,2.0742e-10
LRRC29,0.65623,0.372,1.232,13248.0,0.00022334
NFU1,0.72661,0.447,1.232,13249.0,4.1487e-06
CORIN,0.98032,0.785,1.232,13250.0,6.5072e-35
ZNF260,0.68303,0.4,1.232,13251.0,6.0163e-05
SPEF1,0.70611,0.425,1.232,13252.0,1.5956e-05
ENTPD8,0.83997,0.585,1.232,13253.0,1.0421e-11
MUT,0.92939,0.709,1.232,13254.0,1.7087e-22
KRT3,0.81096,0.548,1.232,13255.0,8.9951e-10
TCTN1,0.88263,0.642,1.233,13256.0,1.0708e-15
CHST5,0.65726,0.373,1.233,13257.0,0.00022148
ECI2,0.77565,0.504,1.233,13258.0,6.5525e-08
GOLGA6L2,0.74494,0.468,1.233,13259.0,1.0579e-06
PNLIPRP1,0.86321,0.616,1.233,13260.0,1.0944e-13
KBTBD12,0.87033,0.625,1.233,13261.0,2.3384e-14
GPR75,0.70702,0.425,1.233,13262.0,1.5813e-05
TNFAIP8L1,0.0,0.0,1.233,13263.0,0.5379
OLFML1,0.7889,0.52,1.233,13264.0,1.5857e-08
HTRA3,0.77532,0.504,1.233,13265.0,6.5843e-08
CD1C,0.78848,0.52,1.233,13266.0,1.5963e-08
HSPA1L,0.74502,0.468,1.233,13267.0,1.057e-06
C9orf156,0.77651,0.505,1.234,13268.0,6.4724e-08
ATP6V1G3,0.39606,0.161,1.234,13269.0,0.10745
AP1G2,0.95695,0.749,1.234,13270.0,5.0977999999999995e-28
PTMA,0.48,0.217,1.234,13271.0,0.034451
ITGB6,0.93071,0.71,1.234,13272.0,1.6277e-22
ORAI3,0.47998,0.217,1.234,13273.0,0.034454
CD93,0.82354,0.563,1.235,13274.0,1.9782e-10
C9orf91,0.77671,0.505,1.235,13275.0,6.4533e-08
CACFD1,0.62633,0.342,1.235,13276.0,0.00080583
ZNF724P,0.39635,0.161,1.235,13277.0,0.10729
CMC1,0.39632,0.161,1.235,13278.0,0.1073
LECT1,0.74639,0.469,1.235,13279.0,1.0396e-06
PPP1R15A,0.85009,0.597,1.235,13280.0,2.206e-12
NAT9,0.65784,0.373,1.235,13281.0,0.00022044
FAM200A,0.77713,0.505,1.235,13282.0,6.4144e-08
RP11-542P2.1,0.72821,0.448,1.235,13283.0,4.0771e-06
TXNDC5,0.85737,0.607,1.235,13284.0,4.872e-13
ANKZF1,0.94854,0.736,1.235,13285.0,5.824499999999999e-26
SIRT5,0.81303,0.549,1.235,13286.0,8.6584e-10
VAMP8,0.3964,0.161,1.235,13287.0,0.10726
DERL3,0.65864,0.374,1.236,13288.0,0.000219
TYW5,0.82416,0.563,1.236,13289.0,1.9542e-10
SGK2,0.85034,0.597,1.236,13290.0,2.1934e-12
PHLDB3,0.92433,0.7,1.236,13291.0,3.6204e-21
C21orf140,0.54201,0.266,1.236,13292.0,0.01012
CLDN7,0.58898,0.307,1.236,13293.0,0.0028828
MYZAP,0.89657,0.66,1.236,13294.0,4.4081e-17
ACSM4,0.91133,0.681,1.236,13295.0,4.0476000000000003e-19
LRRC43,0.8789,0.636,1.236,13296.0,4.7157e-15
MARVELD3,0.76308,0.488,1.236,13297.0,2.5885e-07
ABCC11,1.0116,0.832,1.236,13298.0,3.9884e-46
SLC25A26,0.76324,0.488,1.236,13299.0,2.5832e-07
CCDC110,0.91091,0.68,1.236,13300.0,4.1042000000000006e-19
TCL1B,0.54189,0.266,1.236,13301.0,0.010127
BCS1L,0.85886,0.608,1.237,13302.0,4.6972e-13
PLA1A,0.83416,0.576,1.237,13303.0,4.3709e-11
CWH43,0.92918,0.706,1.237,13304.0,7.2561e-22
CHIA,0.86629,0.618,1.237,13305.0,1.0115e-13
PCNXL4,0.93263,0.711,1.237,13306.0,1.5173e-22
HESX1,0.62777,0.343,1.237,13307.0,0.00079734
DDO,0.81469,0.551,1.237,13308.0,8.3982e-10
C1QTNF1-AS1,0.0,0.0,1.237,13309.0,0.53681
C9orf64,0.74754,0.47,1.237,13310.0,1.0255e-06
CDH26,0.95053,0.737,1.237,13311.0,5.3761e-26
GCAT,0.79126,0.522,1.237,13312.0,1.5281e-08
CPA6,0.89664,0.66,1.237,13313.0,4.3984e-17
CYP2B6,0.82479,0.563,1.237,13314.0,1.9303e-10
SLC25A13,0.944,0.728,1.237,13315.0,1.2833000000000001e-24
MS4A18,0.7478,0.47,1.238,13316.0,1.0223e-06
SLC8B1,0.89217,0.653,1.238,13317.0,2.0302e-16
TEX101,0.62812,0.343,1.238,13318.0,0.00079525
PAXIP1-AS2,0.26687,0.094,1.238,13319.0,0.27949
ATP6V1G2,0.59013,0.307,1.238,13320.0,0.0028604
PIGV,0.79188,0.522,1.238,13321.0,1.5131e-08
GPR83,0.74814,0.47,1.238,13322.0,1.0181e-06
C1D,0.48178,0.218,1.238,13323.0,0.03411
C17orf96,0.26674,0.094,1.238,13324.0,0.27965
IGSF10,1.0187,0.842,1.238,13325.0,5.8027e-49
FAM43B,0.39757,0.161,1.238,13326.0,0.10664
CLCNKB,0.93478,0.713,1.239,13327.0,1.4025e-22
AP5B1,0.83523,0.576,1.239,13328.0,4.2746e-11
DUSP19,0.54324,0.266,1.239,13329.0,0.010044
APBA3,0.85279,0.599,1.239,13330.0,2.0716e-12
NUDT10,0.39784,0.161,1.239,13331.0,0.1065
MLKL,0.8745,0.628,1.239,13332.0,2.0931e-14
EFHB,0.94257,0.724,1.24,13333.0,5.7973000000000006e-24
FIG4,0.98458,0.787,1.24,13334.0,2.3423e-34
GPR89B,0.66081,0.375,1.24,13335.0,0.00021519
CCDC116,0.7315,0.45,1.24,13336.0,3.9339e-06
KRAS,0.62936,0.344,1.24,13337.0,0.00078803
ZMAT5,0.71071,0.427,1.24,13338.0,1.5247e-05
GBP4,0.88806,0.646,1.24,13339.0,9.1784e-16
ANXA10,0.86855,0.62,1.24,13340.0,9.5506e-14
HAPLN3,0.74907,0.471,1.24,13341.0,1.0068e-06
ALDH7A1,0.93498,0.713,1.24,13342.0,1.3923e-22
PRSS12,0.96474,0.757,1.24,13343.0,8.382000000000001e-29
SPAM1,0.82662,0.565,1.24,13344.0,1.8621e-10
FAM105A,0.80626,0.538,1.241,13345.0,3.4462e-09
IGJ,0.48321,0.219,1.241,13346.0,0.033839
TMEM200C,0.39847,0.162,1.241,13347.0,0.10617
PDK4,0.84588,0.589,1.241,13348.0,9.142e-12
ADH1B,0.75019,0.471,1.241,13349.0,9.934e-07
ANKRD2,0.79367,0.523,1.241,13350.0,1.4714e-08
BAMBI,0.6616,0.375,1.241,13351.0,0.00021381
ARMC6,0.82736,0.565,1.241,13352.0,1.8352e-10
LDLRAD2,0.66158,0.375,1.241,13353.0,0.00021385
WFDC5,0.48293,0.219,1.241,13354.0,0.033893
CYP2F1,0.80692,0.539,1.242,13355.0,3.4078e-09
PARP3,0.87673,0.63,1.242,13356.0,1.9738e-14
OR2B2,0.54458,0.267,1.242,13357.0,0.0099618
DCPS,0.76678,0.49,1.242,13358.0,2.4654e-07
FAM186B,0.94393,0.725,1.242,13359.0,5.5062000000000004e-24
CGNL1,1.0069,0.821,1.242,13360.0,4.686e-42
WDR16,0.90597,0.67,1.242,13361.0,8.1211e-18
MBD4,0.87679,0.63,1.242,13362.0,1.9706e-14
SLC28A3,0.9407,0.72,1.242,13363.0,2.6549e-23
GUCA1B,0.66186,0.375,1.242,13364.0,0.00021337
C11orf87,0.26795,0.094,1.242,13365.0,0.27816
CNBD2,0.90117,0.663,1.243,13366.0,3.8389e-17
NGRN,0.63084,0.344,1.243,13367.0,0.00077946
GPATCH4,0.6892,0.403,1.243,13368.0,5.6931e-05
SAMD9,0.9844,0.785,1.243,13369.0,1.0521e-33
PRR15,0.0,0.0,1.243,13370.0,0.53532
NLRC3,0.95147,0.736,1.243,13371.0,2.2317e-25
FAM129A,0.92067,0.691,1.243,13372.0,7.1694e-20
ZNF333,0.90732,0.671,1.244,13373.0,7.7896e-18
ANKS4B,0.71328,0.429,1.244,13374.0,1.4867e-05
GPR97,0.87114,0.621,1.244,13375.0,8.9433e-14
TPD52L1,0.71299,0.429,1.244,13376.0,1.4908e-05
PACRG,0.76792,0.491,1.244,13377.0,2.4288e-07
PYHIN1,0.81889,0.553,1.244,13378.0,7.7771e-10
PDZD9,0.59309,0.309,1.244,13379.0,0.0028043
IL17B,0.48432,0.219,1.244,13380.0,0.033631
CCBL1,0.8571,0.602,1.245,13381.0,1.8743e-12
RASSF9,0.7967,0.525,1.245,13382.0,1.4029e-08
C22orf15,0.59359,0.309,1.245,13383.0,0.0027949
PCDHA3,0.89121,0.648,1.245,13384.0,8.3984e-16
MMP25,0.87209,0.622,1.245,13385.0,8.7309e-14
KLHL38,0.79639,0.525,1.245,13386.0,1.4099e-08
BNIP1,0.75238,0.473,1.245,13387.0,9.678e-07
INHBC,0.69037,0.404,1.245,13388.0,5.6341e-05
LRRC56,0.81961,0.554,1.245,13389.0,7.6752e-10
TMEM88,0.26856,0.094,1.245,13390.0,0.27743
CDC25C,0.86444,0.612,1.245,13391.0,4.1014e-13
BTBD16,0.90369,0.665,1.246,13392.0,3.5604e-17
SPRYD7,0.66428,0.377,1.246,13393.0,0.00020923
HES3,0.26882,0.094,1.246,13394.0,0.27711
PRAME,0.76902,0.492,1.246,13395.0,2.394e-07
KIF25,0.75274,0.473,1.246,13396.0,9.6357e-07
POLR3D,0.84051,0.58,1.246,13397.0,3.8286e-11
SPATC1,0.80918,0.54,1.246,13398.0,3.2793e-09
TMEM100,0.0,0.0,1.246,13399.0,0.53437
TRUB2,0.73494,0.452,1.246,13400.0,3.79e-06
CCDC169,0.73487,0.452,1.246,13401.0,3.7927e-06
TMEM237,0.85719,0.602,1.246,13402.0,1.8704e-12
KNOP1,0.76916,0.492,1.246,13403.0,2.3895e-07
KRTAP10-12,0.54659,0.268,1.246,13404.0,0.0098403
TMEM130,0.79682,0.525,1.246,13405.0,1.4003e-08
GABRR1,0.87245,0.622,1.246,13406.0,8.6523e-14
UBE2V2,0.48498,0.22,1.246,13407.0,0.03351
OR2J3,0.54636,0.268,1.246,13408.0,0.0098541
SETD4,0.86504,0.613,1.246,13409.0,4.042e-13
CFC1,0.40054,0.163,1.247,13410.0,0.10509
PGA3,0.40082,0.163,1.247,13411.0,0.10495
DGAT2,0.84992,0.592,1.247,13412.0,8.3643e-12
EMG1,0.7147,0.43,1.247,13413.0,1.4661e-05
ZSWIM2,0.88645,0.641,1.247,13414.0,3.8377e-15
DKK4,0.63296,0.346,1.247,13415.0,0.00076744
HIST3H2A,0.0,0.0,1.247,13416.0,0.53421
DHTKD1,0.97492,0.769,1.247,13417.0,2.7884e-30
CCDC122,0.73528,0.453,1.247,13418.0,3.7759e-06
SUCNR1,0.63272,0.345,1.247,13419.0,0.00076877
LY6G6F,0.75342,0.473,1.247,13420.0,9.5579e-07
RNASEH2B,0.80959,0.541,1.247,13421.0,3.2569e-09
AMIGO3,0.6651,0.377,1.248,13422.0,0.00020785
PENK,0.66519,0.377,1.248,13423.0,0.0002077
KCNK15,0.48581,0.22,1.248,13424.0,0.033356
SERINC2,0.86636,0.613,1.248,13425.0,3.9153e-13
PKD2L1,0.96514,0.753,1.248,13426.0,1.5748000000000001e-27
ATIC,0.92046,0.688,1.248,13427.0,3.0109000000000005e-19
RAB36,0.8327,0.569,1.249,13428.0,1.6531e-10
FAM181A,0.63362,0.346,1.249,13429.0,0.00076374
C17orf72,0.54775,0.269,1.249,13430.0,0.0097713
THUMPD3,0.87471,0.624,1.249,13431.0,8.1727e-14
ZNF580,0.0,0.0,1.249,13432.0,0.53362
MATN3,0.79916,0.527,1.249,13433.0,1.35e-08
OAS2,0.9338,0.707,1.249,13434.0,2.6049999999999997e-21
MFSD1,0.90593,0.667,1.249,13435.0,3.3314e-17
PHKG1,0.8891,0.643,1.25,13436.0,3.572e-15
IDO2,0.8117,0.542,1.25,13437.0,3.1422e-09
C1orf146,0.66624,0.378,1.25,13438.0,0.00020595
PXMP4,0.63455,0.346,1.25,13439.0,0.00075854
HPGD,0.71683,0.431,1.25,13440.0,1.4357e-05
SEC14L5,0.93917,0.714,1.25,13441.0,5.0927e-22
OGFOD1,0.90615,0.667,1.25,13442.0,3.3103e-17
APOPT1,0.66612,0.378,1.25,13443.0,0.00020615
UGT3A2,0.82318,0.556,1.25,13444.0,7.1897e-10
OLFML3,0.78632,0.511,1.25,13445.0,5.6198e-08
ZNF383,0.84271,0.581,1.25,13446.0,3.6577e-11
GSDMC,0.8751,0.624,1.25,13447.0,8.0925e-14
PCDHB16,0.78688,0.511,1.251,13448.0,5.5748e-08
RHNO1,0.59626,0.311,1.251,13449.0,0.0027455
KRT40,0.82388,0.557,1.251,13450.0,7.0984e-10
CLEC14A,0.71707,0.431,1.251,13451.0,1.4324e-05
CHAC1,0.6665,0.378,1.251,13452.0,0.00020552
SPNS3,0.8609,0.605,1.251,13453.0,1.7173e-12
BPIFB3,0.86897,0.615,1.251,13454.0,3.6763e-13
CTSV,0.77197,0.494,1.251,13455.0,2.3031e-07
GALK2,0.87608,0.625,1.251,13456.0,7.8958e-14
PGLS,0.6356,0.347,1.252,13457.0,0.00075276
BPI,0.88354,0.635,1.252,13458.0,1.6514e-14
SLC28A1,0.92744,0.696,1.252,13459.0,5.737e-20
REG4,0.6356,0.347,1.252,13460.0,0.00075276
NT5C,0.59716,0.311,1.252,13461.0,0.0027292
STX8,0.80067,0.528,1.252,13462.0,1.3184e-08
SFTPC,0.6356,0.347,1.252,13463.0,0.00075276
ATP6V1G1,0.40253,0.163,1.252,13464.0,0.10407
FSIP1,0.8771,0.626,1.252,13465.0,7.6972e-14
SPAG8,0.86174,0.605,1.252,13466.0,1.6843e-12
ZNF234,0.86166,0.605,1.252,13467.0,1.6875e-12
SUN5,0.87684,0.626,1.252,13468.0,7.7476e-14
MRPS35,0.81348,0.543,1.253,13469.0,3.0487e-09
ICAM2,0.6361,0.347,1.253,13470.0,0.00075003
ZNF16,0.86254,0.606,1.253,13471.0,1.6538e-12
METTL10,0.77361,0.495,1.253,13472.0,2.254e-07
HEPACAM2,0.83547,0.571,1.253,13473.0,1.566e-10
MGST3,0.66775,0.379,1.253,13474.0,0.00020347
ZNF141,0.40281,0.163,1.253,13475.0,0.10393
EMR2,0.9715,0.76,1.253,13476.0,2.7614999999999997e-28
MYOC,0.8541,0.595,1.253,13477.0,7.633e-12
IGSF23,0.54966,0.27,1.253,13478.0,0.0096591
UMOD,0.90859,0.669,1.253,13479.0,3.0798e-17
FBLIM1,0.69527,0.407,1.254,13480.0,5.3941e-05
ARL6IP5,0.40305,0.164,1.254,13481.0,0.10381
ECHDC2,0.836,0.571,1.254,13482.0,1.55e-10
PCSK1N,0.0,0.0,1.254,13483.0,0.53242
C11orf96,0.55023,0.27,1.254,13484.0,0.0096256
RNF7,0.4885,0.221,1.254,13485.0,0.032867
PIGM,0.69543,0.407,1.254,13486.0,5.3861e-05
TRIM50,0.83607,0.571,1.254,13487.0,1.5479e-10
C14orf166B,0.88603,0.637,1.255,13488.0,1.548e-14
TEKT2,0.85533,0.596,1.255,13489.0,7.4313e-12
AOC2,0.89249,0.645,1.255,13490.0,3.2599e-15
ZNF14,0.40358,0.164,1.255,13491.0,0.10354
CD82,0.80293,0.529,1.255,13492.0,1.2726e-08
GATS,0.55056,0.27,1.255,13493.0,0.0096067
ARV1,0.74003,0.456,1.255,13494.0,3.5867e-06
IRAK2,0.92499,0.691,1.255,13495.0,2.6055000000000003e-19
MELK,0.94268,0.716,1.255,13496.0,4.5055e-22
LEPREL4,0.83759,0.572,1.256,13497.0,1.5029e-10
UPB1,0.85574,0.596,1.256,13498.0,7.3647e-12
OPTN,0.9164,0.678,1.256,13499.0,5.91e-18
CARD6,0.87234,0.618,1.256,13500.0,3.3903e-13
SDHC,0.66948,0.38,1.256,13501.0,0.00020065
SPATS1,0.75888,0.477,1.256,13502.0,8.9551e-07
TIGD4,0.78988,0.513,1.256,13503.0,5.3397e-08
MRPL51,0.48907,0.222,1.256,13504.0,0.032765
KRT73,0.85679,0.597,1.257,13505.0,7.1972e-12
PYCR1,0.67022,0.38,1.257,13506.0,0.00019947
NUDT11,0.40433,0.164,1.257,13507.0,0.10316
INIP,0.4897,0.222,1.257,13508.0,0.032654
SOWAHD,0.0,0.0,1.257,13509.0,0.53135
HIGD1A,0.48967,0.222,1.257,13510.0,0.032658
SRFBP1,0.85726,0.597,1.258,13511.0,7.1253e-12
HOXB6,0.63829,0.348,1.258,13512.0,0.00073817
ACSM5,0.92261,0.686,1.258,13513.0,1.1745e-18
GFRAL,0.82853,0.56,1.258,13514.0,6.5227e-10
AP001468.1,0.40463,0.164,1.258,13515.0,0.10302
PEPD,0.88821,0.638,1.258,13516.0,1.4633e-14
LY6G6D,0.49026,0.222,1.258,13517.0,0.032554
PRAMEF12,0.69785,0.409,1.258,13518.0,5.2721e-05
SUPT3H,0.84851,0.586,1.258,13519.0,3.2442e-11
CHRNA2,0.82912,0.56,1.259,13520.0,6.4532e-10
KLHL17,0.90749,0.664,1.259,13521.0,1.3052e-16
FFAR4,0.72211,0.434,1.259,13522.0,1.3634e-05
ZPBP2,0.80557,0.531,1.259,13523.0,1.2212e-08
TSHR,0.89505,0.647,1.259,13524.0,3.0447e-15
WDR73,0.81803,0.546,1.259,13525.0,2.8229e-09
CDK3,0.77752,0.497,1.259,13526.0,2.1415e-07
POTEC,0.83985,0.574,1.26,13527.0,1.4383e-10
SLC22A14,0.87511,0.62,1.26,13528.0,3.1738e-13
SLC6A20,0.91356,0.672,1.26,13529.0,2.6621e-17
GAMT,0.55284,0.271,1.26,13530.0,0.0094758
PRAP1,0.49077,0.222,1.26,13531.0,0.032463
NDUFB5,0.63968,0.349,1.26,13532.0,0.00073075
TBC1D3,0.0,0.0,1.26,13533.0,0.53063
PLIN1,0.84997,0.587,1.26,13534.0,3.1486e-11
CTD-2287O16.3,0.49146,0.223,1.261,13535.0,0.032343
C16orf92,0.4913,0.223,1.261,13536.0,0.03237
RNF144B,0.82999,0.561,1.261,13537.0,6.3516e-10
TCP11L2,0.86756,0.609,1.261,13538.0,1.4743e-12
ITFG3,0.86802,0.61,1.261,13539.0,1.459e-12
RNPEP,0.9143,0.673,1.261,13540.0,2.6051e-17
MTERF,0.76216,0.479,1.261,13541.0,8.6123e-07
C5orf45,0.72392,0.435,1.262,13542.0,1.3396e-05
FFAR2,0.55376,0.272,1.262,13543.0,0.0094238
CEP63,0.96293,0.742,1.262,13544.0,6.244400000000001e-25
TMEM17,0.55367,0.272,1.262,13545.0,0.0094291
PON3,0.77889,0.498,1.262,13546.0,2.1034e-07
METTL5,0.70009,0.41,1.262,13547.0,5.1688e-05
CRYBA2,0.67329,0.382,1.263,13548.0,0.00019464
GEM,0.80782,0.533,1.263,13549.0,1.179e-08
HTR3D,0.79423,0.516,1.263,13550.0,5.0168e-08
GDF5OS,0.60243,0.314,1.263,13551.0,0.002636
HAVCR1,0.76316,0.479,1.263,13552.0,8.5105e-07
PIPOX,0.86048,0.599,1.263,13553.0,6.6433e-12
DACT2,0.55413,0.272,1.263,13554.0,0.0094032
SLC36A2,0.83176,0.562,1.263,13555.0,6.1509e-10
GPATCH3,0.88455,0.631,1.263,13556.0,6.3952e-14
NLRP8,0.96363,0.743,1.263,13557.0,6.0834e-25
ANKRD30A,1.0309,0.846,1.263,13558.0,2.685e-45
MST1R,1.0086,0.811,1.263,13559.0,7.8684e-37
TRIM16L,0.74513,0.459,1.263,13560.0,3.3944e-06
EXD1,0.8845,0.631,1.263,13561.0,6.4033e-14
EPHX2,0.94477,0.715,1.263,13562.0,1.7936e-21
KRT77,0.86916,0.611,1.263,13563.0,1.4217e-12
FRG1B,0.60238,0.314,1.263,13564.0,0.0026368
GPR160,0.6412,0.35,1.263,13565.0,0.00072275
RIPPLY2,0.55428,0.272,1.263,13566.0,0.0093945
YARS2,0.85228,0.588,1.264,13567.0,3.0025e-11
PIGF,0.64174,0.35,1.264,13568.0,0.00071995
IDH3B,0.85243,0.588,1.264,13569.0,2.9929e-11
GPR25,0.55458,0.272,1.264,13570.0,0.0093779
PLBD1,0.91118,0.667,1.264,13571.0,1.1759e-16
SPEM1,0.72473,0.436,1.264,13572.0,1.3289e-05
ANXA3,0.86138,0.6,1.264,13573.0,6.5152e-12
ZFAND1,0.79548,0.517,1.265,13574.0,4.9277e-08
CLIC1,0.67458,0.383,1.265,13575.0,0.00019265
SCN1B,0.40696,0.165,1.265,13576.0,0.10186
ZNF239,0.78069,0.499,1.265,13577.0,2.0543e-07
DNPH1,0.493,0.223,1.265,13578.0,0.032074
HAO2,0.83316,0.563,1.265,13579.0,5.9977e-10
ZNF474,0.64212,0.351,1.265,13580.0,0.00071798
TAS2R7,0.49307,0.223,1.265,13581.0,0.032062
GNL3,0.93357,0.697,1.266,13582.0,1.9878000000000002e-19
PDZD3,0.87156,0.612,1.266,13583.0,1.3463e-12
PCDHGA2,0.90668,0.66,1.266,13584.0,5.4715e-16
RAC3,0.60379,0.314,1.266,13585.0,0.0026125
SERPINA7,0.60372,0.314,1.266,13586.0,0.0026137
PMS2,0.97576,0.759,1.266,13587.0,4.5176000000000004e-27
DGCR6L,0.70242,0.411,1.266,13588.0,5.0636e-05
MS4A1,0.7021,0.411,1.266,13589.0,5.0781e-05
MLLT11,0.0,0.0,1.266,13590.0,0.52915
CYP3A7,0.88631,0.632,1.266,13591.0,6.1237e-14
ZNF467,0.82254,0.549,1.266,13592.0,2.6159e-09
RMDN1,0.83407,0.564,1.267,13593.0,5.8995e-10
LPAR6,0.64311,0.351,1.267,13594.0,0.0007129
NMUR1,0.70306,0.412,1.267,13595.0,5.0352e-05
P2RX5,0.87957,0.623,1.267,13596.0,2.8546e-13
MURC,0.70266,0.411,1.267,13597.0,5.0529e-05
MEOX1,0.67582,0.383,1.268,13598.0,0.00019076
PRG2,0.67591,0.383,1.268,13599.0,0.00019062
DCDC1,0.79752,0.518,1.268,13600.0,4.7858e-08
DCTD,0.6438,0.351,1.268,13601.0,0.00070935
NXPE2,0.81103,0.535,1.268,13602.0,1.1215e-08
SCGB1D2,0.27462,0.096,1.268,13603.0,0.2703
GREM2,0.49445,0.224,1.268,13604.0,0.031824
SFTPA2,0.55687,0.273,1.268,13605.0,0.0092512
TIMMDC1,0.81145,0.535,1.268,13606.0,1.1142e-08
MUC15,0.70354,0.412,1.268,13607.0,5.0143e-05
OXTR,0.64354,0.351,1.268,13608.0,0.00071066
BPIFB6,0.8803,0.623,1.268,13609.0,2.8058e-13
BMP8B,0.67652,0.384,1.269,13610.0,0.0001897
FBXW8,0.9083,0.661,1.269,13611.0,5.2356e-16
DPH5,0.76723,0.482,1.269,13612.0,8.1083e-07
NDUFC1,0.40863,0.166,1.269,13613.0,0.10105
GBP6,0.90832,0.661,1.269,13614.0,5.233e-16
FAM150B,0.49461,0.224,1.269,13615.0,0.031797
FSBP,0.6443,0.352,1.269,13616.0,0.00070681
LMF1,0.90896,0.661,1.269,13617.0,5.1419e-16
FAM221B,0.81183,0.535,1.269,13618.0,1.1077e-08
CCDC176,0.91463,0.669,1.269,13619.0,1.0672e-16
VAMP3,0.60522,0.315,1.269,13620.0,0.0025882
GTF2A1L,0.85613,0.591,1.269,13621.0,2.7752e-11
STAMBPL1,0.89604,0.644,1.269,13622.0,1.1971e-14
ACAD8,0.88967,0.635,1.27,13623.0,5.6389e-14
OAS3,1.0032,0.799,1.27,13624.0,1.9653e-33
SLITRK6,0.88923,0.634,1.27,13625.0,5.6989e-14
DUOX2,1.0568,0.883,1.27,13626.0,4.5032e-56
SULT1E1,0.7839,0.501,1.27,13627.0,1.9701e-07
PPP1R32,0.90333,0.653,1.27,13628.0,2.4447e-15
BATF3,0.49513,0.224,1.27,13629.0,0.03171
KIAA0226L,0.92659,0.686,1.27,13630.0,4.3599e-18
SLCO1A2,0.91494,0.67,1.27,13631.0,1.0581e-16
FSD2,0.94957,0.719,1.27,13632.0,1.5276999999999998e-21
ADH4,0.76764,0.482,1.27,13633.0,8.0684e-07
TNFRSF13C,0.27494,0.096,1.27,13634.0,0.26993
PNPLA4,0.60616,0.316,1.271,13635.0,0.0025724
FAM101B,0.27522,0.096,1.271,13636.0,0.26962
ZFR2,0.97302,0.752,1.271,13637.0,9.762299999999999e-26
FGF11,0.67787,0.384,1.271,13638.0,0.00018767
PXMP2,0.55821,0.274,1.271,13639.0,0.009178
NUTM2G,0.83667,0.565,1.271,13640.0,5.6293e-10
BEX2,0.4092,0.166,1.271,13641.0,0.10078
RHBDD3,0.70509,0.413,1.271,13642.0,4.9464e-05
UTS2,0.4957,0.225,1.271,13643.0,0.031612
PLLP,0.55796,0.274,1.271,13644.0,0.0091916
ZNF44,0.60639,0.316,1.271,13645.0,0.0025686
YJEFN3,0.72944,0.439,1.272,13646.0,1.2695e-05
AC008271.1,0.40946,0.166,1.272,13647.0,0.10066
CCDC84,0.89091,0.636,1.272,13648.0,5.4698e-14
RRP8,0.84794,0.579,1.272,13649.0,1.2303e-10
VWA5B1,1.0027,0.796,1.272,13650.0,9.1392e-33
PGLYRP2,0.8579,0.592,1.272,13651.0,2.6765e-11
KRT6B,0.83771,0.566,1.272,13652.0,5.5245e-10
CPA1,0.85827,0.592,1.273,13653.0,2.6567e-11
ANGPTL1,0.8488,0.58,1.273,13654.0,1.2103e-10
GLUD2,0.49625,0.225,1.273,13655.0,0.03152
CDHR3,0.96752,0.743,1.273,13656.0,2.3071e-24
GLDN,0.88385,0.626,1.273,13657.0,2.5809e-13
OC90,0.86774,0.604,1.273,13658.0,5.6811e-12
OC90,0.86774,0.604,1.273,13659.0,5.6811e-12
FLJ27365,0.40994,0.166,1.273,13660.0,0.10042
CLCA2,0.98686,0.772,1.273,13661.0,1.4744e-28
REEP5,0.64617,0.353,1.273,13662.0,0.00069737
CD55,0.86779,0.604,1.273,13663.0,5.6753e-12
PSAT1,0.81454,0.537,1.273,13664.0,1.0621e-08
INPP1,0.76944,0.483,1.273,13665.0,7.898e-07
KIF4B,0.97099,0.748,1.273,13666.0,4.632700000000001e-25
CLDN18,0.67866,0.385,1.273,13667.0,0.0001865
TRIM74,0.55887,0.274,1.273,13668.0,0.0091423
APEX1,0.78591,0.503,1.273,13669.0,1.9191e-07
TMEM206,0.83889,0.567,1.274,13670.0,5.4081e-10
RP11-383H13.1,0.64666,0.353,1.274,13671.0,0.00069491
ABCC12,1.0474,0.865,1.274,13672.0,4.5659e-49
MARC1,0.80158,0.521,1.274,13673.0,4.5163e-08
SERGEF,0.89228,0.637,1.274,13674.0,5.2893e-14
SMPDL3B,0.82731,0.553,1.274,13675.0,2.4146e-09
ZADH2,0.60793,0.317,1.274,13676.0,0.002543
EFHD2,0.55969,0.275,1.275,13677.0,0.0090981
URM1,0.4974,0.225,1.275,13678.0,0.031327
MCFD2,0.4106,0.167,1.275,13679.0,0.10011
RPS27L,0.41061,0.167,1.275,13680.0,0.10011
HTR6,0.67952,0.385,1.275,13681.0,0.00018524
PPA2,0.85016,0.581,1.275,13682.0,1.1789e-10
RP11-176H8.1,0.41081,0.167,1.275,13683.0,0.10001
C3orf22,0.41062,0.167,1.275,13684.0,0.1001
SORD,0.80193,0.521,1.275,13685.0,4.4938e-08
TMEM43,0.87814,0.617,1.276,13686.0,1.1608e-12
OMD,0.73161,0.44,1.276,13687.0,1.243e-05
SH3TC1,1.0129,0.81,1.276,13688.0,6.0939e-35
TMEM160,0.41114,0.167,1.276,13689.0,0.099858
DHRS12,0.81605,0.538,1.276,13690.0,1.0374e-08
MED31,0.64799,0.354,1.276,13691.0,0.00068836
KRBA2,0.7875,0.504,1.276,13692.0,1.8795e-07
MTERFD1,0.81647,0.538,1.276,13693.0,1.0306e-08
GMPR2,0.81636,0.538,1.276,13694.0,1.0324e-08
DPEP3,0.84028,0.568,1.276,13695.0,5.2742e-10
PTGES2,0.82865,0.553,1.276,13696.0,2.361e-09
FAM63A,0.91347,0.665,1.276,13697.0,4.5522e-16
SLC25A18,0.78776,0.504,1.276,13698.0,1.8732e-07
GINS1,0.77155,0.485,1.277,13699.0,7.7028e-07
FAM228B,0.78842,0.504,1.277,13700.0,1.8573e-07
BCO2,0.93143,0.689,1.277,13701.0,3.7829e-18
FAM132B,0.60918,0.317,1.277,13702.0,0.0025225
BMP15,0.68092,0.386,1.277,13703.0,0.0001832
STEAP1B,0.73212,0.44,1.277,13704.0,1.2368e-05
FADD,0.0,0.0,1.277,13705.0,0.52595
CDHR5,0.9363,0.696,1.277,13706.0,7.744700000000001e-19
MESP2,0.75315,0.464,1.277,13707.0,3.1138e-06
ARHGEF39,0.85222,0.582,1.278,13708.0,1.1334e-10
DDIT4,0.64906,0.354,1.278,13709.0,0.00068309
TSPYL4,0.73264,0.441,1.278,13710.0,1.2306e-05
GPX4,0.70884,0.415,1.278,13711.0,4.7865e-05
SLAMF9,0.73267,0.441,1.278,13712.0,1.2303e-05
PHF11,0.8042,0.523,1.278,13713.0,4.3505e-08
NTPCR,0.6098,0.318,1.278,13714.0,0.0025124
FEN1,0.70913,0.415,1.278,13715.0,4.7743e-05
PARVB,0.88729,0.628,1.278,13716.0,2.3813e-13
ZNF488,0.75383,0.464,1.278,13717.0,3.0911e-06
GOT1L1,0.8413,0.569,1.278,13718.0,5.1791e-10
SSX3,0.56104,0.275,1.278,13719.0,0.009026
TMEM177,0.5617,0.276,1.279,13720.0,0.0089914
YIPF2,0.80476,0.523,1.279,13721.0,4.3157e-08
FCRL3,0.95254,0.718,1.279,13722.0,5.973899999999999e-21
TTC32,0.49882,0.226,1.279,13723.0,0.031091
GALNT15,0.93267,0.69,1.279,13724.0,3.6481e-18
MEP1B,0.9724,0.747,1.279,13725.0,1.9369e-24
MCM7,0.97236,0.747,1.279,13726.0,1.9396e-24
CTD-3105H18.16,0.41212,0.167,1.279,13727.0,0.099394
EFCAB10,0.56166,0.276,1.279,13728.0,0.0089932
HN1,0.61025,0.318,1.279,13729.0,0.002505
SUMF2,0.81859,0.54,1.279,13730.0,9.9738e-09
MCHR1,0.71005,0.416,1.28,13731.0,4.7359e-05
C4orf29,0.88103,0.619,1.28,13732.0,1.0881e-12
DAPK2,0.84316,0.57,1.28,13733.0,5.0088e-10
CRHR2,0.92263,0.675,1.28,13734.0,8.5473e-17
GM2A,0.49919,0.226,1.28,13735.0,0.03103
SLC16A8,0.56205,0.276,1.28,13736.0,0.0089726
KRCC1,0.64987,0.355,1.28,13737.0,0.00067915
SAMD11,0.89656,0.64,1.28,13738.0,4.7681e-14
C1QTNF3,0.79044,0.506,1.28,13739.0,1.8089e-07
LIM2,0.65004,0.355,1.28,13740.0,0.00067834
FGF23,0.49929,0.226,1.28,13741.0,0.031014
FPGT,0.85403,0.583,1.281,13742.0,1.0949e-10
NAA40,0.81982,0.54,1.281,13743.0,9.7852e-09
CDH16,0.97751,0.753,1.281,13744.0,3.6527000000000003e-25
ENTHD2,0.81957,0.54,1.281,13745.0,9.8236e-09
TRABD2A,0.83189,0.556,1.281,13746.0,2.2361e-09
hsa-mir-1199,0.65029,0.355,1.281,13747.0,0.00067712
MYBPH,0.88966,0.63,1.281,13748.0,2.2535e-13
C2orf47,0.75591,0.465,1.281,13749.0,3.0232e-06
PRELP,0.71076,0.416,1.281,13750.0,4.7067e-05
PDCD1LG2,0.73498,0.442,1.282,13751.0,1.203e-05
NIF3L1,0.82025,0.541,1.282,13752.0,9.7207e-09
EIF2S3L,0.68332,0.388,1.282,13753.0,0.00017977
C6orf57,0.41323,0.168,1.282,13754.0,0.098879
CNKSR1,0.99999,0.787,1.282,13755.0,4.289e-30
EXOSC6,0.0,0.0,1.282,13756.0,0.52473
PRDX5,0.68371,0.388,1.282,13757.0,0.00017921
OXLD1,0.27814,0.097,1.282,13758.0,0.26634
P2RX4,0.87388,0.609,1.282,13759.0,4.9835e-12
RERG,0.73524,0.442,1.282,13760.0,1.2001e-05
ARRDC2,0.83293,0.556,1.282,13761.0,2.1977e-09
CHST12,0.712,0.417,1.283,13762.0,4.6561e-05
RP11-455G16.1,0.50058,0.227,1.283,13763.0,0.030803
ADPRH,0.75691,0.466,1.283,13764.0,2.991e-06
NME5,0.65137,0.356,1.283,13765.0,0.00067197
CCDC69,0.87456,0.609,1.283,13766.0,4.9125e-12
TMEM8C,0.68428,0.388,1.283,13767.0,0.00017841
ADCK1,0.9053,0.65,1.283,13768.0,9.4776e-15
ANGPTL4,0.86519,0.597,1.283,13769.0,2.3089e-11
LITAF,0.50089,0.227,1.284,13770.0,0.030752
IL18,0.50111,0.227,1.284,13771.0,0.030717
ZNF132,0.88352,0.621,1.284,13772.0,1.0294e-12
POLE3,0.50116,0.227,1.284,13773.0,0.030709
LDOC1,0.0,0.0,1.284,13774.0,0.52431
NUPL2,0.82164,0.542,1.284,13775.0,9.5131e-09
RNF125,0.7125,0.417,1.284,13776.0,4.6358e-05
C1orf177,0.89198,0.632,1.284,13777.0,2.1352e-13
COA1,0.56473,0.277,1.285,13778.0,0.0088335
KCNJ1,0.71276,0.417,1.285,13779.0,4.6255e-05
TECTB,0.84593,0.572,1.285,13780.0,4.7666e-10
MB,0.50161,0.227,1.285,13781.0,0.030636
ERMN,0.73694,0.443,1.285,13782.0,1.1805e-05
ANKDD1A,0.92623,0.678,1.285,13783.0,7.7415e-17
C11orf49,0.86662,0.598,1.285,13784.0,2.2431e-11
MKKS,0.8349,0.558,1.285,13785.0,2.1265e-09
GTDC1,0.88426,0.621,1.285,13786.0,1.0127e-12
TTLL9,0.93721,0.693,1.285,13787.0,3.1982e-18
TTC7A,1.0074,0.796,1.285,13788.0,1.5359e-31
ASB15,0.91426,0.661,1.286,13789.0,1.84e-15
BPIFB2,0.87615,0.61,1.286,13790.0,4.7491e-12
EPHA10,0.98829,0.767,1.286,13791.0,1.2428e-26
UGT1A5,0.82265,0.542,1.286,13792.0,9.3665e-09
TMPRSS11A,0.91441,0.661,1.286,13793.0,1.8331e-15
SLC41A3,0.8933,0.633,1.286,13794.0,2.0709e-13
ZNF732,0.41479,0.168,1.286,13795.0,0.098159
C17orf98,0.56508,0.277,1.286,13796.0,0.0088152
EGFL6,0.88491,0.622,1.286,13797.0,9.9818e-13
SERP1,0.27914,0.098,1.286,13798.0,0.26523
OR5P3,0.41476,0.168,1.286,13799.0,0.09817
TAS1R2,0.92684,0.678,1.286,13800.0,7.6139e-17
NSG1,0.56482,0.277,1.286,13801.0,0.0088286
TTC9C,0.68594,0.389,1.286,13802.0,0.00017609
CASP10,0.87726,0.611,1.287,13803.0,4.6392e-12
ATP13A5,1.0582,0.874,1.287,13804.0,2.4077000000000002e-49
PRPSAP1,0.79466,0.508,1.287,13805.0,1.7124e-07
RHOF,0.68623,0.389,1.287,13806.0,0.00017569
UNC5CL,0.89403,0.633,1.287,13807.0,2.0365e-13
PCK1,0.90852,0.653,1.287,13808.0,8.7476e-15
PEBP4,0.71402,0.418,1.287,13809.0,4.575e-05
CBLN3,0.65337,0.357,1.287,13810.0,0.00066248
NARF,0.88582,0.622,1.287,13811.0,9.7836e-13
PMEL,0.93877,0.695,1.287,13812.0,3.0571e-18
TMEM192,0.75891,0.467,1.287,13813.0,2.9274e-06
SYNDIG1L,0.56557,0.277,1.287,13814.0,0.0087901
MACC1,0.94485,0.703,1.288,13815.0,6.005300000000001e-19
ZNF442,0.50258,0.228,1.288,13816.0,0.03048
MBLAC2,0.71486,0.419,1.288,13817.0,4.5418e-05
HAPLN2,0.7782,0.489,1.288,13818.0,7.1205e-07
SAMD10,0.6542,0.357,1.288,13819.0,0.00065861
FAM19A4,0.65391,0.357,1.288,13820.0,0.00065997
CES2,0.92249,0.671,1.288,13821.0,3.5781e-16
FCHSD1,1.0104,0.799,1.288,13822.0,1.3536000000000001e-31
ADAMDEC1,0.92195,0.671,1.288,13823.0,3.6295e-16
ASPRV1,0.56568,0.277,1.288,13824.0,0.0087846
PECR,0.81005,0.526,1.288,13825.0,4.0029e-08
B3GALTL,0.92917,0.68,1.289,13826.0,7.1449e-17
TVP23A,0.79575,0.509,1.289,13827.0,1.6882e-07
SRD5A1,0.73914,0.445,1.289,13828.0,1.1557e-05
EMC6,0.0,0.0,1.289,13829.0,0.52298
C9orf171,0.79554,0.509,1.289,13830.0,1.693e-07
NSUN3,0.82494,0.544,1.289,13831.0,9.0405e-09
TRIML2,0.73929,0.445,1.289,13832.0,1.154e-05
MYL6,0.65531,0.358,1.29,13833.0,0.00065343
TAF1C,0.98039,0.753,1.29,13834.0,1.4604e-24
BPIFB4,0.96009,0.724,1.29,13835.0,4.6975999999999994e-21
CASP14,0.76082,0.468,1.29,13836.0,2.8684e-06
C15orf65,0.28039,0.098,1.29,13837.0,0.26387
ORM1,0.74005,0.445,1.29,13838.0,1.1456e-05
MMAA,0.88763,0.624,1.29,13839.0,9.3982e-13
RMND5B,0.89598,0.634,1.29,13840.0,1.9471e-13
OR51F1,0.50356,0.228,1.29,13841.0,0.030324
PON1,0.85978,0.587,1.29,13842.0,9.8142e-11
MICU1,0.89626,0.635,1.291,13843.0,1.9344e-13
DYTN,0.94651,0.704,1.291,13844.0,5.718800000000001e-19
HSPA1A,0.50417,0.228,1.291,13845.0,0.030228
FAM200B,0.83833,0.56,1.291,13846.0,2.0087e-09
CDK11A,0.93647,0.689,1.291,13847.0,1.385e-17
TSPAN11,0.78031,0.49,1.291,13848.0,6.945e-07
RAB32,0.65593,0.358,1.291,13849.0,0.00065061
IQCJ,0.65558,0.358,1.291,13850.0,0.0006522
FAM32A,0.50387,0.228,1.291,13851.0,0.030275
GPR153,0.78116,0.491,1.292,13852.0,6.8764e-07
MISP,0.8807,0.613,1.292,13853.0,4.3142e-12
CILP,0.98924,0.765,1.292,13854.0,5.3654e-26
C1QTNF9,0.74082,0.446,1.292,13855.0,1.1372e-05
PLA2G2A,0.41673,0.169,1.292,13856.0,0.097278
CD207,0.76247,0.469,1.292,13857.0,2.8182e-06
CLEC4E,0.74076,0.446,1.292,13858.0,1.1378e-05
DUSP13,0.74129,0.446,1.292,13859.0,1.132e-05
NRTN,0.5042,0.228,1.292,13860.0,0.030223
AVPR1A,0.78088,0.491,1.292,13861.0,6.8987e-07
KLK7,0.65678,0.359,1.293,13862.0,0.0006467
MRPL35,0.6174,0.322,1.293,13863.0,0.0023926
CCZ1B,0.88975,0.625,1.293,13864.0,8.9699e-13
MTNR1B,0.65656,0.358,1.293,13865.0,0.00064771
CALCB,0.41706,0.169,1.293,13866.0,0.097127
C20orf27,0.56811,0.279,1.293,13867.0,0.0086621
LRRC28,0.87215,0.602,1.293,13868.0,2.0078e-11
OPN4,0.88956,0.625,1.293,13869.0,9.0073e-13
MB21D1,0.8275,0.546,1.293,13870.0,8.6912e-09
ZNF793,0.83972,0.561,1.293,13871.0,1.9629e-09
MEPE,0.56881,0.279,1.294,13872.0,0.0086273
CCDC63,0.94931,0.706,1.294,13873.0,5.2679e-19
SELENBP1,0.92641,0.674,1.294,13874.0,3.2268e-16
CCDC102B,0.92652,0.674,1.294,13875.0,3.2182e-16
APMAP,0.86247,0.589,1.294,13876.0,9.3261e-11
FNDC8,0.68996,0.391,1.294,13877.0,0.00017064
ZNF573,0.87248,0.602,1.294,13878.0,1.9945e-11
C7orf72,0.81428,0.529,1.294,13879.0,3.77e-08
SYNE4,0.88212,0.614,1.294,13880.0,4.188e-12
LMAN2L,0.87328,0.603,1.295,13881.0,1.9629e-11
PSRC1,0.82852,0.546,1.295,13882.0,8.556e-09
C4BPB,0.71862,0.421,1.295,13883.0,4.3958e-05
GPR62,0.28169,0.099,1.295,13884.0,0.26246
GPR171,0.69071,0.392,1.295,13885.0,0.00016964
S1PR4,0.61838,0.322,1.295,13886.0,0.0023778
GPR119,0.56899,0.279,1.295,13887.0,0.0086183
ALPP,0.89906,0.637,1.295,13888.0,1.8144e-13
RNF187,0.41806,0.17,1.295,13889.0,0.096678
ZNF430,0.56905,0.279,1.295,13890.0,0.0086151
LRRC69,0.74258,0.447,1.295,13891.0,1.118e-05
LRRC72,0.76391,0.47,1.295,13892.0,2.7753e-06
CENPO,0.84187,0.562,1.296,13893.0,1.8941e-09
HTR1D,0.65812,0.359,1.296,13894.0,0.00064061
FRMD1,0.90749,0.647,1.296,13895.0,3.6693e-14
ERCC1,0.80022,0.512,1.296,13896.0,1.5933e-07
ZNF20,0.41828,0.17,1.296,13897.0,0.096582
PCDHB3,0.80042,0.512,1.296,13898.0,1.5891e-07
KRT20,0.8639,0.59,1.296,13899.0,9.0776e-11
MAVS,0.78331,0.492,1.296,13900.0,6.7045e-07
CAPS2,0.98228,0.752,1.297,13901.0,6.0736000000000004e-24
ARHGDIB,0.65877,0.36,1.297,13902.0,0.0006377
DNMT3L,0.89266,0.627,1.297,13903.0,8.415e-13
ANGPTL5,0.85394,0.577,1.297,13904.0,4.1332e-10
NDUFS6,0.41878,0.17,1.297,13905.0,0.096359
DZIP1L,0.98937,0.763,1.297,13906.0,2.3897e-25
WDR90,1.0917,0.922,1.297,13907.0,1.2637e-64
ZAR1,0.71975,0.421,1.297,13908.0,4.3531e-05
RNF215,0.84263,0.563,1.297,13909.0,1.8704e-09
IL20RB,0.81649,0.531,1.298,13910.0,3.6539e-08
ZRSR1,0.69245,0.393,1.298,13911.0,0.00016735
KIAA0141,0.94095,0.693,1.298,13912.0,1.2229e-17
IL36A,0.50702,0.23,1.298,13913.0,0.029783
OR52E2,0.41912,0.17,1.298,13914.0,0.096208
HIATL2,0.41915,0.17,1.298,13915.0,0.096194
IL19,0.7205,0.422,1.298,13916.0,4.325e-05
NSUN5,0.89363,0.628,1.298,13917.0,8.2394e-13
CFHR4,0.94749,0.701,1.299,13918.0,2.384e-18
OGG1,0.88514,0.616,1.299,13919.0,3.9314e-12
SSX4,0.0,0.0,1.299,13920.0,0.5203
AC068533.7,0.8551,0.578,1.299,13921.0,4.0488e-10
ZNF76,0.95277,0.708,1.299,13922.0,4.764e-19
OR10AD1,0.57107,0.28,1.299,13923.0,0.0085157
ALDH1B1,0.76656,0.472,1.299,13924.0,2.6981e-06
PRNP,0.66009,0.36,1.299,13925.0,0.00063182
CHD1L,1.0357,0.831,1.299,13926.0,1.0034e-36
SLC22A12,0.90219,0.639,1.299,13927.0,1.6891e-13
RIT2,0.65995,0.36,1.299,13928.0,0.00063244
ZNF285,0.6928,0.393,1.299,13929.0,0.0001669
BTNL2,0.86702,0.592,1.3,13930.0,8.5607e-11
METTL24,0.74545,0.448,1.3,13931.0,1.0876e-05
WASH4P,0.62088,0.323,1.3,13932.0,0.0023404
TCF15,0.0,0.0,1.3,13933.0,0.51981
APTX,0.85589,0.578,1.3,13934.0,3.9924e-10
PVR,0.8569,0.579,1.301,13935.0,3.922e-10
RBM48,0.8032,0.514,1.301,13936.0,1.5329e-07
ANGPTL3,0.90334,0.64,1.301,13937.0,1.6455e-13
CELA3A,0.83248,0.549,1.301,13938.0,8.0514e-09
PTGR1,0.81878,0.532,1.301,13939.0,3.5375e-08
HAUS1,0.81849,0.532,1.301,13940.0,3.5522e-08
MORN3,0.80307,0.514,1.301,13941.0,1.5357e-07
REG3A,0.66074,0.361,1.301,13942.0,0.00062895
PMP2,0.57195,0.281,1.301,13943.0,0.0084728
ZC2HC1C,0.84493,0.564,1.301,13944.0,1.8005e-09
FAM124B,0.74671,0.449,1.302,13945.0,1.0746e-05
HIST1H3C,0.2834,0.099,1.302,13946.0,0.26064
TRIM64B,0.74713,0.449,1.302,13947.0,1.0703e-05
C1orf159,0.69466,0.394,1.302,13948.0,0.0001645
NOL7,0.81891,0.532,1.302,13949.0,3.5312e-08
GPRC6A,0.93827,0.687,1.302,13950.0,5.5919e-17
ENDOU,0.91282,0.651,1.303,13951.0,3.2354e-14
NME9,0.83381,0.55,1.303,13952.0,7.8887e-09
PLD4,0.89653,0.63,1.303,13953.0,7.7337e-13
XYLB,0.97839,0.743,1.303,13954.0,1.3597e-22
EIF4E1B,0.7874,0.495,1.303,13955.0,6.3895e-07
NAGA,0.87848,0.606,1.303,13956.0,1.7703e-11
PPIL6,0.84667,0.565,1.303,13957.0,1.7495e-09
FGF21,0.50927,0.231,1.303,13958.0,0.029439
OR8B12,0.28401,0.1,1.304,13959.0,0.25999
AFM,0.95659,0.711,1.304,13960.0,4.2654e-19
FAM103A1,0.57355,0.281,1.304,13961.0,0.008396
REM2,0.74828,0.45,1.304,13962.0,1.0585e-05
OR56A4,0.57321,0.281,1.304,13963.0,0.0084121
BTD,0.80503,0.515,1.304,13964.0,1.4972e-07
OR2D3,0.57331,0.281,1.304,13965.0,0.0084071
DNAJB8,0.4214,0.171,1.304,13966.0,0.095207
UBE2T,0.74814,0.45,1.304,13967.0,1.0599e-05
CLEC4A,0.72425,0.424,1.305,13968.0,4.1872e-05
ZSCAN9,0.87983,0.607,1.305,13969.0,1.7236e-11
TRIM15,0.8349,0.55,1.305,13970.0,7.758e-09
C7orf49,0.28428,0.1,1.305,13971.0,0.25971
HAL,0.98464,0.751,1.305,13972.0,2.4971e-23
TMCO4,0.96677,0.726,1.305,13973.0,1.6674e-20
ACAA2,0.86011,0.581,1.306,13974.0,3.7065e-10
MRPL18,0.6965,0.395,1.306,13975.0,0.00016217
IGFLR1,0.77043,0.474,1.306,13976.0,2.5896e-06
IGSF22,1.0537,0.855,1.306,13977.0,3.9627000000000005e-41
AS3MT,0.87079,0.595,1.306,13978.0,7.9768e-11
NAIP,0.69691,0.395,1.306,13979.0,0.00016166
CLECL1,0.28468,0.1,1.306,13980.0,0.25929
BEST2,0.90676,0.642,1.306,13981.0,1.5229e-13
PRAMEF11,0.66371,0.362,1.306,13982.0,0.00061604
PRB3,0.78947,0.496,1.306,13983.0,6.2362e-07
SLURP1,0.28463,0.1,1.306,13984.0,0.25934
PLAC8L1,0.57496,0.282,1.307,13985.0,0.0083287
DIABLO,0.77106,0.475,1.307,13986.0,2.5722e-06
KLRC1,0.72559,0.425,1.307,13987.0,4.139e-05
XAGE3,0.42222,0.171,1.307,13988.0,0.094852
CLEC4F,0.91505,0.653,1.307,13989.0,3.0707e-14
MS4A6E,0.51084,0.231,1.307,13990.0,0.029203
CFTR,1.0903,0.913,1.307,13991.0,2.1735e-58
PPP1R3F,0.72524,0.425,1.307,13992.0,4.1516e-05
CCDC77,0.9635,0.72,1.307,13993.0,8.0291e-20
FAM212A,0.66412,0.363,1.307,13994.0,0.00061425
LRWD1,0.96867,0.727,1.307,13995.0,1.5745e-20
METRN,0.42248,0.171,1.307,13996.0,0.094738
SHPK,0.89969,0.632,1.307,13997.0,7.2212e-13
LRRC3C,0.51079,0.231,1.307,13998.0,0.029211
OPRM1,0.87139,0.595,1.307,13999.0,7.8882e-11
AKR1B10,0.83649,0.551,1.307,14000.0,7.5723e-09
FRG1,0.79084,0.497,1.308,14001.0,6.1368e-07
DNAJC19,0.66447,0.363,1.308,14002.0,0.00061275
DXO,0.86111,0.582,1.308,14003.0,3.6417e-10
PLIN2,0.83687,0.552,1.308,14004.0,7.5281e-09
RGL4,0.90022,0.632,1.308,14005.0,7.1404e-13
UCHL3,0.82282,0.535,1.308,14006.0,3.3417e-08
RECQL,0.96953,0.728,1.308,14007.0,1.5345e-20
OLIG2,0.42282,0.172,1.308,14008.0,0.094592
CANT1,0.77211,0.475,1.309,14009.0,2.5437e-06
IL1A,0.69808,0.396,1.309,14010.0,0.0001602
SUSD3,0.66527,0.363,1.309,14011.0,0.00060938
CLYBL,0.85047,0.568,1.309,14012.0,1.6434e-09
ZNF581,0.4231,0.172,1.309,14013.0,0.094471
YY1AP1,0.95471,0.706,1.309,14014.0,1.9461e-18
NLRP9,0.99485,0.764,1.309,14015.0,8.8603e-25
FOXD2,0.51195,0.232,1.31,14016.0,0.029038
CAV1,0.57612,0.283,1.31,14017.0,0.008274
SERPINB7,0.8382,0.553,1.31,14018.0,7.3773e-09
OGFOD3,0.85086,0.568,1.31,14019.0,1.6332e-09
CLUL1,0.88322,0.609,1.31,14020.0,1.6121e-11
CDHR1,0.97627,0.736,1.311,14021.0,2.8421999999999997e-21
DHRS4,0.75192,0.452,1.311,14022.0,1.0222e-05
KRT37,0.8631,0.583,1.311,14023.0,3.5166e-10
TRIM77,0.75198,0.452,1.311,14024.0,1.0217e-05
GDF3,0.72745,0.426,1.311,14025.0,4.0734e-05
ZNF674,0.79226,0.498,1.311,14026.0,6.0351e-07
CRYGC,0.66604,0.364,1.311,14027.0,0.0006061
WDR54,0.88446,0.61,1.311,14028.0,1.5733e-11
SLC1A7,0.87389,0.597,1.311,14029.0,7.5281e-11
SULT1B1,0.82459,0.536,1.311,14030.0,3.2594e-08
CSRP3,0.69939,0.397,1.311,14031.0,0.00015859
OPRK1,0.72776,0.426,1.311,14032.0,4.0625e-05
PCDHB1,0.87389,0.597,1.311,14033.0,7.528e-11
RP11-65D24.2,0.28605,0.1,1.312,14034.0,0.25787
PRSS37,0.77413,0.477,1.312,14035.0,2.4898e-06
TTC31,0.93958,0.684,1.312,14036.0,2.2945e-16
C17orf62,0.66673,0.364,1.312,14037.0,0.0006032
DPEP1,0.86381,0.584,1.312,14038.0,3.473e-10
DDX25,0.95727,0.708,1.312,14039.0,1.8125e-18
AGTR2,0.57697,0.283,1.312,14040.0,0.0082345
LOH12CR2,0.0,0.0,1.312,14041.0,0.51669
VPS9D1,0.96719,0.723,1.312,14042.0,7.2069e-20
TAS2R40,0.51302,0.232,1.312,14043.0,0.028878
FXYD3,0.75313,0.453,1.313,14044.0,1.0105e-05
ZWINT,0.87574,0.598,1.313,14045.0,7.2736e-11
AP4M1,0.94658,0.693,1.313,14046.0,4.4873e-17
MFSD10,0.8753,0.598,1.313,14047.0,7.3331e-11
TPRKB,0.57749,0.283,1.313,14048.0,0.00821
TECRL,0.8951,0.623,1.313,14049.0,3.1983e-12
PI16,0.84036,0.554,1.313,14050.0,7.1384e-09
CCDC137,0.794,0.499,1.313,14051.0,5.9139e-07
KLF8,0.62735,0.327,1.313,14052.0,0.0022471
OR6S1,0.51348,0.233,1.313,14053.0,0.028811
RCAN3,0.70058,0.397,1.313,14054.0,0.00015715
NKX6-2,0.51319,0.232,1.313,14055.0,0.028854
ZNF511,0.70074,0.397,1.313,14056.0,0.00015695
TEX30,0.66703,0.364,1.313,14057.0,0.00060198
NFE2L3,0.87641,0.599,1.314,14058.0,7.1842e-11
C6orf58,0.84074,0.554,1.314,14059.0,7.0978e-09
ADRA1D,0.72923,0.427,1.314,14060.0,4.0117e-05
RP11-944L7.5,0.42503,0.172,1.314,14061.0,0.093652
ZP4,0.95871,0.709,1.314,14062.0,1.7419e-18
MPDU1,0.7537,0.453,1.314,14063.0,1.0051e-05
CARTPT,0.42485,0.172,1.314,14064.0,0.093729
MTERFD3,0.77512,0.477,1.314,14065.0,2.464e-06
MARCH8,0.79465,0.499,1.314,14066.0,5.8689e-07
AP001362.1,0.2866,0.1,1.314,14067.0,0.2573
SLC35E3,0.79519,0.5,1.315,14068.0,5.8322e-07
INSC,0.95946,0.71,1.315,14069.0,1.706e-18
PTCD2,0.8768,0.599,1.315,14070.0,7.1321e-11
CYP2C18,0.86598,0.585,1.315,14071.0,3.3436e-10
NHLH1,0.28706,0.101,1.315,14072.0,0.25683
RANBP17,1.0698,0.875,1.315,14073.0,7.1728e-45
CMTM1,0.62802,0.327,1.315,14074.0,0.0022376
ALPPL2,0.88713,0.612,1.315,14075.0,1.4933e-11
APOA1BP,0.77588,0.478,1.315,14076.0,2.4443e-06
FIGLA,0.6288,0.327,1.316,14077.0,0.0022269
CHRNG,0.96523,0.718,1.316,14078.0,3.3338000000000003e-19
SAGE1,0.95399,0.702,1.316,14079.0,8.5732e-18
ACCSL,0.95422,0.702,1.316,14080.0,8.5206e-18
FAM89A,0.28717,0.101,1.316,14081.0,0.25672
MINOS1-NBL1,0.51456,0.233,1.316,14082.0,0.028653
MRPL46,0.81241,0.52,1.316,14083.0,1.3615e-07
TMEM18,0.62942,0.328,1.317,14084.0,0.0022182
CLEC4C,0.79609,0.5,1.317,14085.0,5.7708e-07
ASCC1,0.92213,0.658,1.317,14086.0,2.6051e-14
FEV,0.57964,0.284,1.317,14087.0,0.0081114
ARL13A,0.6695,0.365,1.317,14088.0,0.00059177
UBE2U,0.81312,0.52,1.317,14089.0,1.3492e-07
SLC2A11,0.90653,0.637,1.317,14090.0,6.2349e-13
CD84,0.8425,0.555,1.317,14091.0,6.9102e-09
EPYC,0.79641,0.5,1.317,14092.0,5.7495e-07
CDA,0.5798,0.284,1.318,14093.0,0.0081038
NAGPA,0.89807,0.625,1.318,14094.0,3.0095e-12
FKRP,0.75596,0.455,1.318,14095.0,9.8362e-06
ZFP37,0.90739,0.637,1.318,14096.0,6.1213e-13
C6orf222,0.97631,0.733,1.318,14097.0,1.2538e-20
DPEP2,0.86808,0.587,1.318,14098.0,3.2234e-10
KRT12,0.92343,0.659,1.319,14099.0,2.5279e-14
SELP,1.0345,0.818,1.319,14100.0,5.0448e-32
PRSS21,0.81455,0.521,1.319,14101.0,1.3247e-07
GPR137B,0.88972,0.614,1.319,14102.0,1.4197e-11
PGC,0.87976,0.601,1.319,14103.0,6.752e-11
PGM1,0.93107,0.669,1.319,14104.0,5.0551e-15
SLC25A32,0.84392,0.556,1.319,14105.0,6.7625e-09
CPA3,0.94417,0.687,1.319,14106.0,2.0416e-16
KLK1,0.70396,0.399,1.319,14107.0,0.00015311
PRR26,0.2881,0.101,1.319,14108.0,0.25576
JMJD4,0.85652,0.572,1.319,14109.0,1.4886e-09
CD33,0.79732,0.501,1.319,14110.0,5.6888e-07
TRAPPC6B,0.7042,0.399,1.32,14111.0,0.00015283
FOXRED1,0.94524,0.688,1.32,14112.0,1.9872e-16
TRIM42,0.96813,0.72,1.32,14113.0,3.0721e-19
KRTAP10-7,0.75736,0.456,1.32,14114.0,9.7068e-06
BOP1,0.42708,0.173,1.32,14115.0,0.092793
SLC25A2,0.63074,0.328,1.32,14116.0,0.0022001
PDXP,0.28827,0.101,1.32,14117.0,0.25559
PRDM9,1.0143,0.787,1.32,14118.0,4.8301e-27
BCDIN3D,0.73354,0.429,1.321,14119.0,3.8663e-05
LRAT,0.51664,0.234,1.321,14120.0,0.028354
TCP10L2,0.83126,0.54,1.321,14121.0,2.9683e-08
TSPYL1,0.79835,0.502,1.321,14122.0,5.621e-07
C4orf48,0.0,0.0,1.321,14123.0,0.51423
ADA,0.90018,0.627,1.321,14124.0,2.8825e-12
ZNF157,0.75774,0.456,1.321,14125.0,9.6717e-06
RAB41,0.67164,0.367,1.321,14126.0,0.00058306
KRT72,0.89165,0.615,1.322,14127.0,1.3674e-11
TNFRSF4,0.70548,0.4,1.322,14128.0,0.00015133
PCYOX1L,0.8813,0.602,1.322,14129.0,6.5627e-11
PKIG,0.0,0.0,1.322,14130.0,0.51408
SLC29A3,0.81646,0.522,1.322,14131.0,1.2925e-07
C15orf61,0.42782,0.174,1.322,14132.0,0.092485
OTUD6B,0.81697,0.522,1.323,14133.0,1.2841e-07
GJB3,0.63246,0.329,1.323,14134.0,0.0021767
SNX24,0.75912,0.457,1.323,14135.0,9.5459e-06
CTSG,0.75897,0.456,1.323,14136.0,9.5595e-06
PPAPDC3,0.58216,0.286,1.323,14137.0,0.0079976
OR6C2,0.42831,0.174,1.323,14138.0,0.092283
MRPL17,0.51774,0.235,1.323,14139.0,0.028198
ZNF160,0.5179,0.235,1.323,14140.0,0.028175
ALKBH3,0.90259,0.629,1.324,14141.0,2.7442e-12
JMJD7-PLA2G4B,1.0657,0.863,1.324,14142.0,1.0582e-40
PLA2G4B,1.0657,0.863,1.324,14143.0,1.0582e-40
YRDC,0.63258,0.329,1.324,14144.0,0.0021751
RP11-503N18.3,0.90211,0.628,1.324,14145.0,2.7711e-12
TXNDC8,0.58269,0.286,1.324,14146.0,0.0079737
SMAGP,0.28944,0.101,1.324,14147.0,0.25441
FAM71B,0.63272,0.33,1.324,14148.0,0.0021732
CCDC152,0.73491,0.43,1.324,14149.0,3.8214e-05
KIAA1143,0.58295,0.286,1.324,14150.0,0.0079624
OR8B4,0.51794,0.235,1.324,14151.0,0.028169
ANKRD29,0.84805,0.559,1.325,14152.0,6.3522e-09
ANGPT4,0.93552,0.672,1.325,14153.0,4.5492e-15
MTFP1,0.58326,0.286,1.325,14154.0,0.0079484
KDM4E,0.0,0.0,1.325,14155.0,0.51315
CCNJL,0.81807,0.523,1.325,14156.0,1.2662e-07
C9orf96,0.99903,0.762,1.325,14157.0,1.5666e-23
ZNF134,0.81851,0.523,1.325,14158.0,1.2592e-07
ZNF790,0.94253,0.682,1.325,14159.0,9.0679e-16
MYO1A,1.0797,0.885,1.325,14160.0,8.896999999999999e-46
MNS1,0.98633,0.743,1.325,14161.0,2.0964e-21
PIF1,0.94849,0.69,1.325,14162.0,1.8307e-16
MAMDC4,1.0931,0.905,1.326,14163.0,1.3953e-51
SMTNL1,0.90399,0.63,1.326,14164.0,2.6675e-12
TMEM126A,0.63393,0.33,1.326,14165.0,0.002157
TCEB2,0.42939,0.174,1.326,14166.0,0.091842
CTD-2267D19.3,0.42932,0.174,1.326,14167.0,0.091869
CA12,0.89486,0.618,1.327,14168.0,1.2849e-11
NRG4,0.51927,0.235,1.327,14169.0,0.027981
ACOT2,0.76154,0.458,1.327,14170.0,9.3287e-06
GSTT1,0.70809,0.402,1.327,14171.0,0.00014834
NOC2L,1.0291,0.805,1.327,14172.0,2.8933e-29
ZMPSTE24,0.94343,0.682,1.327,14173.0,8.8702e-16
SPRYD4,0.5841,0.287,1.327,14174.0,0.0079114
IDH1,0.9048,0.63,1.327,14175.0,2.6244e-12
BSX,0.58419,0.287,1.327,14176.0,0.0079075
UNC119,0.70812,0.402,1.327,14177.0,0.00014831
F2RL1,0.70801,0.402,1.327,14178.0,0.00014843
COX15,0.92125,0.652,1.327,14179.0,1.1031e-13
AP000721.4,0.42989,0.174,1.327,14180.0,0.091638
ZNF792,0.87387,0.591,1.327,14181.0,2.9153e-10
ASB8,0.7366,0.431,1.327,14182.0,3.767e-05
L1TD1,0.80294,0.504,1.328,14183.0,5.3285e-07
ALG11,0.84995,0.56,1.328,14184.0,6.1729e-09
UCKL1,0.93731,0.673,1.328,14185.0,4.3613e-15
PCDHB12,0.82014,0.525,1.328,14186.0,1.2331e-07
TXNDC12,0.73759,0.432,1.328,14187.0,3.7354e-05
DHRS11,0.78401,0.483,1.328,14188.0,2.2434e-06
GP1BB,0.0,0.0,1.328,14189.0,0.51249
OOSP2,0.52005,0.236,1.328,14190.0,0.027872
PRIMPOL,0.9685,0.717,1.328,14191.0,1.3322e-18
MAP1LC3A,0.5197,0.235,1.328,14192.0,0.027922
COQ6,0.93759,0.674,1.328,14193.0,4.3324e-15
SHC2,0.93082,0.664,1.329,14194.0,2.1349e-14
PFDN5,0.67552,0.369,1.329,14195.0,0.00056773
NMRAL1,0.7624,0.459,1.329,14196.0,9.2538e-06
AICDA,0.7629,0.459,1.329,14197.0,9.2098e-06
NUDT12,0.88617,0.605,1.329,14198.0,6.0014e-11
ZNF571,0.90577,0.631,1.329,14199.0,2.5734e-12
BCAS2,0.83605,0.543,1.329,14200.0,2.7764e-08
BCHE,0.92288,0.654,1.329,14201.0,1.0643e-13
LDHC,0.80381,0.505,1.329,14202.0,5.2747e-07
GNGT1,0.29099,0.102,1.329,14203.0,0.25287
LCN12,0.71017,0.403,1.33,14204.0,0.00014601
LYPD2,0.29119,0.102,1.33,14205.0,0.25267
LBP,0.93902,0.675,1.33,14206.0,4.1897e-15
HOXB2,0.70985,0.403,1.33,14207.0,0.00014636
ZNF517,0.70992,0.403,1.33,14208.0,0.00014628
MRPL30,0.52095,0.236,1.33,14209.0,0.027748
RNF5,0.73874,0.433,1.33,14210.0,3.6989e-05
PCDHA8,0.96974,0.718,1.33,14211.0,1.2881e-18
ZP1,0.99021,0.746,1.33,14212.0,1.8671999999999997e-21
METTL15,0.87662,0.592,1.331,14213.0,2.7801e-10
IRX6,0.90722,0.632,1.331,14214.0,2.4989e-12
LYSMD4,0.677,0.37,1.331,14215.0,0.00056203
RWDD2B,0.8219,0.526,1.331,14216.0,1.2057e-07
B3GAT3,0.83779,0.544,1.331,14217.0,2.7099e-08
KRTAP6-3,0.0,0.0,1.331,14218.0,0.51164
CTSB,0.88727,0.606,1.331,14219.0,5.8819e-11
UGT1A3,0.86442,0.577,1.331,14220.0,1.3092e-09
UGT1A8,0.86442,0.577,1.331,14221.0,1.3092e-09
RHEBL1,0.78638,0.484,1.332,14222.0,2.1883e-06
HSD3B7,0.83822,0.545,1.332,14223.0,2.694e-08
CTSO,0.85242,0.562,1.332,14224.0,5.9474e-09
NOTO,0.63737,0.332,1.333,14225.0,0.0021119
ACTL7A,0.80618,0.506,1.333,14226.0,5.1316e-07
C8B,0.97845,0.728,1.334,14227.0,2.3057e-19
THAP6,0.67843,0.37,1.334,14228.0,0.00055657
TMEM233,0.43243,0.175,1.334,14229.0,0.090614
AC040160.1,0.58765,0.288,1.334,14230.0,0.0077571
HTR2B,0.8785,0.594,1.334,14231.0,2.6913e-10
MANSC1,0.58755,0.288,1.334,14232.0,0.0077616
CECR5,0.86698,0.579,1.335,14233.0,1.2564e-09
GGCT,0.7129,0.404,1.335,14234.0,0.000143
IQCF6,0.58801,0.288,1.335,14235.0,0.007742
R3HCC1,0.71256,0.404,1.335,14236.0,0.00014338
RHOXF2B,0.29242,0.102,1.335,14237.0,0.25146
ZNF22,0.63831,0.332,1.335,14238.0,0.0020997
CCR8,0.58784,0.288,1.335,14239.0,0.0077492
SULT1C2,0.87949,0.594,1.335,14240.0,2.646e-10
METTL8,0.89048,0.608,1.335,14241.0,5.5478e-11
SPC24,0.71276,0.404,1.335,14242.0,0.00014316
TIMD4,0.87953,0.594,1.336,14243.0,2.6444e-10
ITGB1BP2,0.84091,0.546,1.336,14244.0,2.5951e-08
LILRB4,0.91977,0.646,1.336,14245.0,4.7133e-13
C15orf38-AP3S2,0.90083,0.622,1.336,14246.0,1.1457e-11
CLEC3B,0.63865,0.333,1.336,14247.0,0.0020953
ENGASE,1.0157,0.78,1.336,14248.0,4.4142e-25
ANKRD1,0.87993,0.595,1.336,14249.0,2.6259e-10
GPX5,0.67956,0.371,1.336,14250.0,0.00055229
AC007952.5,0.0,0.0,1.336,14251.0,0.51031
UBE2L6,0.58888,0.289,1.337,14252.0,0.0077047
OARD1,0.68001,0.371,1.337,14253.0,0.0005506
ELOF1,0.43367,0.176,1.337,14254.0,0.090121
PRR15L,0.0,0.0,1.337,14255.0,0.51009
CLEC18A,0.58901,0.289,1.337,14256.0,0.0076995
KRT23,0.92037,0.647,1.337,14257.0,4.6553e-13
HRASLS5,0.7894,0.486,1.337,14258.0,2.1201e-06
MAP3K15,1.0482,0.829,1.337,14259.0,2.9348e-32
KM-PA-2,0.0,0.0,1.337,14260.0,0.50999
P2RY14,0.68051,0.371,1.338,14261.0,0.00054873
APOA1,0.68041,0.371,1.338,14262.0,0.00054909
HTRA4,0.912,0.635,1.338,14263.0,2.2705e-12
CSGALNACT1,0.92923,0.658,1.338,14264.0,9.2684e-14
LRRN4,0.86912,0.58,1.338,14265.0,1.2137e-09
CD1B,0.89242,0.61,1.338,14266.0,5.3558e-11
MAP10,0.99147,0.744,1.338,14267.0,8.060699999999999e-21
ALOX15,1.0091,0.77,1.338,14268.0,1.1397e-23
FOXD4L1,0.58989,0.289,1.339,14269.0,0.0076622
ENKD1,0.84269,0.548,1.339,14270.0,2.5321e-08
NME8,1.0321,0.803,1.339,14271.0,5.5820999999999995e-28
EDA2R,0.681,0.372,1.339,14272.0,0.00054689
HTR3C,0.8815,0.596,1.339,14273.0,2.5562e-10
LIN7A,0.8271,0.529,1.339,14274.0,1.1286e-07
EPM2A,0.76871,0.462,1.339,14275.0,8.7182e-06
PHLDA3,0.29355,0.103,1.339,14276.0,0.25036
KRT17,0.90306,0.623,1.339,14277.0,1.098e-11
KCNK6,0.64034,0.333,1.339,14278.0,0.0020738
BLCAP,0.0,0.0,1.339,14279.0,0.50953
CHIT1,0.95225,0.689,1.339,14280.0,7.1716e-16
STPG1,0.8696,0.581,1.339,14281.0,1.2043e-09
MARCO,0.99276,0.745,1.34,14282.0,7.7683e-21
CABS1,0.59058,0.29,1.34,14283.0,0.0076333
C4orf33,0.74446,0.436,1.34,14284.0,3.5241e-05
CCBL2,0.95252,0.689,1.34,14285.0,7.1258e-16
ZNF683,0.82746,0.529,1.34,14286.0,1.1234e-07
LAD1,0.93881,0.67,1.34,14287.0,1.7834e-14
ARSA,0.90347,0.623,1.34,14288.0,1.0893e-11
APOD,0.68165,0.372,1.34,14289.0,0.00054449
KIAA1161,0.90358,0.624,1.34,14290.0,1.0871e-11
ZFP57,0.68136,0.372,1.34,14291.0,0.00054557
FUT1,0.68136,0.372,1.34,14292.0,0.00054555
OR10J5,0.52509,0.238,1.34,14293.0,0.027185
OR1A2,0.5251,0.238,1.34,14294.0,0.027183
NEK3,0.97205,0.715,1.34,14295.0,5.3204e-18
GAL3ST4,0.91301,0.636,1.34,14296.0,2.2251e-12
OCIAD2,0.7443,0.436,1.34,14297.0,3.5288e-05
ST20-MTHFS,0.59061,0.29,1.34,14298.0,0.0076321
PCSK9,0.96623,0.707,1.341,14299.0,2.7059e-17
CPB2,0.96621,0.707,1.341,14300.0,2.7076e-17
ZNF273,0.52579,0.238,1.341,14301.0,0.027091
DNAJC12,0.79158,0.487,1.341,14302.0,2.0723e-06
GBP3,0.97807,0.724,1.341,14303.0,1.0303e-18
MRPS18A,0.76979,0.463,1.341,14304.0,8.6298e-06
RAB40B,0.76947,0.463,1.341,14305.0,8.6559e-06
CYP1A2,0.88329,0.597,1.341,14306.0,2.4795e-10
KIAA1257,0.87119,0.582,1.341,14307.0,1.1741e-09
COX4I2,0.71575,0.406,1.341,14308.0,0.00013995
KRTAP5-1,0.4356,0.177,1.342,14309.0,0.089364
PTK6,0.92366,0.649,1.342,14310.0,4.3468e-13
PYCR2,0.79191,0.487,1.342,14311.0,2.0652e-06
BIRC7,0.82909,0.53,1.342,14312.0,1.1004e-07
RTP1,0.77067,0.464,1.343,14313.0,8.5587e-06
NEU3,0.84529,0.549,1.343,14314.0,2.4425e-08
KPNA7,0.94828,0.681,1.343,14315.0,3.3787e-15
CAV2,0.52668,0.239,1.343,14316.0,0.026973
CISH,0.68328,0.373,1.343,14317.0,0.00053852
RP11-178L8.4,0.74616,0.437,1.343,14318.0,3.4739e-05
UTF1,0.0,0.0,1.343,14319.0,0.50847
SPATA9,0.74593,0.437,1.343,14320.0,3.4805e-05
CYB561D2,0.71784,0.407,1.344,14321.0,0.00013776
ANKRD37,0.68377,0.373,1.344,14322.0,0.00053673
CCDC11,0.98036,0.725,1.344,14323.0,9.697300000000001e-19
MPST,0.74641,0.437,1.344,14324.0,3.4664e-05
STEAP3,0.85987,0.567,1.344,14325.0,5.3195e-09
MCEE,0.52713,0.239,1.344,14326.0,0.026913
ANKRD49,0.68361,0.373,1.344,14327.0,0.00053732
COQ3,0.84553,0.549,1.344,14328.0,2.4344e-08
EVI2A,0.64273,0.335,1.344,14329.0,0.0020438
HES5,0.29515,0.103,1.344,14330.0,0.24882
TMEM139,0.59268,0.291,1.345,14331.0,0.0075458
LYVE1,0.81344,0.511,1.345,14332.0,4.7185e-07
CXCL16,0.74682,0.437,1.345,14333.0,3.4546e-05
SLC25A34,0.81355,0.511,1.345,14334.0,4.7127e-07
PPP1R14C,0.64369,0.335,1.345,14335.0,0.002032
RDH11,0.83052,0.531,1.345,14336.0,1.0807e-07
IL26,0.68421,0.374,1.345,14337.0,0.00053514
RGS5,0.68428,0.374,1.345,14338.0,0.00053488
TIGD7,0.91665,0.638,1.345,14339.0,2.0699e-12
C15orf43,0.79379,0.489,1.345,14340.0,2.0249e-06
TAF1D,0.77265,0.465,1.346,14341.0,8.4009e-06
SLFN12,0.81394,0.511,1.346,14342.0,4.6915e-07
AGER,0.95736,0.692,1.346,14343.0,6.3528e-16
GPR182,0.71853,0.408,1.346,14344.0,0.00013704
SLC35G6,0.68483,0.374,1.346,14345.0,0.00053288
FCGR2A,0.79472,0.489,1.346,14346.0,2.0054e-06
FHAD1,0.71888,0.408,1.346,14347.0,0.00013667
SPATA31E1,0.52817,0.239,1.347,14348.0,0.026776
AGTR1,0.68519,0.374,1.347,14349.0,0.00053161
HSPB11,0.64467,0.336,1.347,14350.0,0.0020199
HSPB6,0.43732,0.177,1.347,14351.0,0.088703
AQP11,0.68557,0.374,1.347,14352.0,0.00053022
FAM98C,0.83188,0.532,1.347,14353.0,1.0622e-07
ORM2,0.79496,0.489,1.347,14354.0,2.0003e-06
UQCRH,0.64471,0.336,1.347,14355.0,0.0020194
GALR1,0.68515,0.374,1.347,14356.0,0.00053174
GOSR2,0.81446,0.512,1.347,14357.0,4.6633e-07
AAR2,0.77387,0.465,1.348,14358.0,8.3057e-06
PCDHB15,0.90939,0.628,1.348,14359.0,9.7376e-12
ZNF215,0.95848,0.693,1.348,14360.0,6.1857e-16
BMP8A,0.79601,0.49,1.348,14361.0,1.9786e-06
C9orf131,0.97742,0.719,1.348,14362.0,4.6321e-18
POMZP3,0.68584,0.374,1.348,14363.0,0.00052926
GJC3,0.686,0.374,1.348,14364.0,0.00052869
ENOSF1,0.98307,0.727,1.348,14365.0,9.0272e-19
DHCR7,0.92831,0.652,1.349,14366.0,3.949e-13
ZNF169,0.91015,0.628,1.349,14367.0,9.5983e-12
CENPQ,0.83317,0.533,1.349,14368.0,1.045e-07
BTNL9,0.93681,0.663,1.349,14369.0,7.8754e-14
WDYHV1,0.77467,0.466,1.349,14370.0,8.2435e-06
LONP2,1.04,0.809,1.349,14371.0,4.2411e-28
BPHL,0.81602,0.513,1.349,14372.0,4.5804e-07
IVD,0.94562,0.675,1.35,14373.0,1.5329e-14
CCDC170,1.0181,0.777,1.35,14374.0,8.6099e-24
THEG,0.86376,0.569,1.35,14375.0,5.0204e-09
GINM1,0.86367,0.569,1.35,14376.0,5.027e-09
JAGN1,0.59512,0.292,1.35,14377.0,0.0074462
PDCL3,0.77478,0.466,1.35,14378.0,8.2348e-06
URGCP-MRPS24,0.68702,0.375,1.35,14379.0,0.00052507
FLYWCH1,0.9846,0.729,1.35,14380.0,8.671900000000001e-19
HSD17B1,0.7213,0.409,1.351,14381.0,0.00013421
RGL3,1.0568,0.833,1.351,14382.0,9.9866e-32
NUDT22,0.81713,0.513,1.351,14383.0,4.5224e-07
YIPF7,0.77543,0.466,1.351,14384.0,8.1847e-06
ARL2BP,0.75054,0.439,1.351,14385.0,3.3482e-05
CCDC109B,0.85037,0.553,1.351,14386.0,2.2776e-08
CDK15,0.97369,0.713,1.351,14387.0,2.2449e-17
TUBB1,0.83496,0.534,1.352,14388.0,1.0217e-07
GSTK1,0.79803,0.491,1.352,14389.0,1.9374e-06
LRRC40,1.0019,0.752,1.352,14390.0,6.0014999999999995e-21
B3GAT2,0.75136,0.44,1.352,14391.0,3.3253e-05
PPIF,0.64698,0.337,1.352,14392.0,0.0019919
METTL2A,0.93076,0.654,1.352,14393.0,3.7556e-13
PCDHGA8,0.98052,0.722,1.352,14394.0,4.2794e-18
MS4A4A,0.77659,0.467,1.353,14395.0,8.0964e-06
H1FX,0.43993,0.178,1.353,14396.0,0.08771
PAOX,0.86598,0.571,1.353,14397.0,4.8573e-09
RFPL3S,0.43977,0.178,1.353,14398.0,0.08777
ITPA,0.83553,0.534,1.353,14399.0,1.0144e-07
NDUFS5,0.53097,0.241,1.353,14400.0,0.026413
CEP72,0.99244,0.738,1.353,14401.0,1.5766000000000001e-19
KYNU,0.98144,0.722,1.353,14402.0,4.1806e-18
FNDC9,0.59677,0.293,1.353,14403.0,0.0073799
HLA-DOB,0.79892,0.492,1.353,14404.0,1.9197e-06
COMTD1,0.75191,0.44,1.353,14405.0,3.3099e-05
METTL12,0.64765,0.337,1.353,14406.0,0.0019838
SLC11A1,0.99312,0.738,1.354,14407.0,1.5485000000000001e-19
H2AFJ,0.29785,0.104,1.354,14408.0,0.24627
IMPG1,1.0498,0.821,1.354,14409.0,1.3662e-29
SLCO1B1,1.0081,0.76,1.354,14410.0,1.1085999999999998e-21
MROH6,0.9817,0.723,1.354,14411.0,4.1528e-18
MRPL24,0.79929,0.492,1.354,14412.0,1.9123e-06
ZNF251,0.92292,0.643,1.354,14413.0,1.8294e-12
GNG2,0.0,0.0,1.354,14414.0,0.50556
TP53TG5,0.81867,0.514,1.354,14415.0,4.443e-07
METTL22,0.94043,0.666,1.354,14416.0,7.2912e-14
SDCCAG3,0.93212,0.655,1.354,14417.0,3.6526e-13
DPPA2,0.86695,0.572,1.355,14418.0,4.7882e-09
GPR37L1,0.88004,0.588,1.355,14419.0,1.0195e-09
ENDOV,0.88045,0.588,1.355,14420.0,1.0129e-09
LSM5,0.53199,0.241,1.355,14421.0,0.026283
NLRP12,1.0444,0.813,1.355,14422.0,3.6493e-28
LYNX1,0.53173,0.241,1.355,14423.0,0.026317
ERCC8,0.95655,0.687,1.355,14424.0,2.7974e-15
TMEM144,0.90356,0.617,1.355,14425.0,4.3842e-11
C5AR2,0.2983,0.104,1.355,14426.0,0.24585
CXorf36,0.75299,0.441,1.355,14427.0,3.2801e-05
UPK1B,0.85342,0.555,1.356,14428.0,2.1842e-08
TMEM91,0.53203,0.241,1.356,14429.0,0.026278
CDK5RAP1,0.98874,0.732,1.356,14430.0,7.782100000000001e-19
NABP1,0.75313,0.441,1.356,14431.0,3.2763e-05
TRMT44,1.0143,0.768,1.356,14432.0,2.0315e-22
R3HDML,0.80072,0.493,1.356,14433.0,1.884e-06
ATG10,0.8536,0.555,1.356,14434.0,2.1789e-08
CLHC1,1.0045,0.754,1.356,14435.0,5.5753e-21
RAB38,0.64906,0.338,1.356,14436.0,0.0019671
BBS10,0.92528,0.644,1.357,14437.0,1.7467e-12
KLF17,0.86878,0.573,1.357,14438.0,4.6604e-09
GRAMD2,0.93434,0.656,1.357,14439.0,3.4911e-13
C1orf173,1.0962,0.891,1.357,14440.0,1.0824e-42
CHODL,0.85462,0.555,1.358,14441.0,2.1485e-08
FAM210B,0.44165,0.179,1.358,14442.0,0.087064
KLC3,0.98461,0.725,1.358,14443.0,3.8573e-18
APOBEC3B,0.96578,0.698,1.358,14444.0,5.2144e-16
GGT2,0.72569,0.412,1.358,14445.0,0.00012986
MYL1,0.72538,0.411,1.358,14446.0,0.00013017
BST1,0.90584,0.619,1.358,14447.0,4.2099e-11
CKMT1B,0.75471,0.442,1.358,14448.0,3.2331e-05
COMMD7,0.83868,0.536,1.358,14449.0,9.7494e-08
BARD1,1.028,0.787,1.358,14450.0,1.3777e-24
THAP3,0.59925,0.294,1.358,14451.0,0.0072819
SLC22A5,0.96536,0.698,1.358,14452.0,5.2651e-16
CCDC103,0.69163,0.378,1.359,14453.0,0.00050909
NME6,0.82211,0.516,1.359,14454.0,4.2713e-07
SLC51B,0.29948,0.105,1.359,14455.0,0.24475
SLC5A9,1.0403,0.804,1.359,14456.0,9.2114e-27
WDSUB1,0.94411,0.669,1.359,14457.0,6.7458e-14
FBLL1,0.44211,0.179,1.359,14458.0,0.086897
TRIM4,0.91663,0.633,1.359,14459.0,8.502e-12
SLFN5,0.92653,0.645,1.359,14460.0,1.7046e-12
GTF2A2,0.53375,0.242,1.359,14461.0,0.026061
IFI35,0.82189,0.516,1.359,14462.0,4.2821e-07
C12orf29,0.85603,0.556,1.36,14463.0,2.1077e-08
OPN1MW2,0.29961,0.105,1.36,14464.0,0.24464
FAHD2B,0.83998,0.537,1.36,14465.0,9.5913e-08
PCBD2,0.53389,0.242,1.36,14466.0,0.026044
OR1L8,0.44267,0.18,1.36,14467.0,0.08669
TMEM213,0.44272,0.18,1.36,14468.0,0.086669
CNFN,0.53418,0.242,1.36,14469.0,0.026008
MOCS3,0.80307,0.494,1.36,14470.0,1.8387e-06
FDX1,0.44298,0.18,1.361,14471.0,0.086575
RP11-701P16.2,0.30011,0.105,1.361,14472.0,0.24418
SLC25A45,0.82289,0.517,1.361,14473.0,4.2329e-07
CRISP1,0.8033,0.494,1.361,14474.0,1.8344e-06
PRH1,0.60073,0.295,1.361,14475.0,0.0072243
CAPNS2,0.65192,0.34,1.361,14476.0,0.0019337
CCR10,0.69281,0.378,1.361,14477.0,0.00050508
TBXA2R,0.72738,0.413,1.361,14478.0,0.00012823
PVALB,0.4429,0.18,1.361,14479.0,0.086602
LXN,0.80377,0.495,1.361,14480.0,1.8254e-06
TMCO1,0.88511,0.591,1.362,14481.0,9.41e-10
TBX10,0.8574,0.557,1.362,14482.0,2.0686e-08
TMEM26,0.85728,0.557,1.362,14483.0,2.0721e-08
KCNE4,0.3002,0.105,1.362,14484.0,0.24409
TEX35,0.84131,0.538,1.362,14485.0,9.433e-08
KLK2,0.72789,0.413,1.362,14486.0,0.00012775
SHMT1,0.95404,0.681,1.362,14487.0,1.275e-14
PRSS53,0.97598,0.71,1.363,14488.0,9.3515e-17
FN3K,0.85779,0.557,1.363,14489.0,2.0577e-08
C11orf53,0.65286,0.34,1.363,14490.0,0.0019229
METTL21A,0.69402,0.379,1.363,14491.0,0.00050104
RPP14,0.65251,0.34,1.363,14492.0,0.0019269
NDUFA4L2,0.44354,0.18,1.363,14493.0,0.086367
POTEJ,0.85764,0.557,1.363,14494.0,2.0619e-08
KHDC1L,0.44378,0.18,1.363,14495.0,0.086279
KLK12,0.75715,0.443,1.363,14496.0,3.1679e-05
NOD2,1.0603,0.832,1.363,14497.0,1.9834e-30
SUSD5,0.90873,0.621,1.363,14498.0,4.0003e-11
NKIRAS1,0.69413,0.379,1.363,14499.0,0.00050065
ERVFRD-1,0.53539,0.242,1.363,14500.0,0.025857
ACSM2A,1.0245,0.778,1.364,14501.0,3.2754e-23
FATE1,0.60219,0.295,1.364,14502.0,0.0071681
GPR68,0.6944,0.379,1.364,14503.0,0.00049976
CYB5R1,0.87324,0.576,1.364,14504.0,4.3643e-09
PPP1R35,0.60224,0.295,1.364,14505.0,0.0071662
TUBA3E,0.85875,0.558,1.364,14506.0,2.0308e-08
ADTRP,0.82576,0.519,1.365,14507.0,4.0967e-07
C3orf62,0.72939,0.414,1.365,14508.0,0.00012633
ALG10B,0.85892,0.558,1.365,14509.0,2.0263e-08
AC117834.1,0.0,0.0,1.365,14510.0,0.50258
POLR2J,0.60263,0.296,1.365,14511.0,0.0071512
ABCG8,1.0067,0.752,1.365,14512.0,2.3838e-20
CCR3,0.72935,0.414,1.365,14513.0,0.00012636
LYG1,0.75848,0.444,1.365,14514.0,3.133e-05
ANKRD53,0.82594,0.519,1.365,14515.0,4.0883e-07
SLC15A3,0.92144,0.636,1.366,14516.0,7.7754e-12
MAP1LC3B,0.65429,0.341,1.366,14517.0,0.0019065
CD200R1,0.87403,0.576,1.366,14518.0,4.3137e-09
FANCA,1.1525,0.976,1.366,14519.0,1.5943e-68
CYP20A1,0.97811,0.712,1.366,14520.0,8.8921e-17
C17orf74,0.92175,0.636,1.366,14521.0,7.7303e-12
PSMB10,0.8068,0.497,1.366,14522.0,1.7692e-06
EFCAB13,1.0685,0.843,1.366,14523.0,6.4531e-32
CRNN,0.72998,0.414,1.366,14524.0,0.00012577
ITPRIPL1,0.89977,0.608,1.366,14525.0,1.8771e-10
C20orf96,0.9577,0.683,1.367,14526.0,1.178e-14
TGM6,1.0348,0.792,1.367,14527.0,1.1154e-24
RIPK3,0.95733,0.683,1.367,14528.0,1.1874e-14
ASIC5,0.94949,0.672,1.367,14529.0,6.0266e-14
ATP5I,0.4452,0.181,1.367,14530.0,0.085765
MYLK4,0.94094,0.661,1.367,14531.0,3.0554e-13
ATP5SL,0.86059,0.559,1.367,14532.0,1.9807e-08
MMP20,0.94909,0.672,1.367,14533.0,6.0776e-14
FCER1A,0.76043,0.445,1.368,14534.0,3.0826e-05
FCER2,0.92259,0.637,1.368,14535.0,7.6122e-12
RAD9B,0.94145,0.661,1.368,14536.0,3.0239e-13
RP11-105C20.2,0.0,0.0,1.368,14537.0,0.5017
PILRB,0.7313,0.415,1.368,14538.0,0.00012455
PIGP,0.65545,0.341,1.368,14539.0,0.0018935
LCN10,0.76059,0.445,1.368,14540.0,3.0786e-05
RHBDL2,0.84563,0.541,1.369,14541.0,8.9365e-08
WNT10A,0.8764,0.578,1.369,14542.0,4.1667e-09
TRIML1,0.9131,0.624,1.369,14543.0,3.704e-11
UBE2V1,0.73183,0.415,1.369,14544.0,0.00012406
ODF3L2,0.53786,0.244,1.369,14545.0,0.025553
SLC34A3,0.95062,0.673,1.369,14546.0,5.8863e-14
BAK1,0.78621,0.473,1.369,14547.0,7.4028e-06
DAD1,0.44592,0.181,1.369,14548.0,0.085505
TMEM184A,0.91378,0.624,1.37,14549.0,3.66e-11
TDRD12,0.94325,0.663,1.37,14550.0,2.9169e-13
XRCC2,0.82885,0.521,1.37,14551.0,3.955e-07
TSPAN1,0.78695,0.473,1.37,14552.0,7.3518e-06
FETUB,0.84613,0.541,1.37,14553.0,8.8804e-08
NTSR1,0.86258,0.561,1.37,14554.0,1.928e-08
TMEM216,0.65616,0.342,1.37,14555.0,0.0018855
FASTKD1,1.0598,0.827,1.371,14556.0,4.5631e-29
PCDHB6,0.90315,0.61,1.371,14557.0,1.7745e-10
ANO7,1.1057,0.897,1.371,14558.0,3.4578e-42
OR4F15,0.44682,0.181,1.371,14559.0,0.08518
ABRACL,0.30283,0.106,1.371,14560.0,0.24171
OR5M8,0.53885,0.244,1.371,14561.0,0.025433
CNTD2,0.6984,0.381,1.371,14562.0,0.00048667
PFN3,0.0,0.0,1.371,14563.0,0.50096
SAP25,0.44724,0.181,1.372,14564.0,0.08503
NDUFA5,0.6573,0.342,1.372,14565.0,0.0018728
HDHD3,0.65738,0.342,1.372,14566.0,0.0018719
CCL4,0.30324,0.106,1.372,14567.0,0.24134
PDCD2,0.83018,0.522,1.372,14568.0,3.8955e-07
DPH1,0.9825,0.715,1.372,14569.0,8.0168e-17
CA2,0.81098,0.499,1.373,14570.0,1.6946e-06
C16orf59,0.92634,0.639,1.373,14571.0,7.1044e-12
MICALL2,1.0474,0.807,1.373,14572.0,3.442e-26
SLC17A1,0.97603,0.706,1.373,14573.0,4.1179e-16
CCS,0.84844,0.543,1.373,14574.0,8.6291e-08
RGPD1,0.60631,0.297,1.373,14575.0,0.0070125
SLC26A10,0.96943,0.697,1.373,14576.0,2.0972e-15
SPDYE1,0.91549,0.626,1.373,14577.0,3.5518e-11
IKBKG,0.44774,0.182,1.373,14578.0,0.084853
SHCBP1L,0.98969,0.724,1.373,14579.0,1.5171e-17
ACTR3C,0.78898,0.475,1.374,14580.0,7.2147e-06
FEM1A,0.89283,0.596,1.374,14581.0,8.3375e-10
CSN2,0.78946,0.475,1.374,14582.0,7.1828e-06
KLHL34,0.76355,0.447,1.374,14583.0,3.0037e-05
SPRY4,0.69982,0.382,1.374,14584.0,0.0004821
PCDHB4,0.92694,0.64,1.374,14585.0,7.0275e-12
ADPRHL1,0.91648,0.626,1.374,14586.0,3.491e-11
AMBP,0.9455,0.664,1.374,14587.0,2.7886e-13
ELOVL2,0.89257,0.596,1.374,14588.0,8.3719e-10
C9orf50,0.86532,0.562,1.375,14589.0,1.8577e-08
CASQ2,0.93716,0.653,1.375,14590.0,1.3885e-12
BDH2,0.84935,0.543,1.375,14591.0,8.5318e-08
CYP4F12,0.99089,0.725,1.375,14592.0,1.474e-17
CYP4F2,0.98489,0.717,1.375,14593.0,7.5803e-17
TOMM5,0.0,0.0,1.375,14594.0,0.49975
CDKN1A,0.65869,0.343,1.375,14595.0,0.0018575
CCDC157,1.0236,0.772,1.375,14596.0,7.1565e-22
ZNF136,0.70068,0.382,1.375,14597.0,0.00047939
CD209,0.94636,0.665,1.375,14598.0,2.7418e-13
HAX1,0.84983,0.544,1.375,14599.0,8.4813e-08
SLC25A35,0.86576,0.563,1.375,14600.0,1.8465e-08
KIAA0020,1.0496,0.809,1.376,14601.0,3.2052e-26
CTSW,0.92826,0.641,1.376,14602.0,6.8595e-12
PPCDC,0.70095,0.383,1.376,14603.0,0.00047853
SLC22A13,0.95557,0.677,1.376,14604.0,5.3133e-14
SPINT4,0.44904,0.182,1.376,14605.0,0.084396
TGFBR3L,0.44882,0.182,1.376,14606.0,0.084471
MRPS25,0.70093,0.383,1.376,14607.0,0.00047858
C21orf33,0.76481,0.448,1.376,14608.0,2.9727e-05
KRTAP5-5,0.44881,0.182,1.376,14609.0,0.084477
CYP27A1,1.0038,0.743,1.376,14610.0,5.2916e-19
CYP39A1,0.9787,0.708,1.376,14611.0,3.8748e-16
ACTRT2,0.70156,0.383,1.377,14612.0,0.0004766
EPN3,0.98584,0.717,1.377,14613.0,7.4151e-17
MYL4,0.73599,0.417,1.377,14614.0,0.00012029
TMEM251,0.60825,0.298,1.377,14615.0,0.0069412
METTL7A,0.70198,0.383,1.378,14616.0,0.0004753
GABRA6,0.93918,0.654,1.378,14617.0,1.336e-12
BCL2L12,0.88222,0.582,1.378,14618.0,3.8273e-09
MSLNL,1.0512,0.81,1.378,14619.0,3.0489e-26
LURAP1L,0.54224,0.246,1.378,14620.0,0.025029
GNB3,0.91919,0.628,1.378,14621.0,3.3303e-11
STX11,0.70235,0.383,1.379,14622.0,0.00047412
NUDT13,0.93024,0.642,1.379,14623.0,6.6163e-12
HAS1,0.94028,0.655,1.379,14624.0,1.3084e-12
SLC25A15,0.83463,0.524,1.379,14625.0,3.7038e-07
TMEM200B,0.66092,0.344,1.379,14626.0,0.0018333
ZNF99,0.54291,0.246,1.38,14627.0,0.02495
LYPD5,0.70316,0.384,1.38,14628.0,0.00047161
MRPL3,0.94044,0.655,1.38,14629.0,1.3045e-12
MSS51,0.92014,0.629,1.38,14630.0,3.2758e-11
HES6,0.45044,0.183,1.38,14631.0,0.083905
KIF2B,0.90916,0.614,1.38,14632.0,1.6069e-10
TET2,1.1399,0.946,1.38,14633.0,4.3334000000000004e-54
THNSL1,0.99486,0.728,1.38,14634.0,1.3403e-17
SURF2,0.79338,0.477,1.381,14635.0,6.9279e-06
RAB37,0.85342,0.546,1.381,14636.0,8.1116e-08
OR2B3,0.6105,0.299,1.381,14637.0,0.0068596
CPNE7,1.0414,0.794,1.381,14638.0,4.2743e-24
NKX3-1,0.70352,0.384,1.381,14639.0,0.00047049
OR6N2,0.66221,0.345,1.381,14640.0,0.0018194
TLR5,0.95148,0.668,1.382,14641.0,2.4773e-13
ORAOV1,0.66263,0.345,1.382,14642.0,0.0018149
CYP4F3,0.98269,0.711,1.382,14643.0,3.5413e-16
LRRC61,0.66267,0.345,1.382,14644.0,0.0018145
FAIM,0.73912,0.419,1.382,14645.0,0.00011755
MRPL15,0.81643,0.503,1.382,14646.0,1.6024e-06
SDCBP2,0.83627,0.525,1.382,14647.0,3.6357e-07
DEFA4,0.0,0.0,1.382,14648.0,0.49798
CASP16,0.66307,0.345,1.383,14649.0,0.0018103
CTNNBIP1,0.54444,0.247,1.383,14650.0,0.024772
PRPH,0.96063,0.68,1.383,14651.0,4.7898e-14
OR1D5,0.54434,0.247,1.383,14652.0,0.024783
SLC27A6,1.0032,0.738,1.383,14653.0,2.4339e-18
AIG1,0.83674,0.526,1.383,14654.0,3.6161e-07
RIPPLY3,0.45146,0.183,1.383,14655.0,0.083551
PHYKPL,0.96078,0.68,1.383,14656.0,4.7744e-14
CDCA4,0.45153,0.183,1.383,14657.0,0.083527
POMC,0.74024,0.42,1.384,14658.0,0.00011658
RAET1G,0.79506,0.478,1.384,14659.0,6.8212e-06
TP53INP1,0.70514,0.385,1.384,14660.0,0.00046552
UGT2A2,0.96101,0.681,1.384,14661.0,4.7525e-14
HSPA6,0.79495,0.478,1.384,14662.0,6.8282e-06
ABCG5,1.0262,0.77,1.385,14663.0,3.0809999999999998e-21
ANKRD16,0.90029,0.601,1.385,14664.0,7.4267e-10
BAAT,0.85591,0.547,1.385,14665.0,7.8651e-08
MSC,0.54549,0.247,1.385,14666.0,0.024651
PRM2,0.54555,0.247,1.385,14667.0,0.024644
ZNF230,0.45262,0.184,1.385,14668.0,0.083152
VWA2,0.99867,0.731,1.386,14669.0,1.2242e-17
MOCS2,0.7065,0.386,1.386,14670.0,0.00046138
OCM2,0.54589,0.247,1.386,14671.0,0.024605
ST6GALNAC4,0.83913,0.527,1.387,14672.0,3.5202e-07
RFESD,0.79663,0.479,1.387,14673.0,6.7235e-06
PPP1R3E,0.30787,0.108,1.387,14674.0,0.23729
CYP3A5,0.99291,0.723,1.387,14675.0,6.2948e-17
ACP6,0.95451,0.671,1.387,14676.0,2.3344e-13
C16orf74,0.0,0.0,1.387,14677.0,0.49655
GNG7,0.0,0.0,1.387,14678.0,0.49663
TBPL2,0.91371,0.618,1.387,14679.0,1.4914e-10
SLC25A31,0.90126,0.602,1.387,14680.0,7.3162e-10
ATP5H,0.70697,0.386,1.387,14681.0,0.00045999
GH2,0.54634,0.247,1.387,14682.0,0.024553
LRRC53,0.91399,0.618,1.387,14683.0,1.4846e-10
GALNT8,1.0181,0.757,1.388,14684.0,8.0674e-20
MILR1,0.54656,0.248,1.388,14685.0,0.024528
OR2A12,0.54654,0.247,1.388,14686.0,0.02453
CRYBA4,0.8884,0.586,1.388,14687.0,3.4999e-09
MRM1,0.79747,0.48,1.388,14688.0,6.6719e-06
METTL18,0.77195,0.452,1.388,14689.0,2.8027e-05
SNRPA,0.77164,0.452,1.388,14690.0,2.8099e-05
SPACA3,0.7423,0.421,1.388,14691.0,0.00011484
GALE,0.91436,0.618,1.388,14692.0,1.4757e-10
TMEM235,0.70753,0.386,1.388,14693.0,0.00045831
DNAJC28,0.87434,0.568,1.389,14694.0,1.6455e-08
NPC2,0.66639,0.347,1.389,14695.0,0.0017755
SLC17A9,0.99429,0.724,1.389,14696.0,6.0979e-17
MLIP,0.98783,0.714,1.389,14697.0,3.1564e-16
MYOZ3,0.77236,0.452,1.389,14698.0,2.7932e-05
RNF186,0.45428,0.184,1.389,14699.0,0.082589
IKBIP,0.85855,0.549,1.389,14700.0,7.6128e-08
CITED1,0.54728,0.248,1.389,14701.0,0.024446
C16orf58,1.0018,0.733,1.39,14702.0,1.1367e-17
CYP2J2,0.9813,0.705,1.39,14703.0,1.6181e-15
BDH1,0.85901,0.549,1.39,14704.0,7.5703e-08
MTAP,0.85872,0.549,1.39,14705.0,7.5973e-08
NECAB2,0.9567,0.672,1.39,14706.0,2.2364e-13
ASRGL1,0.77368,0.453,1.391,14707.0,2.7632e-05
AK3,0.7439,0.422,1.391,14708.0,0.0001135
SCRN2,0.93812,0.647,1.391,14709.0,5.7373e-12
TMEM30B,0.77387,0.453,1.391,14710.0,2.7589e-05
GSTM2,0.84244,0.529,1.392,14711.0,3.3913e-07
TBXAS1,1.0266,0.767,1.392,14712.0,1.4088e-20
FOXD4L3,0.0,0.0,1.392,14713.0,0.49542
FAM107B,0.86051,0.55,1.392,14714.0,7.4318e-08
TUBAL3,0.86047,0.55,1.392,14715.0,7.4351e-08
FAM187A,0.7997,0.481,1.392,14716.0,6.5367e-06
RABEPK,0.92838,0.634,1.392,14717.0,2.8422e-11
PTH2R,1.0265,0.767,1.392,14718.0,1.4112e-20
ADRA1A,0.84295,0.53,1.393,14719.0,3.3722e-07
CCDC129,1.1031,0.88,1.393,14720.0,6.5498e-36
ORC6,0.84322,0.53,1.393,14721.0,3.3618e-07
MARCH10,1.0503,0.801,1.393,14722.0,3.2957000000000003e-24
PCK2,1.0462,0.795,1.393,14723.0,1.7471e-23
SPINK14,0.54943,0.249,1.394,14724.0,0.024203
TRAM1L1,0.61663,0.302,1.394,14725.0,0.0066436
ARSH,0.86175,0.551,1.394,14726.0,7.3193e-08
ATP5S,0.80114,0.482,1.394,14727.0,6.451e-06
RGS13,0.71105,0.388,1.394,14728.0,0.0004479
CDKN2D,0.0,0.0,1.394,14729.0,0.49473
C1orf220,0.30986,0.108,1.394,14730.0,0.23559
QPCTL,0.87799,0.571,1.394,14731.0,1.5671e-08
SLC2A10,0.87798,0.571,1.394,14732.0,1.5672e-08
KRT78,0.98501,0.708,1.395,14733.0,1.4942e-15
ABHD14A,0.8016,0.482,1.395,14734.0,6.4241e-06
SPA17,0.61743,0.303,1.395,14735.0,0.0066161
DNASE1L2,0.84446,0.53,1.395,14736.0,3.3152e-07
FDCSP,0.45657,0.185,1.395,14737.0,0.081818
PMVK,0.776,0.454,1.395,14738.0,2.7113e-05
KRTAP10-5,0.71156,0.388,1.395,14739.0,0.00044641
MND1,0.89289,0.589,1.395,14740.0,3.2813e-09
OR2V2,0.45635,0.185,1.395,14741.0,0.081893
SLC35B3,0.91917,0.621,1.395,14742.0,1.3646e-10
C1orf109,0.82467,0.508,1.396,14743.0,1.4731e-06
KRT36,0.96101,0.675,1.396,14744.0,2.0568e-13
CRLF2,0.84459,0.531,1.396,14745.0,3.3104e-07
C21orf2,0.84512,0.531,1.396,14746.0,3.291e-07
TOR1AIP2,0.89359,0.589,1.396,14747.0,3.2484e-09
LRRC27,1.007,0.737,1.397,14748.0,1.0059e-17
PM20D1,1.0134,0.746,1.397,14749.0,1.8989e-18
KRTAP3-2,0.0,0.0,1.397,14750.0,0.49412
KRTAP4-8,0.55074,0.249,1.397,14751.0,0.024058
MED28,0.74716,0.424,1.397,14752.0,0.00011083
HEYL,0.84579,0.531,1.397,14753.0,3.2662e-07
ZNF878,0.45741,0.185,1.397,14754.0,0.081539
IRAK1BP1,0.8263,0.509,1.398,14755.0,1.449e-06
ZNF426,0.80372,0.483,1.398,14756.0,6.3008e-06
C12orf39,0.74783,0.424,1.398,14757.0,0.00011029
MS4A15,0.71286,0.389,1.398,14758.0,0.00044265
ZNF17,0.31097,0.109,1.398,14759.0,0.23465
GPANK1,0.84639,0.532,1.398,14760.0,3.2444e-07
CPA2,0.98794,0.71,1.399,14761.0,1.4033e-15
GLYATL3,0.86456,0.553,1.399,14762.0,7.0711e-08
SNX32,1.0149,0.747,1.399,14763.0,1.8347e-18
CTHRC1,0.77805,0.456,1.399,14764.0,2.6661e-05
RSPO1,0.82679,0.509,1.399,14765.0,1.4418e-06
TMEM106C,0.88115,0.573,1.399,14766.0,1.5025e-08
ZNF841,0.55189,0.25,1.399,14767.0,0.023931
C5orf38,0.67169,0.35,1.399,14768.0,0.0017218
TEX26,0.89592,0.591,1.399,14769.0,3.1421e-09
LTB4R2,0.71431,0.39,1.4,14770.0,0.00043854
TFB1M,0.91008,0.608,1.4,14771.0,6.3927e-10
NDUFA4,0.55216,0.25,1.4,14772.0,0.023901
ROMO1,0.31175,0.109,1.4,14773.0,0.234
AC024592.12,0.55211,0.25,1.4,14774.0,0.023907
LYPLAL1,0.77913,0.456,1.4,14775.0,2.6427e-05
MYRFL,0.89722,0.592,1.401,14776.0,3.0843e-09
MS4A3,0.77952,0.456,1.401,14777.0,2.6344e-05
INA,0.8822,0.573,1.401,14778.0,1.4818e-08
CPA4,1.01,0.739,1.401,14779.0,9.3852e-18
KCNH6,1.0898,0.855,1.401,14780.0,7.1244000000000005e-31
POLR1C,0.91081,0.608,1.401,14781.0,6.3221e-10
BHMT,0.9729,0.689,1.401,14782.0,3.739e-14
SCN2B,0.67269,0.35,1.401,14783.0,0.0017119
ZNF524,0.4588,0.186,1.401,14784.0,0.081085
TMEM42,0.45953,0.186,1.402,14785.0,0.080845
HSBP1,0.3123,0.109,1.402,14786.0,0.23354
CYP2C9,0.92358,0.624,1.402,14787.0,1.2709e-10
KRT26,0.98175,0.7,1.402,14788.0,7.0954e-15
ARID3C,0.89791,0.592,1.402,14789.0,3.0544e-09
ACPP,0.99756,0.721,1.403,14790.0,2.5463e-16
DPM3,0.31275,0.109,1.403,14791.0,0.23318
P2RX2,0.95653,0.666,1.403,14792.0,9.6508e-13
PDE11A,1.1142,0.891,1.404,14793.0,8.6896e-37
OTOP2,0.97491,0.69,1.404,14794.0,3.5925e-14
CCDC74B,0.92502,0.625,1.404,14795.0,1.242e-10
FAM101A,0.31301,0.109,1.404,14796.0,0.23296
KRTAP10-11,0.71617,0.391,1.404,14797.0,0.00043329
MAD2L1BP,0.88416,0.575,1.404,14798.0,1.4439e-08
ATP6V0D2,0.93668,0.64,1.404,14799.0,2.4683e-11
MYL6B,0.80741,0.486,1.405,14800.0,6.0924e-06
UBXN2A,0.83018,0.511,1.405,14801.0,1.3932e-06
CCDC17,1.0457,0.788,1.405,14802.0,3.9155e-22
ACTL10,0.46053,0.187,1.405,14803.0,0.08052
M1AP,1.0246,0.758,1.405,14804.0,3.1588000000000003e-19
ZNF345,0.88493,0.575,1.405,14805.0,1.4292e-08
GYG1,0.9478,0.654,1.405,14806.0,4.8291e-12
C1orf174,0.75226,0.427,1.405,14807.0,0.0001068
ATG4C,1.006,0.732,1.405,14808.0,4.674e-17
GABRP,0.96744,0.68,1.405,14809.0,1.8174e-13
CCDC87,0.97602,0.691,1.405,14810.0,3.5141e-14
ZNF181,0.95757,0.667,1.405,14811.0,9.4669e-13
C6orf201,0.62275,0.305,1.406,14812.0,0.0064377
SERTM1,0.0,0.0,1.406,14813.0,0.49156
C4orf51,0.80852,0.486,1.406,14814.0,6.0318e-06
PFN4,0.67499,0.351,1.406,14815.0,0.0016894
P2RY12,0.67536,0.352,1.406,14816.0,0.0016859
SCGB2A1,0.3137,0.11,1.406,14817.0,0.23239
MALL,0.31367,0.11,1.406,14818.0,0.23241
DBX2,0.80807,0.486,1.406,14819.0,6.0563e-06
SLC26A11,1.0267,0.76,1.407,14820.0,3.0064000000000003e-19
KRTAP10-3,0.55552,0.252,1.407,14821.0,0.023538
MUC21,0.46152,0.187,1.407,14822.0,0.080201
CXorf58,0.85148,0.535,1.407,14823.0,3.0653e-07
TPPP2,0.55536,0.251,1.407,14824.0,0.023554
SPHK1,0.85244,0.536,1.408,14825.0,3.0327e-07
NUDT15,0.67651,0.352,1.408,14826.0,0.0016748
KRT83,0.97819,0.693,1.408,14827.0,3.3665e-14
FAM83A,0.85245,0.536,1.408,14828.0,3.0324e-07
WBP1,0.87041,0.557,1.408,14829.0,6.5841e-08
SCIMP,0.71851,0.392,1.408,14830.0,0.0004268
BST2,0.71911,0.393,1.409,14831.0,0.00042516
CETN3,0.75424,0.428,1.409,14832.0,0.00010528
ERICH2,0.62457,0.306,1.409,14833.0,0.0063781
ASPDH,0.83297,0.513,1.409,14834.0,1.3545e-06
SCGN,0.93986,0.642,1.409,14835.0,2.3395e-11
TRIM51,0.88741,0.577,1.409,14836.0,1.3832e-08
TMEM82,0.85313,0.536,1.409,14837.0,3.0094e-07
ZNF525,0.31458,0.11,1.409,14838.0,0.23167
C12orf43,0.75482,0.428,1.41,14839.0,0.00010484
CHMP4C,0.85366,0.536,1.41,14840.0,2.9916e-07
OR1J4,0.4628,0.188,1.41,14841.0,0.079793
C9orf89,0.81043,0.487,1.41,14842.0,5.9279e-06
KISS1,0.0,0.0,1.41,14843.0,0.49039
TMEM14A,0.55703,0.252,1.41,14844.0,0.023377
IER3IP1,0.55679,0.252,1.41,14845.0,0.023402
IFT27,0.81128,0.488,1.411,14846.0,5.8825e-06
PTTG1,0.72042,0.393,1.411,14847.0,0.00042161
TSPAN4,0.87243,0.558,1.411,14848.0,6.4243e-08
SLC29A2,0.98028,0.694,1.411,14849.0,3.2307e-14
ZNF391,0.87216,0.558,1.411,14850.0,6.4452e-08
CCDC68,0.96215,0.67,1.411,14851.0,8.7053e-13
KRTAP1-4,0.31536,0.11,1.412,14852.0,0.23104
SPACA7,0.83486,0.514,1.412,14853.0,1.329e-06
ITGB3BP,0.85469,0.537,1.412,14854.0,2.9577e-07
GPX7,0.81198,0.488,1.412,14855.0,5.8451e-06
RPH3AL,0.9526,0.657,1.412,14856.0,4.4376e-12
ZDHHC24,0.72071,0.393,1.412,14857.0,0.0004208
C3orf33,0.81204,0.488,1.412,14858.0,5.8421e-06
TRAP1,1.0916,0.852,1.412,14859.0,1.5965000000000002e-29
VIP,0.72103,0.394,1.412,14860.0,0.00041995
VSTM1,0.8731,0.558,1.412,14861.0,6.372e-08
MS4A8,0.78679,0.461,1.413,14862.0,2.4834e-05
FDX1L,0.67891,0.353,1.413,14863.0,0.001652
NIPAL2,0.95353,0.658,1.413,14864.0,4.3665e-12
SERPINB8,0.90464,0.596,1.413,14865.0,2.7764e-09
SPSB4,0.72158,0.394,1.413,14866.0,0.00041849
TMEM92,0.6262,0.307,1.413,14867.0,0.0063256
STYXL1,0.8907,0.579,1.414,14868.0,1.3247e-08
LRRC15,0.90571,0.597,1.414,14869.0,2.7349e-09
MMP10,0.99073,0.707,1.414,14870.0,5.907e-15
ARSI,0.99031,0.707,1.414,14871.0,5.958e-15
ASB4,0.93161,0.63,1.414,14872.0,1.118e-10
FAH,1.0126,0.737,1.414,14873.0,4.0347e-17
DDX28,0.89049,0.579,1.414,14874.0,1.3284e-08
MRPL16,0.78742,0.461,1.414,14875.0,2.4706e-05
SERF2,0.55898,0.253,1.414,14876.0,0.023172
AVEN,0.90552,0.597,1.414,14877.0,2.7422e-09
BTN3A2,0.93262,0.63,1.415,14878.0,1.1002e-10
C14orf119,0.62734,0.308,1.415,14879.0,0.0062891
MYADM,0.6273,0.308,1.415,14880.0,0.0062904
GADD45GIP1,0.75779,0.43,1.415,14881.0,0.00010261
RP11-468E2.6,0.75767,0.43,1.415,14882.0,0.0001027
PRL,0.85642,0.538,1.415,14883.0,2.9015e-07
OR2J1,0.55913,0.253,1.415,14884.0,0.023156
C18orf42,0.0,0.0,1.415,14885.0,0.48916
IMMP1L,0.78782,0.461,1.415,14886.0,2.4628e-05
RNMTL1,0.9195,0.614,1.415,14887.0,5.5446e-10
DNAJC30,0.55974,0.253,1.416,14888.0,0.023092
KCNK16,0.75853,0.43,1.416,14889.0,0.00010207
GUCA1A,0.72315,0.395,1.416,14890.0,0.00041429
C3orf84,0.81416,0.49,1.416,14891.0,5.731e-06
WFDC8,0.89214,0.58,1.416,14892.0,1.3e-08
INO80C,0.72296,0.395,1.416,14893.0,0.0004148
GP2,1.0494,0.788,1.416,14894.0,1.675e-21
MMP3,0.99218,0.708,1.416,14895.0,5.7362e-15
OR3A1,0.55974,0.253,1.416,14896.0,0.023093
PEX7,0.96557,0.673,1.416,14897.0,8.1798e-13
PRDM7,1.0206,0.747,1.416,14898.0,7.3656e-18
SH2D4A,1.0541,0.795,1.416,14899.0,3.1396e-22
ETV3L,0.87542,0.56,1.416,14900.0,6.196e-08
FAM209A,0.4657,0.189,1.417,14901.0,0.078881
RP11-96O20.4,0.87618,0.56,1.417,14902.0,6.1391e-08
ZNRF4,0.0,0.0,1.417,14903.0,0.48866
GLT1D1,0.8762,0.56,1.417,14904.0,6.1378e-08
CEACAM4,0.87641,0.561,1.417,14905.0,6.1219e-08
RGS2,0.81481,0.49,1.417,14906.0,5.6973e-06
MEIOB,0.98431,0.697,1.417,14907.0,2.9857e-14
RANGRF,0.78919,0.462,1.417,14908.0,2.4357e-05
OR2G2,0.56068,0.254,1.418,14909.0,0.022995
PDC,0.75953,0.431,1.418,14910.0,0.00010134
ISOC1,0.87677,0.561,1.418,14911.0,6.0952e-08
SAMD13,0.62921,0.308,1.418,14912.0,0.0062299
RP11-89K11.1,0.0,0.0,1.418,14913.0,0.48828
ETV2,0.90838,0.599,1.418,14914.0,2.6344e-09
OR2G3,0.46668,0.189,1.419,14915.0,0.078577
MPHOSPH6,0.72451,0.395,1.419,14916.0,0.0004107
TINAG,1.0748,0.823,1.419,14917.0,3.4300000000000004e-25
GJA10,0.92237,0.616,1.419,14918.0,5.3123e-10
ICT1,0.81634,0.491,1.419,14919.0,5.6196e-06
TMEM225,0.68207,0.355,1.419,14920.0,0.0016225
AKR1E2,0.94641,0.647,1.419,14921.0,2.0973e-11
MAGEH1,0.31766,0.111,1.419,14922.0,0.2292
AP002884.3,0.81688,0.491,1.42,14923.0,5.5923e-06
ZNF266,0.56173,0.254,1.42,14924.0,0.022887
ANAPC16,0.56178,0.254,1.42,14925.0,0.022882
TMPRSS12,0.81659,0.491,1.42,14926.0,5.6068e-06
ACSM2B,1.0792,0.829,1.42,14927.0,6.2689e-26
ZNF514,0.93649,0.633,1.421,14928.0,1.035e-10
SPINK7,0.46725,0.189,1.421,14929.0,0.078398
ZNF662,0.96911,0.675,1.421,14930.0,7.6715e-13
MFSD12,1.0246,0.75,1.421,14931.0,6.7265e-18
LRIT3,0.94803,0.648,1.421,14932.0,2.0418e-11
POLR2G,0.84041,0.517,1.421,14933.0,1.257e-06
SLC6A19,1.0724,0.818,1.422,14934.0,1.7664e-24
ROGDI,0.91066,0.6,1.422,14935.0,2.5516e-09
ROPN1,0.7619,0.432,1.422,14936.0,9.9631e-05
TRAPPC5,0.31865,0.111,1.422,14937.0,0.22841
C8orf37,0.79253,0.464,1.423,14938.0,2.3711e-05
POLN,1.1415,0.922,1.423,14939.0,9.488e-41
FANCD2OS,0.56309,0.255,1.423,14940.0,0.022748
C2orf40,0.72663,0.397,1.423,14941.0,0.00040522
KRT76,0.98865,0.7,1.423,14942.0,2.7442e-14
GCSH,0.68432,0.356,1.423,14943.0,0.001602
MMD2,0.88009,0.563,1.423,14944.0,5.8561e-08
KCTD18,0.88,0.563,1.423,14945.0,5.8625e-08
ZDHHC23,0.96089,0.663,1.424,14946.0,3.8421e-12
KTI12,0.72753,0.397,1.424,14947.0,0.00040289
FOLR2,0.8191,0.493,1.424,14948.0,5.4816e-06
SSTR3,0.76278,0.433,1.424,14949.0,9.9007e-05
CD8B,0.72826,0.397,1.425,14950.0,0.00040103
STMND1,0.76322,0.433,1.425,14951.0,9.8701e-05
ATP5J,0.63239,0.31,1.425,14952.0,0.006131
ART3,0.99802,0.712,1.425,14953.0,5.1018e-15
TMEM143,0.9617,0.664,1.425,14954.0,3.7891e-12
LDLRAD1,0.84264,0.519,1.425,14955.0,1.2294e-06
LHFPL5,0.72789,0.397,1.425,14956.0,0.00040199
GK2,0.92623,0.619,1.425,14957.0,5.0156e-10
MRPS15,0.92638,0.619,1.425,14958.0,5.0041e-10
FPGT-TNNI3K,1.1628,0.954,1.425,14959.0,3.2476e-48
B3GALT6,0.56389,0.255,1.425,14960.0,0.022667
C4orf17,0.89816,0.584,1.426,14961.0,1.2018e-08
PYCRL,0.79427,0.465,1.426,14962.0,2.338e-05
ACY3,0.82046,0.493,1.426,14963.0,5.4152e-06
C1orf123,0.84319,0.519,1.426,14964.0,1.2226e-06
LGALS3BP,0.86365,0.543,1.426,14965.0,2.679e-07
TMEM14C,0.63323,0.31,1.426,14966.0,0.0061054
CYB5A,0.68654,0.357,1.427,14967.0,0.0015821
FCRLA,0.91373,0.602,1.427,14968.0,2.4445e-09
NAPRT1,1.0347,0.762,1.427,14969.0,1.1537e-18
AP3S2,0.79484,0.465,1.427,14970.0,2.3273e-05
GUK1,0.79457,0.465,1.427,14971.0,2.3324e-05
GLTPD1,0.56516,0.256,1.427,14972.0,0.02254
ACRV1,0.84413,0.52,1.427,14973.0,1.2111e-06
DEPTOR,0.9627,0.664,1.427,14974.0,3.7245e-12
CCDC113,1.0075,0.724,1.427,14975.0,9.3239e-16
CTB-96E2.2,0.76445,0.434,1.427,14976.0,9.7835e-05
GADL1,1.0572,0.794,1.427,14977.0,1.3724e-21
TNNI3K,1.1641,0.955,1.427,14978.0,3.0654e-48
NDUFB4,0.63391,0.311,1.428,14979.0,0.0060844
FGF6,0.7296,0.398,1.428,14980.0,0.00039765
CTD-2521M24.10,0.63399,0.311,1.428,14981.0,0.006082
DKKL1,0.72958,0.398,1.428,14982.0,0.00039771
OR51V1,0.6871,0.358,1.428,14983.0,0.0015772
LGALS3,0.7952,0.466,1.428,14984.0,2.3207e-05
LAYN,0.98352,0.691,1.428,14985.0,1.3423e-13
TVP23C,0.7953,0.466,1.428,14986.0,2.3189e-05
PAMR1,1.1149,0.877,1.429,14987.0,6.2624e-32
AC104794.4,0.56573,0.256,1.429,14988.0,0.022483
CRYAB,0.56586,0.256,1.429,14989.0,0.02247
CHRNA10,0.92938,0.621,1.429,14990.0,4.7867e-10
PPM1N,0.82213,0.494,1.429,14991.0,5.3345e-06
LILRB5,1.0687,0.809,1.429,14992.0,4.4944e-23
ZSCAN30,0.97426,0.679,1.429,14993.0,6.9946e-13
ADAM21,0.96505,0.666,1.43,14994.0,3.5771e-12
CLEC12A,0.8663,0.544,1.43,14995.0,2.6022e-07
ANKRD36,1.2267,1.055,1.43,14996.0,8.3217e-86
FAM92B,0.92961,0.621,1.43,14997.0,4.7704e-10
NOX5,1.0988,0.852,1.43,14998.0,3.049e-28
TBATA,0.92996,0.621,1.43,14999.0,4.7461e-10
OR13A1,0.6879,0.358,1.43,15000.0,0.0015701
CDKL2,1.0247,0.746,1.431,15001.0,3.0975e-17
RNF175,0.97572,0.68,1.431,15002.0,6.8141e-13
BEST3,1.0436,0.772,1.431,15003.0,2.0104000000000002e-19
FAM227B,1.0699,0.81,1.431,15004.0,4.3472e-23
RHOT2,1.0921,0.842,1.431,15005.0,8.9033e-27
RBM34,1.0028,0.715,1.431,15006.0,4.6408e-15
OR1E2,0.68883,0.359,1.431,15007.0,0.0015619
CDX4,0.63611,0.312,1.432,15008.0,0.0060181
STAP2,1.0184,0.737,1.432,15009.0,1.6296e-16
GSDMA,1.0187,0.737,1.432,15010.0,1.619e-16
OAZ3,0.79755,0.467,1.432,15011.0,2.2775e-05
TCEAL7,0.0,0.0,1.432,15012.0,0.4847
TAAR1,0.73193,0.399,1.432,15013.0,0.00039183
RP11-487E13.1,0.32234,0.113,1.433,15014.0,0.22554
HYLS1,0.91765,0.605,1.433,15015.0,2.3152e-09
HPDL,0.79832,0.467,1.433,15016.0,2.2634e-05
EXO5,0.79818,0.467,1.433,15017.0,2.2661e-05
ZSCAN21,0.96671,0.667,1.433,15018.0,3.4774e-12
CCDC27,1.1008,0.854,1.433,15019.0,2.8656999999999997e-28
ANXA9,1.0266,0.747,1.433,15020.0,2.9752e-17
GCNT3,0.90351,0.587,1.434,15021.0,1.1214e-08
FAM83F,0.957,0.654,1.434,15022.0,1.762e-11
SERINC4,1.0335,0.757,1.434,15023.0,5.5221e-18
SRA1,0.8252,0.496,1.434,15024.0,5.19e-06
ZNHIT2,0.79916,0.468,1.434,15025.0,2.2483e-05
FAM124A,0.93226,0.623,1.434,15026.0,4.5883e-10
SFRP5,0.82532,0.496,1.434,15027.0,5.1843e-06
INHBE,0.90372,0.587,1.434,15028.0,1.1184e-08
OR6C6,0.56849,0.257,1.434,15029.0,0.022211
AC007557.1,0.0,0.0,1.434,15030.0,0.48399
CCL16,0.32308,0.113,1.435,15031.0,0.22498
RDH12,0.91931,0.606,1.435,15032.0,2.2626e-09
REM1,0.88786,0.568,1.435,15033.0,5.3363e-08
LRR1,0.90451,0.588,1.435,15034.0,1.107e-08
C10orf128,0.63789,0.313,1.435,15035.0,0.0059652
RPA3-AS1,0.32301,0.113,1.435,15036.0,0.22503
DHFRL1,0.3231,0.113,1.435,15037.0,0.22496
AC022431.2,0.56887,0.257,1.435,15038.0,0.022173
OR2C3,0.63844,0.313,1.436,15039.0,0.0059489
MRPL54,0.56917,0.258,1.436,15040.0,0.022144
PNPO,0.90484,0.588,1.436,15041.0,1.1024e-08
TGM5,1.0873,0.832,1.436,15042.0,2.4183000000000004e-25
ANKLE1,1.0361,0.758,1.437,15043.0,5.2059e-18
OR6Q1,0.69174,0.36,1.437,15044.0,0.0015367
LYRM7,0.56981,0.258,1.437,15045.0,0.022082
SNAPIN,0.69215,0.36,1.437,15046.0,0.0015332
AGAP5,0.63951,0.313,1.438,15047.0,0.0059176
NCR2,0.87089,0.547,1.438,15048.0,2.4749e-07
CCDC61,0.99883,0.707,1.438,15049.0,2.2578e-14
OR6B2,0.57028,0.258,1.438,15050.0,0.022036
RNF135,0.92137,0.607,1.438,15051.0,2.1992e-09
ATPAF2,0.92096,0.607,1.438,15052.0,2.2116e-09
UGT2B7,0.99001,0.696,1.438,15053.0,1.191e-13
HRH4,0.88969,0.569,1.438,15054.0,5.2213e-08
SAG,1.0226,0.74,1.438,15055.0,1.4921e-16
PRSS33,0.87163,0.548,1.439,15056.0,2.455e-07
CMPK2,0.85125,0.524,1.439,15057.0,1.1285e-06
PMF1,0.90694,0.589,1.439,15058.0,1.073e-08
PMF1-BGLAP,0.90694,0.589,1.439,15059.0,1.073e-08
CLEC6A,0.85139,0.524,1.439,15060.0,1.1269e-06
RGS4,0.891,0.57,1.44,15061.0,5.1409e-08
S100A12,0.0,0.0,1.44,15062.0,0.48234
CYP4F31P,0.32465,0.113,1.44,15063.0,0.22379
OR4M1,0.69348,0.361,1.44,15064.0,0.0015219
C21orf88,0.32507,0.114,1.441,15065.0,0.22348
GPR152,0.73688,0.402,1.441,15066.0,0.00037983
CD300LF,0.90816,0.59,1.441,15067.0,1.0563e-08
HKR1,1.0511,0.778,1.441,15068.0,1.6877e-19
SHISA5,0.85268,0.525,1.441,15069.0,1.1126e-06
KLRB1,0.87322,0.549,1.441,15070.0,2.4129e-07
OR13D1,0.64091,0.314,1.441,15071.0,0.005877
PLA2G12A,0.73728,0.402,1.441,15072.0,0.00037886
MRPL4,0.93714,0.626,1.441,15073.0,4.2719e-10
MS4A5,0.73716,0.402,1.441,15074.0,0.00037917
LBX2,0.64067,0.314,1.441,15075.0,0.0058839
MCPH1,1.1145,0.87,1.441,15076.0,7.760000000000001e-30
CRABP1,0.64088,0.314,1.441,15077.0,0.0058779
RP11-650K20.3,0.0,0.0,1.441,15078.0,0.48213
HSD3B1,0.87377,0.549,1.442,15079.0,2.3984e-07
RP11-831H9.11,0.57235,0.259,1.442,15080.0,0.021838
C20orf195,0.8037,0.47,1.442,15081.0,2.1684e-05
NRGN,0.0,0.0,1.442,15082.0,0.4819
RP11-201K10.3,0.82984,0.499,1.442,15083.0,4.9795e-06
AL078585.1,0.64155,0.314,1.442,15084.0,0.0058584
C19orf60,0.73845,0.403,1.443,15085.0,0.00037611
C1orf137,0.57295,0.259,1.443,15086.0,0.021781
KRT7,0.97374,0.672,1.443,15087.0,3.0861e-12
AC018755.1,0.5726,0.259,1.443,15088.0,0.021815
PSMG2,0.87439,0.549,1.443,15089.0,2.3824e-07
CRABP2,0.69494,0.362,1.443,15090.0,0.0015096
OR10A5,0.57346,0.26,1.444,15091.0,0.021733
OSGIN1,0.96394,0.659,1.444,15092.0,1.5746e-11
SLC16A11,0.8312,0.5,1.444,15093.0,4.9198e-06
OR6T1,0.69566,0.362,1.444,15094.0,0.0015036
C20orf173,0.85441,0.526,1.444,15095.0,1.0938e-06
ERAS,0.32614,0.114,1.445,15096.0,0.22267
CISD1,0.57366,0.26,1.445,15097.0,0.021714
AMZ2,0.92596,0.61,1.445,15098.0,2.0652e-09
F11,1.0986,0.844,1.445,15099.0,3.6146e-26
AGT,0.89384,0.572,1.445,15100.0,4.9706e-08
C6orf25,0.85535,0.527,1.445,15101.0,1.0837e-06
SUN3,0.97536,0.673,1.445,15102.0,3.0029e-12
TMEM44,1.0203,0.733,1.445,15103.0,7.1934e-16
RRH,0.92575,0.61,1.445,15104.0,2.0709e-09
ZSCAN23,0.9398,0.628,1.445,15105.0,4.1094e-10
KRT24,1.0279,0.743,1.445,15106.0,1.3371e-16
KHK,0.9259,0.61,1.445,15107.0,2.0668e-09
C4A,0.96525,0.66,1.446,15108.0,1.5416e-11
OPALIN,0.69707,0.363,1.446,15109.0,0.0014919
CLEC1B,0.89442,0.572,1.446,15110.0,4.9365e-08
NENF,0.57444,0.26,1.446,15111.0,0.021641
SCAND1,0.32678,0.114,1.446,15112.0,0.2222
GSDMD,0.99543,0.699,1.446,15113.0,1.0789e-13
FAM230A,0.0,0.0,1.446,15114.0,0.48065
ANXA5,1.013,0.723,1.446,15115.0,3.7978e-15
PSMD9,0.83257,0.501,1.446,15116.0,4.8603e-06
TMEM71,0.95318,0.644,1.446,15117.0,7.986e-11
NLRP10,0.9117,0.592,1.447,15118.0,1.0095e-08
CPPED1,0.8769,0.551,1.447,15119.0,2.3183e-07
SNX21,0.87683,0.551,1.447,15120.0,2.3202e-07
C1QTNF7,0.77659,0.44,1.447,15121.0,8.9772e-05
CHI3L2,1.0056,0.712,1.447,15122.0,1.9866e-14
ZNF773,0.83306,0.501,1.447,15123.0,4.8394e-06
LILRA4,1.0224,0.735,1.448,15124.0,6.8978e-16
FMO5,1.0144,0.724,1.448,15125.0,3.6951e-15
QRFPR,0.95426,0.645,1.448,15126.0,7.8556e-11
TRIM68,1.0505,0.773,1.448,15127.0,8.070900000000001e-19
GPR87,0.83384,0.501,1.448,15128.0,4.8062e-06
MRPL32,0.77675,0.44,1.448,15129.0,8.9669e-05
NIM1K,0.97744,0.675,1.448,15130.0,2.9002e-12
TCTE1,0.95533,0.646,1.449,15131.0,7.7278e-11
LECT2,0.69845,0.364,1.449,15132.0,0.0014806
TPTE,1.0884,0.827,1.449,15133.0,5.551e-24
METTL21C,0.85732,0.528,1.449,15134.0,1.0629e-06
NCR3,0.74184,0.405,1.449,15135.0,0.00036824
GLIPR1L1,0.85812,0.528,1.45,15136.0,1.0546e-06
CTRB2,0.74237,0.405,1.45,15137.0,0.00036704
SFTPA1,0.74203,0.405,1.45,15138.0,0.0003678
FAM210A,0.85795,0.528,1.45,15139.0,1.0564e-06
NUDT2,0.64538,0.316,1.45,15140.0,0.0057495
GLIPR1L2,0.87878,0.552,1.45,15141.0,2.2717e-07
C19orf77,0.47978,0.194,1.45,15142.0,0.074703
SLC35A4,0.77833,0.441,1.45,15143.0,8.8682e-05
C4orf50,1.0524,0.775,1.451,15144.0,7.736100000000001e-19
MYCT1,0.743,0.405,1.451,15145.0,0.0003656
FAM84B,0.74265,0.405,1.451,15146.0,0.00036638
KRTCAP3,0.80909,0.474,1.451,15147.0,2.078e-05
RPP14,0.32821,0.115,1.451,15148.0,0.22115
AC004076.9,0.69959,0.364,1.451,15149.0,0.0014714
NECAP2,0.92969,0.613,1.451,15150.0,1.9626e-09
RASA4B,0.57703,0.261,1.452,15151.0,0.0214
SLC25A21,0.96917,0.662,1.452,15152.0,1.4479e-11
AVP,0.48081,0.195,1.452,15153.0,0.074413
FAM170B,0.77908,0.442,1.452,15154.0,8.8213e-05
MTFR1,0.96908,0.662,1.452,15155.0,1.4499e-11
PARPBP,1.0335,0.747,1.453,15156.0,1.1929e-16
CDK10,1.0335,0.747,1.453,15157.0,1.193e-16
ZMYM6NB,0.32904,0.115,1.453,15158.0,0.22054
MOXD1,1.0817,0.815,1.453,15159.0,1.5504999999999999e-22
TSFM,0.93132,0.614,1.453,15160.0,1.9197e-09
PLCXD2,0.89937,0.575,1.453,15161.0,4.6567e-08
CAMK2N2,0.32915,0.115,1.453,15162.0,0.22046
FHIT,0.64696,0.317,1.453,15163.0,0.0057055
TMEM116,0.99201,0.691,1.454,15164.0,5.1196e-13
ARRDC5,0.64749,0.317,1.454,15165.0,0.0056909
EAF2,0.88106,0.553,1.454,15166.0,2.2166e-07
COA6,0.6477,0.317,1.454,15167.0,0.0056851
NCR1,0.9588,0.648,1.454,15168.0,7.3311e-11
PAIP2B,0.70134,0.365,1.454,15169.0,0.0014573
C1orf85,0.97024,0.663,1.454,15170.0,1.4235e-11
MRPS18C,0.78015,0.442,1.454,15171.0,8.7553e-05
SPATA25,0.70128,0.365,1.454,15172.0,0.0014577
SLC22A24,1.0113,0.716,1.455,15173.0,1.7875e-14
KLRC4,0.64799,0.318,1.455,15174.0,0.0056771
ZNF669,0.70201,0.365,1.455,15175.0,0.001452
CTD-3088G3.8,1.0618,0.786,1.455,15176.0,1.3231000000000002e-19
GLRA4,0.91751,0.596,1.455,15177.0,9.3781e-09
CES1,1.02,0.728,1.456,15178.0,3.3228e-15
ZFP69B,0.99315,0.692,1.456,15179.0,5.0197e-13
SLC38A6,1.0684,0.795,1.456,15180.0,2.382e-20
ETHE1,0.83871,0.504,1.456,15181.0,4.6037e-06
AC099552.4,0.33006,0.115,1.456,15182.0,0.2198
IL5,0.64887,0.318,1.456,15183.0,0.0056529
S100A9,0.0,0.0,1.457,15184.0,0.4777
CAPG,1.0033,0.705,1.457,15185.0,9.357e-14
TBC1D3B,0.3305,0.115,1.457,15186.0,0.21949
ATP5D,0.48297,0.196,1.457,15187.0,0.073813
ROPN1B,0.81252,0.476,1.457,15188.0,2.0225e-05
NT5C3B,0.94779,0.633,1.457,15189.0,3.662e-10
TOE1,1.029,0.739,1.457,15190.0,6.0443e-16
HLA-G,0.97288,0.665,1.458,15191.0,1.365e-11
GLT8D2,1.0131,0.717,1.458,15192.0,1.7287e-14
IBSP,0.97349,0.665,1.458,15193.0,1.3519e-11
CD3D,0.78289,0.444,1.458,15194.0,8.5898e-05
ZSCAN16,0.88476,0.556,1.459,15195.0,2.1302e-07
KLK4,0.84035,0.505,1.459,15196.0,4.5377e-06
ADAT3,0.6506,0.319,1.459,15197.0,0.0056059
PROCA1,0.90296,0.577,1.459,15198.0,4.4649e-08
TMIGD1,0.88477,0.556,1.459,15199.0,2.1298e-07
CA14,1.0301,0.74,1.459,15200.0,5.9231e-16
FTMT,0.65055,0.319,1.459,15201.0,0.0056072
TMEM199,0.81434,0.477,1.46,15202.0,1.9938e-05
NREP,0.65077,0.319,1.46,15203.0,0.0056013
LDHAL6B,0.48443,0.196,1.46,15204.0,0.073409
C9orf135,0.90388,0.578,1.46,15205.0,4.4172e-08
RIMBP3,0.92076,0.598,1.46,15206.0,9.0005e-09
TEKT3,1.0457,0.761,1.46,15207.0,1.9845e-17
OXNAD1,0.90378,0.578,1.46,15208.0,4.4226e-08
AKR1C2,0.96285,0.651,1.46,15209.0,6.8956e-11
ZNF320,0.33174,0.116,1.461,15210.0,0.2186
HAGHL,0.81496,0.477,1.461,15211.0,1.984e-05
CYLC2,0.84178,0.506,1.461,15212.0,4.4812e-06
CCDC24,0.9045,0.578,1.461,15213.0,4.3856e-08
PIK3R6,1.1223,0.871,1.461,15214.0,1.5214999999999999e-28
NME1-NME2,0.92213,0.599,1.462,15215.0,8.8471e-09
NME2,0.92213,0.599,1.462,15216.0,8.8471e-09
EP400NL,0.84218,0.506,1.462,15217.0,4.4654e-06
ALDH8A1,0.98675,0.681,1.462,15218.0,2.4846e-12
WISP2,0.81599,0.478,1.462,15219.0,1.9682e-05
SRI,0.95128,0.635,1.462,15220.0,3.4837e-10
LGALS7B,0.33218,0.116,1.462,15221.0,0.21829
BNIP3,0.81595,0.478,1.462,15222.0,1.9687e-05
KRTCAP2,0.7492,0.409,1.462,15223.0,0.00035184
ALS2CR12,1.0885,0.821,1.462,15224.0,1.3086e-22
CYB5D2,0.84321,0.507,1.463,15225.0,4.4253e-06
FAM96A,0.81616,0.478,1.463,15226.0,1.9655e-05
GPR17,0.78565,0.445,1.463,15227.0,8.4259e-05
HSD17B11,0.88711,0.557,1.463,15228.0,2.0771e-07
KLK3,0.84317,0.507,1.463,15229.0,4.4271e-06
UGT1A7,1.0077,0.708,1.463,15230.0,8.6636e-14
PLEKHB2,0.96486,0.652,1.463,15231.0,6.6904e-11
VWA5A,1.1278,0.878,1.463,15232.0,2.5953e-29
TIMM9,0.58338,0.264,1.464,15233.0,0.020827
EFNA4,0.75002,0.409,1.464,15234.0,0.00035006
CYP4Z1,1.0484,0.763,1.464,15235.0,1.8745e-17
GLO1,0.86698,0.534,1.464,15236.0,9.6718e-07
KAZALD1,0.86704,0.534,1.464,15237.0,9.6662e-07
GP9,0.0,0.0,1.464,15238.0,0.47575
GML,0.3332,0.116,1.465,15239.0,0.21757
CHP2,0.86743,0.534,1.465,15240.0,9.6292e-07
ST7-OT4,0.5836,0.264,1.465,15241.0,0.020808
TMEM59,0.98871,0.682,1.465,15242.0,2.4058e-12
ZNF763,0.58349,0.264,1.465,15243.0,0.020817
SLC6A18,1.0858,0.815,1.465,15244.0,6.794999999999999e-22
LINC01100,0.48684,0.197,1.466,15245.0,0.072755
KRT79,1.0428,0.754,1.466,15246.0,9.8728e-17
RFPL4AL1,0.33359,0.116,1.466,15247.0,0.21729
SGCB,0.86795,0.534,1.466,15248.0,9.5805e-07
NBPF4,0.65435,0.321,1.466,15249.0,0.0055056
FAM206A,0.84502,0.508,1.466,15250.0,4.3558e-06
LCE3C,0.0,0.0,1.466,15251.0,0.47523
MMP19,1.076,0.8,1.467,15252.0,1.9975e-20
LCN6,0.81879,0.479,1.467,15253.0,1.9255e-05
C1QBP,0.88989,0.559,1.467,15254.0,2.0164e-07
PAGE5,0.58495,0.265,1.467,15255.0,0.020689
MDP1,0.81872,0.479,1.467,15256.0,1.9265e-05
RNASEH2C,0.65462,0.321,1.467,15257.0,0.0054985
KCTD11,0.65471,0.321,1.467,15258.0,0.0054961
CCDC97,0.94115,0.62,1.468,15259.0,1.6817e-09
RP11-181C3.1,0.488,0.198,1.468,15260.0,0.072446
ZNF747,0.48808,0.198,1.468,15261.0,0.072425
MAS1,0.78866,0.447,1.468,15262.0,8.2518e-05
SERPINB10,0.95483,0.638,1.468,15263.0,3.3122e-10
APOC1,0.33422,0.117,1.468,15264.0,0.21685
MRPL28,0.89087,0.56,1.469,15265.0,1.9955e-07
ZNF415,0.33465,0.117,1.469,15266.0,0.21655
TRIM63,1.0021,0.698,1.469,15267.0,4.3041e-13
DBI,0.70944,0.369,1.469,15268.0,0.0013944
TMEM74,0.75299,0.411,1.469,15269.0,0.00034376
B4GALNT2,1.052,0.766,1.469,15270.0,1.7413e-17
MANF,0.70987,0.369,1.469,15271.0,0.0013911
AP5Z1,1.1392,0.891,1.469,15272.0,7.2894e-31
CREB3L3,1.0117,0.711,1.469,15273.0,8.0596e-14
TMEM219,0.79015,0.448,1.47,15274.0,8.1671e-05
KLF11,0.92702,0.602,1.47,15275.0,8.3215e-09
ASNSD1,1.0461,0.757,1.47,15276.0,9.2537e-17
MORN5,0.79008,0.448,1.47,15277.0,8.1711e-05
OR13C9,0.58634,0.265,1.47,15278.0,0.020568
ACKR2,0.71028,0.37,1.47,15279.0,0.001388
CAV3,0.65622,0.322,1.47,15280.0,0.0054565
SPATA6,1.0843,0.81,1.47,15281.0,3.418499999999999e-21
APOBEC4,0.79002,0.448,1.47,15282.0,8.1741e-05
STPG2,1.0456,0.756,1.47,15283.0,9.3325e-17
OR5B2,0.48922,0.198,1.471,15284.0,0.072121
XKR8,0.91082,0.583,1.471,15285.0,4.0749e-08
TAL2,0.0,0.0,1.471,15286.0,0.47392
ENTPD2,1.0224,0.724,1.471,15287.0,1.4578e-14
C3orf49,0.91108,0.583,1.471,15288.0,4.0628e-08
L3HYPDH,0.87142,0.536,1.471,15289.0,9.2642e-07
NUTM2B,0.58751,0.266,1.472,15290.0,0.020467
OR4N5,0.58729,0.266,1.472,15291.0,0.020486
RGPD2,0.71148,0.37,1.472,15292.0,0.0013791
C11orf42,0.91148,0.583,1.472,15293.0,4.044e-08
C5orf46,0.48957,0.198,1.472,15294.0,0.072027
GFRA4,0.71151,0.37,1.472,15295.0,0.0013789
MSGN1,0.48965,0.198,1.472,15296.0,0.072006
ENPP5,0.95823,0.64,1.473,15297.0,3.1565e-10
SLC44A3,1.1242,0.867,1.473,15298.0,3.5957e-27
OR10H5,0.49026,0.198,1.473,15299.0,0.071847
C2orf76,0.65772,0.322,1.473,15300.0,0.0054177
LCMT2,1.0324,0.737,1.473,15301.0,2.6276e-15
NDUFA3,0.49012,0.198,1.473,15302.0,0.071883
PHYHD1,1.0059,0.701,1.474,15303.0,4.0371e-13
CKMT2,1.0556,0.768,1.474,15304.0,1.6195e-17
UBE2D4,0.82309,0.482,1.474,15305.0,1.862e-05
FEZ2,0.98382,0.672,1.474,15306.0,1.1496e-11
GPRIN3,1.0056,0.7,1.474,15307.0,4.0589e-13
RP1-170O19.20,0.65824,0.323,1.474,15308.0,0.0054042
KCNK17,0.8498,0.511,1.474,15309.0,4.1781e-06
LST3,1.1169,0.855,1.475,15310.0,1.0871000000000002e-25
OR2T5,0.0,0.0,1.475,15311.0,0.47281
CETN1,0.33673,0.117,1.475,15312.0,0.21511
PRRG2,0.87369,0.538,1.475,15313.0,9.0627e-07
OSCAR,0.75651,0.413,1.475,15314.0,0.00033644
AZGP1,0.85045,0.511,1.475,15315.0,4.1545e-06
RIBC2,0.99582,0.687,1.475,15316.0,2.1427e-12
OR10D3,0.58956,0.267,1.476,15317.0,0.020292
TRAPPC4,0.85139,0.512,1.476,15318.0,4.1207e-06
OR5B12,0.58941,0.267,1.476,15319.0,0.020305
MSLN,1.1136,0.85,1.476,15320.0,5.8751e-25
BBOX1,0.99724,0.688,1.477,15321.0,2.094e-12
ATAD3B,1.0995,0.829,1.477,15322.0,1.0031999999999999e-22
PRRC1,0.99733,0.688,1.477,15323.0,2.091e-12
MRPL43,0.8958,0.563,1.477,15324.0,1.8937e-07
FAM151B,0.9147,0.585,1.477,15325.0,3.8968e-08
HOXA7,0.71399,0.372,1.477,15326.0,0.0013606
LGALS2,0.59043,0.267,1.478,15327.0,0.020219
TSPAN16,0.85223,0.512,1.478,15328.0,4.0908e-06
HSPA1B,0.66051,0.324,1.478,15329.0,0.0053464
ZNF343,0.66041,0.324,1.478,15330.0,0.0053489
PARP16,0.962,0.643,1.478,15331.0,2.9939e-10
CPQ,1.0281,0.728,1.479,15332.0,1.3154e-14
ZNF419,0.66119,0.324,1.479,15333.0,0.0053294
TST,0.79546,0.451,1.479,15334.0,7.8734e-05
NSUN6,1.073,0.79,1.479,15335.0,4.9452e-19
AC074091.13,0.33822,0.118,1.479,15336.0,0.21409
FSCN2,1.009,0.703,1.479,15337.0,3.8311e-13
MTRF1L,0.96292,0.643,1.48,15338.0,2.9554e-10
COX20,0.59163,0.268,1.48,15339.0,0.020118
C16orf90,0.71603,0.373,1.48,15340.0,0.0013458
SLC27A3,1.0965,0.823,1.48,15341.0,5.2696e-22
HSPB2,0.75974,0.415,1.48,15342.0,0.00032989
NQO2,0.87726,0.54,1.48,15343.0,8.7572e-07
SOAT2,1.1333,0.876,1.48,15344.0,5.583e-28
NCCRP1,0.93389,0.607,1.48,15345.0,7.6409e-09
UVSSA,1.1168,0.852,1.48,15346.0,5.4127e-25
TNNT1,1.0196,0.716,1.48,15347.0,7.0202e-14
SPDYE2,0.0,0.0,1.48,15348.0,0.47151
EBPL,0.79645,0.452,1.481,15349.0,7.8199e-05
DHRS2,0.87767,0.54,1.481,15350.0,8.7228e-07
OR1E1,0.71648,0.373,1.481,15351.0,0.0013426
MYEOV2,0.71677,0.373,1.481,15352.0,0.0013405
OR4E2,0.66212,0.324,1.481,15353.0,0.0053058
LYPD6,0.85426,0.514,1.481,15354.0,4.0193e-06
C1orf216,0.71633,0.373,1.481,15355.0,0.0013436
TVP23C-CDRT4,0.87749,0.54,1.481,15356.0,8.7378e-07
GPR1,0.85443,0.514,1.481,15357.0,4.0135e-06
WDR5B,0.82751,0.484,1.481,15358.0,1.7993e-05
TMEM106A,0.89874,0.565,1.481,15359.0,1.8357e-07
DCAF16,0.7601,0.415,1.481,15360.0,0.00032917
EMR3,1.1346,0.877,1.482,15361.0,5.3919e-28
SGK223,1.1679,0.928,1.482,15362.0,1.6825e-35
EVPLL,1.0207,0.717,1.482,15363.0,6.8978e-14
ZNF684,0.91833,0.587,1.482,15364.0,3.7374e-08
SLC26A1,0.98928,0.676,1.482,15365.0,1.0564e-11
ZIM3,0.82807,0.485,1.482,15366.0,1.7915e-05
COA4,0.33933,0.118,1.482,15367.0,0.21335
PIH1D2,0.9349,0.608,1.482,15368.0,7.5463e-09
SEC61B,0.59268,0.268,1.483,15369.0,0.02003
RASSF3,0.82888,0.485,1.483,15370.0,1.7804e-05
TMEM254,0.71775,0.374,1.483,15371.0,0.0013335
ADM2,0.59293,0.268,1.483,15372.0,0.020009
ALLC,1.0475,0.753,1.483,15373.0,4.2324e-16
GSTZ1,0.97798,0.661,1.483,15374.0,5.5058e-11
SLC17A3,1.0994,0.825,1.483,15375.0,4.925899999999999e-22
KIAA1024L,0.71811,0.374,1.484,15376.0,0.001331
PRLHR,0.79853,0.453,1.484,15377.0,7.7094e-05
MYOM2,1.2702,1.09,1.484,15378.0,7.0086e-85
HBE1,0.5935,0.268,1.484,15379.0,0.019963
KLRF1,0.90048,0.566,1.484,15380.0,1.8025e-07
DLEU1,0.0,0.0,1.484,15381.0,0.47033
ZNF774,1.04,0.742,1.484,15382.0,2.2808e-15
FAM114A1,1.0898,0.81,1.485,15383.0,1.4659000000000002e-20
ADORA2B,0.82983,0.486,1.485,15384.0,1.7674e-05
PCYOX1,1.0408,0.743,1.485,15385.0,2.2481e-15
GPR89A,1.0227,0.719,1.485,15386.0,6.6612e-14
EXOSC1,0.93702,0.609,1.485,15387.0,7.3521e-09
ZNF664,0.71871,0.374,1.485,15388.0,0.0013267
TMEM222,0.85652,0.515,1.485,15389.0,3.9417e-06
MBLAC1,0.34025,0.119,1.485,15390.0,0.21273
TAX1BP3,0.66465,0.326,1.485,15391.0,0.0052431
ACYP1,0.49618,0.201,1.486,15392.0,0.070318
CNGA3,1.0843,0.802,1.486,15393.0,8.0327e-20
UGT3A1,1.0138,0.706,1.486,15394.0,3.5366e-13
OR4L1,0.66524,0.326,1.486,15395.0,0.0052285
PEX11A,0.88094,0.542,1.486,15396.0,8.4537e-07
PRMT3,1.1207,0.855,1.486,15397.0,4.9032e-25
ALPI,1.0715,0.784,1.486,15398.0,2.4527e-18
CALHM1,0.8307,0.486,1.486,15399.0,1.7556e-05
EMB,0.99231,0.678,1.486,15400.0,1.0084e-11
TPRG1L,0.88071,0.542,1.486,15401.0,8.4721e-07
C10orf99,0.34118,0.119,1.487,15402.0,0.21211
NLRP2,1.1828,0.948,1.487,15403.0,1.4201e-38
CISD3,0.5952,0.269,1.487,15404.0,0.019823
LILRA5,0.9381,0.61,1.487,15405.0,7.2545e-09
TMBIM4,0.85812,0.516,1.487,15406.0,3.8876e-06
MUC17,1.2412,1.041,1.487,15407.0,7.8985e-63
POLR2E,0.93857,0.61,1.487,15408.0,7.2128e-09
F2RL2,0.83121,0.487,1.487,15409.0,1.7486e-05
SPATA8,0.49667,0.201,1.487,15410.0,0.070195
DCXR,0.88221,0.543,1.488,15411.0,8.351e-07
DHRS7,0.99376,0.679,1.488,15412.0,9.8631e-12
MYL9,0.59552,0.269,1.488,15413.0,0.019797
SERPINA6,0.88229,0.543,1.488,15414.0,8.3448e-07
PPP1R42,0.83154,0.487,1.488,15415.0,1.7442e-05
HDHD2,0.85864,0.516,1.488,15416.0,3.8702e-06
TCTEX1D2,0.76412,0.417,1.488,15417.0,0.00032126
GJA3,0.72071,0.375,1.488,15418.0,0.0013126
TEX13A,0.59568,0.269,1.488,15419.0,0.019784
NMRK1,0.92236,0.59,1.489,15420.0,3.5697e-08
BEST1,1.0059,0.694,1.489,15421.0,1.8214e-12
ABHD15,0.92294,0.59,1.489,15422.0,3.5459e-08
SERPINB1,0.92288,0.59,1.489,15423.0,3.5486e-08
CD48,0.83259,0.487,1.489,15424.0,1.7302e-05
GPRIN2,0.85908,0.517,1.489,15425.0,3.8557e-06
MIA,0.83227,0.487,1.489,15426.0,1.7345e-05
SNRNP35,0.93975,0.611,1.489,15427.0,7.1094e-09
FXYD7,0.66663,0.327,1.489,15428.0,0.0051947
SPINK2,0.49826,0.202,1.49,15429.0,0.069796
LINC00935,0.66697,0.327,1.49,15430.0,0.0051864
NUP62CL,0.72148,0.375,1.49,15431.0,0.0013073
C9orf40,0.49854,0.202,1.491,15432.0,0.069726
COQ7,0.86052,0.517,1.491,15433.0,3.808e-06
IL11,0.76596,0.418,1.491,15434.0,0.00031772
RAD51C,1.0269,0.722,1.491,15435.0,6.1906e-14
SRXN1,0.49856,0.202,1.491,15436.0,0.069723
SLX4IP,1.0071,0.695,1.491,15437.0,1.7889e-12
SPATA19,0.92375,0.591,1.491,15438.0,3.5133e-08
SPATA32,0.95667,0.631,1.491,15439.0,1.3702e-09
MREG,0.90501,0.568,1.491,15440.0,1.7187e-07
RPL10L,0.66775,0.327,1.491,15441.0,0.0051677
C22orf31,0.90569,0.569,1.492,15442.0,1.7066e-07
CHRAC1,0.49937,0.202,1.492,15443.0,0.06952
KCNE3,0.0,0.0,1.492,15444.0,0.4682
TIGD3,0.97132,0.649,1.492,15445.0,2.63e-10
FXYD4,0.76663,0.418,1.492,15446.0,0.00031646
KERA,0.90551,0.569,1.492,15447.0,1.7098e-07
EFHD1,0.66853,0.328,1.492,15448.0,0.0051487
MZB1,0.76673,0.418,1.492,15449.0,0.00031626
POTEM,0.76667,0.418,1.492,15450.0,0.00031637
NDUFA12,0.804,0.456,1.493,15451.0,7.427e-05
ZNF490,0.76733,0.419,1.493,15452.0,0.00031512
OR8D2,0.34346,0.12,1.493,15453.0,0.21061
SNUPN,1.0376,0.735,1.493,15454.0,1.1094e-14
ENO4,0.88607,0.545,1.494,15455.0,8.0499e-07
NAA38,0.66962,0.328,1.494,15456.0,0.0051229
CD302,0.86261,0.519,1.494,15457.0,3.7405e-06
RPL37A,0.66951,0.328,1.494,15458.0,0.0051255
FAM181B,0.49999,0.202,1.494,15459.0,0.069368
NMB,0.59885,0.271,1.494,15460.0,0.019529
LY96,0.8042,0.456,1.494,15461.0,7.4167e-05
CD8A,0.83638,0.49,1.495,15462.0,1.6806e-05
TMEM97,0.76863,0.419,1.495,15463.0,0.00031267
MIF4GD,0.9436,0.613,1.495,15464.0,6.7828e-09
OR2J2,0.59935,0.271,1.495,15465.0,0.019489
C17orf107,0.50039,0.202,1.495,15466.0,0.06927
DHRS7B,0.9438,0.613,1.495,15467.0,6.7664e-09
FAM151A,1.0637,0.769,1.495,15468.0,6.5453e-17
GALM,0.98627,0.667,1.495,15469.0,4.8791e-11
BPIFA2,0.88656,0.546,1.495,15470.0,8.0124e-07
HRG,1.0299,0.724,1.495,15471.0,5.8888e-14
REEP6,0.83595,0.489,1.495,15472.0,1.6861e-05
ITPRIP,0.98747,0.667,1.496,15473.0,4.7954e-11
IFI44,1.0487,0.748,1.496,15474.0,1.9433e-15
NAT16,0.86403,0.52,1.496,15475.0,3.6952e-06
DUSP15,0.86344,0.519,1.496,15476.0,3.7139e-06
FCGR3A,0.86402,0.52,1.496,15477.0,3.6955e-06
SLC14A1,1.0311,0.724,1.496,15478.0,5.7661e-14
C8orf87,0.50092,0.203,1.496,15479.0,0.069139
TBCC,0.8635,0.519,1.496,15480.0,3.7118e-06
CTU2,1.1088,0.832,1.496,15481.0,3.9682e-22
METTL21B,0.76975,0.42,1.497,15482.0,0.00031059
CREG2,0.80659,0.457,1.497,15483.0,7.2973e-05
PRELID2,0.94525,0.614,1.497,15484.0,6.6487e-09
STX10,0.96025,0.633,1.497,15485.0,1.3079e-09
FCRLB,0.97471,0.651,1.497,15486.0,2.51e-10
SERPIND1,0.97461,0.651,1.497,15487.0,2.5137e-10
MRPL49,0.76964,0.42,1.497,15488.0,0.00031078
OR4D6,0.67107,0.329,1.497,15489.0,0.0050885
DYNLT1,0.80607,0.457,1.497,15490.0,7.3232e-05
SUCLG2,1.0316,0.725,1.497,15491.0,5.7163e-14
ASB5,1.0224,0.712,1.498,15492.0,3.0711e-13
SPATA21,1.0733,0.781,1.498,15493.0,1.1342e-17
LHPP,0.90983,0.571,1.498,15494.0,1.6345e-07
RPP25,0.34533,0.12,1.498,15495.0,0.20939
HHIPL2,1.1163,0.842,1.499,15496.0,6.7268e-23
NIPAL1,0.97635,0.652,1.499,15497.0,2.4544e-10
ALG1,1.0878,0.801,1.499,15498.0,3.6220000000000004e-19
NRSN1,0.77104,0.421,1.499,15499.0,0.00030819
CETP,1.1217,0.849,1.499,15500.0,1.1892e-23
PSMF1,0.92904,0.594,1.499,15501.0,3.3092e-08
ZNF214,1.0742,0.782,1.499,15502.0,1.1138e-17
DHRS7C,0.93,0.595,1.5,15503.0,3.2734e-08
ECT2L,1.2202,0.998,1.5,15504.0,7.8004e-48
LCE3E,0.0,0.0,1.5,15505.0,0.46574
C1QTNF9B,0.93056,0.595,1.501,15506.0,3.2529e-08
TMEM190,0.72816,0.379,1.501,15507.0,0.0012621
RABL2B,0.89045,0.548,1.501,15508.0,7.7226e-07
GNPDA1,0.91174,0.573,1.501,15509.0,1.6024e-07
HDDC3,0.60221,0.272,1.501,15510.0,0.019263
NRARP,0.34659,0.121,1.501,15511.0,0.20859
OR8A1,0.67365,0.33,1.501,15512.0,0.005028
CYB561D1,0.80892,0.459,1.501,15513.0,7.1834e-05
SERPINA12,0.89052,0.548,1.501,15514.0,7.7169e-07
GPR151,0.93128,0.596,1.502,15515.0,3.2266e-08
PAH,1.1184,0.843,1.502,15516.0,6.4046e-23
GXYLT2,1.0354,0.727,1.502,15517.0,5.3671e-14
PTGDR,0.86774,0.522,1.502,15518.0,3.58e-06
TRIM49B,0.94852,0.616,1.502,15519.0,6.3896e-09
B3GNT4,0.89109,0.548,1.502,15520.0,7.6758e-07
PPIC,0.77271,0.422,1.502,15521.0,0.00030514
C11orf71,0.34675,0.121,1.502,15522.0,0.20849
CBY1,0.72867,0.379,1.502,15523.0,0.0012587
TMEM217,0.80994,0.459,1.503,15524.0,7.1339e-05
TMEM74B,0.77327,0.422,1.503,15525.0,0.00030413
ATP5J2,0.60341,0.273,1.503,15526.0,0.01917
P2RY13,0.77354,0.422,1.503,15527.0,0.00030364
LINC00923,0.34775,0.121,1.504,15528.0,0.20785
GOLGA6A,0.84201,0.493,1.504,15529.0,1.61e-05
CRYGD,0.7738,0.422,1.504,15530.0,0.00030317
EIF4EBP1,0.34811,0.121,1.505,15531.0,0.20762
FABP2,0.67571,0.331,1.505,15532.0,0.0049806
PIGL,0.95132,0.618,1.506,15533.0,6.178e-09
BTG2,0.60519,0.274,1.506,15534.0,0.019033
SLC52A1,0.86985,0.523,1.506,15535.0,3.5163e-06
RP11-111M22.2,0.67652,0.331,1.506,15536.0,0.0049622
LGALS9C,0.951,0.618,1.506,15537.0,6.2016e-09
NKD2,1.0176,0.702,1.506,15538.0,1.5159e-12
SLC18B1,1.0788,0.785,1.506,15539.0,1.0193e-17
MAPK15,1.1109,0.83,1.506,15540.0,1.8681999999999997e-21
KLHDC7B,0.96745,0.638,1.507,15541.0,1.192e-09
PCDHA2,1.1275,0.854,1.507,15542.0,1.0354e-23
RPRML,0.0,0.0,1.507,15543.0,0.46377
C19orf10,0.87065,0.524,1.507,15544.0,3.4923e-06
GDPD3,1.0563,0.754,1.507,15545.0,1.6968e-15
CKLF,0.67713,0.332,1.508,15546.0,0.0049483
GOLGA8M,1.0297,0.717,1.508,15547.0,2.7284e-13
C8orf44,0.34908,0.122,1.508,15548.0,0.20702
NQO1,0.9678,0.638,1.508,15549.0,1.1867e-09
HDAC10,1.1698,0.915,1.508,15550.0,2.9729e-31
OR4K15,0.60633,0.274,1.508,15551.0,0.018946
DYRK4,1.0873,0.796,1.508,15552.0,1.7785e-18
MS4A7,0.87119,0.524,1.508,15553.0,3.4763e-06
SPATA4,0.96797,0.638,1.508,15554.0,1.1841e-09
TIMM23,0.67727,0.332,1.508,15555.0,0.0049452
TRAPPC3L,0.84516,0.495,1.509,15556.0,1.5719e-05
GPR35,0.67806,0.332,1.509,15557.0,0.0049273
NAMPTL,0.91723,0.576,1.509,15558.0,1.5141e-07
CTD-2510F5.6,0.60653,0.274,1.509,15559.0,0.018931
WDR86,0.96926,0.639,1.51,15560.0,1.1648e-09
TSNAXIP1,1.1601,0.9,1.51,15561.0,5.280700000000001e-29
ZNF589,0.6785,0.332,1.51,15562.0,0.0049175
DUXA,0.93643,0.599,1.51,15563.0,3.0459e-08
EAPP,0.98353,0.657,1.51,15564.0,2.2259e-10
ZNF257,0.60751,0.275,1.51,15565.0,0.018857
C14orf28,0.9838,0.657,1.51,15566.0,2.2179e-10
ASB17,0.87342,0.525,1.511,15567.0,3.4115e-06
OR6C75,0.60803,0.275,1.511,15568.0,0.018817
CREG1,0.73414,0.382,1.511,15569.0,0.0012232
C6orf229,0.50845,0.206,1.511,15570.0,0.067336
MICU2,1.1086,0.824,1.511,15571.0,9.721599999999998e-21
ZNF668,0.7787,0.425,1.512,15572.0,0.00029449
CCDC148,1.1691,0.912,1.512,15573.0,1.5603e-30
ZHX1-C8ORF76,0.97074,0.64,1.512,15574.0,1.143e-09
DNALI1,0.99808,0.675,1.512,15575.0,4.1201e-11
CD160,0.81615,0.463,1.513,15576.0,6.8425e-05
OTOR,0.68029,0.333,1.513,15577.0,0.0048775
GGT6,0.93853,0.6,1.513,15578.0,2.9754e-08
TRIM64C,0.99889,0.675,1.513,15579.0,4.0727e-11
IFI30,0.93886,0.6,1.513,15580.0,2.9645e-08
CTU1,0.50923,0.206,1.513,15581.0,0.067155
GTPBP8,0.91931,0.577,1.513,15582.0,1.482e-07
ACPT,1.0521,0.745,1.513,15583.0,8.621e-15
HAUS2,0.87441,0.526,1.513,15584.0,3.3829e-06
TMEM202,0.93831,0.6,1.513,15585.0,2.9827e-08
DCUN1D2,0.93879,0.6,1.513,15586.0,2.9667e-08
ZNF611,0.5092,0.206,1.513,15587.0,0.067163
C9,1.1373,0.864,1.514,15588.0,1.6323e-24
C15orf38,0.8479,0.496,1.514,15589.0,1.5397e-05
OR2A2,0.35153,0.122,1.514,15590.0,0.2055
SMIM7,0.68163,0.334,1.515,15591.0,0.004848
NKX2-8,0.68131,0.334,1.515,15592.0,0.004855
ODAM,1.0625,0.758,1.515,15593.0,1.5176e-15
SLC30A8,1.0126,0.692,1.515,15594.0,7.4306e-12
FOXB2,0.81825,0.464,1.516,15595.0,6.7467e-05
SMCO2,0.94054,0.601,1.516,15596.0,2.9097e-08
DNAH14,1.0717,0.77,1.517,15597.0,2.6938e-16
C16orf71,1.1075,0.82,1.517,15598.0,4.9108e-20
OR9A2,0.78211,0.427,1.517,15599.0,0.00028864
EIF2B2,0.98846,0.66,1.517,15600.0,2.083e-10
FAM213B,0.85006,0.497,1.517,15601.0,1.5148e-05
OR2T2,0.3527,0.123,1.517,15602.0,0.20478
CTRL,0.97392,0.642,1.517,15603.0,1.0976e-09
EVX1,0.90118,0.555,1.517,15604.0,6.9817e-07
ZNF66,0.51154,0.207,1.517,15605.0,0.066624
IFI44L,1.0253,0.708,1.517,15606.0,1.3464e-12
CXCL17,0.68319,0.335,1.518,15607.0,0.0048138
RGCC,0.68314,0.335,1.518,15608.0,0.0048149
GINS3,0.85092,0.498,1.518,15609.0,1.505e-05
PRR18,0.0,0.0,1.518,15610.0,0.46086
C11orf54,0.94172,0.602,1.518,15611.0,2.8718e-08
ITIH6,1.1406,0.867,1.518,15612.0,1.5096000000000001e-24
AP001652.1,0.35327,0.123,1.518,15613.0,0.20443
MRPL13,0.92275,0.58,1.518,15614.0,1.4307e-07
PRSS42,0.96,0.624,1.519,15615.0,5.5685e-09
ZNF682,0.61226,0.277,1.519,15616.0,0.018503
CHCHD6,0.95991,0.624,1.519,15617.0,5.5744e-09
ECHDC1,0.95958,0.624,1.519,15618.0,5.5968e-09
DPH3,0.51298,0.207,1.52,15619.0,0.066294
CEACAM3,0.97616,0.644,1.52,15620.0,1.067e-09
MNAT1,1.027,0.709,1.52,15621.0,1.3117e-12
OR51G1,0.73914,0.385,1.52,15622.0,0.001192
AC011897.1,0.68413,0.335,1.52,15623.0,0.0047933
CAPN12,1.1887,0.938,1.52,15624.0,1.226e-33
ULBP1,0.90268,0.556,1.52,15625.0,6.885e-07
FAM162A,0.87947,0.529,1.521,15626.0,3.2417e-06
CYP4F11,1.1219,0.838,1.521,15627.0,1.4677999999999998e-21
C11orf16,1.0485,0.737,1.521,15628.0,4.3154e-14
IFNL1,0.78446,0.428,1.521,15629.0,0.00028469
IFI27L1,0.51336,0.207,1.521,15630.0,0.066209
SRMS,1.029,0.71,1.522,15631.0,1.2721e-12
TSSK4,0.96163,0.625,1.522,15632.0,5.4619e-09
HOXB7,0.78497,0.428,1.522,15633.0,0.00028382
AKR7A2,0.99174,0.662,1.522,15634.0,1.9938e-10
SLC16A5,0.99158,0.662,1.522,15635.0,1.9979e-10
RSC1A1,1.039,0.724,1.522,15636.0,2.3498e-13
CAMKMT,1.0679,0.762,1.523,15637.0,1.3806e-15
SLC25A41,1.018,0.696,1.523,15638.0,6.8621e-12
KRBOX1,0.61423,0.278,1.523,15639.0,0.01836
MMP7,0.97816,0.645,1.523,15640.0,1.0404e-09
COA5,0.6144,0.278,1.523,15641.0,0.018348
PAQR6,0.82259,0.466,1.523,15642.0,6.5548e-05
IGFL4,0.7412,0.386,1.523,15643.0,0.0011794
APLN,0.0,0.0,1.524,15644.0,0.45897
TAAR8,0.78633,0.429,1.524,15645.0,0.00028158
LPA,1.3083,1.126,1.524,15646.0,6.5917e-89
RP11-1167A19.2,0.0,0.0,1.524,15647.0,0.45895
IL4,0.68674,0.336,1.524,15648.0,0.0047372
OR51S1,0.78636,0.429,1.524,15649.0,0.00028152
MMP13,1.0921,0.795,1.524,15650.0,7.8767e-18
FANCF,0.0,0.0,1.525,15651.0,0.45886
MMP1,1.0932,0.796,1.525,15652.0,7.7197e-18
ZNF763,0.61544,0.278,1.525,15653.0,0.018273
NLRP14,1.2017,0.955,1.525,15654.0,5.7416e-36
KRT15,1.0783,0.775,1.526,15655.0,2.3926e-16
ZDHHC4,0.96419,0.627,1.526,15656.0,5.2991e-09
EVA1A,0.5161,0.209,1.526,15657.0,0.065594
GPR135,0.82419,0.467,1.526,15658.0,6.4853e-05
KLHDC9,0.97997,0.646,1.526,15659.0,1.017e-09
KIAA0825,0.96444,0.627,1.526,15660.0,5.2834e-09
CEACAM7,0.9287,0.583,1.527,15661.0,1.3466e-07
DRAXIN,0.99562,0.665,1.527,15662.0,1.8935e-10
C15orf32,0.74335,0.387,1.527,15663.0,0.0011665
CFL2,0.82525,0.468,1.527,15664.0,6.4399e-05
LDOC1L,0.61665,0.279,1.527,15665.0,0.018186
FCN2,1.0084,0.682,1.527,15666.0,3.5646e-11
ZNF418,0.98118,0.647,1.527,15667.0,1.0016e-09
C7orf76,0.61692,0.279,1.527,15668.0,0.018168
PPP1R3D,0.68837,0.337,1.527,15669.0,0.0047028
SNAPC1,1.079,0.775,1.527,15670.0,2.3628e-16
IFIT1,0.78857,0.43,1.528,15671.0,0.00027793
OR52H1,0.68919,0.337,1.528,15672.0,0.0046856
ETV7,1.0537,0.74,1.528,15673.0,3.9605e-14
AC012123.1,0.61694,0.279,1.528,15674.0,0.018166
CBY3,0.78872,0.43,1.528,15675.0,0.00027768
ACOT1,0.82586,0.468,1.528,15676.0,6.4141e-05
NANP,0.82551,0.468,1.528,15677.0,6.429e-05
APLF,1.1021,0.807,1.528,15678.0,1.3266e-18
SERTAD3,0.61728,0.279,1.528,15679.0,0.018142
RBKS,0.96649,0.628,1.529,15680.0,5.1575e-09
HOXD12,0.78941,0.431,1.529,15681.0,0.00027657
LINC00955,0.0,0.0,1.529,15682.0,0.45772
RNF182,0.68964,0.338,1.529,15683.0,0.0046762
FBXW5,1.081,0.777,1.529,15684.0,2.2808e-16
WDR83,1.0223,0.699,1.529,15685.0,6.4459e-12
GPR142,0.99635,0.665,1.529,15686.0,1.8753e-10
CHEK2,1.1499,0.874,1.53,15687.0,1.2103e-24
SERPINB2,1.0231,0.699,1.53,15688.0,6.3773e-12
MICALCL,1.1588,0.887,1.53,15689.0,3.754e-26
ASGR2,0.98281,0.648,1.53,15690.0,9.8145e-10
CFHR1,0.94972,0.607,1.53,15691.0,2.6297e-08
UGT2A3,1.0731,0.766,1.53,15692.0,1.2614e-15
FKBP11,0.90948,0.56,1.53,15693.0,6.4642e-07
DBNDD1,0.82738,0.469,1.531,15694.0,6.35e-05
HSD17B14,1.0111,0.683,1.531,15695.0,3.4303e-11
LGALS14,0.79058,0.431,1.531,15696.0,0.0002747
ASF1B,0.8278,0.469,1.531,15697.0,6.3325e-05
KRTAP10-10,0.69072,0.338,1.531,15698.0,0.0046536
SLC28A2,1.1682,0.901,1.531,15699.0,1.1277e-27
SERPINI2,1.0648,0.754,1.531,15700.0,6.9523e-15
TACSTD2,0.69055,0.338,1.531,15701.0,0.0046571
MPV17L2,0.90999,0.56,1.531,15702.0,6.4336e-07
TAS2R5,0.74575,0.388,1.531,15703.0,0.0011523
WWOX,1.0742,0.766,1.532,15704.0,1.2376e-15
TSPO,0.79103,0.431,1.532,15705.0,0.00027398
KIAA0040,0.35899,0.125,1.532,15706.0,0.20102
TMUB2,0.85972,0.503,1.532,15707.0,1.4091e-05
KLK9,0.93221,0.585,1.532,15708.0,1.2997e-07
FAM127A,0.0,0.0,1.532,15709.0,0.45663
TNFRSF12A,0.61937,0.28,1.532,15710.0,0.017995
HOXD11,0.74755,0.389,1.533,15711.0,0.0011418
UGT2A1,1.0915,0.789,1.533,15712.0,3.8806e-17
TSACC,0.6202,0.28,1.533,15713.0,0.017937
RTP3,0.3593,0.125,1.533,15714.0,0.20085
ZNF57,0.69176,0.339,1.533,15715.0,0.004632
PRADC1,0.8601,0.503,1.533,15716.0,1.4051e-05
TUBB8,0.62024,0.28,1.533,15717.0,0.017934
ALDH3A1,1.0913,0.789,1.533,15718.0,3.9013e-17
CBR1,0.8291,0.47,1.533,15719.0,6.2783e-05
BAD,0.69217,0.339,1.533,15720.0,0.0046237
C2orf54,0.95273,0.609,1.534,15721.0,2.5445e-08
C18orf32,0.35965,0.125,1.534,15722.0,0.20064
AQP12A,0.6206,0.28,1.534,15723.0,0.017909
COA3,0.5199,0.21,1.534,15724.0,0.064758
QPCT,1.076,0.768,1.534,15725.0,1.1987e-15
C9orf69,0.35955,0.125,1.534,15726.0,0.2007
GPR150,0.86177,0.504,1.535,15727.0,1.3878e-05
MFSD9,0.98674,0.65,1.535,15728.0,9.3451e-10
PSMG3,0.36024,0.125,1.535,15729.0,0.2003
HOXA6,0.8892,0.535,1.535,15730.0,2.9887e-06
AC092687.4,0.52052,0.21,1.535,15731.0,0.064624
MT3,0.52117,0.211,1.536,15732.0,0.064484
RCCD1,1.0147,0.686,1.536,15733.0,3.2679e-11
LTB4R2,0.86232,0.505,1.536,15734.0,1.3821e-05
NDUFA11,0.62197,0.281,1.536,15735.0,0.017814
RP1-66C13.4,0.62163,0.281,1.536,15736.0,0.017837
OR51D1,0.69404,0.34,1.536,15737.0,0.0045855
AC022532.1,0.52168,0.211,1.537,15738.0,0.064374
C1orf100,0.93549,0.588,1.537,15739.0,1.2575e-07
TM4SF19,0.89049,0.535,1.537,15740.0,2.9569e-06
DCTN3,0.93548,0.588,1.537,15741.0,1.2577e-07
C5orf52,0.52153,0.211,1.537,15742.0,0.064408
DTYMK,0.83215,0.472,1.538,15743.0,6.1537e-05
LGALS13,0.75006,0.39,1.538,15744.0,0.0011274
DHDH,0.98862,0.652,1.538,15745.0,9.1294e-10
LYRM4,0.36161,0.126,1.538,15746.0,0.19951
B3GNT8,0.97252,0.632,1.538,15747.0,4.8063e-09
SEPW1,0.79483,0.433,1.538,15748.0,0.00026801
IL11RA,1.1292,0.84,1.538,15749.0,6.288199999999999e-21
AGMAT,0.93713,0.589,1.539,15750.0,1.2369e-07
AGPAT2,0.93721,0.589,1.539,15751.0,1.236e-07
KRTAP2-2,0.0,0.0,1.539,15752.0,0.45465
ZNF77,0.69539,0.34,1.539,15753.0,0.004558
SMIM4,0.36176,0.126,1.539,15754.0,0.19943
AP000349.1,0.69555,0.341,1.539,15755.0,0.0045549
SLFN13,1.0885,0.782,1.54,15756.0,1.9958e-16
CMC2,0.36233,0.126,1.54,15757.0,0.1991
TREX2,0.0,0.0,1.54,15758.0,0.45433
CPNE3,1.1621,0.887,1.54,15759.0,1.7777e-25
FAM3B,0.95702,0.612,1.54,15760.0,2.4285e-08
NGB,0.69592,0.341,1.54,15761.0,0.0045474
CABP4,1.0048,0.671,1.541,15762.0,1.6786e-10
OR2K2,0.75252,0.391,1.541,15763.0,0.0011135
ZDHHC11,1.0808,0.771,1.541,15764.0,1.1047e-15
HEBP2,0.83392,0.473,1.541,15765.0,6.0829e-05
RNF32,1.0807,0.771,1.541,15766.0,1.1058e-15
DNAJC22,0.8927,0.537,1.541,15767.0,2.9031e-06
TMEM252,0.36255,0.126,1.541,15768.0,0.19897
KRBOX1,0.62447,0.282,1.541,15769.0,0.017643
SMLR1,0.36258,0.126,1.541,15770.0,0.19896
OR51M1,0.69657,0.341,1.541,15771.0,0.0045344
LETM2,1.1117,0.814,1.541,15772.0,1.1029e-18
REG1A,0.86551,0.506,1.541,15773.0,1.3499e-05
COX17,0.36288,0.126,1.541,15774.0,0.19879
CENPK,1.019,0.689,1.542,15775.0,3.0771e-11
CERKL,1.1588,0.881,1.542,15776.0,9.8447e-25
OR4P4,0.62521,0.282,1.542,15777.0,0.017593
C14orf23,0.36301,0.126,1.542,15778.0,0.19871
FAM25A,0.36301,0.126,1.542,15779.0,0.19871
CYP24A1,1.149,0.866,1.542,15780.0,3.1963999999999997e-23
COX7A2,0.69741,0.341,1.542,15781.0,0.0045177
RPS6KB2,1.1318,0.842,1.542,15782.0,5.9587999999999995e-21
TARM1,0.93889,0.59,1.542,15783.0,1.2154e-07
PRAMEF10,0.75264,0.391,1.542,15784.0,0.0011128
ADRB1,0.89373,0.537,1.542,15785.0,2.8786e-06
CCDC134,0.91751,0.565,1.542,15786.0,6.0044e-07
GPR3,0.79835,0.435,1.543,15787.0,0.00026263
C1orf227,0.36375,0.126,1.543,15788.0,0.19829
SULT1A1,1.02,0.689,1.543,15789.0,3.039e-11
SLC22A10,1.1201,0.825,1.543,15790.0,1.8871e-19
PLEKHG7,1.12,0.824,1.543,15791.0,1.8917e-19
NRIP2,1.0072,0.673,1.544,15792.0,1.6264e-10
FN3KRP,0.97711,0.635,1.544,15793.0,4.557e-09
ZNF596,1.0549,0.735,1.544,15794.0,1.8321e-13
AC016251.1,0.52554,0.212,1.544,15795.0,0.063556
RAB3D,0.8675,0.508,1.544,15796.0,1.3302e-05
TEX33,0.94009,0.59,1.544,15797.0,1.2009e-07
GLTPD2,0.83608,0.474,1.544,15798.0,5.9973e-05
OR6X1,0.75407,0.392,1.544,15799.0,0.0011048
EFCAB2,0.91907,0.566,1.544,15800.0,5.9198e-07
TPD52L3,0.3643,0.126,1.545,15801.0,0.19798
NKX2-4,0.6994,0.342,1.545,15802.0,0.0044783
NLRX1,1.1947,0.932,1.545,15803.0,7.7345000000000006e-31
C2CD4A,0.62707,0.283,1.545,15804.0,0.017468
SLCO1B3,1.1564,0.875,1.545,15805.0,5.3210000000000005e-24
GSTM5,0.94066,0.591,1.545,15806.0,1.1942e-07
SERPINA11,0.9935,0.655,1.545,15807.0,8.5963e-10
IL17D,0.36434,0.127,1.545,15808.0,0.19796
LGALS1,0.69891,0.342,1.545,15809.0,0.004488
IL24,0.91976,0.566,1.545,15810.0,5.8826e-07
OBP2B,0.86831,0.508,1.545,15811.0,1.3223e-05
SLC10A6,0.97794,0.635,1.546,15812.0,4.5131e-09
GNAT1,1.046,0.722,1.546,15813.0,9.8532e-13
S100A7,0.0,0.0,1.546,15814.0,0.45274
PDRG1,0.80067,0.437,1.547,15815.0,0.00025916
CALML4,0.83806,0.475,1.547,15816.0,5.9205e-05
TES,1.0853,0.774,1.547,15817.0,1.0234e-15
SAT2,0.89782,0.54,1.548,15818.0,2.7832e-06
C14orf159,1.1481,0.862,1.548,15819.0,1.6561e-22
IFIH1,1.2467,1.01,1.548,15820.0,6.981899999999999e-44
MTHFS,0.80117,0.437,1.548,15821.0,0.00025842
MOGAT1,1.0101,0.675,1.548,15822.0,1.566e-10
AC005003.1,0.0,0.0,1.548,15823.0,0.45208
FIS1,0.87041,0.509,1.548,15824.0,1.302e-05
BAALC,0.70159,0.343,1.549,15825.0,0.0044356
TPRX2P,0.52813,0.213,1.549,15826.0,0.063016
ABCG2,1.2054,0.946,1.549,15827.0,2.0957e-32
OR52E6,0.36638,0.127,1.549,15828.0,0.19683
ARSF,1.0687,0.751,1.549,15829.0,3.1126e-14
ISOC2,0.87094,0.51,1.549,15830.0,1.297e-05
MEF2BNB,0.80172,0.437,1.549,15831.0,0.00025761
UCP2,1.011,0.675,1.549,15832.0,1.5497e-10
THTPA,0.89855,0.54,1.549,15833.0,2.7667e-06
IRAK3,1.1374,0.846,1.549,15834.0,5.3092e-21
RASSF4,1.0587,0.737,1.549,15835.0,1.7281e-13
GTPBP6,0.94365,0.593,1.549,15836.0,1.1591e-07
CASP5,1.0959,0.787,1.55,15837.0,1.752e-16
BET1L,0.70251,0.344,1.55,15838.0,0.0044178
ATP5L,0.70209,0.344,1.55,15839.0,0.0044259
C20orf62,0.0,0.0,1.55,15840.0,0.45157
DNAJC5G,0.83982,0.476,1.55,15841.0,5.8532e-05
TMEM141,0.75831,0.394,1.551,15842.0,0.0010816
C18orf21,0.92349,0.568,1.551,15843.0,5.6865e-07
ZNF470,1.1262,0.829,1.551,15844.0,1.676e-19
ROPN1L,0.89949,0.541,1.551,15845.0,2.7455e-06
TMEM95,0.96449,0.617,1.551,15846.0,2.2408e-08
SNX20,0.87283,0.511,1.552,15847.0,1.2791e-05
C12orf54,0.9458,0.594,1.552,15848.0,1.1347e-07
NRIP3,0.9654,0.617,1.553,15849.0,2.219e-08
C14orf180,0.70438,0.345,1.553,15850.0,0.0043821
BHLHE23,0.36794,0.128,1.553,15851.0,0.19596
C1orf158,0.80482,0.439,1.553,15852.0,0.00025309
CAMP,0.70398,0.345,1.553,15853.0,0.0043897
PLP2,0.7038,0.344,1.553,15854.0,0.0043931
OASL,1.0271,0.694,1.553,15855.0,2.7573e-11
HOXC5,0.84188,0.477,1.553,15856.0,5.7754e-05
FITM2,0.90061,0.541,1.553,15857.0,2.7203e-06
LRIT2,0.98376,0.639,1.554,15858.0,4.2214e-09
RAB25,0.94687,0.595,1.554,15859.0,1.1227e-07
TIMM13,0.5306,0.214,1.554,15860.0,0.062511
SPATA3,0.76033,0.395,1.554,15861.0,0.0010708
OR1K1,0.76053,0.395,1.554,15862.0,0.0010697
GOLGA8G,0.36857,0.128,1.554,15863.0,0.19562
PPP1R14B,0.70452,0.345,1.554,15864.0,0.0043794
NINJ2,0.76054,0.395,1.554,15865.0,0.0010696
TEKT4,1.082,0.766,1.555,15866.0,5.2301e-15
APOL4,0.76118,0.396,1.555,15867.0,0.0010662
ZNF267,0.63255,0.286,1.555,15868.0,0.017108
C1orf95,0.7054,0.345,1.555,15869.0,0.0043627
MIXL1,0.63307,0.286,1.555,15870.0,0.017075
CIB4,0.94757,0.595,1.555,15871.0,1.115e-07
CXCR6,0.84334,0.478,1.555,15872.0,5.7212e-05
TMEM52B,0.76086,0.396,1.555,15873.0,0.0010679
AL589765.1,0.5316,0.215,1.555,15874.0,0.062308
WFDC13,0.63278,0.286,1.555,15875.0,0.017094
KLF16,0.3694,0.128,1.556,15876.0,0.19517
UCN,0.0,0.0,1.556,15877.0,0.44958
HRASLS,0.80678,0.44,1.556,15878.0,0.00025029
TXNL4B,0.70581,0.345,1.556,15879.0,0.0043549
RMDN2,1.1648,0.882,1.556,15880.0,4.4061e-24
PLN,0.0,0.0,1.557,15881.0,0.44947
LGSN,1.064,0.741,1.557,15882.0,1.594e-13
ZNF277,1.1487,0.858,1.557,15883.0,8.318199999999999e-22
BCAS4,0.84449,0.479,1.557,15884.0,5.6789e-05
TNFRSF10A,1.0839,0.768,1.557,15885.0,5.0697e-15
GPR132,0.63488,0.287,1.558,15886.0,0.016959
CCDC160,0.63449,0.286,1.558,15887.0,0.016983
OR8G5,0.63443,0.286,1.558,15888.0,0.016988
TMEM25,1.0306,0.697,1.558,15889.0,2.6304e-11
MFNG,1.003,0.661,1.559,15890.0,7.6611e-10
XKR9,0.98711,0.641,1.559,15891.0,4.0628e-09
RP11-934B9.3,0.8085,0.441,1.559,15892.0,0.00024785
ARHGAP11B,0.90508,0.544,1.559,15893.0,2.6229e-06
C14orf183,0.929,0.572,1.559,15894.0,5.4107e-07
EMP3,0.90545,0.544,1.56,15895.0,2.6151e-06
C19orf81,0.87786,0.514,1.56,15896.0,1.233e-05
PPP1R17,0.7645,0.397,1.56,15897.0,0.0010488
OR10G8,0.63585,0.287,1.56,15898.0,0.016898
UBB,0.63574,0.287,1.56,15899.0,0.016904
TOMM6,0.37151,0.129,1.561,15900.0,0.19403
RPL22L1,0.76472,0.398,1.561,15901.0,0.0010477
TRMU,1.1037,0.793,1.561,15902.0,1.5307e-16
GNGT2,0.37173,0.129,1.561,15903.0,0.19392
RNF148,0.90632,0.545,1.561,15904.0,2.5966e-06
GJA9,1.0452,0.714,1.561,15905.0,4.6528e-12
SIGLEC11,1.1518,0.861,1.561,15906.0,7.8092e-22
KRT82,1.1205,0.815,1.562,15907.0,4.6454e-18
GPX6,0.90701,0.545,1.562,15908.0,2.582e-06
ADH5,1.0334,0.698,1.562,15909.0,2.5356e-11
FAM194A,1.2008,0.932,1.562,15910.0,1.8230000000000002e-29
SLFN11,1.1272,0.825,1.562,15911.0,8.2249e-19
OR11H6,0.76568,0.398,1.562,15912.0,0.0010427
AGAP6,0.90679,0.545,1.562,15913.0,2.5867e-06
TPGS1,0.53536,0.216,1.562,15914.0,0.061557
MSRB2,0.84846,0.481,1.563,15915.0,5.5352e-05
TSGA13,1.0059,0.663,1.563,15916.0,7.3935e-10
TAS1R3,1.1752,0.893,1.563,15917.0,6.7868e-25
MRPS21,0.5366,0.216,1.564,15918.0,0.061313
NME4,0.76718,0.399,1.565,15919.0,0.0010351
MZT2B,0.5368,0.217,1.565,15920.0,0.061273
TUBA3D,1.0077,0.664,1.565,15921.0,7.2364e-10
TRIM58,1.022,0.683,1.565,15922.0,1.345e-10
LRIT1,1.0901,0.772,1.566,15923.0,4.5907e-15
TCTEX1D1,0.85033,0.482,1.566,15924.0,5.4692e-05
AC073343.1,0.99212,0.645,1.566,15925.0,3.8385e-09
TMCO2,0.85024,0.482,1.566,15926.0,5.4723e-05
NRSN2,0.71207,0.348,1.566,15927.0,0.0042391
KLK14,0.97535,0.624,1.567,15928.0,1.9965e-08
SWSAP1,0.71309,0.349,1.567,15929.0,0.0042206
ZSCAN32,1.0366,0.701,1.567,15930.0,2.4299e-11
ST8SIA6,1.0086,0.665,1.567,15931.0,7.1568e-10
ZNF799,0.63986,0.289,1.567,15932.0,0.016646
FAM127B,0.0,0.0,1.567,15933.0,0.44642
STOML1,1.0369,0.701,1.567,15934.0,2.4189e-11
TMEM239,0.76846,0.399,1.567,15935.0,0.0010286
VNN2,1.0921,0.773,1.568,15936.0,4.448e-15
IRF7,1.092,0.773,1.568,15937.0,4.4508e-15
CD300LD,0.88376,0.517,1.568,15938.0,1.1813e-05
GYG2,1.0098,0.666,1.568,15939.0,7.0587e-10
KCNJ14,0.91104,0.548,1.568,15940.0,2.4991e-06
HLA-DPA1,0.911,0.548,1.568,15941.0,2.5e-06
ADAM18,1.2306,0.973,1.569,15942.0,6.8847e-35
EPGN,0.81474,0.444,1.569,15943.0,0.00023928
AQP2,0.91172,0.548,1.569,15944.0,2.4855e-06
GRXCR2,0.95721,0.601,1.569,15945.0,1.0145e-07
PBLD,1.0393,0.702,1.57,15946.0,2.3448e-11
NPPC,0.54003,0.218,1.57,15947.0,0.060647
SMIM13,0.37568,0.13,1.57,15948.0,0.19183
PLA2G5,0.85281,0.483,1.57,15949.0,5.3834e-05
POMK,0.97765,0.625,1.57,15950.0,1.9487e-08
ADAT2,0.95797,0.602,1.57,15951.0,1.007e-07
ACTL7B,0.91327,0.549,1.571,15952.0,2.4547e-06
NKX6-3,0.64275,0.29,1.571,15953.0,0.016469
CLEC4D,0.91326,0.549,1.571,15954.0,2.4548e-06
GOLGA8Q,0.77139,0.401,1.571,15955.0,0.0010139
BBIP1,0.7157,0.35,1.571,15956.0,0.004174
CD300C,0.88582,0.518,1.571,15957.0,1.164e-05
EREG,0.88559,0.518,1.571,15958.0,1.1659e-05
CYB5R2,1.0127,0.667,1.572,15959.0,6.8195e-10
C17orf58,0.37687,0.131,1.572,15960.0,0.19122
PROKR2,0.91407,0.549,1.572,15961.0,2.4388e-06
FTSJ2,0.81711,0.445,1.572,15962.0,0.00023612
CYP11B2,1.1349,0.831,1.572,15963.0,7.1321e-19
HENMT1,1.0126,0.667,1.572,15964.0,6.8224e-10
PCDHA4,1.1712,0.883,1.572,15965.0,1.9754e-23
N6AMT2,0.91423,0.549,1.573,15966.0,2.4358e-06
OR5AP2,0.71664,0.351,1.573,15967.0,0.0041572
TEX9,1.1613,0.868,1.573,15968.0,6.4247e-22
RAMP3,0.64434,0.291,1.574,15969.0,0.016373
C10orf35,0.64415,0.291,1.574,15970.0,0.016385
HIGD2A,0.37755,0.131,1.574,15971.0,0.19087
OR2A25,0.77407,0.402,1.575,15972.0,0.0010007
OR52A1,0.71803,0.351,1.575,15973.0,0.0041328
FDFT1,1.0972,0.777,1.575,15974.0,4.0998e-15
C5orf60,0.94033,0.579,1.575,15975.0,4.89e-07
FAM180A,0.7737,0.402,1.575,15976.0,0.0010025
UBL5,0.64522,0.291,1.575,15977.0,0.016321
CD164L2,0.88809,0.519,1.575,15978.0,1.1451e-05
TAF8,1.0665,0.736,1.575,15979.0,7.3155e-13
B9D2,0.85657,0.485,1.575,15980.0,5.2557e-05
RASSF7,1.0424,0.704,1.575,15981.0,2.252e-11
HSPB7,0.64569,0.291,1.576,15982.0,0.016292
RP1-139D8.6,0.54326,0.219,1.576,15983.0,0.060033
TMEM215,0.71856,0.351,1.576,15984.0,0.0041235
CASQ1,1.1309,0.823,1.576,15985.0,3.857e-18
ASIP,0.6456,0.291,1.576,15986.0,0.016298
CEACAM19,1.0153,0.669,1.576,15987.0,6.6095e-10
AKIP1,0.88916,0.52,1.576,15988.0,1.1363e-05
C7orf57,1.0555,0.721,1.576,15989.0,4.0355e-12
OR2AG2,0.64563,0.291,1.576,15990.0,0.016296
PPP1R14D,0.91658,0.551,1.576,15991.0,2.3903e-06
ZNF544,0.77515,0.403,1.577,15992.0,0.00099546
IQCE,1.2545,1.005,1.577,15993.0,1.3752e-39
C1orf110,0.71911,0.352,1.577,15994.0,0.0041139
MLN,0.71958,0.352,1.577,15995.0,0.0041058
THUMPD1,1.0567,0.722,1.577,15996.0,3.9721e-12
CTC-260F20.3,0.96314,0.605,1.577,15997.0,9.5774e-08
C1orf54,0.82043,0.447,1.577,15998.0,0.0002318
SYNGR2,0.85858,0.486,1.578,15999.0,5.1893e-05
FAM71E1,0.82097,0.448,1.578,16000.0,0.0002311
ZNF492,0.37929,0.131,1.578,16001.0,0.18998
TMEM186,0.85827,0.486,1.578,16002.0,5.1994e-05
ZNHIT1,0.91821,0.552,1.578,16003.0,2.3592e-06
CES5A,1.2085,0.935,1.578,16004.0,7.941800000000001e-29
C3orf80,0.37999,0.132,1.579,16005.0,0.18963
CLDN8,0.64737,0.292,1.579,16006.0,0.016193
S100A7L2,0.38023,0.132,1.579,16007.0,0.1895
MSMB,0.64727,0.292,1.579,16008.0,0.016199
CTD-3214H19.16,0.77681,0.404,1.579,16009.0,0.00098749
AUNIP,1.0016,0.651,1.579,16010.0,3.4534e-09
CSRP2,0.94316,0.58,1.579,16011.0,4.769e-07
SLC22A25,1.1173,0.803,1.579,16012.0,1.2149e-16
RPL26L1,0.77678,0.404,1.579,16013.0,0.00098764
C12orf56,1.1091,0.791,1.579,16014.0,6.8904e-16
AC002310.13,0.37997,0.132,1.579,16015.0,0.18963
OR3A2,0.82218,0.448,1.58,16016.0,0.00022954
LYZL6,0.7776,0.404,1.58,16017.0,0.00098373
IL15RA,0.91966,0.553,1.58,16018.0,2.332e-06
AC021218.2,0.54572,0.22,1.58,16019.0,0.059572
AL354898.1,0.91925,0.552,1.58,16020.0,2.3398e-06
NXPE4,1.1094,0.792,1.58,16021.0,6.8642e-16
SRRD,0.9851,0.63,1.581,16022.0,1.8029e-08
DNMT3A,1.255,1.004,1.581,16023.0,7.3538e-39
GABARAPL2,0.82328,0.449,1.581,16024.0,0.00022815
AL441883.1,0.54619,0.22,1.581,16025.0,0.059485
DPPA5,0.72205,0.353,1.581,16026.0,0.0040632
COQ4,1.0031,0.652,1.581,16027.0,3.3961e-09
OR2L13,0.77772,0.404,1.581,16028.0,0.00098315
NDUFAF7,1.1492,0.846,1.582,16029.0,1.0818000000000001e-19
ABHD12B,1.1021,0.78,1.582,16030.0,3.7965e-15
AGR2,0.96689,0.607,1.582,16031.0,9.2381e-08
C2orf70,0.86151,0.488,1.582,16032.0,5.0939e-05
CRIPT,0.7789,0.405,1.582,16033.0,0.00097752
CHMP4A,1.0032,0.652,1.582,16034.0,3.3901e-09
COX6A2,0.38162,0.132,1.582,16035.0,0.18881
CYP2A7,1.1023,0.781,1.582,16036.0,3.7792e-15
DNAJC5B,0.92174,0.554,1.583,16037.0,2.2936e-06
SMPD2,1.1355,0.826,1.583,16038.0,3.5507e-18
PRCD,0.65035,0.293,1.583,16039.0,0.016018
C1orf105,0.89362,0.523,1.583,16040.0,1.1007e-05
KRT74,1.0935,0.768,1.583,16041.0,2.1183e-14
TSLP,0.72368,0.354,1.584,16042.0,0.0040357
DHRS4L2,0.94633,0.582,1.584,16043.0,4.6376e-07
TOMM20L,0.86265,0.489,1.584,16044.0,5.0571e-05
CLDN6,0.72368,0.354,1.584,16045.0,0.0040357
PTGER1,0.77977,0.405,1.584,16046.0,0.00097345
TATDN1,1.1128,0.794,1.584,16047.0,6.4923e-16
YIF1A,1.021,0.673,1.584,16048.0,6.1818e-10
FMO3,1.1126,0.794,1.584,16049.0,6.5145e-16
GNG5,0.38295,0.132,1.585,16050.0,0.18814
TMIGD2,0.89505,0.524,1.585,16051.0,1.0895e-05
KLF14,0.65101,0.294,1.585,16052.0,0.01598
PGBD2,1.1133,0.794,1.585,16053.0,6.4382e-16
GPR84,1.0057,0.653,1.585,16054.0,3.2998e-09
SULT1A2,1.0623,0.726,1.585,16055.0,3.6786e-12
C3AR1,1.0055,0.653,1.585,16056.0,3.3053e-09
WFDC3,0.96871,0.608,1.585,16057.0,9.0781e-08
OR2B11,0.82598,0.45,1.585,16058.0,0.00022477
SCNN1D,1.2373,0.973,1.586,16059.0,1.6507e-33
LGALS12,1.0746,0.742,1.586,16060.0,6.5191e-13
AKR7L,0.82684,0.451,1.586,16061.0,0.0002237
OR5B17,0.0,0.0,1.586,16062.0,0.44075
TFF3,0.65221,0.294,1.586,16063.0,0.01591
HMX2,0.86481,0.49,1.587,16064.0,4.9891e-05
ASB16,1.1235,0.807,1.587,16065.0,1.0959e-16
PIFO,0.97034,0.609,1.587,16066.0,8.9379e-08
SIAH3,0.78192,0.406,1.587,16067.0,0.0009634
C21orf67,0.55052,0.222,1.588,16068.0,0.058694
VIT,1.2323,0.964,1.588,16069.0,5.435e-32
AKR1C1,1.1068,0.784,1.588,16070.0,3.524e-15
FLYWCH2,0.38462,0.133,1.588,16071.0,0.18732
OXGR1,0.86567,0.49,1.588,16072.0,4.9619e-05
OR4D9,0.78248,0.407,1.588,16073.0,0.00096084
TTC36,0.82767,0.451,1.588,16074.0,0.00022268
UTS2B,0.82764,0.451,1.588,16075.0,0.00022271
BBC3,0.72724,0.356,1.589,16076.0,0.0039762
RAB26,0.99091,0.633,1.589,16077.0,1.6979e-08
WDR38,1.0524,0.711,1.589,16078.0,1.975e-11
SSTR5,0.78365,0.407,1.589,16079.0,0.00095544
HIST2H2AC,0.38471,0.133,1.589,16080.0,0.18727
INSL3,0.65478,0.295,1.59,16081.0,0.015764
APOBEC1,0.99199,0.634,1.59,16082.0,1.6791e-08
OR2T35,0.38565,0.133,1.59,16083.0,0.18682
GBGT1,1.0398,0.694,1.59,16084.0,1.0776e-10
RBP5,0.86709,0.491,1.59,16085.0,4.9181e-05
GIPC2,1.0098,0.656,1.591,16086.0,3.1514e-09
MEA1,0.89978,0.526,1.591,16087.0,1.0536e-05
OR52B6,0.72856,0.356,1.591,16088.0,0.0039544
UGT2B11,1.1179,0.798,1.591,16089.0,5.98e-16
FIBCD1,1.0994,0.772,1.591,16090.0,1.9395e-14
PCDHB11,1.0262,0.676,1.591,16091.0,5.8173e-10
RPP21,0.8677,0.491,1.591,16092.0,4.8992e-05
OR6Y1,0.7844,0.408,1.591,16093.0,0.00095201
MRPS16,0.55273,0.223,1.592,16094.0,0.058297
OR10W1,0.65556,0.296,1.592,16095.0,0.01572
MRRF,0.9522,0.586,1.592,16096.0,4.4057e-07
SLC18A1,1.1697,0.87,1.592,16097.0,2.8011999999999997e-21
CD14,0.86829,0.492,1.592,16098.0,4.8813e-05
SLC36A4,1.1347,0.821,1.592,16099.0,1.8141e-17
TMEM187,0.65561,0.296,1.592,16100.0,0.015717
GLIPR2,0.86908,0.492,1.593,16101.0,4.8573e-05
GLOD4,1.0797,0.745,1.593,16102.0,6.0698e-13
C3orf70,0.86867,0.492,1.593,16103.0,4.8695e-05
C4orf45,0.95316,0.586,1.593,16104.0,4.3689e-07
HIST1H1E,0.38718,0.134,1.593,16105.0,0.18608
SEMG2,0.55326,0.223,1.593,16106.0,0.058203
RSPO4,0.97443,0.612,1.593,16107.0,8.5962e-08
RDH16,0.95261,0.586,1.593,16108.0,4.3901e-07
ZSCAN1,0.95286,0.586,1.593,16109.0,4.3802e-07
RHBG,1.0907,0.76,1.593,16110.0,1.0751e-13
RP5-850E9.3,0.0,0.0,1.594,16111.0,0.43802
KLK10,0.95323,0.586,1.594,16112.0,4.3662e-07
FAM198A,1.1204,0.799,1.594,16113.0,5.7508e-16
OR4K14,0.78649,0.409,1.594,16114.0,0.00094256
SPP1,0.93015,0.559,1.595,16115.0,2.146e-06
C19orf18,0.95416,0.587,1.595,16116.0,4.3311e-07
NTHL1,1.0285,0.678,1.595,16117.0,5.6607e-10
OR4D10,0.73114,0.357,1.595,16118.0,0.0039123
PRDX6,0.87019,0.493,1.595,16119.0,4.8237e-05
CLPSL2,0.38776,0.134,1.595,16120.0,0.1858
TMEM242,0.87007,0.493,1.595,16121.0,4.8272e-05
SPINK9,0.65787,0.297,1.595,16122.0,0.015591
ENTPD3,1.1728,0.872,1.596,16123.0,2.6386999999999996e-21
APOA5,1.0298,0.679,1.596,16124.0,5.5765e-10
CST3,0.73183,0.358,1.596,16125.0,0.0039011
CALCA,0.65838,0.297,1.596,16126.0,0.015562
KRTAP1-5,0.73153,0.358,1.596,16127.0,0.0039059
ZNF660,0.95469,0.587,1.596,16128.0,4.3113e-07
RAB20,0.73206,0.358,1.596,16129.0,0.0038974
SLC35D2,1.0818,0.746,1.596,16130.0,5.8967e-13
BIN3,1.0827,0.747,1.597,16131.0,5.8224e-13
ZSCAN5C,0.93159,0.56,1.597,16132.0,2.1218e-06
PPBP,0.55589,0.224,1.597,16133.0,0.057739
PLIN4,1.1223,0.801,1.597,16134.0,5.578e-16
TEX36,0.83416,0.455,1.597,16135.0,0.00021489
MAFF,0.65926,0.297,1.597,16136.0,0.015514
ZBP1,1.1034,0.775,1.597,16137.0,1.8259e-14
MAP3K7CL,0.97768,0.614,1.597,16138.0,8.3352e-08
GTF2H2,0.65917,0.297,1.597,16139.0,0.015519
MUC12,1.3409,1.13,1.598,16140.0,1.2792e-68
IFT43,1.059,0.716,1.598,16141.0,1.8153e-11
DARC,0.83471,0.455,1.598,16142.0,0.00021424
CKMT1A,0.95643,0.588,1.598,16143.0,4.2467e-07
SS18L2,0.65987,0.298,1.598,16144.0,0.01548
KLHDC7A,1.1547,0.845,1.598,16145.0,4.9895000000000005e-19
TM4SF18,0.93201,0.56,1.598,16146.0,2.1148e-06
RDM1,0.99778,0.638,1.598,16147.0,1.5827e-08
AP3S1,0.90493,0.529,1.599,16148.0,1.0159e-05
ANXA8L2,0.79027,0.411,1.599,16149.0,0.00092573
HPR,1.0316,0.68,1.599,16150.0,5.4618e-10
OR1D2,0.79041,0.411,1.599,16151.0,0.00092513
RP11-20I23.1,0.9795,0.615,1.6,16152.0,8.1938e-08
HLA-DQA2,0.90592,0.53,1.6,16153.0,1.0089e-05
OR1C1,0.55765,0.225,1.6,16154.0,0.057434
GTF3A,1.0606,0.717,1.6,16155.0,1.7789e-11
DLEU7,0.39046,0.135,1.6,16156.0,0.18452
OR2A42,0.55769,0.225,1.6,16157.0,0.057427
WBP2NL,0.97965,0.615,1.6,16158.0,8.182e-08
IL25,0.79079,0.411,1.6,16159.0,0.00092347
PPIB,0.87353,0.495,1.6,16160.0,4.7242e-05
SMKR1,0.0,0.0,1.6,16161.0,0.43635
SCGB1D4,0.55743,0.224,1.6,16162.0,0.057471
KRTAP11-1,0.73533,0.359,1.601,16163.0,0.0038454
OR4D2,0.79186,0.411,1.601,16164.0,0.0009188
NDUFAF2,0.93424,0.561,1.601,16165.0,2.078e-06
EIF5A2,0.83711,0.456,1.601,16166.0,0.00021146
RGS16,0.90631,0.53,1.601,16167.0,1.0062e-05
OR6K6,0.79191,0.411,1.601,16168.0,0.00091859
HLA-DPB1,1.0338,0.681,1.602,16169.0,5.3254e-10
POP5,0.95931,0.59,1.602,16170.0,4.142e-07
KCNMB1,0.93476,0.562,1.602,16171.0,2.0696e-06
GLYCTK,1.0489,0.7,1.602,16172.0,9.6521e-11
BET1,0.73613,0.36,1.602,16173.0,0.0038328
PAGE2,0.55926,0.225,1.602,16174.0,0.057156
MC4R,0.79228,0.412,1.602,16175.0,0.00091697
PDZK1IP1,0.79211,0.411,1.602,16176.0,0.00091769
PILRA,1.063,0.718,1.603,16177.0,1.726e-11
RPL41,0.39204,0.135,1.603,16178.0,0.18377
CFHR3,1.0633,0.718,1.603,16179.0,1.72e-11
RP11-195F19.5,0.6634,0.299,1.603,16180.0,0.015288
FAM96B,0.73669,0.36,1.603,16181.0,0.003824
SPATA31D1,0.73722,0.36,1.604,16182.0,0.0038158
GZMA,0.93625,0.563,1.604,16183.0,2.0457e-06
ADH1A,1.0636,0.719,1.604,16184.0,1.7118e-11
FAM122C,0.83925,0.457,1.604,16185.0,0.00020902
RP11-770J1.4,0.66357,0.299,1.604,16186.0,0.015279
CLEC19A,0.73832,0.361,1.605,16187.0,0.0037987
EMC10,1.051,0.702,1.605,16188.0,9.4077e-11
TMEM88B,0.0,0.0,1.605,16189.0,0.43487
FAM177B,0.87744,0.497,1.605,16190.0,4.6111e-05
DTWD2,1.0204,0.663,1.605,16191.0,2.8104e-09
FAM83E,1.0507,0.702,1.605,16192.0,9.4341e-11
MS4A13,0.87711,0.497,1.605,16193.0,4.6205e-05
DPP7,1.1853,0.886,1.605,16194.0,3.9946e-22
SPIN2B,0.56078,0.226,1.605,16195.0,0.056895
ELMOD3,1.1287,0.805,1.606,16196.0,5.0378e-16
AL627309.1,0.79488,0.413,1.606,16197.0,0.00090576
ZNF676,0.39352,0.136,1.606,16198.0,0.18308
CCNI2,0.98423,0.618,1.606,16199.0,7.8377e-08
GAGE2D,0.0,0.0,1.606,16200.0,0.43441
RITA1,0.73842,0.361,1.606,16201.0,0.003797
NEU4,0.96218,0.592,1.606,16202.0,4.0412e-07
OR51L1,0.79499,0.413,1.606,16203.0,0.00090531
CLRN2,0.93795,0.564,1.606,16204.0,2.0187e-06
AC079612.1,0.84147,0.458,1.607,16205.0,0.00020651
RPL3L,1.1299,0.806,1.607,16206.0,4.947e-16
SMDT1,0.39406,0.136,1.607,16207.0,0.18284
C1orf56,0.91167,0.533,1.608,16208.0,9.6918e-06
PGK2,0.9119,0.533,1.608,16209.0,9.6757e-06
PCDHA9,1.2044,0.912,1.608,16210.0,1.8891e-24
TSPO2,0.79645,0.414,1.608,16211.0,0.0008991
CLEC18C,0.79652,0.414,1.608,16212.0,0.00089881
TBC1D7,1.0791,0.737,1.608,16213.0,2.9441e-12
TRIAP1,0.56307,0.227,1.608,16214.0,0.056508
GP6,1.0672,0.721,1.609,16215.0,1.6361e-11
FRG2B,0.39552,0.136,1.609,16216.0,0.18217
TEN1,0.66709,0.301,1.609,16217.0,0.015092
SLPI,0.79703,0.414,1.609,16218.0,0.00089665
C1orf186,0.88049,0.499,1.609,16219.0,4.525e-05
LILRA1,1.1701,0.861,1.609,16220.0,7.3933e-20
C3orf79,0.56434,0.227,1.61,16221.0,0.056297
C2orf91,0.79828,0.415,1.61,16222.0,0.00089143
SLC22A9,1.1636,0.852,1.61,16223.0,4.2676000000000004e-19
ACTRT1,0.74213,0.363,1.611,16224.0,0.0037403
KIR2DL3,1.0248,0.666,1.611,16225.0,2.6789e-09
C19orf53,0.5649,0.227,1.611,16226.0,0.056204
C8orf76,1.114,0.783,1.611,16227.0,1.5606e-14
ASB11,0.94168,0.566,1.611,16228.0,1.961e-06
NIPSNAP3B,1.0408,0.686,1.611,16229.0,4.9158e-10
RARRES1,1.0248,0.666,1.611,16230.0,2.6799e-09
C13orf35,0.66935,0.302,1.612,16231.0,0.014973
RDH5,1.0559,0.705,1.612,16232.0,8.872e-11
DUSP2,0.88249,0.5,1.612,16233.0,4.4697e-05
MTIF3,0.96629,0.594,1.612,16234.0,3.9011e-07
THEM4,0.96657,0.594,1.612,16235.0,3.8919e-07
REG1B,0.94226,0.566,1.612,16236.0,1.9522e-06
PTGIR,0.79906,0.415,1.612,16237.0,0.00088819
FHL5,1.0421,0.687,1.613,16238.0,4.8464e-10
NUBP1,1.1052,0.77,1.613,16239.0,8.7342e-14
SAA1,0.67019,0.302,1.613,16240.0,0.01493
LAMP5,1.0259,0.666,1.613,16241.0,2.6473e-09
GSTT2,0.66958,0.302,1.613,16242.0,0.014962
STAR,1.0569,0.706,1.613,16243.0,8.7679e-11
TMEM154,0.96725,0.595,1.613,16244.0,3.8695e-07
FOXE3,0.39733,0.137,1.613,16245.0,0.18135
COPZ2,0.98958,0.621,1.614,16246.0,7.4565e-08
TCF23,0.88417,0.501,1.614,16247.0,4.424e-05
FANCL,1.1981,0.899,1.614,16248.0,5.9404e-23
KRT16,1.1167,0.784,1.614,16249.0,1.5006e-14
GSTO2,1.0272,0.667,1.614,16250.0,2.6125e-09
PPP1R3G,0.88421,0.501,1.614,16251.0,4.4228e-05
NBPF6,0.67059,0.302,1.614,16252.0,0.014909
MAGEB3,0.0,0.0,1.614,16253.0,0.43183
PRSS45,0.84629,0.461,1.614,16254.0,0.00020122
AP000322.53,0.39794,0.137,1.614,16255.0,0.18107
KDM4D,0.0,0.0,1.614,16256.0,0.43196
TMEM52,0.6706,0.302,1.614,16257.0,0.014909
PHOSPHO2,0.84726,0.462,1.615,16258.0,0.00020018
FAM173A,0.80166,0.416,1.615,16259.0,0.00087746
RPP38,0.84661,0.461,1.615,16260.0,0.00020088
C9orf9,0.88554,0.501,1.616,16261.0,4.387e-05
GYPE,0.74551,0.364,1.616,16262.0,0.0036896
OR51G2,0.74561,0.364,1.616,16263.0,0.0036881
TMEM128,0.84748,0.462,1.616,16264.0,0.00019994
MRPS33,0.74558,0.364,1.616,16265.0,0.0036885
OR5P2,0.74604,0.365,1.616,16266.0,0.0036817
SDR39U1,1.0725,0.725,1.616,16267.0,1.5321e-11
ADH7,1.0735,0.725,1.617,16268.0,1.5123e-11
ZNF337,0.74631,0.365,1.617,16269.0,0.0036778
ZNF681,0.74621,0.365,1.617,16270.0,0.0036792
GSTM4,1.0111,0.646,1.617,16271.0,1.3834e-08
KIAA0125,0.8028,0.417,1.617,16272.0,0.00087279
CTD-2368P22.1,1.0117,0.647,1.617,16273.0,1.3762e-08
NOL3,0.84818,0.462,1.617,16274.0,0.0001992
ELSPBP1,1.0731,0.725,1.617,16275.0,1.5208e-11
DUSP28,0.40045,0.138,1.618,16276.0,0.17995
RP11-347C12.3,0.56931,0.229,1.618,16277.0,0.055479
ZC2HC1B,1.0298,0.669,1.618,16278.0,2.5401e-09
TM4SF4,0.99259,0.623,1.618,16279.0,7.2513e-08
SDR42E2,1.0125,0.647,1.618,16280.0,1.3652e-08
DHRS9,0.99289,0.623,1.618,16281.0,7.2309e-08
HOXA9,0.88658,0.502,1.618,16282.0,4.3591e-05
RABL2A,0.99257,0.623,1.618,16283.0,7.2529e-08
CTSE,1.1197,0.787,1.618,16284.0,1.4371e-14
OR2AT4,0.7473,0.365,1.618,16285.0,0.0036632
RP11-680G10.1,0.0,0.0,1.618,16286.0,0.4306
NUDT18,0.94758,0.569,1.619,16287.0,1.8736e-06
ATP6V1F,0.67397,0.304,1.619,16288.0,0.014736
ZSCAN4,0.8876,0.503,1.619,16289.0,4.3321e-05
NOXO1,1.061,0.708,1.619,16290.0,8.3428e-11
RWDD2A,0.97205,0.598,1.619,16291.0,3.7145e-07
AIF1,0.94719,0.569,1.619,16292.0,1.8793e-06
HSD3B2,0.99372,0.624,1.619,16293.0,7.176e-08
ASB10,1.0874,0.743,1.619,16294.0,2.6403e-12
CR1L,1.2279,0.94,1.619,16295.0,7.6434e-27
TPBGL,0.0,0.0,1.62,16296.0,0.43003
PRR5-ARHGAP8,1.2377,0.954,1.62,16297.0,2.1367e-28
OLAH,1.0472,0.69,1.62,16298.0,4.5721e-10
SMIM17,0.67441,0.304,1.62,16299.0,0.014713
OR5M9,0.74848,0.366,1.62,16300.0,0.0036459
GLRX2,0.80601,0.419,1.621,16301.0,0.0008599
CTA-299D3.8,0.67534,0.304,1.621,16302.0,0.014667
C2orf73,0.97358,0.599,1.621,16303.0,3.6668e-07
UCMA,0.92139,0.539,1.621,16304.0,9.061e-06
LYRM9,0.67525,0.304,1.621,16305.0,0.014671
CD300LB,0.99509,0.625,1.621,16306.0,7.086e-08
IFNE,0.67525,0.304,1.621,16307.0,0.014672
ZNF551,0.57206,0.23,1.622,16308.0,0.055038
OR51I1,0.80642,0.419,1.622,16309.0,0.00085828
LYPD4,0.92182,0.539,1.622,16310.0,9.0339e-06
AC019171.1,0.57198,0.23,1.622,16311.0,0.05505
RRP36,1.1121,0.774,1.622,16312.0,7.9308e-14
SLC3A1,1.2306,0.942,1.623,16313.0,7.2168e-27
GPT,1.1735,0.859,1.623,16314.0,3.5945000000000004e-19
C1QTNF6,0.92224,0.539,1.623,16315.0,9.0082e-06
MYL7,0.95056,0.571,1.623,16316.0,1.8314e-06
AP000769.1,0.57361,0.231,1.624,16317.0,0.054792
FOPNL,0.95097,0.571,1.624,16318.0,1.8256e-06
PODNL1,1.1032,0.761,1.624,16319.0,4.4042e-13
FKBPL,1.0651,0.711,1.624,16320.0,7.9526e-11
SNX16,1.0789,0.729,1.624,16321.0,1.416e-11
SNCG,0.80916,0.42,1.625,16322.0,0.0008475
GATSL2,0.0,0.0,1.625,16323.0,0.42837
LELP1,0.0,0.0,1.626,16324.0,0.42789
LTC4S,0.80947,0.42,1.626,16325.0,0.00084628
FUOM,0.85519,0.466,1.626,16326.0,0.00019189
HPGDS,0.95236,0.572,1.626,16327.0,1.8063e-06
OR10V1,0.80957,0.42,1.626,16328.0,0.00084587
CYBA,0.92453,0.54,1.626,16329.0,8.8678e-06
RSG1,0.92474,0.541,1.626,16330.0,8.8551e-06
SERPINA1,0.99878,0.627,1.626,16331.0,6.8497e-08
RSPH9,1.0356,0.673,1.626,16332.0,2.3881e-09
AC005481.5,0.0,0.0,1.626,16333.0,0.42807
HEATR5A,0.57437,0.231,1.626,16334.0,0.054671
GPRC5A,0.9998,0.628,1.627,16335.0,6.786e-08
CELA3B,1.0936,0.747,1.627,16336.0,2.4372e-12
ZNF440,0.67941,0.306,1.627,16337.0,0.014464
OR5A1,0.92563,0.541,1.627,16338.0,8.8011e-06
PLCXD1,1.0526,0.694,1.627,16339.0,4.3087e-10
TNFSF18,0.85556,0.466,1.627,16340.0,0.00019152
C16orf46,0.99947,0.627,1.627,16341.0,6.8068e-08
OR8G1,0.75363,0.368,1.627,16342.0,0.0035718
OR9Q1,0.81127,0.421,1.628,16343.0,0.00083932
SLFN12L,1.0683,0.713,1.628,16344.0,7.6581e-11
LAMTOR4,0.75455,0.369,1.628,16345.0,0.0035588
IL13,0.68019,0.306,1.628,16346.0,0.014426
HTR3E,1.0542,0.695,1.629,16347.0,4.2286e-10
GOLGA8F,0.57698,0.232,1.629,16348.0,0.054264
SMCO3,0.68139,0.307,1.629,16349.0,0.014367
C7orf62,0.89484,0.507,1.629,16350.0,4.1459e-05
RABIF,0.68131,0.307,1.629,16351.0,0.014371
KCNRG,0.89545,0.507,1.63,16352.0,4.1306e-05
GOLGA6L1,1.0962,0.749,1.63,16353.0,2.3586e-12
CDC42SE1,0.7557,0.369,1.63,16354.0,0.0035427
F2RL3,0.89548,0.507,1.63,16355.0,4.1298e-05
LBH,0.68155,0.307,1.63,16356.0,0.01436
C19orf70,0.81278,0.422,1.63,16357.0,0.00083352
ZNF100,0.85773,0.467,1.63,16358.0,0.00018933
HCAR2,0.85772,0.467,1.63,16359.0,0.00018933
SLC46A2,1.0833,0.732,1.63,16360.0,1.3414e-11
BANF2,0.68249,0.307,1.631,16361.0,0.014314
OR8B8,0.68253,0.307,1.631,16362.0,0.014312
NAPSA,1.1194,0.78,1.631,16363.0,7.1709e-14
ACOT6,0.75642,0.369,1.631,16364.0,0.0035327
C2orf80,1.0701,0.714,1.631,16365.0,7.5e-11
NMS,1.0838,0.732,1.631,16366.0,1.3331e-11
EXOG,1.0838,0.732,1.631,16367.0,1.3331e-11
IL22,0.85863,0.468,1.631,16368.0,0.00018843
C12orf79,0.81329,0.422,1.631,16369.0,0.00083157
SELPLG,0.40774,0.14,1.631,16370.0,0.1768
FCAR,1.0029,0.629,1.632,16371.0,6.5959e-08
OR10G3,0.75737,0.37,1.632,16372.0,0.0035194
TMEM140,0.5787,0.232,1.632,16373.0,0.053997
H2AFX,0.4084,0.14,1.632,16374.0,0.17652
HOXA4,0.92909,0.543,1.632,16375.0,8.5959e-06
COX6A1P2,0.0,0.0,1.632,16376.0,0.42607
GP5,0.85941,0.468,1.632,16377.0,0.00018766
GRTP1,1.1097,0.766,1.633,16378.0,4.0399e-13
TMEM69,0.86038,0.468,1.633,16379.0,0.0001867
SETD6,1.1741,0.854,1.633,16380.0,1.8383e-18
GSTA1,0.95799,0.575,1.633,16381.0,1.7305e-06
CPB1,1.2075,0.902,1.633,16382.0,2.6104e-22
DNASE2B,1.1494,0.82,1.633,16383.0,3.6644e-16
SIRPB1,1.0978,0.75,1.633,16384.0,2.3107e-12
TOR3A,1.098,0.75,1.633,16385.0,2.3045e-12
ZNF233,0.86043,0.469,1.633,16386.0,0.00018665
PRR22,0.68385,0.308,1.633,16387.0,0.014248
AP4S1,0.95822,0.576,1.633,16388.0,1.7275e-06
MARCKSL1,0.68376,0.308,1.633,16389.0,0.014253
DAP,0.75865,0.37,1.634,16390.0,0.0035018
TM4SF20,0.86089,0.469,1.634,16391.0,0.0001862
RAD51B,1.1418,0.808,1.634,16392.0,2.079e-15
ALKBH7,0.95874,0.576,1.634,16393.0,1.7207e-06
LY6K,0.6848,0.308,1.634,16394.0,0.014203
CDRT1,0.7589,0.371,1.634,16395.0,0.0034983
MPEG1,1.1507,0.821,1.634,16396.0,3.5925e-16
GALNTL5,1.1506,0.821,1.634,16397.0,3.5947e-16
AC027763.2,0.41029,0.141,1.635,16398.0,0.17573
C4orf40,0.86174,0.469,1.635,16399.0,0.00018537
S100A6,0.41049,0.141,1.635,16400.0,0.17565
KLRC3,0.95916,0.576,1.635,16401.0,1.7152e-06
DYDC2,0.75968,0.371,1.635,16402.0,0.0034876
TMEM126B,0.8616,0.469,1.635,16403.0,0.00018551
UPK1A,1.0734,0.717,1.635,16404.0,7.2141e-11
IGFBPL1,0.89933,0.509,1.635,16405.0,4.0352e-05
BPIFA1,1.0258,0.656,1.636,16406.0,1.1971e-08
MCTP2,1.3374,1.099,1.636,16407.0,6.029999999999999e-52
AIM2,1.0437,0.678,1.636,16408.0,2.1942e-09
TMEM239,0.81739,0.424,1.636,16409.0,0.00081616
HAP1,1.2374,0.944,1.637,16410.0,3.3512e-26
UGT2B10,1.1692,0.846,1.637,16411.0,1.0278e-17
SATL1,1.1922,0.878,1.638,16412.0,4.9995e-20
SBK2,0.90209,0.511,1.638,16413.0,3.9689e-05
CALHM2,0.93411,0.546,1.638,16414.0,8.3082e-06
ENDOG,0.86432,0.471,1.638,16415.0,0.00018287
GLOD5,0.58324,0.234,1.638,16416.0,0.053308
NR0B2,0.93359,0.546,1.638,16417.0,8.3377e-06
OR13C2,0.6879,0.31,1.638,16418.0,0.014056
WBSCR28,1.0274,0.657,1.638,16419.0,1.1786e-08
GMFG,1.0277,0.657,1.638,16420.0,1.1758e-08
TIMM22,0.90223,0.511,1.638,16421.0,3.9658e-05
NUDT14,0.90274,0.511,1.639,16422.0,3.9537e-05
ZNF98,0.76279,0.372,1.639,16423.0,0.0034454
FAM216B,0.81898,0.425,1.639,16424.0,0.00081029
DDI1,1.0458,0.679,1.639,16425.0,2.1471e-09
MRPS17,1.0279,0.657,1.639,16426.0,1.1728e-08
H2BFM,0.68855,0.31,1.639,16427.0,0.014026
ERICH1,1.136,0.798,1.639,16428.0,1.1389e-14
FAM159B,0.7626,0.372,1.639,16429.0,0.0034479
RP11-211G3.3,0.82005,0.426,1.64,16430.0,0.00080638
BHMT2,1.1457,0.811,1.64,16431.0,1.9621e-15
PTX4,1.1152,0.769,1.64,16432.0,3.758e-13
FAM132A,1.0096,0.634,1.64,16433.0,6.2063e-08
TMEM230,0.86676,0.472,1.641,16434.0,0.00018056
RPSAP58,0.76432,0.373,1.641,16435.0,0.003425
LY6G5B,0.93638,0.547,1.641,16436.0,8.1818e-06
ASB18,1.01,0.634,1.641,16437.0,6.1879e-08
C4orf22,1.0485,0.681,1.642,16438.0,2.0896e-09
UBQLNL,1.1049,0.755,1.642,16439.0,2.1123e-12
ZDHHC11B,1.1169,0.771,1.642,16440.0,3.6787e-13
AZU1,0.90474,0.512,1.642,16441.0,3.9068e-05
LDHAL6A,1.0645,0.701,1.642,16442.0,3.7764e-10
SRSF10,0.0,0.0,1.642,16443.0,0.42275
JOSD2,0.86723,0.472,1.642,16444.0,0.00018012
AHSA2,0.86736,0.472,1.642,16445.0,0.00018
CYP4A11,1.2316,0.932,1.643,16446.0,1.087e-24
TMEM159,0.76574,0.374,1.643,16447.0,0.0034061
FABP12,0.76588,0.374,1.643,16448.0,0.0034043
IGLL1,0.69128,0.311,1.643,16449.0,0.013899
MRPL44,1.0497,0.682,1.644,16450.0,2.0628e-09
P2RY8,0.76611,0.374,1.644,16451.0,0.0034012
MXRA7,0.82341,0.427,1.644,16452.0,0.00079422
AMY1C,0.7664,0.374,1.644,16453.0,0.0033974
C20orf197,0.0,0.0,1.644,16454.0,0.42195
C17orf78,1.0496,0.682,1.644,16455.0,2.0653e-09
PCP4L1,0.58722,0.236,1.644,16456.0,0.052717
PROK2,0.69283,0.312,1.645,16457.0,0.013828
PRR23D1,0.0,0.0,1.645,16458.0,0.4218
ENDOD1,1.0815,0.722,1.645,16459.0,6.5757e-11
NTS,0.90708,0.513,1.645,16460.0,3.8527e-05
SEC14L3,1.2232,0.918,1.646,16461.0,3.6611999999999997e-23
C3orf83,0.90824,0.514,1.646,16462.0,3.8261e-05
AC112715.2,0.0,0.0,1.646,16463.0,0.42143
MAFA,0.76828,0.375,1.646,16464.0,0.0033727
CST8,0.76823,0.375,1.646,16465.0,0.0033735
OR8B3,0.69348,0.312,1.646,16466.0,0.013798
CCT8L2,0.96906,0.582,1.647,16467.0,1.5923e-06
FABP7,0.82574,0.428,1.647,16468.0,0.00078595
OR2C1,0.90914,0.514,1.647,16469.0,3.8058e-05
MRPL50,0.90901,0.514,1.647,16470.0,3.8088e-05
TTC34,1.0828,0.723,1.647,16471.0,6.4816e-11
CCDC28A,1.0677,0.703,1.647,16472.0,3.6463e-10
PLEKHS1,1.2181,0.91,1.647,16473.0,2.1435e-22
OR6C74,0.76853,0.375,1.647,16474.0,0.0033696
OR6J1,0.58928,0.236,1.647,16475.0,0.052416
PRTN3,0.9092,0.514,1.647,16476.0,3.8044e-05
RASL11A,0.96908,0.582,1.647,16477.0,1.592e-06
FAM89B,0.59001,0.237,1.648,16478.0,0.05231
CHST4,1.0527,0.684,1.648,16479.0,2.0001e-09
GLYATL2,0.96991,0.582,1.648,16480.0,1.5822e-06
RGS21,0.90932,0.515,1.648,16481.0,3.8018e-05
RNF151,0.87171,0.474,1.648,16482.0,0.00017597
IFI6,0.69497,0.313,1.648,16483.0,0.013731
CUTA,0.99436,0.611,1.649,16484.0,3.084e-07
ZSWIM1,1.0976,0.741,1.649,16485.0,1.1282e-11
SH2D6,0.91069,0.515,1.649,16486.0,3.7712e-05
ASCL3,0.696,0.313,1.649,16487.0,0.013684
CDK20,1.1332,0.789,1.649,16488.0,5.9487e-14
AC091801.1,0.41896,0.144,1.649,16489.0,0.17221
IGFL2,0.8282,0.43,1.65,16490.0,0.00077735
OR10G2,0.77091,0.376,1.65,16491.0,0.0033388
MPG,1.1115,0.759,1.65,16492.0,1.9454e-12
SPG7,1.2992,1.03,1.651,16493.0,1.9683e-36
TP53RK,0.82897,0.43,1.651,16494.0,0.00077469
FCGR3B,0.99654,0.613,1.651,16495.0,3.0294e-07
SAYSD1,0.9121,0.516,1.651,16496.0,3.7399e-05
INMT,0.77209,0.377,1.651,16497.0,0.0033238
TEX29,0.94404,0.552,1.651,16498.0,7.7723e-06
C8orf48,0.87449,0.476,1.651,16499.0,0.00017347
RP11-422N16.3,0.0,0.0,1.652,16500.0,0.41939
WDR83OS,0.77283,0.377,1.652,16501.0,0.0033142
FAM167B,0.82913,0.43,1.652,16502.0,0.00077413
GFER,0.87492,0.476,1.652,16503.0,0.00017308
AADACL2,1.0384,0.663,1.652,16504.0,1.0604e-08
PRR13,0.69824,0.314,1.652,16505.0,0.013585
FABP6,0.97253,0.584,1.652,16506.0,1.5516e-06
RAB27A,0.99763,0.613,1.653,16507.0,3.0027e-07
AL021546.6,0.91337,0.517,1.653,16508.0,3.7119e-05
RP11-286N22.8,0.91407,0.517,1.654,16509.0,3.6968e-05
GOLGA8I,1.2241,0.915,1.654,16510.0,1.9216e-22
C1ORF220,0.91436,0.517,1.654,16511.0,3.6903e-05
NANOS2,0.59453,0.238,1.654,16512.0,0.051664
CCL27,0.69991,0.315,1.654,16513.0,0.013511
CCL28,0.595,0.239,1.654,16514.0,0.051599
LIME1,0.87665,0.477,1.654,16515.0,0.00017155
OR4D1,0.87635,0.477,1.654,16516.0,0.00017181
A4GALT,0.94609,0.553,1.654,16517.0,7.6668e-06
CCDC166,0.77475,0.378,1.655,16518.0,0.00329
ACOT4,1.0403,0.665,1.655,16519.0,1.0412e-08
FLJ00273,0.42305,0.145,1.655,16520.0,0.17062
SNX10,1.0745,0.708,1.655,16521.0,3.3891e-10
C11orf74,0.94731,0.553,1.655,16522.0,7.605e-06
FAM19A3,0.91545,0.518,1.655,16523.0,3.6668e-05
FKBP14,0.97505,0.585,1.655,16524.0,1.5229e-06
ZNF221,0.832,0.432,1.655,16525.0,0.00076431
EPHX3,1.1578,0.82,1.655,16526.0,1.6489e-15
SLC35E2,0.83263,0.432,1.656,16527.0,0.00076215
MOGAT3,1.1161,0.762,1.656,16528.0,1.8376e-12
ALDH3B2,1.1279,0.778,1.656,16529.0,3.1881e-13
TIRAP,0.83292,0.432,1.656,16530.0,0.00076118
PRSS46,0.91575,0.518,1.656,16531.0,3.6604e-05
TP53I3,1.0903,0.728,1.656,16532.0,5.9516e-11
PDYN,0.87804,0.478,1.656,16533.0,0.00017033
OBP2A,0.97564,0.586,1.656,16534.0,1.5163e-06
PLIN5,1.1038,0.746,1.656,16535.0,1.0481e-11
FAM166A,1.1167,0.763,1.657,16536.0,1.8249e-12
GOLGA6L6,1.2004,0.879,1.657,16537.0,2.2875000000000003e-19
TMEM156,1.076,0.709,1.657,16538.0,3.3366e-10
SHISA3,0.91669,0.519,1.657,16539.0,3.6402e-05
AC110619.2,0.70247,0.316,1.657,16540.0,0.013399
AC011366.3,0.0,0.0,1.657,16541.0,0.41766
HCAR1,0.83348,0.432,1.657,16542.0,0.00075927
DTD2,0.83345,0.432,1.657,16543.0,0.00075939
SCIN,1.3044,1.034,1.657,16544.0,1.718e-36
APOBEC3D,1.1927,0.868,1.657,16545.0,1.3595e-18
PDE6G,0.70203,0.316,1.657,16546.0,0.013418
RP11-322L20.1,0.59809,0.24,1.658,16547.0,0.051167
FFAR1,0.8342,0.433,1.658,16548.0,0.00075686
TAC4,0.91799,0.519,1.658,16549.0,3.6126e-05
ZNF780B,0.77723,0.379,1.658,16550.0,0.0032592
RLN3,0.70295,0.316,1.658,16551.0,0.013378
TMEM247,0.91822,0.519,1.659,16552.0,3.6077e-05
PRSS35,1.0776,0.71,1.659,16553.0,3.28e-10
ZNF788,0.70378,0.316,1.659,16554.0,0.013342
MGP,0.91824,0.519,1.659,16555.0,3.6072e-05
PI3,0.42559,0.146,1.659,16556.0,0.16965
LCE1E,0.4254,0.146,1.659,16557.0,0.16972
PCDH11Y,0.88059,0.479,1.659,16558.0,0.00016811
C6orf52,0.91806,0.519,1.659,16559.0,3.6111e-05
ATP5G2,0.95026,0.555,1.659,16560.0,7.4577e-06
PTRH1,0.88075,0.479,1.659,16561.0,0.00016798
PTPN20B,0.59887,0.24,1.659,16562.0,0.051059
GP1BA,0.77939,0.38,1.66,16563.0,0.0032325
PEX11G,1.0252,0.643,1.66,16564.0,5.4033e-08
APOH,1.1617,0.822,1.66,16565.0,1.5614e-15
KRTAP10-1,0.88116,0.479,1.66,16566.0,0.00016762
OR5AC2,0.70444,0.317,1.66,16567.0,0.013314
ATOH7,0.60006,0.24,1.661,16568.0,0.050896
CAPSL,1.0043,0.617,1.661,16569.0,2.8442e-07
GPR42,0.59999,0.24,1.661,16570.0,0.050905
FAM173B,1.064,0.691,1.662,16571.0,1.7847e-09
AHSG,1.0796,0.711,1.662,16572.0,3.209e-10
ISX,0.92073,0.521,1.662,16573.0,3.5552e-05
AC096582.1,0.0,0.0,1.662,16574.0,0.41594
SMIM18,0.42739,0.146,1.662,16575.0,0.16897
LRRC52,0.95308,0.557,1.662,16576.0,7.3202e-06
KRT33B,1.181,0.848,1.662,16577.0,4.4301e-17
PSCA,0.42851,0.147,1.663,16578.0,0.16856
OR4C5,0.78163,0.381,1.663,16579.0,0.0032052
ZNF253,0.78154,0.381,1.663,16580.0,0.0032064
S100Z,0.70689,0.318,1.663,16581.0,0.01321
MRPS14,0.88448,0.481,1.664,16582.0,0.00016481
XG,1.0479,0.669,1.664,16583.0,9.691e-09
SERPINA4,1.0475,0.669,1.664,16584.0,9.7276e-09
OR5V1,0.70822,0.318,1.664,16585.0,0.013153
FAM221A,1.1224,0.766,1.664,16586.0,1.7027e-12
S100A10,0.42884,0.147,1.664,16587.0,0.16843
WDR55,1.1457,0.798,1.665,16588.0,5.0372e-14
DGAT2L6,1.0969,0.732,1.665,16589.0,5.5267e-11
MPLKIP,0.88565,0.482,1.665,16590.0,0.00016384
CDKL4,1.1461,0.798,1.665,16591.0,5.0101e-14
CD5L,1.184,0.851,1.666,16592.0,4.2297e-17
DEXI,0.0,0.0,1.666,16593.0,0.4145
RP11-62N21.1,0.60407,0.242,1.666,16594.0,0.050351
TCEANC2,1.008,0.62,1.666,16595.0,2.7615e-07
KCNK7,0.9245,0.523,1.666,16596.0,3.478e-05
CNTNAP3B,1.2742,0.982,1.666,16597.0,9.5945e-29
C9orf62,0.78513,0.383,1.667,16598.0,0.0031634
NDUFB7,0.78449,0.382,1.667,16599.0,0.0031709
BTN3A3,1.2011,0.874,1.667,16600.0,1.1892e-18
PLSCR5,1.0836,0.714,1.667,16601.0,3.0759e-10
PABPC3,1.1577,0.813,1.667,16602.0,8.4423e-15
LCA10,0.88762,0.483,1.667,16603.0,0.00016221
APOBEC3G,1.222,0.904,1.667,16604.0,5.671999999999999e-21
ZNF778,0.95719,0.559,1.667,16605.0,7.1255e-06
C1orf195,0.43087,0.147,1.667,16606.0,0.16768
MMP26,1.0997,0.734,1.668,16607.0,5.3574e-11
NDUFB6,0.88786,0.483,1.668,16608.0,0.00016201
CTC-429P9.4,0.7117,0.32,1.668,16609.0,0.013008
LL22NC03-63E9.3,0.432,0.148,1.668,16610.0,0.16727
OR2M4,0.78662,0.383,1.669,16611.0,0.0031458
SLC2A7,1.2234,0.905,1.669,16612.0,5.5393e-21
SLC25A47,1.1596,0.814,1.669,16613.0,8.2217e-15
RTBDN,1.0855,0.715,1.669,16614.0,3.0152e-10
THAP8,0.98638,0.592,1.669,16615.0,1.4014e-06
C6orf118,1.2179,0.896,1.67,16616.0,3.2403e-20
CAMK2N1,0.43326,0.148,1.67,16617.0,0.16681
ZNF688,0.95986,0.561,1.67,16618.0,7.0023e-06
TMEM253,0.98731,0.593,1.67,16619.0,1.3919e-06
RIMBP3B,0.0,0.0,1.671,16620.0,0.41247
SOD3,0.84471,0.438,1.671,16621.0,0.00072272
CSDC2,0.78865,0.384,1.671,16622.0,0.003122
ZNF506,1.0715,0.696,1.671,16623.0,1.6558e-09
RP11-484M3.5,0.4339,0.148,1.671,16624.0,0.16658
RP11-597K23.2,0.60813,0.243,1.671,16625.0,0.049813
ZNF224,0.78838,0.384,1.671,16626.0,0.0031252
OR10A2,0.78873,0.384,1.672,16627.0,0.0031211
MOK,1.2326,0.917,1.672,16628.0,8.8397e-22
MED18,0.8915,0.485,1.672,16629.0,0.00015906
S100A13,0.60936,0.244,1.672,16630.0,0.049652
MRPS26,0.98983,0.594,1.673,16631.0,1.3667e-06
ZNF587,0.61009,0.244,1.673,16632.0,0.049557
HMSD,0.71524,0.321,1.673,16633.0,0.012863
C4orf26,0.60964,0.244,1.673,16634.0,0.049615
POTEH,1.1037,0.737,1.673,16635.0,5.1283e-11
OR52A5,0.96198,0.562,1.673,16636.0,6.906e-06
TMSB4X,0.0,0.0,1.673,16637.0,0.41205
SLC22A1,1.2393,0.926,1.673,16638.0,1.4614e-22
PCDHB14,1.1534,0.803,1.674,16639.0,4.5527e-14
PLET1,0.96259,0.562,1.674,16640.0,6.8789e-06
KCNJ16,1.1181,0.755,1.674,16641.0,8.8743e-12
TEKT5,1.2209,0.899,1.674,16642.0,3.081e-20
DCD,0.89307,0.486,1.674,16643.0,0.00015781
TMEM81,0.7907,0.385,1.674,16644.0,0.0030983
ZNF528,0.84759,0.439,1.674,16645.0,0.00071373
FAM26D,0.84767,0.439,1.674,16646.0,0.00071349
PCTP,1.1192,0.756,1.675,16647.0,8.7596e-12
CTXN1,0.0,0.0,1.675,16648.0,0.41125
GGTLC1,0.93169,0.527,1.675,16649.0,3.3367e-05
FAM219B,0.89399,0.486,1.675,16650.0,0.00015708
RP11-352D3.2,0.71679,0.322,1.675,16651.0,0.012801
N6AMT1,0.96395,0.563,1.675,16652.0,6.8181e-06
TNFSF4,0.61147,0.245,1.675,16653.0,0.049378
PGAM1,1.0163,0.625,1.676,16654.0,2.5841e-07
ZNF425,0.93262,0.527,1.676,16655.0,3.319e-05
DECR1,1.1549,0.804,1.676,16656.0,4.4689e-14
IL20,0.99207,0.595,1.676,16657.0,1.3447e-06
CTD-2117L12.1,0.6126,0.245,1.676,16658.0,0.049232
ZNF211,1.1064,0.738,1.676,16659.0,4.9782e-11
OR6C3,0.79289,0.386,1.676,16660.0,0.0030733
DTWD1,1.0921,0.719,1.677,16661.0,2.8135e-10
OR51B2,0.71846,0.322,1.677,16662.0,0.012734
BEAN1,0.96524,0.564,1.677,16663.0,6.7615e-06
GSTA2,1.0174,0.625,1.677,16664.0,2.5611e-07
STX19,1.0174,0.625,1.677,16665.0,2.5612e-07
AMY2A,1.1214,0.757,1.678,16666.0,8.5411e-12
RTP2,0.9664,0.564,1.678,16667.0,6.7109e-06
LRRC26,0.71936,0.323,1.678,16668.0,0.012698
U2AF1L4,0.96638,0.564,1.678,16669.0,6.7118e-06
SMCO1,0.89662,0.488,1.678,16670.0,0.00015503
CFD,0.96655,0.564,1.678,16671.0,6.7045e-06
KRTAP10-8,0.93409,0.528,1.678,16672.0,3.2911e-05
IGSF5,1.1943,0.858,1.678,16673.0,3.6345e-17
ST6GALNAC2,1.1668,0.819,1.678,16674.0,7.472e-15
MAP1LC3B2,0.7195,0.323,1.678,16675.0,0.012693
KCTD21,0.79449,0.387,1.678,16676.0,0.0030552
GPNMB,1.2745,0.976,1.678,16677.0,2.8803000000000003e-27
ZNF837,0.99385,0.596,1.678,16678.0,1.3275e-06
C1orf87,1.2608,0.954,1.679,16679.0,6.1824e-25
POTEG,1.1083,0.74,1.679,16680.0,4.8749e-11
C19orf52,0.89718,0.488,1.679,16681.0,0.0001546
CERS4,1.2437,0.929,1.679,16682.0,1.3519e-22
DEFB123,0.0,0.0,1.679,16683.0,0.40956
AADACL4,0.89757,0.488,1.679,16684.0,0.0001543
HPCAL4,0.93519,0.529,1.679,16685.0,3.2705e-05
KRTAP5-3,0.44008,0.15,1.679,16686.0,0.16438
COX6C,0.61562,0.246,1.68,16687.0,0.048848
AGRP,0.85238,0.442,1.68,16688.0,0.00069912
MRPS11,1.0415,0.653,1.68,16689.0,4.6918e-08
ASB12,0.85287,0.442,1.68,16690.0,0.00069764
POLE4,0.85243,0.442,1.68,16691.0,0.00069897
OR51E1,0.79628,0.388,1.68,16692.0,0.0030352
TOP1MT,1.3131,1.033,1.68,16693.0,2.4353e-34
ZNF749,0.61563,0.246,1.68,16694.0,0.048846
C21orf49,0.44019,0.15,1.68,16695.0,0.16434
C7orf55,0.72107,0.324,1.68,16696.0,0.012631
OR51B4,0.85369,0.442,1.681,16697.0,0.00069519
OR51E2,0.89916,0.489,1.681,16698.0,0.00015308
GNG8,0.44119,0.15,1.681,16699.0,0.164
ZNF543,1.1964,0.859,1.681,16700.0,3.5236e-17
RP11-1C1.5,0.72272,0.324,1.681,16701.0,0.012566
TMEM220,0.99641,0.598,1.681,16702.0,1.3033e-06
CRISP2,1.1361,0.776,1.681,16703.0,1.4437e-12
C9orf85,0.93778,0.53,1.682,16704.0,3.2225e-05
CA1,1.1107,0.741,1.682,16705.0,4.7481e-11
PRND,0.7234,0.325,1.682,16706.0,0.012539
C3orf35,0.61777,0.247,1.683,16707.0,0.048577
DEFB126,0.0,0.0,1.683,16708.0,0.40842
MAGEF1,0.79887,0.389,1.683,16709.0,0.0030065
CNR2,0.97047,0.567,1.683,16710.0,6.5369e-06
CTD-2207O23.12,0.0,0.0,1.683,16711.0,0.40842
SLC25A48,0.90117,0.49,1.683,16712.0,0.00015155
ADRB3,1.0223,0.628,1.683,16713.0,2.4637e-07
DECR2,1.0981,0.723,1.684,16714.0,2.6455e-10
PRH2,0.72461,0.325,1.684,16715.0,0.012493
VSIG4,1.0818,0.702,1.684,16716.0,1.4953e-09
RPL36AL,0.61909,0.247,1.684,16717.0,0.048413
PTS,0.97229,0.568,1.685,16718.0,6.4613e-06
ZFAND2A,0.80018,0.39,1.685,16719.0,0.0029921
C12orf60,0.61988,0.248,1.685,16720.0,0.048314
PRTFDC1,1.1517,0.794,1.685,16721.0,2.3671e-13
EXOSC8,1.1723,0.823,1.685,16722.0,6.9378e-15
FAM203A,0.72657,0.326,1.686,16723.0,0.012417
UQCRQ,0.62041,0.248,1.686,16724.0,0.04825
C1orf170,1.1826,0.837,1.686,16725.0,1.1667e-15
CMTM3,0.9036,0.491,1.686,16726.0,0.00014974
UNC93A,1.1828,0.837,1.686,16727.0,1.1634e-15
ENO3,1.2236,0.895,1.686,16728.0,1.5718e-19
GPX2,0.90332,0.491,1.686,16729.0,0.00014995
GCHFR,0.6204,0.248,1.686,16730.0,0.048251
RFPL1,0.72646,0.326,1.686,16731.0,0.012421
PIP,0.85787,0.444,1.686,16732.0,0.00068286
AC093157.1,0.0,0.0,1.687,16733.0,0.40694
TRIM54,1.2096,0.875,1.687,16734.0,5.5065e-18
GALR2,0.97419,0.569,1.687,16735.0,6.3829e-06
RP11-520P18.5,0.62203,0.248,1.687,16736.0,0.04805
ADI1,0.94174,0.532,1.687,16737.0,3.1509e-05
TBC1D29,0.85927,0.445,1.687,16738.0,0.0006788
SBK3,0.85908,0.445,1.687,16739.0,0.00067934
FRAT2,0.62271,0.249,1.688,16740.0,0.047967
BLOC1S6,1.0681,0.682,1.688,16741.0,8.0385e-09
USMG5,0.62213,0.249,1.688,16742.0,0.048038
SAA4,0.72845,0.327,1.688,16743.0,0.012346
KRTAP4-5,0.44784,0.152,1.689,16744.0,0.16174
AP000350.10,1.0491,0.658,1.689,16745.0,4.3956e-08
DEFB1,0.0,0.0,1.689,16746.0,0.4059
VIMP,1.0864,0.705,1.689,16747.0,1.4301e-09
TMEM255B,1.1303,0.763,1.689,16748.0,7.7218e-12
KRT33A,1.2032,0.864,1.689,16749.0,3.1937e-17
C11orf52,0.94462,0.534,1.69,16750.0,3.0999e-05
MIF,0.73067,0.328,1.69,16751.0,0.012262
IL1R2,1.1769,0.826,1.69,16752.0,6.5372e-15
C1orf131,1.1175,0.746,1.69,16753.0,4.4098e-11
HSBP1L1,0.62409,0.249,1.69,16754.0,0.0478
PYURF,0.44843,0.153,1.69,16755.0,0.16154
HBM,0.73043,0.328,1.69,16756.0,0.012271
CACNG6,0.94479,0.534,1.69,16757.0,3.097e-05
TM2D3,1.0694,0.683,1.69,16758.0,7.9392e-09
UGT2B28,1.2129,0.877,1.691,16759.0,5.2426e-18
AL450307.1,0.80565,0.392,1.691,16760.0,0.0029332
GIMAP2,0.0,0.0,1.691,16761.0,0.40527
ASB14,1.2543,0.937,1.691,16762.0,1.1235999999999998e-22
CXCL9,0.80592,0.392,1.691,16763.0,0.0029304
ZNF433,0.73161,0.328,1.691,16764.0,0.012227
RILP,1.119,0.747,1.691,16765.0,4.3414e-11
ISG15,0.0,0.0,1.691,16766.0,0.40527
ONECUT3,0.80673,0.393,1.692,16767.0,0.0029219
AGXT2,1.2913,0.992,1.692,16768.0,3.7107999999999997e-28
AP000350.4,0.0,0.0,1.692,16769.0,0.40483
ZNF138,0.62579,0.25,1.692,16770.0,0.047594
THRSP,0.80654,0.393,1.692,16771.0,0.0029238
RAET1E,1.0303,0.633,1.692,16772.0,2.3144e-07
CTRC,1.1459,0.782,1.692,16773.0,1.2851e-12
PLAC9,0.80681,0.393,1.692,16774.0,0.002921
DEFB127,0.0,0.0,1.692,16775.0,0.40494
C2orf72,0.44971,0.153,1.692,16776.0,0.16112
DUSP23,0.86375,0.447,1.692,16777.0,0.000666
HYAL4,1.2052,0.866,1.692,16778.0,3.0998e-17
OR4B1,0.80626,0.393,1.692,16779.0,0.0029268
FAM9B,0.9471,0.535,1.693,16780.0,3.057e-05
ZNF880,0.80776,0.393,1.693,16781.0,0.002911
OR52W1,0.86431,0.448,1.693,16782.0,0.00066442
ZNF439,0.7329,0.329,1.693,16783.0,0.012179
C1orf192,0.97905,0.572,1.693,16784.0,6.1884e-06
RERGL,1.1054,0.728,1.693,16785.0,2.4541e-10
SELO,1.2141,0.878,1.693,16786.0,5.1473e-18
ICAM4,1.0071,0.604,1.693,16787.0,1.2077e-06
NKG7,0.9096,0.494,1.693,16788.0,0.00014538
NXF5,1.1687,0.814,1.693,16789.0,3.7443e-14
ZNF593,0.86419,0.448,1.693,16790.0,0.00066476
C3orf18,0.86495,0.448,1.694,16791.0,0.00066265
RGR,1.1067,0.729,1.694,16792.0,2.4228e-10
MRPS6,0.86539,0.448,1.694,16793.0,0.0006614
MRPS17,0.73378,0.329,1.694,16794.0,0.012147
PACRGL,1.1474,0.783,1.694,16795.0,1.2636e-12
ZNF90,0.80845,0.394,1.694,16796.0,0.0029038
ISG20,0.8089,0.394,1.694,16797.0,0.002899
PTH,0.73523,0.33,1.695,16798.0,0.012093
SAMD5,0.7352,0.329,1.695,16799.0,0.012095
AL645608.1,0.73515,0.329,1.695,16800.0,0.012096
L34079.2,0.80913,0.394,1.695,16801.0,0.0028967
GOLGA6B,1.1478,0.784,1.695,16802.0,1.2579e-12
RP11-664I21.6,0.0,0.0,1.695,16803.0,0.40392
C21orf58,1.1478,0.784,1.695,16804.0,1.2579e-12
PATE3,0.62848,0.251,1.695,16805.0,0.047274
GATC,0.8663,0.449,1.695,16806.0,0.00065888
ABHD14B,0.91187,0.496,1.695,16807.0,0.00014378
SERPINA10,1.1231,0.749,1.696,16808.0,4.1522e-11
TLCD2,0.98159,0.573,1.696,16809.0,6.0895e-06
GIMAP1,0.0,0.0,1.696,16810.0,0.40351
MMP27,1.252,0.931,1.696,16811.0,6.3444e-22
FKBP7,1.055,0.662,1.696,16812.0,4.1828e-08
PCP2,0.95033,0.537,1.696,16813.0,3.0021e-05
MUC3A,0.0,0.0,1.696,16814.0,0.40349
EIF3CL,0.73618,0.33,1.696,16815.0,0.012059
CBR4,0.98198,0.573,1.696,16816.0,6.0745e-06
CEACAM21,1.1487,0.784,1.696,16817.0,1.2439e-12
ZNF561,0.94991,0.537,1.696,16818.0,3.0091e-05
PAQR4,1.0104,0.606,1.697,16819.0,1.1796e-06
COX18,1.1829,0.831,1.697,16820.0,6.0435e-15
C19orf25,0.0,0.0,1.697,16821.0,0.40313
CYSLTR1,0.73696,0.33,1.697,16822.0,0.01203
ASAH2B,0.45435,0.154,1.697,16823.0,0.1596
DAO,1.2531,0.932,1.697,16824.0,6.227099999999999e-22
NTF4,0.73694,0.33,1.697,16825.0,0.012031
AC040977.1,0.6308,0.252,1.697,16826.0,0.047001
SLC38A11,1.183,0.831,1.697,16827.0,6.0327e-15
OOEP,0.9131,0.496,1.697,16828.0,0.00014291
ANKRD60,0.95161,0.538,1.698,16829.0,2.9807e-05
MT1F,0.63186,0.252,1.698,16830.0,0.046878
RXFP4,0.98372,0.574,1.698,16831.0,6.008e-06
CTB-167G5.5,0.81231,0.395,1.698,16832.0,0.0028638
CD52,0.0,0.0,1.698,16833.0,0.40282
C5AR1,0.0,0.0,1.698,16834.0,0.40249
ELP5,1.1624,0.802,1.698,16835.0,2.078e-13
AP000889.3,0.86952,0.45,1.699,16836.0,0.00065002
TRIM49C,0.91511,0.497,1.699,16837.0,0.00014152
ZNF140,1.0119,0.607,1.699,16838.0,1.1679e-06
C1orf168,1.3571,1.09,1.699,16839.0,1.3041000000000001e-41
CEACAM18,1.0771,0.688,1.699,16840.0,7.4073e-09
ZNF648,1.1519,0.786,1.699,16841.0,1.1993e-12
CCDC59,1.1259,0.751,1.699,16842.0,4.0319e-11
GALP,0.95399,0.539,1.7,16843.0,2.9414e-05
TMED1,1.0133,0.608,1.7,16844.0,1.1564e-06
CMTM2,0.95392,0.539,1.7,16845.0,2.9425e-05
ZNF280A,1.0598,0.665,1.701,16846.0,4.017e-08
RBP1,0.98597,0.575,1.701,16847.0,5.9233e-06
AADACL3,0.74091,0.332,1.701,16848.0,0.011889
OR2F2,0.95485,0.539,1.701,16849.0,2.9273e-05
NXNL1,0.74085,0.332,1.701,16850.0,0.011891
FPR2,0.0,0.0,1.701,16851.0,0.40137
C11orf45,0.74002,0.331,1.701,16852.0,0.01192
DAOA,0.9167,0.498,1.701,16853.0,0.00014043
ZNF705A,0.87155,0.451,1.701,16854.0,0.00064453
MSR1,1.2429,0.915,1.701,16855.0,2.1571e-20
C16orf89,1.2055,0.86,1.702,16856.0,1.6287e-16
C5orf48,0.87217,0.451,1.702,16857.0,0.00064286
DNAL4,0.81592,0.397,1.702,16858.0,0.0028273
MVD,1.2138,0.872,1.702,16859.0,2.7438e-17
COX6B2,0.87233,0.452,1.702,16860.0,0.00064242
PSKH2,1.0802,0.69,1.702,16861.0,7.2081e-09
XAF1,1.1415,0.771,1.702,16862.0,6.8151e-12
PTPLA,1.0971,0.712,1.702,16863.0,1.2914e-09
AP000758.1,0.0,0.0,1.702,16864.0,0.40102
GRXCR1,1.128,0.753,1.702,16865.0,3.9439e-11
SDPR,1.0797,0.689,1.702,16866.0,7.2412e-09
MRPL52,1.0392,0.638,1.702,16867.0,2.1598e-07
PTRH2,0.8739,0.452,1.703,16868.0,0.00063822
MOB3A,0.95591,0.54,1.703,16869.0,2.9101e-05
C5orf58,0.63583,0.253,1.703,16870.0,0.046419
COMT,1.0156,0.609,1.703,16871.0,1.1377e-06
CMC4,0.4591,0.156,1.703,16872.0,0.1581
RP13-512J5.1,0.45883,0.156,1.703,16873.0,0.15818
CNBD1,1.2234,0.884,1.704,16874.0,4.4866e-18
PPY,0.74313,0.333,1.704,16875.0,0.01181
GKN1,1.0165,0.61,1.704,16876.0,1.1309e-06
C5orf49,0.74365,0.333,1.704,16877.0,0.011792
C22orf34,0.91999,0.5,1.704,16878.0,0.00013821
RP4-758J18.2,0.74345,0.333,1.704,16879.0,0.011799
MTHFSD,1.1444,0.773,1.705,16880.0,6.5987e-12
C2orf68,0.9904,0.578,1.705,16881.0,5.7612e-06
C18orf56,0.46035,0.156,1.705,16882.0,0.15771
AGMO,1.2877,0.978,1.705,16883.0,6.7791e-26
CSN3,0.74449,0.333,1.705,16884.0,0.011763
PKIB,0.63849,0.254,1.705,16885.0,0.046118
PYY,0.74389,0.333,1.705,16886.0,0.011784
NKG2-E,1.1165,0.735,1.705,16887.0,2.1937e-10
TCTEX1D4,0.7439,0.333,1.705,16888.0,0.011783
APITD1,0.99071,0.578,1.706,16889.0,5.75e-06
APITD1-CORT,0.99071,0.578,1.706,16890.0,5.75e-06
RCN3,1.1313,0.755,1.706,16891.0,3.8085e-11
THEM6,0.63882,0.255,1.706,16892.0,0.04608
CPLX4,0.92302,0.501,1.707,16893.0,0.0001362
GPR15,1.0191,0.611,1.707,16894.0,1.1106e-06
OR2A14,0.92216,0.501,1.707,16895.0,0.00013677
NKX1-2,0.8206,0.399,1.707,16896.0,0.0027809
MZT1,0.6398,0.255,1.707,16897.0,0.045971
ZNF549,0.82079,0.399,1.707,16898.0,0.0027791
GPR55,0.95966,0.542,1.707,16899.0,2.8503e-05
ZNF700,0.82188,0.4,1.708,16900.0,0.0027684
PLA2G7,1.2624,0.939,1.708,16901.0,5.3314e-22
PRSS57,0.96089,0.543,1.708,16902.0,2.8309e-05
SPAG16,1.3367,1.052,1.708,16903.0,1.4037e-34
LIPT1,1.0657,0.668,1.708,16904.0,3.8254e-08
XXcos-LUCA11.5,0.46383,0.157,1.709,16905.0,0.15663
HIST1H1D,0.46559,0.158,1.71,16906.0,0.1561
ACTRT3,1.0679,0.669,1.71,16907.0,3.7565e-08
CSNK2A3,1.1209,0.738,1.71,16908.0,2.1007e-10
C16orf13,0.96306,0.544,1.71,16909.0,2.7974e-05
GALR3,0.92556,0.503,1.71,16910.0,0.00013455
WFDC11,0.82474,0.401,1.711,16911.0,0.0027408
GAST,0.82489,0.401,1.711,16912.0,0.0027394
NEURL2,0.9265,0.503,1.711,16913.0,0.00013395
CIDEA,0.99564,0.581,1.711,16914.0,5.5761e-06
AC005609.1,0.75066,0.336,1.711,16915.0,0.01155
TSSK1B,0.92629,0.503,1.711,16916.0,0.00013409
EFCAB4A,1.1357,0.758,1.711,16917.0,3.6358e-11
SPACA5,0.0,0.0,1.712,16918.0,0.39716
CRYBB3,1.1373,0.759,1.712,16919.0,3.5766e-11
GNA14,1.2225,0.878,1.712,16920.0,2.4256e-17
GNG4,0.46675,0.158,1.712,16921.0,0.15575
RHBDD1,1.1628,0.794,1.712,16922.0,1.0582e-12
IZUMO4,1.1865,0.826,1.713,16923.0,3.0023e-14
AC132216.1,0.64553,0.257,1.713,16924.0,0.045338
HOXB13,1.0702,0.671,1.713,16925.0,3.6879e-08
TMEM256,0.88306,0.457,1.713,16926.0,0.00061452
IQCG,1.26,0.932,1.713,16927.0,3.0219999999999998e-21
SLC16A13,1.1375,0.759,1.713,16928.0,3.5696e-11
GTF2H5,0.64645,0.257,1.714,16929.0,0.045238
SMIM15,0.46867,0.158,1.714,16930.0,0.15518
CSN1S1,1.2156,0.867,1.714,16931.0,1.4185e-16
GLYAT,1.0717,0.672,1.714,16932.0,3.6418e-08
PDZK1,1.1086,0.719,1.714,16933.0,1.1586e-09
NDUFA6,0.92886,0.504,1.714,16934.0,0.00013244
DEFB128,0.0,0.0,1.715,16935.0,0.39598
LRRC3,0.82879,0.403,1.715,16936.0,0.0027024
IL31,0.75379,0.337,1.715,16937.0,0.011445
C6orf100,0.0,0.0,1.715,16938.0,0.3961
PTGDR2,0.82878,0.403,1.715,16939.0,0.0027025
TCN1,1.2256,0.88,1.715,16940.0,2.3229e-17
FADS6,1.1096,0.72,1.715,16941.0,1.1478e-09
WFDC1,1.1403,0.761,1.716,16942.0,3.4678e-11
C14orf64,0.82991,0.403,1.716,16943.0,0.0026919
TRIM52,1.1101,0.72,1.716,16944.0,1.1417e-09
OR8H3,0.75514,0.338,1.716,16945.0,0.0114
RARRES2,0.96845,0.547,1.716,16946.0,2.716e-05
ADM5,0.0,0.0,1.716,16947.0,0.39555
C3orf65,0.0,0.0,1.716,16948.0,0.39559
LCN2,1.1103,0.72,1.716,16949.0,1.1404e-09
ZNF814,0.65037,0.259,1.717,16950.0,0.044817
TREML2,1.1107,0.721,1.717,16951.0,1.1362e-09
LRRC10B,0.64974,0.258,1.717,16952.0,0.044884
ZNF117,0.0,0.0,1.717,16953.0,0.39531
MBL2,0.8308,0.404,1.717,16954.0,0.0026836
ANKRD22,1.1123,0.722,1.718,16955.0,1.1192e-09
CCDC107,1.0946,0.699,1.718,16956.0,6.3474e-09
APOA2,0.65054,0.259,1.718,16957.0,0.0448
SPESP1,0.0,0.0,1.718,16958.0,0.39465
FAM213A,1.1277,0.742,1.718,16959.0,1.9627e-10
HINT2,1.0022,0.585,1.718,16960.0,5.3536e-06
RPS19BP1,0.97125,0.548,1.719,16961.0,2.6748e-05
TMEM150B,1.0763,0.675,1.719,16962.0,3.5074e-08
RPEL1,0.75866,0.339,1.719,16963.0,0.011285
EPSTI1,1.2947,0.98,1.719,16964.0,3.3095000000000003e-25
LIPI,1.2519,0.916,1.719,16965.0,1.0155000000000001e-19
AKR1C4,1.2284,0.882,1.719,16966.0,2.2341e-17
AL050302.1,0.65221,0.259,1.719,16967.0,0.044623
MGST1,0.83361,0.405,1.72,16968.0,0.0026577
TPRG1,1.1291,0.743,1.72,16969.0,1.9365e-10
CCL23,0.89,0.46,1.72,16970.0,0.00059735
SERPINA5,1.0966,0.7,1.72,16971.0,6.2368e-09
TSSC4,0.65344,0.26,1.72,16972.0,0.044493
WFDC12,0.6529,0.26,1.72,16973.0,0.04455
MORN2,0.47467,0.16,1.72,16974.0,0.15342
RGPD3,1.4016,1.147,1.72,16975.0,1.4598e-50
SCRG1,0.65384,0.26,1.721,16976.0,0.044451
XRCC3,1.1303,0.744,1.721,16977.0,1.9134e-10
LEFTY1,1.1707,0.799,1.721,16978.0,9.6756e-13
HCFC1R1,0.89179,0.461,1.722,16979.0,0.00059302
OR5AK2,0.89167,0.461,1.722,16980.0,0.00059331
MRPS34,0.83583,0.406,1.722,16981.0,0.0026375
ACN9,0.83608,0.406,1.722,16982.0,0.0026353
SSX4B,0.47678,0.161,1.722,16983.0,0.15282
MAGEC3,1.2143,0.859,1.722,16984.0,7.6566e-16
AMY2B,1.3259,1.025,1.723,16985.0,5.8844000000000005e-30
C21orf62,0.83724,0.407,1.723,16986.0,0.0026248
OR2AE1,0.76215,0.341,1.723,16987.0,0.011172
PRR4,0.65605,0.261,1.723,16988.0,0.044222
HES2,0.83641,0.406,1.723,16989.0,0.0026323
SLX1B,0.65606,0.261,1.723,16990.0,0.04422
PROX2,1.1612,0.784,1.724,16991.0,5.5007e-12
RGPD6,0.0,0.0,1.724,16992.0,0.39245
SURF1,1.1851,0.817,1.724,16993.0,1.5883e-13
C12orf71,0.83766,0.407,1.724,16994.0,0.002621
RP11-47I22.3,0.6574,0.261,1.724,16995.0,0.044082
CBWD6,1.0369,0.622,1.725,16996.0,9.8278e-07
RP11-944C7.1,0.47978,0.162,1.725,16997.0,0.15197
APOL1,1.009,0.588,1.725,16998.0,5.1357e-06
NUDT16L1,0.94049,0.51,1.725,16999.0,0.00012536
AP003774.4,0.0,0.0,1.725,17000.0,0.39183
HSD17B2,1.134,0.746,1.725,17001.0,1.8462e-10
SSSCA1,1.0603,0.651,1.725,17002.0,1.8426e-07
TEX13B,0.76447,0.342,1.725,17003.0,0.011098
ZNF121,0.0,0.0,1.725,17004.0,0.39211
FAM136A,0.89476,0.462,1.725,17005.0,0.00058595
SPANXN1,0.0,0.0,1.725,17006.0,0.39191
LRRC14B,1.1185,0.725,1.725,17007.0,1.0572e-09
RD3,0.97863,0.552,1.726,17008.0,2.5702e-05
UCN3,0.65939,0.262,1.726,17009.0,0.043878
S100B,0.65948,0.262,1.726,17010.0,0.04387
SMR3A,0.0,0.0,1.726,17011.0,0.39147
VAMP5,0.76565,0.342,1.726,17012.0,0.011061
DNAJC4,1.136,0.748,1.727,17013.0,1.8113e-10
STOML3,1.1991,0.834,1.727,17014.0,2.5754e-14
C9orf173,1.1759,0.803,1.727,17015.0,9.1242e-13
TXN2,0.97949,0.553,1.727,17016.0,2.5584e-05
C14orf79,1.1636,0.785,1.727,17017.0,5.3599e-12
LYZL1,1.0385,0.622,1.727,17018.0,9.7227e-07
IL17C,0.94229,0.511,1.727,17019.0,0.0001243
TMSB15A,0.0,0.0,1.728,17020.0,0.39053
SAPCD1,1.063,0.652,1.728,17021.0,1.8051e-07
DYNAP,0.84222,0.409,1.728,17022.0,0.0025806
SAC3D1,0.89954,0.465,1.729,17023.0,0.0005748
CD1E,1.2458,0.9,1.729,17024.0,3.2556e-18
AC092675.3,0.76942,0.344,1.729,17025.0,0.010944
AC026407.1,0.48346,0.163,1.729,17026.0,0.15094
CDC42EP1,0.98117,0.554,1.729,17027.0,2.5355e-05
IL37,0.9438,0.512,1.729,17028.0,0.00012343
ZNF124,0.77046,0.344,1.73,17029.0,0.010911
IZUMO3,1.1533,0.769,1.73,17030.0,3.0367e-11
PROZ,1.2296,0.877,1.73,17031.0,1.1759e-16
MRPS10,1.123,0.728,1.73,17032.0,1.0138e-09
CCDC96,1.2381,0.889,1.73,17033.0,1.9555e-17
SLC22A18AS,0.84428,0.41,1.73,17034.0,0.0025627
AC009365.3,0.48462,0.163,1.73,17035.0,0.15063
SLC7A13,1.191,0.821,1.73,17036.0,1.483e-13
POLR3G,1.1389,0.75,1.73,17037.0,1.7611e-10
VIPR1,1.3142,1.002,1.73,17038.0,7.4401e-27
OR13G1,0.48573,0.163,1.731,17039.0,0.15033
PHLDA2,0.48522,0.163,1.731,17040.0,0.15046
DEPDC4,1.1237,0.729,1.731,17041.0,1.0075e-09
KLRG2,1.168,0.788,1.731,17042.0,5.1131e-12
OR11A1,0.84582,0.411,1.732,17043.0,0.0025494
RP11-180C1.1,0.48685,0.164,1.732,17044.0,0.15002
ART1,1.1682,0.788,1.732,17045.0,5.1026e-12
C20orf141,0.6656,0.264,1.732,17046.0,0.043255
CHST13,0.94754,0.514,1.732,17047.0,0.0001213
MRFAP1L1,0.84597,0.411,1.732,17048.0,0.0025481
GRP,0.84753,0.411,1.733,17049.0,0.0025347
MS4A2,1.109,0.708,1.733,17050.0,5.6048e-09
KIR3DL3,0.94803,0.514,1.733,17051.0,0.00012102
MFSD7,1.2494,0.903,1.733,17052.0,3.0952e-18
SYCE1L,1.2041,0.838,1.733,17053.0,2.4274e-14
PF4,0.66756,0.265,1.733,17054.0,0.043062
RP11-661C8.3,0.0,0.0,1.733,17055.0,0.38843
TMSB15B,0.0,0.0,1.733,17056.0,0.38882
UGT2B15,1.2777,0.945,1.733,17057.0,2.2864e-21
PROL1,0.0,0.0,1.733,17058.0,0.38851
C22orf24,0.48896,0.164,1.734,17059.0,0.14945
OR5W2,0.90498,0.467,1.734,17060.0,0.00056247
DHRS1,1.2164,0.854,1.735,17061.0,3.9562e-15
BCL2L10,0.77544,0.346,1.735,17062.0,0.01076
RFPL4A,0.66892,0.265,1.735,17063.0,0.042929
PAEP,1.0913,0.684,1.735,17064.0,3.1109e-08
C12orf77,0.90611,0.468,1.735,17065.0,0.00055995
OR56A1,0.90615,0.468,1.735,17066.0,0.00055987
RPRM,0.48972,0.164,1.735,17067.0,0.14925
C11orf94,0.66917,0.265,1.735,17068.0,0.042904
PPAPDC2,0.90579,0.468,1.735,17069.0,0.00056067
FAM86B2,1.0198,0.594,1.736,17070.0,4.8114e-06
PLA2G2E,0.98866,0.558,1.736,17071.0,2.4363e-05
NEIL2,1.159,0.773,1.736,17072.0,2.8655e-11
TACR3,1.2439,0.893,1.736,17073.0,1.8068e-17
PATE2,0.90704,0.468,1.736,17074.0,0.0005579
TUSC1,0.6709,0.266,1.736,17075.0,0.042737
TMEM158,0.4921,0.165,1.737,17076.0,0.14862
AC092964.1,0.0,0.0,1.737,17077.0,0.38696
AC007204.1,0.49198,0.165,1.737,17078.0,0.14865
ASGR1,1.2182,0.855,1.737,17079.0,3.8718e-15
LACRT,0.95221,0.516,1.737,17080.0,0.0001187
APH1B,1.16,0.773,1.737,17081.0,2.8377e-11
UCP3,1.1296,0.732,1.737,17082.0,9.5517e-10
HIST1H4J,0.0,0.0,1.737,17083.0,0.38683
ECHDC3,1.0217,0.595,1.737,17084.0,4.7572e-06
RETNLB,0.6718,0.266,1.737,17085.0,0.04265
IFI27,0.77752,0.347,1.737,17086.0,0.010698
MIIP,1.2749,0.938,1.737,17087.0,1.3121e-20
KRTAP10-4,1.1857,0.809,1.737,17088.0,8.1939e-13
OR52D1,0.90775,0.469,1.737,17089.0,0.00055635
SMR3B,0.0,0.0,1.737,17090.0,0.38712
LYPD1,0.90903,0.469,1.738,17091.0,0.00055354
PSORS1C2,0.8527,0.414,1.738,17092.0,0.0024913
LSM2,0.99114,0.559,1.738,17093.0,2.4045e-05
IL36G,0.95414,0.517,1.738,17094.0,0.00011765
OST4,0.0,0.0,1.738,17095.0,0.38665
SPATA6L,1.2386,0.883,1.739,17096.0,1.0446e-16
POTEB2,0.67382,0.267,1.739,17097.0,0.042457
ZNF229,1.0508,0.63,1.739,17098.0,8.9514e-07
NTN5,1.2199,0.856,1.739,17099.0,3.7923e-15
CRCP,1.0505,0.629,1.739,17100.0,8.9725e-07
RP11-497E19.2,0.49384,0.166,1.739,17101.0,0.14816
GJB4,0.91013,0.47,1.739,17102.0,0.00055114
GJB6,1.0746,0.659,1.739,17103.0,1.658e-07
C2orf50,0.95443,0.518,1.739,17104.0,0.00011749
ATG12,1.024,0.597,1.74,17105.0,4.6926e-06
RP11-343C2.9,0.99335,0.56,1.74,17106.0,2.3766e-05
AC114783.1,1.0513,0.63,1.74,17107.0,8.9231e-07
HYI,1.211,0.842,1.74,17108.0,2.2375e-14
APOLD1,0.95556,0.518,1.74,17109.0,0.00011689
FBXO36,1.0513,0.63,1.74,17110.0,8.9256e-07
AC004076.7,0.0,0.0,1.74,17111.0,0.38582
HTN1,0.67527,0.267,1.74,17112.0,0.04232
TMED5,1.1162,0.712,1.741,17113.0,5.2721e-09
OR1A1,0.95716,0.519,1.741,17114.0,0.00011603
RP11-166B2.1,1.0971,0.687,1.741,17115.0,2.9717e-08
H2BFWT,0.85626,0.415,1.741,17116.0,0.0024619
NPPA,0.91288,0.471,1.741,17117.0,0.00054522
SENP8,0.91211,0.471,1.741,17118.0,0.00054686
AC002472.13,1.2308,0.871,1.741,17119.0,6.203e-16
OR5C1,0.95794,0.519,1.742,17120.0,0.00011562
OR6N1,0.95798,0.519,1.742,17121.0,0.0001156
SULT1A4,0.0,0.0,1.742,17122.0,0.38477
C11orf35,1.3197,1.003,1.742,17123.0,3.7854e-26
LENG1,1.1502,0.757,1.742,17124.0,1.5816e-10
SLCO1B7,1.3193,1.002,1.742,17125.0,3.8127e-26
UGT1A10,1.2646,0.92,1.742,17126.0,4.5886e-19
APIP,1.1652,0.777,1.742,17127.0,2.6927e-11
CTD-2203A3.1,0.49685,0.166,1.742,17128.0,0.14738
CEBPZ-AS1,0.78393,0.349,1.742,17129.0,0.01051
PPP1R1C,0.99562,0.561,1.742,17130.0,2.3484e-05
OR10H2,0.85755,0.416,1.742,17131.0,0.0024515
CNTF,0.99643,0.562,1.743,17132.0,2.3384e-05
ZFP2,1.2501,0.897,1.743,17133.0,1.6618e-17
SMIM2,0.67905,0.269,1.743,17134.0,0.041965
RP11-171N4.2,0.49849,0.167,1.743,17135.0,0.14697
ODF3L1,1.1512,0.757,1.743,17136.0,1.5657e-10
SPATA31A2,0.0,0.0,1.743,17137.0,0.38423
C8orf86,0.99759,0.563,1.744,17138.0,2.3242e-05
CTF1,0.67977,0.269,1.744,17139.0,0.041899
MYADML2,0.96033,0.521,1.744,17140.0,0.00011436
AC002365.1,0.99775,0.563,1.744,17141.0,2.3223e-05
AC008686.1,0.67971,0.269,1.744,17142.0,0.041904
RP11-451M19.3,0.78618,0.35,1.744,17143.0,0.010446
ATXN7L3B,0.49904,0.167,1.744,17144.0,0.14683
GSTO1,1.1204,0.715,1.745,17145.0,5.0916e-09
PCDHB13,1.1806,0.797,1.745,17146.0,4.4828e-12
RP11-706O15.1,0.50085,0.168,1.745,17147.0,0.14637
OSTN,0.91663,0.473,1.745,17148.0,0.00053727
GGTLC2,0.99789,0.563,1.745,17149.0,2.3206e-05
AC093802.1,0.68054,0.269,1.745,17150.0,0.041827
MROH5,0.7872,0.351,1.745,17151.0,0.010417
CLC,0.99938,0.563,1.746,17152.0,2.3026e-05
ZNF222,0.91849,0.474,1.746,17153.0,0.00053339
TRAPPC2,0.86222,0.418,1.746,17154.0,0.002414
TMEM27,0.96279,0.522,1.746,17155.0,0.00011309
CD70,0.78799,0.351,1.746,17156.0,0.010394
CLDN23,0.99968,0.564,1.746,17157.0,2.2989e-05
RP11-362K2.2,0.68276,0.27,1.746,17158.0,0.041623
SPANXN3,0.0,0.0,1.746,17159.0,0.38315
LINC00998,0.0,0.0,1.747,17160.0,0.38247
RESP18,1.1398,0.739,1.747,17161.0,8.716e-10
SIRPG,1.227,0.861,1.747,17162.0,3.476e-15
GLIPR1,1.2175,0.847,1.747,17163.0,2.072e-14
TMPRSS11B,1.2694,0.923,1.747,17164.0,4.2885000000000003e-19
TMEM37,0.86486,0.419,1.748,17165.0,0.0023933
LILRA2,1.2779,0.935,1.748,17166.0,6.9073e-20
C3orf55,0.86477,0.419,1.748,17167.0,0.002394
CCL8,0.68508,0.271,1.748,17168.0,0.041412
THAP2,1.0839,0.665,1.748,17169.0,1.5504e-07
TMA7,0.86489,0.419,1.748,17170.0,0.0023931
LGALS7,0.50365,0.168,1.748,17171.0,0.14567
OR2F1,1.0013,0.564,1.748,17172.0,2.2802e-05
PSPN,0.96548,0.523,1.749,17173.0,0.00011172
KRTAP4-11,1.0029,0.565,1.749,17174.0,2.2612e-05
KRTAP5-11,0.0,0.0,1.749,17175.0,0.38177
C9orf57,0.96586,0.523,1.749,17176.0,0.00011153
VMAC,0.68575,0.271,1.749,17177.0,0.041351
OR6C76,0.86522,0.419,1.749,17178.0,0.0023904
FKBP1C,0.68585,0.271,1.749,17179.0,0.041342
SELK,0.96643,0.524,1.749,17180.0,0.00011124
C5orf66,0.9216,0.475,1.749,17181.0,0.00052699
LNP1,1.0336,0.602,1.749,17182.0,4.4338e-06
AC106876.2,0.79143,0.353,1.749,17183.0,0.010298
ANGPTL7,1.2487,0.89,1.75,17184.0,9.168e-17
ZNF582,0.92239,0.476,1.75,17185.0,0.00052539
C11orf65,1.2199,0.849,1.75,17186.0,2.0163e-14
LY86,1.0037,0.566,1.75,17187.0,2.2513e-05
TUSC5,0.92299,0.476,1.75,17188.0,0.00052419
GAL,1.0353,0.603,1.75,17189.0,4.3885e-06
CLDN14,0.9677,0.524,1.751,17190.0,0.00011061
CCL11,0.79458,0.354,1.751,17191.0,0.010211
MYL2,1.1079,0.694,1.751,17192.0,2.7303e-08
PGBD3,0.68781,0.272,1.751,17193.0,0.041167
RP11-1021N1.1,0.7941,0.354,1.751,17194.0,0.010224
ARHGAP8,1.3378,1.024,1.751,17195.0,8.5171e-28
OR5J2,0.86837,0.421,1.751,17196.0,0.0023661
CCL13,0.68983,0.273,1.752,17197.0,0.040987
NPY4R,1.0639,0.637,1.752,17198.0,8.2144e-07
CTD-2370N5.3,0.92537,0.477,1.752,17199.0,0.00051939
OR6B1,1.0374,0.604,1.752,17200.0,4.3351e-06
TMEM176B,1.1619,0.764,1.753,17201.0,1.4172e-10
C1orf115,0.69074,0.273,1.753,17202.0,0.040906
CCL14,0.97037,0.526,1.753,17203.0,0.00010929
FAM166B,1.1454,0.742,1.753,17204.0,8.299e-10
SNN,0.51047,0.17,1.753,17205.0,0.144
IL33,1.1455,0.742,1.753,17206.0,8.2925e-10
OR5R1,0.92573,0.477,1.753,17207.0,0.00051866
CCL26,0.79812,0.355,1.754,17208.0,0.010114
TTC23,1.3144,0.986,1.754,17209.0,7.3763e-24
MMACHC,1.2143,0.837,1.755,17210.0,1.1402e-13
ZNF284,0.97296,0.527,1.755,17211.0,0.00010802
ZNF30,0.87261,0.423,1.755,17212.0,0.0023338
TRNP1,0.0,0.0,1.755,17213.0,0.3788
C11orf24,0.87363,0.423,1.756,17214.0,0.0023262
PRRG3,1.069,0.64,1.756,17215.0,7.9468e-07
RGS9BP,0.87413,0.423,1.756,17216.0,0.0023224
OIP5,1.0919,0.669,1.756,17217.0,1.4649e-07
C1orf122,0.51361,0.171,1.756,17218.0,0.14325
ZNF714,0.69427,0.274,1.756,17219.0,0.040598
FAM109A,0.80081,0.356,1.756,17220.0,0.010042
MYL12A,0.92912,0.479,1.756,17221.0,0.00051197
NCMAP,0.69492,0.274,1.756,17222.0,0.040542
B3GALT5,1.0118,0.57,1.757,17223.0,2.1595e-05
PINX1,1.1327,0.722,1.757,17224.0,4.5977e-09
FBXO48,0.9755,0.528,1.757,17225.0,0.0001068
TMEM196,1.0424,0.607,1.757,17226.0,4.2115e-06
EFCAB9,0.97483,0.528,1.757,17227.0,0.00010712
G0S2,0.0,0.0,1.757,17228.0,0.37788
COX6A1,0.87532,0.424,1.757,17229.0,0.0023136
C11orf44,0.8754,0.424,1.757,17230.0,0.002313
C11orf91,0.80131,0.356,1.757,17231.0,0.010029
RP11-343C2.12,0.87593,0.424,1.757,17232.0,0.0023091
C17orf89,0.51531,0.171,1.757,17233.0,0.14285
CALML6,1.1138,0.697,1.757,17234.0,2.6089e-08
C6orf223,0.93046,0.48,1.757,17235.0,0.00050936
APOC3,0.8015,0.357,1.757,17236.0,0.010024
IGIP,0.0,0.0,1.757,17237.0,0.37789
BLVRB,1.0434,0.608,1.758,17238.0,4.1869e-06
SHISA8,0.0,0.0,1.758,17239.0,0.37777
TMEM129,1.181,0.787,1.758,17240.0,2.3074e-11
HEBP1,1.0438,0.608,1.758,17241.0,4.1767e-06
AL590708.2,0.0,0.0,1.758,17242.0,0.37751
SPATA31A1,0.0,0.0,1.758,17243.0,0.37761
PLD6,0.877,0.424,1.758,17244.0,0.0023012
AC110615.1,0.51664,0.172,1.758,17245.0,0.14254
GIPR,1.353,1.043,1.758,17246.0,1.9703e-29
C22orf46,0.87615,0.424,1.758,17247.0,0.0023074
PHGR1,0.51704,0.172,1.759,17248.0,0.14245
AC002553.1,0.51717,0.172,1.759,17249.0,0.14242
ZNF43,0.93288,0.481,1.759,17250.0,0.00050468
ZNF254,0.9332,0.481,1.759,17251.0,0.00050407
TRIQK,0.80416,0.358,1.759,17252.0,0.0099534
GEMIN6,0.97728,0.529,1.759,17253.0,0.00010596
DEFB105A,0.0,0.0,1.759,17254.0,0.37719
AC135048.1,0.51852,0.172,1.76,17255.0,0.14211
FBXO27,1.1826,0.788,1.76,17256.0,2.2725e-11
ZNF610,0.97834,0.53,1.76,17257.0,0.00010546
AC023590.1,0.0,0.0,1.76,17258.0,0.37657
CSH1,1.0148,0.572,1.76,17259.0,2.1264e-05
TREML4,1.1532,0.747,1.76,17260.0,7.7513e-10
TRIM61,0.97817,0.53,1.76,17261.0,0.00010554
GIMAP6,0.51848,0.172,1.76,17262.0,0.14212
DDC8,0.0,0.0,1.76,17263.0,0.37682
SLC25A52,0.93444,0.482,1.76,17264.0,0.0005017
CRIP1,0.93614,0.482,1.761,17265.0,0.00049848
MS4A14,1.0737,0.643,1.761,17266.0,7.7109e-07
OR2G6,0.93559,0.482,1.761,17267.0,0.00049951
MMP8,1.3269,1.0,1.761,17268.0,1.0661e-24
SPDYE2B,0.0,0.0,1.761,17269.0,0.37648
PKIA,0.51985,0.173,1.761,17270.0,0.1418
OR4F17,0.0,0.0,1.761,17271.0,0.37614
UQCR10,0.52064,0.173,1.761,17272.0,0.14162
PGLYRP4,1.2411,0.871,1.761,17273.0,2.9387e-15
RNF224,0.7015,0.277,1.761,17274.0,0.03998
PRKRIP1,1.1843,0.789,1.761,17275.0,2.2336e-11
NPVF,0.98053,0.531,1.762,17276.0,0.00010444
ATPIF1,0.98221,0.532,1.763,17277.0,0.00010367
PKD1L2,1.0182,0.573,1.763,17278.0,2.0902e-05
CNPY4,1.2237,0.843,1.764,17279.0,1.0277e-13
METTL20,1.1409,0.727,1.764,17280.0,4.2985e-09
LHB,0.88442,0.428,1.764,17281.0,0.0022475
TOMM7,0.81138,0.36,1.764,17282.0,0.0097668
DLEU2L,0.0,0.0,1.764,17283.0,0.37476
C4orf46,0.70613,0.278,1.764,17284.0,0.039595
WFDC9,0.81136,0.36,1.764,17285.0,0.0097671
SCO2,1.0771,0.645,1.764,17286.0,7.5473e-07
LY6G6C,0.939,0.484,1.764,17287.0,0.00049312
A3GALT2,1.1727,0.771,1.764,17288.0,1.2823e-10
ST20,0.0,0.0,1.764,17289.0,0.37485
RP1-228P16.5,0.70707,0.278,1.765,17290.0,0.039518
TRIM73,0.9843,0.533,1.765,17291.0,0.00010272
SNTN,0.98463,0.533,1.765,17292.0,0.00010257
C1orf194,1.0521,0.612,1.765,17293.0,3.9833e-06
KRTAP29-1,1.1419,0.728,1.765,17294.0,4.2651e-09
CLNK,1.3601,1.048,1.766,17295.0,1.7251000000000001e-29
PGAM2,1.1027,0.676,1.766,17296.0,1.3574e-07
COMMD8,1.1598,0.751,1.766,17297.0,7.3184e-10
LPAR4,0.88624,0.429,1.766,17298.0,0.0022346
ZNF443,0.94163,0.485,1.766,17299.0,0.00048827
C1orf68,1.1027,0.676,1.766,17300.0,1.3581e-07
LSM3,1.0534,0.613,1.766,17301.0,3.9529e-06
TYW1B,1.2947,0.947,1.766,17302.0,5.4289e-20
BPIFA3,1.2158,0.829,1.767,17303.0,5.9419e-13
RP11-849H4.2,1.1246,0.704,1.767,17304.0,2.4042e-08
OR2W3,0.98741,0.534,1.767,17305.0,0.00010132
CDC42EP2,0.71015,0.279,1.767,17306.0,0.039267
LSMEM2,1.081,0.647,1.767,17307.0,7.3629e-07
CTXN3,0.52819,0.175,1.767,17308.0,0.13992
MPV17L,1.0804,0.646,1.767,17309.0,7.3866e-07
AL031590.1,0.0,0.0,1.767,17310.0,0.37335
AC018867.2,0.0,0.0,1.768,17311.0,0.37315
C19orf69,0.71103,0.28,1.768,17312.0,0.039196
HNRNPCL1,0.0,0.0,1.768,17313.0,0.37278
TNFRSF6B,1.0569,0.615,1.769,17314.0,3.874e-06
TEDDM1,0.89079,0.431,1.769,17315.0,0.0022029
C8orf22,0.99013,0.536,1.769,17316.0,0.00010013
LGALS16,0.99003,0.536,1.769,17317.0,0.00010017
MTNR1A,1.0838,0.648,1.769,17318.0,7.2327e-07
CLPS,0.81932,0.364,1.77,17319.0,0.0095685
CYSLTR2,0.99083,0.536,1.77,17320.0,9.9817e-05
METTL23,1.1073,0.679,1.77,17321.0,1.3147e-07
MRP63,0.53304,0.176,1.77,17322.0,0.13887
C22orf39,1.0271,0.578,1.77,17323.0,1.9976e-05
SPRR4,0.71438,0.281,1.77,17324.0,0.038928
AURKAIP1,0.99115,0.536,1.77,17325.0,9.9678e-05
OGFOD2,1.2068,0.814,1.77,17326.0,3.437e-12
OR4K5,0.99174,0.536,1.771,17327.0,9.9425e-05
HOGA1,1.2412,0.863,1.771,17328.0,1.5812e-14
C9orf47,0.99226,0.537,1.771,17329.0,9.9199e-05
SPINK13,0.94842,0.488,1.771,17330.0,0.00047605
LAMTOR5,1.0588,0.616,1.771,17331.0,3.8329e-06
KCTD14,0.8937,0.432,1.771,17332.0,0.002183
FBXO17,1.2201,0.832,1.771,17333.0,5.6825e-13
AMH,1.2079,0.815,1.771,17334.0,3.3974e-12
NDUFA13,1.0601,0.617,1.772,17335.0,3.8049e-06
NIT2,1.2784,0.917,1.772,17336.0,1.1471e-17
ACSF3,1.3477,1.024,1.772,17337.0,2.3246e-26
C22orf26,0.7171,0.282,1.772,17338.0,0.038713
OR1Q1,0.95001,0.489,1.772,17339.0,0.00047324
GZMH,1.111,0.681,1.773,17340.0,1.2818e-07
SIRT4,1.1674,0.756,1.773,17341.0,6.8625e-10
ZNF728,0.95147,0.49,1.773,17342.0,0.0004707
PCP4,0.89569,0.433,1.773,17343.0,0.0021696
FAM26F,0.82374,0.365,1.773,17344.0,0.009461
REG3G,1.1109,0.681,1.773,17345.0,1.2831e-07
C10orf131,1.063,0.618,1.774,17346.0,3.744e-06
S100A8,0.53897,0.178,1.774,17347.0,0.13761
MAGEB16,0.0,0.0,1.774,17348.0,0.37021
RP11-1085N6.3,0.0,0.0,1.774,17349.0,0.37027
RIPPLY1,0.82448,0.366,1.774,17350.0,0.0094433
PDHA2,1.1521,0.734,1.774,17351.0,3.9282e-09
C22orf43,1.297,0.943,1.775,17352.0,2.9283000000000003e-19
TNFAIP8L2,0.72158,0.283,1.775,17353.0,0.038364
C19orf35,0.89854,0.434,1.775,17354.0,0.0021505
RP11-712L6.5,0.0,0.0,1.775,17355.0,0.36961
TAS2R3,0.95398,0.491,1.775,17356.0,0.00046636
RP11-187E13.1,0.54104,0.178,1.776,17357.0,0.13718
RP11-321F6.1,0.82791,0.367,1.776,17358.0,0.0093616
C19orf45,1.2824,0.92,1.776,17359.0,1.0898e-17
BOLA1,0.72424,0.284,1.777,17360.0,0.03816
CLDND2,1.067,0.62,1.777,17361.0,3.661e-06
ORAI1,1.0365,0.583,1.777,17362.0,1.9068e-05
TCTA,0.95572,0.492,1.777,17363.0,0.00046337
AC136604.1,0.0,0.0,1.777,17364.0,0.36879
REP15,1.0364,0.583,1.777,17365.0,1.9073e-05
MIOX,1.2838,0.921,1.777,17366.0,1.0702e-17
OR2H2,1.0361,0.583,1.777,17367.0,1.9104e-05
LRRC19,1.2142,0.819,1.777,17368.0,3.1947e-12
SYT15,1.2579,0.882,1.777,17369.0,2.4168e-15
CCRL2,0.0,0.0,1.777,17370.0,0.36861
CXorf28,0.54475,0.179,1.778,17371.0,0.13641
NRN1L,1.0017,0.541,1.778,17372.0,9.5233e-05
OR5D18,0.9583,0.493,1.778,17373.0,0.00045902
ASB13,1.1734,0.76,1.778,17374.0,6.5212e-10
CYP1A1,1.2843,0.922,1.778,17375.0,1.0635e-17
CTB-186H2.3,0.0,0.0,1.778,17376.0,0.36795
UCN2,0.72705,0.285,1.779,17377.0,0.037947
RFNG,1.1568,0.737,1.779,17378.0,3.7851e-09
INSL5,0.5466,0.18,1.779,17379.0,0.13604
TEX12,0.95971,0.494,1.779,17380.0,0.00045664
KPRP,1.2179,0.821,1.78,17381.0,3.0815e-12
CCDC70,0.833,0.369,1.78,17382.0,0.0092427
CPO,1.3152,0.967,1.78,17383.0,7.270999999999999e-21
COX16,1.0399,0.585,1.78,17384.0,1.8748e-05
KRTAP26-1,0.5477,0.18,1.78,17385.0,0.13581
AC010336.1,1.0704,0.622,1.78,17386.0,3.5917e-06
CCDC115,1.1199,0.686,1.78,17387.0,1.2061e-07
AGAP7,0.72905,0.286,1.78,17388.0,0.037798
BSND,1.1903,0.782,1.78,17389.0,1.0949e-10
OPN1MW,0.72927,0.286,1.78,17390.0,0.037781
TNFAIP8L3,1.0403,0.585,1.78,17391.0,1.8707e-05
KRTAP10-9,1.0401,0.585,1.78,17392.0,1.8729e-05
OR52L1,1.0401,0.585,1.78,17393.0,1.8725e-05
UPK3A,1.1921,0.783,1.781,17394.0,1.0773e-10
IFITM1,0.54832,0.18,1.781,17395.0,0.13569
FRG2,0.0,0.0,1.781,17396.0,0.36635
RP11-571M6.15,1.0409,0.585,1.781,17397.0,1.8659e-05
RP11-10J21.3,0.54962,0.181,1.781,17398.0,0.13543
CCL18,0.83598,0.37,1.782,17399.0,0.0091743
KIR3DL1,1.2429,0.856,1.782,17400.0,8.3578e-14
FGF3,1.0069,0.544,1.782,17401.0,9.3139e-05
MRAP,0.90928,0.439,1.782,17402.0,0.002081
TNP1,0.73236,0.287,1.782,17403.0,0.037552
TNP2,0.83719,0.371,1.782,17404.0,0.0091467
NPBWR2,1.0086,0.545,1.783,17405.0,9.2479e-05
POP7,0.73343,0.287,1.783,17406.0,0.037473
OR9G1,0.9652,0.496,1.783,17407.0,0.00044763
ZNF594,1.0082,0.545,1.783,17408.0,9.2635e-05
MGMT,1.1237,0.688,1.783,17409.0,1.1756e-07
ZNF556,1.0086,0.545,1.783,17410.0,9.248e-05
TLDC1,1.2911,0.926,1.784,17411.0,9.7663e-18
C8orf12,0.73451,0.288,1.784,17412.0,0.037394
SCN4B,1.1021,0.659,1.784,17413.0,6.4529e-07
CCDC179,0.83975,0.372,1.784,17414.0,0.009089
ZBED2,0.96664,0.497,1.784,17415.0,0.00044529
C20orf85,1.0449,0.588,1.784,17416.0,1.8292e-05
AL049829.1,0.55351,0.182,1.784,17417.0,0.13466
MRPL14,1.0088,0.545,1.784,17418.0,9.2387e-05
FAM86A,1.2664,0.888,1.785,17419.0,2.1924e-15
KHDC1,1.1807,0.764,1.785,17420.0,6.133e-10
HINT3,1.076,0.625,1.785,17421.0,3.4813e-06
PROKR1,1.1253,0.689,1.785,17422.0,1.1631e-07
PROSER2,1.1258,0.689,1.785,17423.0,1.1594e-07
XCL2,0.84076,0.372,1.785,17424.0,0.0090664
ZNF727,0.91306,0.44,1.785,17425.0,0.0020573
CYYR1,0.96729,0.497,1.785,17426.0,0.00044425
ZNF844,0.9133,0.44,1.785,17427.0,0.0020558
C22orf42,1.2456,0.858,1.785,17428.0,8.1231e-14
ATP5EP2,0.0,0.0,1.786,17429.0,0.36391
KB-1507C5.2,0.0,0.0,1.786,17430.0,0.3643
PLA2G2D,1.0473,0.589,1.786,17431.0,1.8079e-05
FCRL6,1.3401,1.0,1.786,17432.0,2.7809e-23
HTR5A-AS1,1.0115,0.546,1.786,17433.0,9.1314e-05
ZCCHC16,1.0778,0.626,1.786,17434.0,3.4473e-06
HCST,0.91483,0.441,1.786,17435.0,0.0020464
AC103809.2,0.73887,0.289,1.786,17436.0,0.037079
C7orf50,1.079,0.627,1.787,17437.0,3.4242e-06
MS4A12,1.167,0.743,1.787,17438.0,3.4953e-09
PGLYRP1,1.0491,0.59,1.787,17439.0,1.7919e-05
C5orf28,1.1283,0.691,1.787,17440.0,1.1396e-07
LYZ,1.0797,0.627,1.787,17441.0,3.4114e-06
DAND5,0.9155,0.441,1.787,17442.0,0.0020422
AP5S1,1.0141,0.548,1.787,17443.0,9.0339e-05
UCP1,1.214,0.808,1.788,17444.0,1.6903e-11
FAM109B,1.0807,0.628,1.788,17445.0,3.3928e-06
ZNF479,1.0147,0.548,1.788,17446.0,9.0123e-05
ZSCAN5D,1.1062,0.661,1.788,17447.0,6.2931e-07
APOL3,0.97228,0.5,1.788,17448.0,0.00043634
RP6-24A23.6,0.0,0.0,1.788,17449.0,0.36317
CCDC78,1.3893,1.077,1.788,17450.0,2.969e-31
SULT1A3,0.0,0.0,1.789,17451.0,0.36251
NMBR,1.1512,0.72,1.789,17452.0,1.9761e-08
ANKRD20A1,1.0824,0.629,1.789,17453.0,3.3618e-06
LYZL2,1.1306,0.692,1.789,17454.0,1.1221e-07
C2orf53,1.109,0.663,1.79,17455.0,6.1868e-07
AQP12B,0.92062,0.444,1.79,17456.0,0.0020112
SMPDL3A,1.3256,0.975,1.79,17457.0,6.2787999999999994e-21
ATP5E,0.8495,0.375,1.79,17458.0,0.0088748
SMIM5,0.564,0.184,1.79,17459.0,0.13265
LEMD1,1.0834,0.629,1.79,17460.0,3.3433e-06
CTD-2014B16.3,0.7462,0.291,1.791,17461.0,0.036562
ZNF586,0.74654,0.292,1.791,17462.0,0.036539
GTSF1L,0.92309,0.445,1.791,17463.0,0.0019965
RETN,0.74645,0.292,1.791,17464.0,0.036545
CDNF,1.1104,0.663,1.791,17465.0,6.1335e-07
OR2A5,1.0549,0.593,1.791,17466.0,1.7421e-05
ADIRF,0.74736,0.292,1.791,17467.0,0.036481
C12orf23,0.85056,0.376,1.791,17468.0,0.0088522
GAL3ST3,1.1545,0.722,1.792,17469.0,1.9296e-08
TMEM155,0.74792,0.292,1.792,17470.0,0.036443
SFTA2,0.74794,0.292,1.792,17471.0,0.036441
AC111200.1,0.0,0.0,1.792,17472.0,0.36087
B3GNT9,1.0556,0.593,1.792,17473.0,1.7363e-05
MPV17,1.2046,0.791,1.792,17474.0,9.6582e-11
TREM2,1.1748,0.748,1.793,17475.0,3.2892e-09
ECSCR,0.97954,0.503,1.793,17476.0,0.00042521
TMEM167A,0.97958,0.503,1.793,17477.0,0.00042515
NAT2,1.0872,0.631,1.793,17478.0,3.2744e-06
HRK,0.0,0.0,1.793,17479.0,0.36033
WFDC10B,0.7509,0.293,1.793,17480.0,0.036238
CGB1,0.74983,0.293,1.793,17481.0,0.036312
CAPS,1.0575,0.594,1.793,17482.0,1.7206e-05
CDCP2,1.2069,0.793,1.794,17483.0,9.4718e-11
PRM3,0.0,0.0,1.794,17484.0,0.35959
PDGFRL,1.2679,0.881,1.795,17485.0,1.1787e-14
RNASE10,0.92812,0.447,1.795,17486.0,0.0019671
ENPP7,1.2679,0.881,1.795,17487.0,1.1797e-14
TPRX1,0.0,0.0,1.795,17488.0,0.35947
RNF181,1.1768,0.749,1.795,17489.0,3.239e-09
B3GNTL1,1.3793,1.055,1.795,17490.0,4.0733e-28
C17orf100,0.57241,0.186,1.795,17491.0,0.1311
C3orf52,1.0252,0.553,1.795,17492.0,8.6244e-05
RDH14,1.0596,0.595,1.795,17493.0,1.7034e-05
ANKRD66,1.0607,0.596,1.795,17494.0,1.6946e-05
C8orf4,0.85834,0.379,1.796,17495.0,0.0086883
AGAP10,0.0,0.0,1.796,17496.0,0.35899
RP13-672B3.2,0.98339,0.505,1.796,17497.0,0.00041945
KRT32,1.3113,0.947,1.796,17498.0,1.3564e-18
FAM174A,1.0263,0.554,1.796,17499.0,8.5833e-05
AC006538.4,0.57535,0.187,1.796,17500.0,0.13057
NAT14,0.85929,0.379,1.796,17501.0,0.0086687
HIST1H4F,0.57451,0.187,1.796,17502.0,0.13072
OR5T3,0.98323,0.505,1.796,17503.0,0.0004197
C9orf169,0.86123,0.38,1.797,17504.0,0.0086287
OR10A4,1.0627,0.597,1.797,17505.0,1.6786e-05
TMEM212,1.1617,0.726,1.797,17506.0,1.833e-08
FAM72C,0.0,0.0,1.797,17507.0,0.35833
LAPTM4B,1.2481,0.85,1.797,17508.0,4.2764e-13
LL22NC03-75H12.2,0.757,0.295,1.797,17509.0,0.035827
PAGE3,0.86115,0.38,1.797,17510.0,0.0086303
KLRK1,1.2602,0.867,1.797,17511.0,6.9812e-14
TIMM8B,0.85998,0.379,1.797,17512.0,0.0086544
ZNF665,0.86128,0.38,1.797,17513.0,0.0086277
SLC31A2,1.0281,0.555,1.797,17514.0,8.5199e-05
C2CD4D,0.57788,0.188,1.798,17515.0,0.13012
CER1,1.0641,0.598,1.798,17516.0,1.6674e-05
PCDHB7,1.3063,0.937,1.798,17517.0,8.0848e-18
GPR18,1.1975,0.775,1.798,17518.0,5.3465e-10
POTED,0.9874,0.507,1.798,17519.0,0.00041359
ZNF737,0.98705,0.506,1.798,17520.0,0.00041409
TNFRSF10C,1.0938,0.635,1.798,17521.0,3.1588e-06
AP002956.1,0.0,0.0,1.798,17522.0,0.35763
AC064874.1,0.76135,0.296,1.799,17523.0,0.035541
COX14,0.0,0.0,1.799,17524.0,0.3573
PIR,1.1976,0.775,1.799,17525.0,5.3402e-10
OR4N2,0.98912,0.507,1.799,17526.0,0.00041111
C10orf67,1.1644,0.727,1.799,17527.0,1.7976e-08
MCCD1,0.93429,0.449,1.799,17528.0,0.0019319
INCA1,1.227,0.817,1.799,17529.0,1.5015e-11
GYPB,1.0321,0.557,1.8,17530.0,8.3815e-05
PSG11,1.3003,0.926,1.8,17531.0,4.8498e-17
PRSS58,1.1839,0.753,1.801,17532.0,3.0681e-09
ZNF487,0.76567,0.298,1.801,17533.0,0.035261
AAED1,1.1471,0.702,1.801,17534.0,1.0063e-07
PPP1R27,1.0337,0.557,1.801,17535.0,8.3279e-05
G6PC2,1.2925,0.913,1.801,17536.0,2.9565e-16
OR5M1,0.93778,0.451,1.801,17537.0,0.0019124
CTXN2,0.76638,0.298,1.802,17538.0,0.035215
OR1B1,1.0708,0.601,1.802,17539.0,1.615e-05
OR51T1,1.0707,0.601,1.802,17540.0,1.6162e-05
S100A11,0.86931,0.383,1.802,17541.0,0.0084662
RP11-113D6.10,0.76701,0.298,1.802,17542.0,0.035174
ACP1,1.168,0.73,1.802,17543.0,1.7531e-08
OMP,0.99342,0.509,1.802,17544.0,0.00040499
HIST1H3I,0.86888,0.383,1.802,17545.0,0.0084746
OR6M1,1.0362,0.559,1.802,17546.0,8.2424e-05
ZNHIT3,1.1273,0.673,1.803,17547.0,5.5408e-07
AP001631.10,0.0,0.0,1.803,17548.0,0.3552
ACKR4,1.1871,0.755,1.803,17549.0,2.9962e-09
POU5F2,0.99472,0.51,1.803,17550.0,0.00040316
RP1-32I10.10,0.58721,0.19,1.803,17551.0,0.12851
C7orf33,1.0722,0.602,1.803,17552.0,1.6048e-05
AL035588.1,0.0,0.0,1.803,17553.0,0.35496
C3orf14,1.0731,0.602,1.804,17554.0,1.5981e-05
CCL22,0.8726,0.384,1.804,17555.0,0.0084014
CBR3,1.1025,0.64,1.804,17556.0,3.0158e-06
AC005008.2,1.1025,0.64,1.804,17557.0,3.0161e-06
GAGE2C,0.0,0.0,1.804,17558.0,0.3546
TSHB,0.87479,0.385,1.805,17559.0,0.0083588
C16orf95,1.2208,0.801,1.805,17560.0,8.4064e-11
SPATC1L,1.1719,0.732,1.805,17561.0,1.7055e-08
CLRN1,1.1717,0.732,1.805,17562.0,1.7074e-08
RNASE12,0.87517,0.385,1.805,17563.0,0.0083516
NUDT8,1.0408,0.561,1.805,17564.0,8.0897e-05
HIGD1C,0.99985,0.512,1.806,17565.0,0.00039609
S100A14,0.94674,0.455,1.806,17566.0,0.0018638
SLC10A5,1.1529,0.705,1.806,17567.0,9.696e-08
PSMG4,0.94649,0.455,1.806,17568.0,0.0018651
ZNF587B,1.2601,0.858,1.806,17569.0,3.8024e-13
C6orf99,0.59457,0.192,1.806,17570.0,0.12728
KRTAP21-1,0.0,0.0,1.806,17571.0,0.35324
OR5K3,1.0422,0.562,1.806,17572.0,8.0434e-05
LAGE3,0.59501,0.192,1.806,17573.0,0.12721
FAM154B,1.2219,0.802,1.806,17574.0,8.3284e-11
POTEB,0.0,0.0,1.807,17575.0,0.35277
RP11-315D16.2,0.94783,0.455,1.807,17576.0,0.001858
KLRC2,1.209,0.782,1.807,17577.0,4.8735e-10
CKLF-CMTM1,0.77583,0.301,1.807,17578.0,0.034621
TMEM258,0.94927,0.456,1.807,17579.0,0.0018504
GOLGA8A,1.001,0.513,1.807,17580.0,0.00039454
PRKCDBP,1.0436,0.562,1.807,17581.0,7.9971e-05
AL031666.2,0.94928,0.456,1.807,17582.0,0.0018503
PDE6H,0.87827,0.386,1.807,17583.0,0.0082921
AC011308.1,0.0,0.0,1.807,17584.0,0.35252
RAX2,0.87851,0.386,1.807,17585.0,0.0082874
SPANXN4,0.0,0.0,1.807,17586.0,0.35242
TIMM23B,0.5981,0.193,1.808,17587.0,0.12671
NIPSNAP3A,1.2499,0.842,1.808,17588.0,2.2722e-12
STATH,1.0442,0.563,1.808,17589.0,7.9792e-05
AMTN,1.2247,0.804,1.808,17590.0,8.1348e-11
C10orf126,0.94992,0.456,1.808,17591.0,0.001847
BLOC1S5,1.1935,0.759,1.808,17592.0,2.8546e-09
AC025287.1,1.0026,0.514,1.808,17593.0,0.00039239
SDSL,1.2378,0.823,1.808,17594.0,1.3641e-11
OPTC,1.2105,0.783,1.809,17595.0,4.8162e-10
ZNF93,1.004,0.514,1.809,17596.0,0.00039048
OR51Q1,1.0466,0.564,1.809,17597.0,7.9022e-05
CST11,1.0471,0.564,1.809,17598.0,7.8838e-05
JMJD8,1.274,0.877,1.809,17599.0,6.0633e-14
RDH13,1.2744,0.877,1.809,17600.0,6.0402e-14
RP11-113D6.6,1.0053,0.515,1.809,17601.0,0.00038877
C12orf36,0.78008,0.302,1.809,17602.0,0.03436
C20orf202,0.78111,0.303,1.809,17603.0,0.034298
KRTAP10-2,0.0,0.0,1.81,17604.0,0.35103
HINT1,0.95443,0.458,1.81,17605.0,0.0018235
GPR39,1.1958,0.761,1.81,17606.0,2.8069e-09
PRAMEF2,1.2124,0.784,1.81,17607.0,4.7446e-10
HAMP,0.88423,0.389,1.81,17608.0,0.0081797
TCEAL2,0.0,0.0,1.81,17609.0,0.35082
C19orf40,1.1608,0.709,1.811,17610.0,9.2129e-08
SFR1,1.2134,0.785,1.811,17611.0,4.7059e-10
AF165138.7,1.1377,0.679,1.811,17612.0,5.2132e-07
TBC1D28,1.1799,0.737,1.811,17613.0,1.6133e-08
SLC22A31,1.2281,0.806,1.811,17614.0,7.91e-11
HSF2BP,1.3064,0.923,1.812,17615.0,2.5257e-16
TMEM223,1.0863,0.609,1.812,17616.0,1.5027e-05
SDHAF2,1.1145,0.646,1.812,17617.0,2.8312e-06
C17orf102,0.8872,0.39,1.812,17618.0,0.0081248
AL354993.1,0.7861,0.304,1.812,17619.0,0.033998
TMIE,1.0514,0.566,1.812,17620.0,7.749e-05
PABPC1L2A,0.0,0.0,1.812,17621.0,0.35004
ZNF547,0.89089,0.391,1.813,17622.0,0.0080575
KRTAP4-6,1.0124,0.518,1.813,17623.0,0.0003795
AC131097.4,0.88927,0.391,1.813,17624.0,0.0080869
COMMD5,1.0871,0.609,1.813,17625.0,1.497e-05
GINS2,1.1834,0.739,1.813,17626.0,1.5745e-08
C2orf27A,0.0,0.0,1.813,17627.0,0.3491
RSAD2,1.2889,0.895,1.813,17628.0,9.4432e-15
AC003002.4,0.89089,0.391,1.813,17629.0,0.0080575
KRTAP5-2,0.89147,0.391,1.814,17630.0,0.0080469
TMEM45B,1.2463,0.829,1.814,17631.0,1.266e-11
OR1N2,1.0888,0.61,1.814,17632.0,1.4852e-05
TAAR2,1.2323,0.809,1.814,17633.0,7.64e-11
BRI3,0.79005,0.306,1.814,17634.0,0.033766
C21orf37,0.79144,0.306,1.814,17635.0,0.033685
OR5T2,1.0135,0.519,1.814,17636.0,0.00037811
AC106873.4,0.61335,0.196,1.815,17637.0,0.12431
C1orf185,1.1448,0.683,1.815,17638.0,5.0044e-07
FCN1,1.3175,0.938,1.815,17639.0,3.9675e-17
MANBAL,0.79397,0.307,1.815,17640.0,0.033539
OTOL1,1.3007,0.911,1.815,17641.0,1.4999e-15
LRRC66,1.219,0.788,1.815,17642.0,4.5037e-10
DNAJC24,1.1446,0.682,1.815,17643.0,5.0103e-07
ZNF616,0.89355,0.392,1.815,17644.0,0.0080095
CCL1,0.89594,0.393,1.816,17645.0,0.0079669
CDRT15L2,0.96434,0.462,1.816,17646.0,0.0017737
CTD-2600O9.1,0.0,0.0,1.816,17647.0,0.34754
LINC01098,1.0169,0.52,1.816,17648.0,0.00037385
PQLC3,1.2212,0.789,1.816,17649.0,4.4278e-10
RP11-167N24.6,0.0,0.0,1.816,17650.0,0.34753
RP11-215A19.2,0.61676,0.197,1.816,17651.0,0.1238
AC068987.1,0.61701,0.197,1.816,17652.0,0.12376
MRPL20,1.123,0.651,1.817,17653.0,2.7079e-06
C20ORF135,0.61928,0.198,1.817,17654.0,0.12342
OR10Q1,1.0589,0.57,1.817,17655.0,7.5216e-05
PLA2G2F,1.1229,0.651,1.817,17656.0,2.7094e-06
C7orf71,1.0185,0.521,1.817,17657.0,0.00037182
C14orf182,1.059,0.57,1.817,17658.0,7.519e-05
TRIM49,1.148,0.684,1.817,17659.0,4.9111e-07
OR4K17,0.9666,0.463,1.817,17660.0,0.0017626
S100A3,0.89818,0.394,1.817,17661.0,0.0079273
RP4-576H24.4,0.96907,0.464,1.818,17662.0,0.0017506
CCL5,0.96886,0.464,1.818,17663.0,0.0017516
CFHR2,1.1899,0.742,1.818,17664.0,1.5063e-08
RP11-126K1.2,0.62178,0.198,1.818,17665.0,0.12305
C12orf68,0.96926,0.464,1.818,17666.0,0.0017497
C8orf59,0.89985,0.394,1.818,17667.0,0.007898
CRYGA,1.2241,0.791,1.818,17668.0,4.3304e-10
TMEM114,0.79968,0.309,1.818,17669.0,0.033213
CITED4,0.0,0.0,1.818,17670.0,0.34638
GPR78,1.1248,0.652,1.818,17671.0,2.6834e-06
S100P,0.79892,0.308,1.818,17672.0,0.033257
SSX7,1.1247,0.652,1.818,17673.0,2.6848e-06
AP000708.1,0.62417,0.199,1.819,17674.0,0.1227
OR12D3,0.90242,0.395,1.819,17675.0,0.0078534
IL18BP,1.1921,0.744,1.819,17676.0,1.484e-08
TSPAN19,1.2647,0.851,1.819,17677.0,1.9829e-12
RP11-17M16.1,0.0,0.0,1.819,17678.0,0.34567
ASCL2,0.0,0.0,1.819,17679.0,0.34557
CEA,1.1498,0.685,1.819,17680.0,4.8616e-07
CACNG1,1.1914,0.743,1.819,17681.0,1.4908e-08
FAM69C,1.1509,0.686,1.819,17682.0,4.8312e-07
PTER,1.2756,0.868,1.819,17683.0,3.2773e-13
COMMD2,1.2093,0.769,1.819,17684.0,2.5421e-09
FAM187B,1.2109,0.77,1.82,17685.0,2.512e-09
ZNF559,1.0991,0.616,1.82,17686.0,1.4172e-05
C19orf84,0.0,0.0,1.82,17687.0,0.34514
OR1G1,1.0234,0.523,1.82,17688.0,0.00036576
C16orf98,0.0,0.0,1.82,17689.0,0.34493
C1orf162,1.0986,0.615,1.82,17690.0,1.4202e-05
SMIM1,0.80418,0.31,1.82,17691.0,0.032962
MAGEE2,1.2655,0.852,1.82,17692.0,1.9687e-12
GAGE12H,0.0,0.0,1.82,17693.0,0.34494
WBP5,0.62801,0.2,1.821,17694.0,0.12214
FAM72A,0.80684,0.311,1.821,17695.0,0.032815
GPR111,1.3838,1.037,1.821,17696.0,2.5133e-24
VCX,0.0,0.0,1.821,17697.0,0.34444
LSMEM1,1.0261,0.524,1.821,17698.0,0.00036247
STARD4,1.2431,0.815,1.822,17699.0,6.9854e-11
TXNL4A,1.069,0.575,1.822,17700.0,7.2309e-05
AC017028.1,0.91017,0.398,1.823,17701.0,0.0077214
P2RY11,0.91107,0.399,1.823,17702.0,0.0077062
PET100,1.0292,0.526,1.823,17703.0,0.00035883
CHST6,1.2144,0.772,1.823,17704.0,2.4495e-09
RP11-386G21.2,0.0,0.0,1.823,17705.0,0.34302
AL035406.1,0.0,0.0,1.823,17706.0,0.34347
ZFP41,1.0306,0.526,1.823,17707.0,0.00035717
ZFP41,1.0306,0.526,1.823,17708.0,0.00035717
MS4A10,1.2588,0.837,1.823,17709.0,1.136e-11
RP11-1396O13.13,1.0302,0.526,1.823,17710.0,0.0003577
CRYGB,1.1806,0.721,1.824,17711.0,8.1381e-08
C21orf54,1.0324,0.527,1.824,17712.0,0.00035513
C14orf142,0.91222,0.399,1.824,17713.0,0.007687
NACA2,0.81428,0.313,1.824,17714.0,0.032413
C1orf234,0.91443,0.4,1.825,17715.0,0.0076505
CTD-2583A14.10,0.91513,0.4,1.825,17716.0,0.0076389
OR5AS1,0.98343,0.47,1.825,17717.0,0.0016835
AKR1CL1,1.1073,0.62,1.825,17718.0,1.3656e-05
GJB5,1.1066,0.619,1.825,17719.0,1.3704e-05
C11orf83,0.81582,0.313,1.825,17720.0,0.032331
HIST1H2AE,0.81559,0.313,1.825,17721.0,0.032343
CCL3L1,0.63918,0.202,1.825,17722.0,0.12057
MT1G,0.81881,0.314,1.826,17723.0,0.032173
MUSTN1,1.0751,0.578,1.826,17724.0,7.0616e-05
C9orf153,0.91699,0.401,1.826,17725.0,0.0076085
EIF5AL1,0.0,0.0,1.826,17726.0,0.34147
CLLU1,0.98562,0.471,1.826,17727.0,0.0016736
TMEM218,0.98522,0.471,1.826,17728.0,0.0016754
TP53TG3D,0.91753,0.401,1.826,17729.0,0.0075995
CLDN4,1.0781,0.579,1.827,17730.0,6.9789e-05
NBPF12,1.3166,0.922,1.827,17731.0,1.2675e-15
ZNF519,0.91921,0.402,1.827,17732.0,0.0075723
CIB3,1.2204,0.775,1.827,17733.0,2.3448e-09
C19orf82,0.98654,0.471,1.827,17734.0,0.0016695
PET117,0.82083,0.315,1.827,17735.0,0.032067
C7orf69,0.98784,0.472,1.827,17736.0,0.0016636
UBE2Q2L,0.0,0.0,1.828,17737.0,0.34005
C1orf233,0.64725,0.204,1.828,17738.0,0.11948
GAGE10,0.98839,0.472,1.828,17739.0,0.0016612
CYB5D1,1.2376,0.799,1.828,17740.0,3.9032e-10
SULT2A1,1.3177,0.923,1.828,17741.0,1.2523e-15
AL162407.1,0.0,0.0,1.828,17742.0,0.33991
SLC34A1,1.4064,1.067,1.828,17743.0,8.9128e-27
BTN2A1,1.371,1.007,1.829,17744.0,3.3958999999999994e-21
ZNF670,1.0411,0.531,1.829,17745.0,0.00034522
EIF4EBP3,1.0422,0.532,1.829,17746.0,0.00034389
CFHR5,1.4363,1.116,1.829,17747.0,2.1117e-32
PRSS48,1.2672,0.842,1.829,17748.0,1.0574e-11
TCTE3,1.2245,0.778,1.829,17749.0,2.278e-09
C22orf23,1.3002,0.894,1.829,17750.0,4.6831e-14
RP11-770J1.5,0.64885,0.204,1.829,17751.0,0.11927
LCN1,1.2084,0.753,1.83,17752.0,1.3298e-08
OR1J1,1.0836,0.582,1.83,17753.0,6.8342e-05
RP11-219B4.6,0.65323,0.205,1.83,17754.0,0.11869
PSMB11,1.1446,0.662,1.83,17755.0,2.4272e-06
CTRB1,1.1449,0.662,1.83,17756.0,2.4233e-06
SIGLECL1,1.1897,0.726,1.83,17757.0,7.6919e-08
APCS,0.82771,0.317,1.83,17758.0,0.031714
AC013468.1,0.0,0.0,1.83,17759.0,0.33869
CELA2A,1.3288,0.938,1.83,17760.0,1.9736e-16
OR2A4,0.65326,0.205,1.83,17761.0,0.11869
FAM174B,0.99377,0.474,1.83,17762.0,0.0016376
ASCL4,0.99528,0.475,1.831,17763.0,0.0016311
ZNF28,0.92797,0.405,1.831,17764.0,0.0074328
ZNF576,0.99492,0.475,1.831,17765.0,0.0016326
KCNE1L,0.6544,0.205,1.831,17766.0,0.11854
HRASLS2,1.0856,0.583,1.831,17767.0,6.7817e-05
CD3EAP,0.82943,0.318,1.831,17768.0,0.031626
C15orf56,0.83024,0.318,1.831,17769.0,0.031586
ZNF530,0.92757,0.405,1.831,17770.0,0.007439
AC007956.1,0.92907,0.405,1.831,17771.0,0.0074157
PNRC2,0.0,0.0,1.832,17772.0,0.33763
MNDA,1.3395,0.953,1.832,17773.0,3.0917e-17
C1orf204,1.2124,0.755,1.832,17774.0,1.2953e-08
SMIM9,0.93055,0.406,1.832,17775.0,0.0073927
C16orf91,1.2827,0.863,1.832,17776.0,1.6879e-12
CTD-2210P24.4,0.65922,0.207,1.832,17777.0,0.11792
TRIM40,1.2586,0.825,1.832,17778.0,6.1659e-11
RP11-463J10.2,0.83448,0.319,1.832,17779.0,0.031374
ID4,0.83713,0.32,1.833,17780.0,0.031243
MT1E,0.83509,0.319,1.833,17781.0,0.031344
PGBD4,0.0,0.0,1.833,17782.0,0.33709
AL136218.1,1.0488,0.534,1.833,17783.0,0.00033675
AL138815.1,0.66142,0.207,1.833,17784.0,0.11764
AL929472.1,0.0,0.0,1.833,17785.0,0.33693
HIST1H2BJ,0.83681,0.32,1.833,17786.0,0.031259
OR5M11,1.0505,0.535,1.833,17787.0,0.00033488
RNASE9,0.0,0.0,1.833,17788.0,0.33655
CDKN2B,0.93417,0.407,1.833,17789.0,0.0073369
OR51B6,1.0895,0.584,1.833,17790.0,6.6815e-05
OR13F1,1.1227,0.628,1.833,17791.0,1.2757e-05
LYG2,1.2313,0.782,1.833,17792.0,2.1715e-09
VCX3B,0.0,0.0,1.833,17793.0,0.33685
CARD17,1.0901,0.585,1.833,17794.0,6.6679e-05
MR1,1.3483,0.966,1.833,17795.0,4.9023e-18
RP11-77K12.1,1.1214,0.627,1.833,17796.0,1.2828e-05
C2orf66,0.93636,0.408,1.834,17797.0,0.0073036
MMP23B,0.66399,0.208,1.834,17798.0,0.11732
C10orf10,0.0,0.0,1.834,17799.0,0.33608
CLDN17,1.0512,0.536,1.834,17800.0,0.00033411
TAF9,1.1748,0.699,1.834,17801.0,4.2231e-07
APOL2,0.93568,0.408,1.834,17802.0,0.0073139
SSNA1,1.0515,0.536,1.834,17803.0,0.00033383
PCBD1,1.0531,0.536,1.835,17804.0,0.00033216
C1orf63,1.3088,0.899,1.835,17805.0,4.3086e-14
C10orf91,0.84123,0.321,1.835,17806.0,0.031044
ARL17B,0.0,0.0,1.835,17807.0,0.33578
NDUFA7,1.0927,0.586,1.835,17808.0,6.6032e-05
CCL4L1,0.0,0.0,1.835,17809.0,0.33576
DGCR6,1.2761,0.848,1.835,17810.0,9.8176e-12
HHLA3,0.93797,0.408,1.835,17811.0,0.0072792
MAGIX,1.0927,0.586,1.835,17812.0,6.6022e-05
AC112205.1,0.0,0.0,1.835,17813.0,0.33575
ACYP2,1.0955,0.587,1.836,17814.0,6.5331e-05
PSG6,1.3857,1.023,1.836,17815.0,4.8204e-22
OR51F2,1.179,0.701,1.836,17816.0,4.1263e-07
RNASE7,0.67418,0.21,1.837,17817.0,0.11606
C5orf64,0.94337,0.41,1.837,17818.0,0.0071986
COX8A,0.67418,0.21,1.837,17819.0,0.11606
MEIG1,1.0583,0.539,1.837,17820.0,0.00032669
CHAC2,1.1566,0.668,1.837,17821.0,2.2869e-06
TREML1,1.2912,0.868,1.837,17822.0,1.5671e-12
MC5R,1.0963,0.588,1.837,17823.0,6.513e-05
DDTL,0.0,0.0,1.837,17824.0,0.33439
OR4S1,1.0094,0.481,1.837,17825.0,0.0015718
C8orf33,1.2369,0.785,1.837,17826.0,2.0873e-09
OR2T33,0.67374,0.21,1.837,17827.0,0.11612
ANXA8L1,0.0,0.0,1.837,17828.0,0.33439
ECI1,1.2899,0.867,1.837,17829.0,1.5853e-12
RP11-830F9.6,0.0,0.0,1.837,17830.0,0.33439
AC003006.7,0.94558,0.411,1.838,17831.0,0.0071661
PHPT1,1.0999,0.589,1.838,17832.0,6.427e-05
AAMDC,1.1581,0.669,1.838,17833.0,2.2702e-06
ATP2C2,1.5302,1.268,1.838,17834.0,5.024599999999999e-60
C17orf64,1.2919,0.869,1.838,17835.0,1.558e-12
LCE2A,0.9452,0.411,1.838,17836.0,0.0071716
SCP2D1,0.94569,0.411,1.838,17837.0,0.0071644
OR1L1,0.0,0.0,1.839,17838.0,0.33258
C14orf177,0.85199,0.324,1.839,17839.0,0.030533
IFITM3,0.85341,0.325,1.839,17840.0,0.030466
AMY1A,1.0617,0.54,1.839,17841.0,0.00032325
PSG3,1.4101,1.061,1.839,17842.0,2.9137e-25
AC011500.1,1.0136,0.482,1.839,17843.0,0.0015552
SCGB3A1,0.85284,0.325,1.839,17844.0,0.030493
SPINK8,1.1023,0.591,1.839,17845.0,6.3692e-05
AC009802.1,0.0,0.0,1.84,17846.0,0.3319
OR4F5,0.85584,0.325,1.84,17847.0,0.030354
CCL24,0.95091,0.413,1.84,17848.0,0.0070888
MTMR8,1.3653,0.984,1.84,17849.0,7.0105e-19
ZNF730,1.1027,0.591,1.84,17850.0,6.3597e-05
CRYGN,1.186,0.705,1.84,17851.0,3.9735e-07
GDPGP1,1.2252,0.763,1.84,17852.0,1.1916e-08
CGB2,0.85468,0.325,1.84,17853.0,0.030408
RP1-127H14.3,1.0151,0.483,1.84,17854.0,0.0015489
AC015987.2,0.68286,0.212,1.84,17855.0,0.11503
AC015989.1,0.0,0.0,1.84,17856.0,0.33245
CLEC2A,1.1653,0.673,1.841,17857.0,2.191e-06
DEFB104B,0.0,0.0,1.841,17858.0,0.33176
DKFZP779J2370,0.85806,0.326,1.841,17859.0,0.030253
RP11-368I7.4,1.0665,0.542,1.841,17860.0,0.0003184
S100G,0.68581,0.212,1.841,17861.0,0.11469
RPAIN,1.2716,0.833,1.841,17862.0,5.5657e-11
VCPKMT,1.272,0.833,1.841,17863.0,5.5498e-11
UBD,0.95386,0.414,1.841,17864.0,0.0070467
RP11-80A15.1,0.6848,0.212,1.841,17865.0,0.11481
RP11-9B6.1,0.0,0.0,1.841,17866.0,0.33142
ZNF92,1.1057,0.592,1.841,17867.0,6.2887e-05
GPR148,1.107,0.593,1.842,17868.0,6.2587e-05
PRAMEF7,0.0,0.0,1.842,17869.0,0.33075
OR10R2,1.0702,0.544,1.842,17870.0,0.0003148
IGFALS,1.2746,0.835,1.842,17871.0,5.4379e-11
DYNLRB2,1.1108,0.595,1.843,17872.0,6.1715e-05
UBL4B,0.86311,0.328,1.843,17873.0,0.030024
ZNF736,1.0716,0.545,1.843,17874.0,0.00031345
LCE1B,0.86275,0.328,1.843,17875.0,0.03004
TRIM65,1.3885,1.019,1.843,17876.0,2.7065999999999998e-21
FAM86B1,1.1932,0.709,1.844,17877.0,3.8216e-07
AC096644.1,0.69567,0.214,1.844,17878.0,0.11357
KRTAP2-3,0.96171,0.417,1.844,17879.0,0.0069368
FAM72D,0.86578,0.328,1.844,17880.0,0.029905
PRAMEF15,0.0,0.0,1.844,17881.0,0.32928
C1orf200,0.86874,0.329,1.844,17882.0,0.029774
LRP5L,1.2774,0.836,1.844,17883.0,5.3205e-11
DDT,0.0,0.0,1.844,17884.0,0.32959
AC006486.1,0.69621,0.214,1.844,17885.0,0.11351
GAGE13,0.0,0.0,1.844,17886.0,0.32958
DEFB124,0.6981,0.215,1.844,17887.0,0.1133
RNF183,1.0244,0.487,1.844,17888.0,0.001513
VMO1,1.1723,0.677,1.845,17889.0,2.1183e-06
MMP28,1.1145,0.596,1.845,17890.0,6.0903e-05
ID1,1.0749,0.546,1.845,17891.0,0.00031026
HSPB3,1.1143,0.596,1.845,17892.0,6.0944e-05
UPK3BL,0.70056,0.215,1.845,17893.0,0.11302
LCE5A,0.87156,0.33,1.845,17894.0,0.029651
TMEM61,1.1148,0.596,1.845,17895.0,6.0832e-05
SLC22A16,1.4287,1.084,1.846,17896.0,6.3118000000000006e-27
CHURC1,1.1748,0.678,1.846,17897.0,2.0933e-06
OR4F6,1.148,0.64,1.846,17898.0,1.1444e-05
MC2R,1.0782,0.547,1.846,17899.0,0.00030712
HIST1H2AI,0.87465,0.331,1.846,17900.0,0.029517
RP11-10A14.4,0.87488,0.331,1.846,17901.0,0.029508
C1orf145,0.87744,0.332,1.847,17902.0,0.029398
CXorf66,0.87787,0.332,1.847,17903.0,0.029379
PEX12,1.3448,0.941,1.847,17904.0,9.4838e-16
POM121L2,0.0,0.0,1.847,17905.0,0.32747
TIMM10,1.0326,0.49,1.847,17906.0,0.0014821
C11orf1,1.2547,0.795,1.847,17907.0,1.8467e-09
ZNF695,1.0799,0.548,1.847,17908.0,0.00030547
TRAPPC2P1,0.87513,0.331,1.847,17909.0,0.029497
OR10X1,1.0796,0.548,1.847,17910.0,0.00030581
AC003101.1,1.0799,0.548,1.847,17911.0,0.00030547
CXCL3,1.0833,0.55,1.848,17912.0,0.00030234
RP11-664D7.4,1.0352,0.491,1.848,17913.0,0.0014724
PMAIP1,0.71177,0.218,1.848,17914.0,0.11182
OR56B3P,1.1516,0.642,1.848,17915.0,1.1268e-05
TMEM221,0.97222,0.421,1.848,17916.0,0.0067947
C1orf134,0.0,0.0,1.848,17917.0,0.32626
CXorf31,0.71137,0.217,1.848,17918.0,0.11186
DEFB107A,0.0,0.0,1.848,17919.0,0.32633
ULBP2,1.2553,0.796,1.848,17920.0,1.8392e-09
CTC-236F12.4,0.97318,0.421,1.848,17921.0,0.0067819
VTCN1,1.3071,0.878,1.848,17922.0,1.3669e-12
GNG5P2,0.0,0.0,1.849,17923.0,0.32594
RP11-45H22.3,0.71374,0.218,1.849,17924.0,0.11161
RP11-738G5.2,0.88313,0.333,1.849,17925.0,0.029157
ZG16B,1.0859,0.551,1.849,17926.0,0.00029994
ZNF550,1.2035,0.715,1.849,17927.0,3.6166e-07
OR5AN1,1.122,0.6,1.849,17928.0,5.9253e-05
OR6P1,1.1238,0.601,1.849,17929.0,5.8864e-05
CLDN24,1.1803,0.681,1.849,17930.0,2.0392e-06
FBXL22,1.0391,0.493,1.849,17931.0,0.0014582
HLA-DRB5,1.2025,0.714,1.849,17932.0,3.6359e-07
RPS17,0.0,0.0,1.849,17933.0,0.32566
SVIP,1.0855,0.551,1.849,17934.0,0.00030038
ZNF417,0.9755,0.422,1.849,17935.0,0.0067514
PSG9,1.4025,1.035,1.849,17936.0,3.8688999999999997e-22
FAM150A,1.1228,0.6,1.849,17937.0,5.9081e-05
VSTM5,1.2245,0.745,1.849,17938.0,6.2537e-08
C9orf129,1.0876,0.552,1.85,17939.0,0.00029845
C21orf90,0.88785,0.335,1.85,17940.0,0.028961
HLA-DOA,1.2742,0.821,1.85,17941.0,2.9776e-10
TPSD1,1.3005,0.863,1.85,17942.0,8.0398e-12
AC012313.1,0.88696,0.334,1.85,17943.0,0.028998
IL1F10,1.182,0.682,1.85,17944.0,2.023e-06
ZNF114,0.97811,0.423,1.85,17945.0,0.0067173
FOXI2,1.0875,0.552,1.85,17946.0,0.00029852
KRT6C,1.4037,1.036,1.85,17947.0,3.8078999999999996e-22
HBA1,0.97704,0.422,1.85,17948.0,0.0067313
NMNAT3,1.2249,0.746,1.85,17949.0,6.2389e-08
AC104667.3,0.97786,0.422,1.85,17950.0,0.0067205
IQCD,1.2608,0.799,1.851,17951.0,1.7712e-09
ARGFX,1.0905,0.553,1.851,17952.0,0.00029585
TLR1,1.4112,1.047,1.851,17953.0,5.8704e-23
AC018816.3,1.1282,0.603,1.851,17954.0,5.7938e-05
NXPE1,1.3125,0.882,1.851,17955.0,1.3061e-12
RFPL2,1.2076,0.717,1.851,17956.0,3.5388e-07
SSX5,1.2449,0.774,1.851,17957.0,1.0514e-08
MFSD3,1.3034,0.865,1.852,17958.0,7.8565e-12
MAGED4,0.0,0.0,1.852,17959.0,0.32367
HCRT,0.89242,0.336,1.852,17960.0,0.028774
OR10G7,1.0927,0.554,1.852,17961.0,0.00029385
RP11-131H24.4,0.89174,0.336,1.852,17962.0,0.028802
FAM154A,1.4014,1.028,1.852,17963.0,2.3000999999999996e-21
OR10A3,1.2086,0.717,1.852,17964.0,3.5206e-07
BHLHA15,0.98888,0.426,1.853,17965.0,0.0065801
AL359736.1,0.0,0.0,1.853,17966.0,0.3229
HIST1H3F,0.98812,0.426,1.853,17967.0,0.0065896
ULBP3,1.2926,0.846,1.853,17968.0,4.7366e-11
C1orf61,1.1637,0.648,1.853,17969.0,1.0714e-05
CYTL1,1.1633,0.648,1.853,17970.0,1.0733e-05
OR5K2,1.0948,0.555,1.853,17971.0,0.00029208
NPIPA1,0.0,0.0,1.853,17972.0,0.32248
PATE4,1.049,0.496,1.853,17973.0,0.0014234
POU5F1B,1.0958,0.555,1.853,17974.0,0.00029118
MAGEB18,1.1334,0.605,1.853,17975.0,5.6883e-05
TMEM262,1.0959,0.555,1.853,17976.0,0.0002911
RCVRN,1.2664,0.802,1.854,17977.0,1.7064e-09
COX8C,0.7365,0.222,1.854,17978.0,0.10931
CARD18,1.0514,0.497,1.854,17979.0,0.001415
KRTAP4-4,0.0,0.0,1.854,17980.0,0.32211
CSTB,0.99079,0.427,1.854,17981.0,0.0065562
CYS1,0.73619,0.222,1.854,17982.0,0.10934
FAM47E-STBD1,1.3066,0.867,1.854,17983.0,7.6594e-12
C1orf53,1.1371,0.607,1.855,17984.0,5.6149e-05
C1orf64,0.73891,0.223,1.855,17985.0,0.10907
PABPC1L2B,0.0,0.0,1.855,17986.0,0.32142
SLMO1,1.2698,0.804,1.855,17987.0,1.6682e-09
NT5M,1.2521,0.778,1.855,17988.0,1.0052e-08
RLN1,0.99352,0.428,1.855,17989.0,0.0065226
CDC42EP5,0.0,0.0,1.855,17990.0,0.32109
ZNF208,1.1365,0.607,1.855,17991.0,5.6261e-05
ZNF776,0.99478,0.428,1.855,17992.0,0.006507
NDUFB2,1.1679,0.65,1.855,17993.0,1.0531e-05
RP11-834C11.12,1.0998,0.557,1.855,17994.0,0.00028771
OTUB2,1.2983,0.849,1.856,17995.0,4.5366e-11
ZNF708,1.1402,0.608,1.856,17996.0,5.5534e-05
ZNF709,1.1045,0.559,1.856,17997.0,0.00028372
SERPINB3,1.3592,0.95,1.856,17998.0,8.2146e-16
C7orf65,0.99517,0.428,1.856,17999.0,0.0065023
C12orf42,1.2852,0.828,1.856,18000.0,2.7519e-10
ZCCHC13,1.0576,0.5,1.856,18001.0,0.0013939
C15orf48,1.1404,0.608,1.856,18002.0,5.5498e-05
AC121757.1,0.74546,0.224,1.856,18003.0,0.10845
CLLU1OS,1.1046,0.559,1.856,18004.0,0.00028369
OR13C8,1.1387,0.608,1.856,18005.0,5.5814e-05
LRRC30,1.1957,0.689,1.856,18006.0,1.8966e-06
FAM72B,1.0602,0.501,1.857,18007.0,0.0013854
AC023469.1,1.1062,0.56,1.857,18008.0,0.00028236
NPIPA5,0.74973,0.225,1.857,18009.0,0.10805
LUZP4,1.0596,0.501,1.857,18010.0,0.0013873
HMGN4,0.0,0.0,1.857,18011.0,0.31986
GNLY,1.258,0.782,1.857,18012.0,9.6899e-09
TMSB4Y,0.0,0.0,1.858,18013.0,0.31923
ZNF347,1.145,0.61,1.858,18014.0,5.461e-05
OR10H1,1.1445,0.61,1.858,18015.0,5.4696e-05
LCE1C,0.91315,0.342,1.858,18016.0,0.027961
ANAPC13,1.0648,0.503,1.858,18017.0,0.0013703
OR9G4,1.2007,0.691,1.858,18018.0,1.8533e-06
PRLH,0.75355,0.226,1.858,18019.0,0.10769
RNF222,1.1081,0.56,1.858,18020.0,0.00028079
ZCCHC5,1.3024,0.852,1.858,18021.0,4.4007e-11
RP11-625H11.1,1.0631,0.502,1.858,18022.0,0.0013759
SPAG11B,0.91872,0.343,1.859,18023.0,0.027751
C1orf213,0.92005,0.344,1.859,18024.0,0.027702
KLHDC4,1.4658,1.131,1.859,18025.0,4.5566000000000005e-31
AC090616.2,0.0,0.0,1.86,18026.0,0.3175
DRD4,1.2641,0.785,1.86,18027.0,9.3362e-09
C19orf71,1.264,0.785,1.86,18028.0,9.3436e-09
OR2L8,0.0,0.0,1.86,18029.0,0.31779
MT1H,1.0085,0.433,1.86,18030.0,0.0063432
PLA2G16,1.2053,0.694,1.86,18031.0,1.8145e-06
AC120194.1,0.0,0.0,1.86,18032.0,0.31775
AC003043.1,0.0,0.0,1.86,18033.0,0.31763
SMIM10,0.0,0.0,1.861,18034.0,0.31638
IL22RA2,1.3754,0.969,1.861,18035.0,1.2114e-16
ZNF223,1.1829,0.657,1.861,18036.0,9.9106e-06
AKR1C3,1.4314,1.066,1.861,18037.0,7.581200000000001e-24
SDR42E1,1.2798,0.81,1.861,18038.0,1.5615e-09
RNASE13,0.0,0.0,1.861,18039.0,0.31626
IL8,1.1167,0.564,1.861,18040.0,0.00027377
OR5H6,1.1169,0.564,1.861,18041.0,0.00027368
C10orf113,1.1174,0.564,1.861,18042.0,0.00027323
HILPDA,0.0,0.0,1.861,18043.0,0.31634
HIST1H1C,0.92554,0.345,1.861,18044.0,0.0275
FAM110C,1.1837,0.658,1.862,18045.0,9.8787e-06
OR2T7,1.2089,0.695,1.862,18046.0,1.7847e-06
NPPB,1.1837,0.658,1.862,18047.0,9.8786e-06
MRPS2,1.2312,0.729,1.862,18048.0,3.1326e-07
RP11-1026M7.2,0.0,0.0,1.862,18049.0,0.31617
CTD-2021H9.3,1.0157,0.435,1.862,18050.0,0.0062598
OR52N5,1.1544,0.615,1.862,18051.0,5.284e-05
OR7A17,0.0,0.0,1.862,18052.0,0.31571
RP11-366L20.2,1.1857,0.659,1.862,18053.0,9.7977e-06
RP11-404L6.2,0.0,0.0,1.862,18054.0,0.31577
CCL3L3,0.0,0.0,1.863,18055.0,0.31517
TSPAN10,1.1879,0.66,1.863,18056.0,9.7125e-06
KRTAP9-2,0.0,0.0,1.863,18057.0,0.31515
OR2AJ1,1.0191,0.437,1.863,18058.0,0.0062212
TDRP,1.2849,0.813,1.863,18059.0,1.5111e-09
PRSS1,1.3107,0.857,1.863,18060.0,4.1384e-11
CCDC74A,1.3999,1.008,1.863,18061.0,4.718400000000001e-19
ERP27,1.3339,0.895,1.863,18062.0,1.0936e-12
C11orf31,1.0801,0.509,1.863,18063.0,0.0013219
C12orf57,1.1568,0.616,1.863,18064.0,5.2408e-05
ENHO,0.78112,0.231,1.864,18065.0,0.10526
RAET1L,1.2999,0.837,1.864,18066.0,2.4837e-10
FABP4,1.1604,0.617,1.864,18067.0,5.1764e-05
ZNF709,1.1245,0.567,1.864,18068.0,0.00026774
MPZL2,1.336,0.896,1.864,18069.0,1.0755e-12
NPIPB9,0.78257,0.231,1.864,18070.0,0.10514
NNMT,1.2543,0.762,1.864,18071.0,5.2791e-08
S100A4,1.0225,0.438,1.864,18072.0,0.0061838
UFSP1,0.93751,0.348,1.864,18073.0,0.027072
RP11-872D17.8,1.1899,0.661,1.864,18074.0,9.6353e-06
RAB40AL,0.0,0.0,1.865,18075.0,0.31342
PSORS1C1,1.1276,0.569,1.865,18076.0,0.00026534
ZNF578,1.0852,0.511,1.865,18077.0,0.0013064
AL592284.1,0.0,0.0,1.865,18078.0,0.31339
AC140481.2,0.78798,0.232,1.865,18079.0,0.10469
RP11-1105G2.3,0.0,0.0,1.865,18080.0,0.31322
GDF15,1.2389,0.733,1.865,18081.0,3.0133e-07
OR4N4,1.1629,0.619,1.865,18082.0,5.1332e-05
CTAG2,0.7848,0.232,1.865,18083.0,0.10495
DNAJC25-GNG10,1.0841,0.51,1.865,18084.0,0.0013097
FAM159A,1.1638,0.619,1.865,18085.0,5.1161e-05
CXCR1,1.2375,0.733,1.865,18086.0,3.0337e-07
RP11-826N14.2,0.0,0.0,1.865,18087.0,0.31333
SCGB3A2,1.0294,0.44,1.866,18088.0,0.0061075
GOLGA6L4,1.0307,0.44,1.866,18089.0,0.0060938
PRM1,0.94621,0.351,1.866,18090.0,0.02677
NDUFV3,1.3987,1.0,1.866,18091.0,2.8018e-18
ZNF69,1.2586,0.764,1.866,18092.0,5.1561e-08
TRAPPC6A,1.259,0.764,1.866,18093.0,5.145e-08
XAGE5,1.2186,0.7,1.866,18094.0,1.7076e-06
XCL1,1.0879,0.512,1.866,18095.0,0.0012982
COMMD10,1.3279,0.88,1.866,18096.0,6.4803e-12
AC009041.2,0.0,0.0,1.866,18097.0,0.31271
RP11-293M10.1,0.79959,0.234,1.867,18098.0,0.10374
CTD-3203P2.2,0.95184,0.352,1.867,18099.0,0.02658
ARL16,1.2205,0.701,1.867,18100.0,1.6932e-06
OR8I2,1.197,0.664,1.867,18101.0,9.3688e-06
SPACA5B,0.0,0.0,1.867,18102.0,0.3121
DNAJB7,1.2779,0.793,1.867,18103.0,8.592e-09
SPRR1A,1.0358,0.442,1.867,18104.0,0.0060385
RP11-1102P16.1,0.79808,0.234,1.867,18105.0,0.10386
AC110781.3,0.79907,0.234,1.867,18106.0,0.10378
OR2A1,1.1348,0.572,1.867,18107.0,0.00025996
KRTAP5-6,0.79692,0.234,1.867,18108.0,0.10396
RNF223,0.95227,0.352,1.867,18109.0,0.026565
CARHSP1,1.1689,0.621,1.867,18110.0,5.0284e-05
TMEM31,1.0919,0.513,1.867,18111.0,0.0012864
C10orf115,1.0946,0.514,1.868,18112.0,0.0012785
S100A1,1.0391,0.443,1.868,18113.0,0.0060044
AC017104.2,1.0393,0.443,1.868,18114.0,0.0060024
AL162431.1,0.0,0.0,1.868,18115.0,0.31086
RP4-583P15.14,0.8058,0.235,1.868,18116.0,0.10325
ZNF766,1.2003,0.666,1.868,18117.0,9.2466e-06
LYRM2,1.1376,0.573,1.868,18118.0,0.00025796
IFNL2,1.2645,0.767,1.868,18119.0,4.9903e-08
SMN2,0.80431,0.235,1.868,18120.0,0.10337
C7orf34,1.1373,0.573,1.868,18121.0,0.00025816
IL9R,1.4313,1.055,1.868,18122.0,2.6805e-22
RP11-683L23.1,1.1363,0.572,1.868,18123.0,0.0002589
HIST1H2BA,0.80798,0.236,1.869,18124.0,0.10308
LEAP2,1.0981,0.515,1.869,18125.0,0.0012684
AL390778.1,0.0,0.0,1.869,18126.0,0.30974
THEM5,1.3227,0.864,1.869,18127.0,3.7917e-11
KCNMB3,1.2837,0.796,1.869,18128.0,8.2989e-09
RXFP3,1.3559,0.92,1.869,18129.0,1.6003e-13
ZSCAN5B,1.3449,0.902,1.869,18130.0,1.0007e-12
TSPY1,0.0,0.0,1.869,18131.0,0.30999
AC005082.1,0.81119,0.236,1.869,18132.0,0.10283
VCX3A,0.0,0.0,1.87,18133.0,0.30958
KRTAP8-1,0.81295,0.237,1.87,18134.0,0.1027
PRR24,0.0,0.0,1.87,18135.0,0.30901
SIGLEC15,1.2854,0.797,1.87,18136.0,8.2148e-09
C2ORF15,1.1448,0.576,1.87,18137.0,0.00025278
USP50,1.4047,1.004,1.87,18138.0,2.6279e-18
AP001024.2,0.96299,0.355,1.87,18139.0,0.026211
OR10J3,1.1444,0.576,1.87,18140.0,0.00025309
OR10S1,1.1769,0.625,1.87,18141.0,4.8947e-05
TMEM211,0.96624,0.356,1.87,18142.0,0.026107
KIR3DL2,1.3362,0.885,1.87,18143.0,6.0804e-12
KRTAP13-4,0.0,0.0,1.87,18144.0,0.30876
OR4D5,1.2064,0.669,1.87,18145.0,9.0283e-06
KBTBD13,1.3138,0.845,1.87,18146.0,2.2574e-10
SELM,1.2287,0.705,1.87,18147.0,1.6327e-06
CYP2C19,1.4187,1.028,1.871,18148.0,6.4882e-20
AL365202.1,0.0,0.0,1.871,18149.0,0.30835
CYP4A22,1.4756,1.131,1.871,18150.0,1.4246e-29
LY6D,0.96814,0.357,1.871,18151.0,0.026045
ZNF321P,1.1067,0.519,1.871,18152.0,0.0012443
GRAPL,0.0,0.0,1.871,18153.0,0.30873
FAM163B,0.97121,0.357,1.871,18154.0,0.025948
PABPN1L,1.3934,0.981,1.872,18155.0,1.0122e-16
TTLL2,1.054,0.448,1.872,18156.0,0.0058508
AC073569.1,0.0,0.0,1.872,18157.0,0.30784
HSPB1,1.2551,0.742,1.872,18158.0,2.7797e-07
AC005549.3,0.0,0.0,1.872,18159.0,0.30741
OR4F4,0.0,0.0,1.872,18160.0,0.30741
CGREF1,1.2739,0.772,1.872,18161.0,4.7425e-08
AC104057.1,0.0,0.0,1.872,18162.0,0.30714
BLOC1S4,0.82878,0.239,1.872,18163.0,0.10151
TMEM234,1.2725,0.771,1.872,18164.0,4.7801e-08
GOLGA8B,1.1831,0.628,1.872,18165.0,4.7959e-05
CTB-54O9.9,1.0591,0.45,1.873,18166.0,0.0058012
GAGE2A,0.83703,0.241,1.873,18167.0,0.10091
MRPL21,1.3725,0.94,1.873,18168.0,2.4125e-14
AL136376.1,0.97977,0.36,1.873,18169.0,0.02568
OR6V1,1.1521,0.579,1.873,18170.0,0.0002477
ZNF85,1.1872,0.63,1.873,18171.0,4.73e-05
VEGFB,1.307,0.826,1.873,18172.0,1.3114e-09
GAPT,0.0,0.0,1.873,18173.0,0.30619
TCF24,0.97972,0.36,1.873,18174.0,0.025682
RAB19,1.2363,0.709,1.873,18175.0,1.5787e-06
SFT2D3,0.83165,0.24,1.873,18176.0,0.1013
DNLZ,1.1526,0.579,1.873,18177.0,0.00024737
C15orf54,0.98328,0.361,1.874,18178.0,0.025572
OR5B3,1.1892,0.63,1.874,18179.0,4.7001e-05
OR5H1,1.19,0.631,1.874,18180.0,4.6874e-05
ZNF780A,1.2397,0.711,1.874,18181.0,1.5554e-06
TMEM171,1.295,0.802,1.874,18182.0,7.7679e-09
PGA4,0.0,0.0,1.874,18183.0,0.30546
PLGRKT,1.2794,0.775,1.874,18184.0,4.604e-08
RNASE1,0.98213,0.36,1.874,18185.0,0.025608
FAM90A1,1.2396,0.711,1.874,18186.0,1.5557e-06
OR1S2,1.2153,0.673,1.874,18187.0,8.7248e-06
AL590714.1,0.0,0.0,1.875,18188.0,0.30518
HIST1H3H,1.0655,0.452,1.875,18189.0,0.0057387
ANKRD33,1.4078,0.999,1.875,18190.0,1.4957e-17
CCL20,1.16,0.582,1.875,18191.0,0.00024242
PAGE2B,1.1203,0.524,1.875,18192.0,0.0012072
P2RY6,1.2434,0.713,1.875,18193.0,1.5307e-06
MRPS28,1.1916,0.632,1.875,18194.0,4.6621e-05
MRPL11,1.2424,0.712,1.875,18195.0,1.5371e-06
CGB5,0.99025,0.362,1.875,18196.0,0.025362
CT45A6,0.0,0.0,1.875,18197.0,0.30472
PRAMEF18,0.0,0.0,1.876,18198.0,0.3043
CMA1,1.2991,0.804,1.876,18199.0,7.5861e-09
PAPPA-AS1,0.0,0.0,1.876,18200.0,0.30349
SLC39A11,1.4152,1.011,1.876,18201.0,2.3522e-18
ZNF705B,1.1645,0.584,1.876,18202.0,0.00023945
AC108868.1,0.0,0.0,1.876,18203.0,0.30351
CLEC7A,1.3493,0.893,1.876,18204.0,5.5087e-12
FGF5,1.3259,0.852,1.876,18205.0,2.0811e-10
C6orf226,0.0,0.0,1.876,18206.0,0.30419
OR2T29,0.85324,0.243,1.876,18207.0,0.099777
PLGLB2,0.0,0.0,1.876,18208.0,0.30421
C20orf201,0.99541,0.364,1.876,18209.0,0.025208
TMEM257,0.85524,0.244,1.876,18210.0,0.09964
DDIT4L,1.245,0.714,1.876,18211.0,1.5197e-06
CTD-2547L24.3,0.99467,0.363,1.876,18212.0,0.02523
TMEM134,1.3292,0.854,1.877,18213.0,2.0372e-10
KRTAP4-1,1.0769,0.455,1.877,18214.0,0.0056309
EQTN,1.3515,0.894,1.877,18215.0,5.4219e-12
AL163636.6,0.86386,0.245,1.877,18216.0,0.099062
FFAR3,1.1674,0.585,1.877,18217.0,0.00023758
LAIR2,1.2691,0.749,1.877,18218.0,2.5967e-07
MRAP2,1.2718,0.75,1.878,18219.0,2.5633e-07
NPB,0.8663,0.245,1.878,18220.0,0.0989
OR5H2,1.1714,0.587,1.878,18221.0,0.00023505
AEN,1.3312,0.855,1.878,18222.0,2.0092e-10
KIR2DL1,1.3898,0.961,1.878,18223.0,3.5684e-15
ANKRD23,1.4263,1.026,1.878,18224.0,3.5366e-19
CTB-60B18.6,0.0,0.0,1.878,18225.0,0.30206
GUCA1C,1.2713,0.75,1.878,18226.0,2.5694e-07
GOLGA8J,1.4059,0.989,1.878,18227.0,8.9595e-17
CGB,0.87618,0.247,1.879,18228.0,0.098257
PRAMEF1,1.3458,0.878,1.879,18229.0,3.2165e-11
SYCN,1.206,0.638,1.879,18230.0,4.4492e-05
OR8H2,1.1363,0.53,1.879,18231.0,0.0011661
SERPINB4,1.4082,0.991,1.879,18232.0,8.7622e-17
KRTAP9-7,0.0,0.0,1.879,18233.0,0.30156
SMIM8,1.0844,0.458,1.879,18234.0,0.0055617
POLR2K,1.1345,0.529,1.879,18235.0,0.0011708
PMM2,1.4139,1.003,1.879,18236.0,1.4072e-17
C12orf73,1.0105,0.367,1.879,18237.0,0.024774
FAM111B,0.87166,0.246,1.879,18238.0,0.098549
GOLGA6L10,1.1348,0.529,1.879,18239.0,0.00117
TNFRSF18,1.2557,0.719,1.88,18240.0,1.4516e-06
NBPF24,1.0873,0.459,1.88,18241.0,0.0055357
LCE2B,0.88256,0.248,1.88,18242.0,0.097851
OR8S1,1.2568,0.719,1.88,18243.0,1.4449e-06
ZNF256,1.0879,0.459,1.88,18244.0,0.0055297
CT45A1,0.0,0.0,1.88,18245.0,0.30048
ZBED6CL,1.1377,0.53,1.88,18246.0,0.0011628
SERF1B,0.0,0.0,1.88,18247.0,0.30017
PRSS55,1.3478,0.879,1.88,18248.0,3.1731e-11
OR56B4,1.2364,0.683,1.881,18249.0,8.0533e-06
OR4A16,1.183,0.592,1.881,18250.0,0.00022787
ZNF671,1.2961,0.784,1.881,18251.0,4.2147e-08
MOAP1,1.3249,0.836,1.881,18252.0,1.1736e-09
IL3RA,1.4798,1.121,1.881,18253.0,2.9891e-27
DUPD1,1.2789,0.754,1.881,18254.0,2.4781e-07
SEPT12,1.4313,1.029,1.881,18255.0,3.3500000000000005e-19
FAM162B,1.2951,0.784,1.881,18256.0,4.2377e-08
PIGY,0.89237,0.25,1.881,18257.0,0.09724
MANSC4,1.2109,0.64,1.881,18258.0,4.3796e-05
SPIN2A,1.1443,0.533,1.881,18259.0,0.0011466
DEFB118,0.89919,0.251,1.882,18260.0,0.096825
DEFB119,0.90166,0.251,1.882,18261.0,0.096676
DEFB129,0.89521,0.25,1.882,18262.0,0.097066
DAPL1,1.2171,0.643,1.882,18263.0,4.2949e-05
C2orf57,0.89549,0.25,1.882,18264.0,0.097049
LCNL1,1.145,0.533,1.882,18265.0,0.0011448
PRAMEF16,0.0,0.0,1.882,18266.0,0.2979
CXorf40B,1.0243,0.371,1.882,18267.0,0.02439
OR11G2,1.2622,0.722,1.882,18268.0,1.4116e-06
AC187652.1,0.90577,0.252,1.883,18269.0,0.096431
KBTBD4,0.0,0.0,1.883,18270.0,0.29725
OR10A6,1.3174,0.814,1.883,18271.0,6.8327e-09
VPREB1,0.90475,0.251,1.883,18272.0,0.096491
HIST1H3D,1.1512,0.535,1.883,18273.0,0.00113
CYP2C8,1.4563,1.073,1.883,18274.0,1.9758999999999998e-22
GIMAP5,0.9045,0.251,1.883,18275.0,0.096506
OR6K2,1.284,0.757,1.883,18276.0,2.4185e-07
DEFB121,0.90457,0.251,1.883,18277.0,0.096502
AP000688.1,0.0,0.0,1.883,18278.0,0.29757
ZNF716,1.2652,0.724,1.883,18279.0,1.3942e-06
LST1,1.1511,0.535,1.883,18280.0,0.0011303
OTOP1,1.4657,1.091,1.883,18281.0,4.8437e-24
PP13004,0.90274,0.251,1.883,18282.0,0.096611
CCDC23,1.1492,0.534,1.883,18283.0,0.0011348
TMEM261,1.1003,0.463,1.883,18284.0,0.0054207
MT1B,1.1054,0.464,1.884,18285.0,0.0053775
SYNGR4,1.3343,0.841,1.884,18286.0,1.1085e-09
OR2D2,1.3052,0.789,1.884,18287.0,4.0212e-08
C9orf141,1.1542,0.536,1.884,18288.0,0.0011229
AC090427.1,0.0,0.0,1.884,18289.0,0.29639
C1orf143,0.91547,0.253,1.884,18290.0,0.095863
RBMY1F,0.0,0.0,1.884,18291.0,0.29637
CDRT4,0.91675,0.253,1.884,18292.0,0.095789
APOL6,0.91261,0.253,1.884,18293.0,0.096029
TNFRSF17,1.2691,0.725,1.884,18294.0,1.3715e-06
CTB-134H23.2,0.91158,0.252,1.884,18295.0,0.096089
EMP2,1.2868,0.758,1.884,18296.0,2.3873e-07
DEFB130,0.0,0.0,1.885,18297.0,0.29563
OR1S1,1.2274,0.647,1.885,18298.0,4.1578e-05
SPATA31A3,0.0,0.0,1.885,18299.0,0.29526
TSPY2,0.92564,0.255,1.885,18300.0,0.095282
NBPF11,1.1587,0.538,1.885,18301.0,0.0011126
BHLHA9,0.0,0.0,1.885,18302.0,0.2959
C9orf66,1.0415,0.375,1.885,18303.0,0.023936
LRG1,0.92811,0.255,1.885,18304.0,0.095143
AC112721.1,0.0,0.0,1.885,18305.0,0.2956
B3GNT6,1.3366,0.842,1.885,18306.0,1.093e-09
MBD3L4,0.0,0.0,1.885,18307.0,0.29496
GAL3ST2,1.3591,0.885,1.885,18308.0,2.9341e-11
HTN3,1.2314,0.649,1.886,18309.0,4.1066e-05
RHOXF2,1.2006,0.599,1.886,18310.0,0.00021767
DMRTC1,1.0508,0.377,1.886,18311.0,0.023698
ARL11,1.1186,0.468,1.886,18312.0,0.0052678
NEUROG1,1.2014,0.599,1.886,18313.0,0.00021722
CGB7,1.1196,0.469,1.886,18314.0,0.0052599
HIST1H2AJ,1.0507,0.377,1.886,18315.0,0.0237
RP11-210M15.2,1.0523,0.378,1.886,18316.0,0.023659
C6orf48,1.0539,0.378,1.886,18317.0,0.023621
KRTAP5-8,0.92944,0.255,1.886,18318.0,0.095069
OR2T6,1.2289,0.648,1.886,18319.0,4.1385e-05
NAT1,1.3987,0.957,1.886,18320.0,1.9294e-14
AL161784.1,0.93518,0.256,1.886,18321.0,0.09475
WFDC6,1.1655,0.54,1.886,18322.0,0.001097
SERPINA9,1.3899,0.941,1.886,18323.0,1.2106e-13
C1orf111,1.3509,0.866,1.886,18324.0,1.7676e-10
ZNF721,0.93448,0.256,1.886,18325.0,0.094789
SPG20OS,1.0521,0.378,1.886,18326.0,0.023665
RP11-386G21.1,1.0477,0.376,1.886,18327.0,0.023775
SIRPD,1.3104,0.792,1.886,18328.0,3.9148e-08
TEX38,1.2974,0.764,1.887,18329.0,2.2724e-07
ZNF726,1.2567,0.692,1.887,18330.0,7.4752e-06
VPREB3,0.93814,0.256,1.887,18331.0,0.094588
SPRN,0.0,0.0,1.887,18332.0,0.29377
C10orf32,1.2955,0.763,1.887,18333.0,2.2921e-07
C4orf19,0.94326,0.257,1.887,18334.0,0.09431
CBWD3,1.2772,0.729,1.887,18335.0,1.326e-06
AC022400.2,0.0,0.0,1.887,18336.0,0.29318
TSPY8,0.0,0.0,1.887,18337.0,0.29328
C1orf180,0.93947,0.257,1.887,18338.0,0.094516
TMEM238,0.0,0.0,1.887,18339.0,0.29387
CST9,1.1681,0.541,1.887,18340.0,0.0010911
C8orf31,1.3131,0.793,1.887,18341.0,3.8618e-08
DEFB113,0.94736,0.258,1.888,18342.0,0.09409
ANKRD34B,1.405,0.961,1.888,18343.0,1.8309e-14
TRIB3,1.3953,0.944,1.888,18344.0,1.1597e-13
KRTAP3-1,1.0663,0.381,1.888,18345.0,0.023316
DEFB104A,0.95383,0.259,1.888,18346.0,0.093748
AC009403.2,1.0639,0.38,1.888,18347.0,0.023373
AC012360.1,0.0,0.0,1.888,18348.0,0.2923
AL161450.1,0.0,0.0,1.888,18349.0,0.2923
ZNF429,1.2355,0.651,1.888,18350.0,4.0549e-05
DNAJC15,1.3587,0.871,1.889,18351.0,1.682e-10
RPUSD1,1.3594,0.871,1.889,18352.0,1.6742e-10
OR1J2,0.96152,0.26,1.889,18353.0,0.093349
OR4C6,1.1361,0.474,1.889,18354.0,0.005129
PRAMEF13,0.0,0.0,1.889,18355.0,0.29184
TFF2,1.3024,0.766,1.889,18356.0,2.2197e-07
CDRT15,1.2854,0.733,1.889,18357.0,1.282e-06
DEFB105B,0.0,0.0,1.889,18358.0,0.29184
TYRP1,1.4813,1.107,1.889,18359.0,6.557000000000001e-25
URAD,1.1347,0.473,1.889,18360.0,0.0051396
OVCA2,1.2855,0.733,1.889,18361.0,1.2811e-06
CLIC3,1.3339,0.823,1.889,18362.0,6.2316e-09
IFITM2,1.133,0.473,1.889,18363.0,0.0051529
MBD3L3,0.0,0.0,1.889,18364.0,0.29097
CTD-2215E18.1,1.2148,0.604,1.889,18365.0,0.00020994
ZNF534,1.2841,0.733,1.889,18366.0,1.2886e-06
PPP3R2,1.1801,0.545,1.889,18367.0,0.0010651
RP11-998D10.1,1.1332,0.473,1.889,18368.0,0.0051512
PRAMEF14,0.0,0.0,1.89,18369.0,0.29026
OR9Q2,1.3361,0.825,1.89,18370.0,6.1559e-09
HCG27,1.0769,0.383,1.89,18371.0,0.023063
MS4A4E,1.1818,0.546,1.89,18372.0,0.0010614
SCGB2B2,1.1823,0.546,1.89,18373.0,0.0010603
S100A16,1.1837,0.547,1.89,18374.0,0.0010573
TRIM49D1,0.0,0.0,1.89,18375.0,0.29086
OR6K3,0.96967,0.261,1.89,18376.0,0.092932
RBMY1A1,0.0,0.0,1.89,18377.0,0.29035
RBMY1E,0.0,0.0,1.89,18378.0,0.29054
C7orf66,0.98252,0.263,1.891,18379.0,0.092294
HIGD1B,1.2471,0.656,1.891,18380.0,3.9132e-05
KRTAP9-9,0.0,0.0,1.891,18381.0,0.28956
MGARP,1.2501,0.657,1.891,18382.0,3.8778e-05
OR4K2,1.2497,0.657,1.891,18383.0,3.8826e-05
ZNF846,1.2909,0.736,1.891,18384.0,1.2532e-06
DEFB136,0.97872,0.262,1.891,18385.0,0.09248
KLLN,1.1458,0.477,1.891,18386.0,0.0050546
AL121963.1,1.2213,0.607,1.891,18387.0,0.00020649
OR5AU1,1.2924,0.737,1.891,18388.0,1.2459e-06
ARL14,1.2945,0.738,1.892,18389.0,1.2351e-06
GPX1,1.2523,0.658,1.892,18390.0,3.8518e-05
MRPS12,1.226,0.609,1.892,18391.0,0.00020409
DEFB114,0.99794,0.265,1.892,18392.0,0.091552
DAZ2,0.0,0.0,1.892,18393.0,0.288
SPP2,1.4145,0.967,1.892,18394.0,1.693e-14
SNAPC5,1.2319,0.611,1.893,18395.0,0.00020115
ANG,0.0,0.0,1.893,18396.0,0.28738
KAAG1,0.0,0.0,1.893,18397.0,0.28715
KCNG4,1.4305,0.996,1.893,18398.0,4.2136e-16
OR4C12,1.2579,0.66,1.893,18399.0,3.7877e-05
CST5,1.2795,0.703,1.893,18400.0,6.8894e-06
SLN,0.0,0.0,1.893,18401.0,0.28701
AVPI1,1.2566,0.66,1.893,18402.0,3.8026e-05
SPON2,1.4233,0.982,1.893,18403.0,2.6609e-15
FGFBP3,1.198,0.552,1.893,18404.0,0.0010279
OR8K3,1.2987,0.74,1.893,18405.0,1.2144e-06
LCE1F,1.1577,0.48,1.893,18406.0,0.0049674
RBMY1J,0.0,0.0,1.893,18407.0,0.28682
FAM90A26,0.0,0.0,1.894,18408.0,0.28656
KRTAP5-7,1.0109,0.266,1.894,18409.0,0.090951
SPANXN2,1.0139,0.267,1.894,18410.0,0.090812
PRAMEF3,0.0,0.0,1.894,18411.0,0.28624
ZNF486,1.2834,0.704,1.894,18412.0,6.7949e-06
DEFA3,1.0198,0.268,1.894,18413.0,0.090546
RP11-763F8.1,1.2011,0.553,1.894,18414.0,0.0010216
AC026369.1,0.0,0.0,1.894,18415.0,0.28615
OR10H4,1.1683,0.483,1.895,18416.0,0.0048912
COX7A1,1.2633,0.663,1.895,18417.0,3.727e-05
PYCARD,1.2389,0.614,1.895,18418.0,0.00019768
RNASE11,1.1133,0.392,1.895,18419.0,0.022247
OTUD6A,0.0,0.0,1.895,18420.0,0.28466
CLDN20,1.1688,0.483,1.895,18421.0,0.0048881
AC009065.1,1.2856,0.705,1.895,18422.0,6.7438e-06
CHCHD1,1.2857,0.705,1.895,18423.0,6.7411e-06
IL36RN,1.3388,0.806,1.895,18424.0,3.3941e-08
AC011239.1,1.1145,0.392,1.895,18425.0,0.02222
HIST4H4,1.1118,0.391,1.895,18426.0,0.022279
NPFF,1.2707,0.666,1.896,18427.0,3.646e-05
IFNK,1.3685,0.86,1.896,18428.0,9.0615e-10
C12orf74,1.3116,0.746,1.896,18429.0,1.1533e-06
KRTAP9-6,0.0,0.0,1.896,18430.0,0.28406
TSPY10,0.0,0.0,1.896,18431.0,0.28371
FOXD4,1.29,0.707,1.896,18432.0,6.6406e-06
SKA2,1.3259,0.778,1.896,18433.0,1.996e-07
C8orf82,1.2744,0.667,1.897,18434.0,3.6066e-05
C11orf86,1.2932,0.709,1.897,18435.0,6.5689e-06
CENPBD1,0.0,0.0,1.897,18436.0,0.28303
LINC00632,1.0496,0.271,1.897,18437.0,0.089251
AC019206.1,0.0,0.0,1.897,18438.0,0.28267
AL355390.1,1.053,0.272,1.897,18439.0,0.08911
DEFB133,0.0,0.0,1.897,18440.0,0.2827
NDUFB1,1.2759,0.668,1.897,18441.0,3.5908e-05
C17orf67,1.2941,0.709,1.897,18442.0,6.5469e-06
SPACA4,0.0,0.0,1.897,18443.0,0.28303
COX7A2L,1.312,0.746,1.897,18444.0,1.1516e-06
KLHL35,1.4368,0.991,1.898,18445.0,2.3745e-15
TPSB2,1.3629,0.839,1.898,18446.0,5.3313e-09
C10orf120,1.2794,0.669,1.898,18447.0,3.5549e-05
CCL4L2,1.0658,0.273,1.898,18448.0,0.088586
RP11-404P21.8,1.189,0.489,1.898,18449.0,0.0047505
FAM25C,1.0619,0.273,1.898,18450.0,0.088745
PSG5,1.4823,1.084,1.898,18451.0,8.823899999999999e-22
SLC38A8,1.496,1.112,1.898,18452.0,3.3217e-24
AL591025.1,1.1371,0.397,1.898,18453.0,0.021752
OR6B3,1.2534,0.619,1.898,18454.0,0.00019086
OR13J1,1.3039,0.713,1.899,18455.0,6.3322e-06
KRTAP6-2,1.1505,0.4,1.899,18456.0,0.021487
C10orf95,1.1909,0.49,1.899,18457.0,0.0047379
CLDN9,1.3047,0.714,1.899,18458.0,6.3138e-06
OR8K5,1.3214,0.75,1.899,18459.0,1.1097e-06
LRRC18,1.2834,0.671,1.899,18460.0,3.5136e-05
RP11-379H8.1,1.1509,0.4,1.899,18461.0,0.02148
FAM24B,1.0735,0.274,1.899,18462.0,0.088274
OR4X1,1.3047,0.714,1.899,18463.0,6.3135e-06
AC026202.1,1.2294,0.562,1.899,18464.0,0.00096777
ZNF658,1.4274,0.963,1.9,18465.0,9.0413e-14
OR10G9,1.2853,0.672,1.9,18466.0,3.4945e-05
C17orf50,1.3236,0.751,1.9,18467.0,1.1002e-06
PRSS3,1.4103,0.929,1.9,18468.0,3.5636e-12
RP11-410N8.4,1.159,0.402,1.9,18469.0,0.021323
RP11-867G23.8,1.1528,0.4,1.9,18470.0,0.021441
ZNF845,1.2342,0.564,1.9,18471.0,0.00095913
NUDT16,1.2086,0.495,1.901,18472.0,0.0046241
PROK1,1.3115,0.717,1.901,18473.0,6.1702e-06
SDHAF1,1.1056,0.278,1.901,18474.0,0.087043
ZNF107,1.1678,0.403,1.901,18475.0,0.021156
C4orf36,1.2697,0.625,1.901,18476.0,0.00018365
FAM182B,1.1013,0.278,1.901,18477.0,0.087202
HIST2H2BF,1.2071,0.494,1.901,18478.0,0.004633
OR52N2,1.2724,0.626,1.902,18479.0,0.00018247
FCGR1B,1.3958,0.891,1.902,18480.0,1.3372e-10
TMEM107,1.3607,0.818,1.902,18481.0,3.0521e-08
CXorf64,1.2155,0.497,1.902,18482.0,0.0045812
MT1X,1.2489,0.569,1.902,18483.0,0.00093353
RGPD4,1.6104,1.335,1.902,18484.0,8.5288e-62
SERPINA3,1.4304,0.965,1.902,18485.0,8.833e-14
C11orf40,1.3326,0.756,1.902,18486.0,1.0628e-06
KRTAP1-1,1.3214,0.721,1.903,18487.0,5.9686e-06
GJD3,1.3004,0.678,1.903,18488.0,3.3471e-05
DNAH10OS,1.2817,0.63,1.903,18489.0,0.00017857
TMEM243,1.3365,0.757,1.903,18490.0,1.0471e-06
HTATIP2,1.4269,0.951,1.903,18491.0,5.3767e-13
UPK2,1.3652,0.82,1.903,18492.0,2.9877e-08
AC008060.7,1.2242,0.499,1.903,18493.0,0.0045284
FAM209B,1.2788,0.629,1.903,18494.0,0.00017979
LRTM1,1.4561,1.012,1.903,18495.0,3.3678e-16
NEUROG3,1.3218,0.721,1.903,18496.0,5.9611e-06
KRTAP13-3,1.1507,0.283,1.904,18497.0,0.085439
CALML3,1.2632,0.574,1.904,18498.0,0.00090968
PDF,1.3264,0.723,1.904,18499.0,5.8706e-06
AC114494.1,1.1618,0.284,1.904,18500.0,0.085067
CCK,1.305,0.68,1.904,18501.0,3.3034e-05
LCE2D,1.1566,0.284,1.904,18502.0,0.085242
LCE3D,1.1979,0.41,1.904,18503.0,0.020613
CHCHD2,1.3585,0.794,1.904,18504.0,1.7328e-07
DEFB112,1.1939,0.409,1.904,18505.0,0.020684
SPRR2F,1.1584,0.284,1.904,18506.0,0.08518
SPANXN5,1.1565,0.284,1.904,18507.0,0.085244
RP11-408E5.4,1.1555,0.284,1.904,18508.0,0.085277
CASC10,1.1686,0.285,1.905,18509.0,0.084846
RLN2,1.269,0.576,1.905,18510.0,0.00090025
GOLGA8O,1.3626,0.796,1.905,18511.0,1.7023e-07
AC138647.1,1.2089,0.412,1.905,18512.0,0.020424
RNASE4,1.2889,0.633,1.905,18513.0,0.00017566
C5orf63,1.2355,0.502,1.905,18514.0,0.0044611
OR8J1,1.3463,0.762,1.905,18515.0,1.0089e-06
MAP1LC3C,1.3295,0.725,1.905,18516.0,5.8124e-06
RP11-536G4.1,1.1704,0.285,1.905,18517.0,0.084786
RP11-6L6.2,1.289,0.633,1.905,18518.0,0.00017559
OR11H4,1.3861,0.851,1.905,18519.0,4.7248e-09
OR1L3,1.2888,0.633,1.905,18520.0,0.00017569
MT1A,1.2345,0.502,1.905,18521.0,0.0044674
SCGB2A2,1.2909,0.633,1.905,18522.0,0.00017485
ZNF493,1.3286,0.724,1.905,18523.0,5.829e-06
PRDX1,1.3974,0.876,1.905,18524.0,7.6959e-10
GSC2,1.2401,0.503,1.905,18525.0,0.0044347
CLEC3A,1.4176,0.919,1.905,18526.0,1.9968e-11
HBZ,1.2011,0.41,1.905,18527.0,0.020559
AL391421.1,1.2351,0.502,1.905,18528.0,0.0044636
GPR31,1.2036,0.411,1.905,18529.0,0.020514
LINC01119,1.2496,0.506,1.906,18530.0,0.0043811
KRT81,1.4817,1.055,1.906,18531.0,1.2108e-18
DNAH17-AS1,1.2017,0.289,1.906,18532.0,0.083797
ADIPOQ,1.3895,0.853,1.906,18533.0,4.6434e-09
C10orf105,1.1872,0.287,1.906,18534.0,0.084246
CCL7,1.2736,0.577,1.906,18535.0,0.00089294
OR1I1,1.3329,0.726,1.906,18536.0,5.7475e-06
OR2V1,1.3631,0.796,1.906,18537.0,1.6993e-07
TFF1,1.276,0.578,1.906,18538.0,0.00088929
PRED62,1.1871,0.287,1.906,18539.0,0.08425
C12orf76,1.352,0.765,1.906,18540.0,9.8749e-07
GJB7,1.3523,0.765,1.906,18541.0,9.8644e-07
LY6G6E,1.2485,0.506,1.906,18542.0,0.004387
RIIAD1,1.3175,0.685,1.906,18543.0,3.1906e-05
OR3A3,1.2996,0.637,1.907,18544.0,0.00017143
OR4C11,1.3408,0.73,1.907,18545.0,5.6002e-06
C19orf73,1.2184,0.29,1.907,18546.0,0.083294
C1QL1,1.3395,0.729,1.907,18547.0,5.6243e-06
OR10AG1,1.3199,0.686,1.907,18548.0,3.1694e-05
RP11-552I14.1,1.253,0.507,1.907,18549.0,0.0043619
SLIRP,1.356,0.766,1.907,18550.0,9.7265e-07
OR1L4,1.3211,0.686,1.907,18551.0,3.1586e-05
CSHL1,1.4318,0.941,1.907,18552.0,3.0815e-12
FAM9A,1.431,0.941,1.907,18553.0,3.0977e-12
LSMD1,1.3566,0.767,1.907,18554.0,9.7053e-07
RP11-127H5.1,1.2774,0.578,1.907,18555.0,0.00088702
NPW,1.2804,0.579,1.907,18556.0,0.00088233
FABP1,1.3539,0.766,1.907,18557.0,9.8037e-07
C1orf210,1.3028,0.638,1.907,18558.0,0.00017017
LCE1A,1.2508,0.506,1.907,18559.0,0.0043743
CT83,1.2049,0.289,1.907,18560.0,0.083699
MT1M,1.2556,0.508,1.907,18561.0,0.0043473
HMGB4,1.2555,0.508,1.907,18562.0,0.004348
COX19,1.2614,0.509,1.908,18563.0,0.0043158
MUCL1,1.3289,0.689,1.908,18564.0,3.0923e-05
AC008394.1,1.2244,0.291,1.908,18565.0,0.083114
RP11-195B21.3,1.2403,0.292,1.908,18566.0,0.082654
ZNF552,1.2896,0.582,1.908,18567.0,0.00086839
C14orf144,1.2419,0.418,1.908,18568.0,0.019885
TEX37,1.3261,0.688,1.908,18569.0,3.1157e-05
IFIT1B,1.3253,0.688,1.908,18570.0,3.1227e-05
SPTSSB,1.2888,0.582,1.908,18571.0,0.00086955
RNASE6,1.2532,0.294,1.909,18572.0,0.082292
OR52R1,1.3909,0.833,1.909,18573.0,2.6505e-08
SH3BGRL2,1.3777,0.803,1.909,18574.0,1.5983e-07
OR2S2,1.3134,0.642,1.909,18575.0,0.00016621
ZBED3,1.2464,0.293,1.909,18576.0,0.082483
KB-1980E6.3,1.2859,0.297,1.91,18577.0,0.081407
HOPX,1.3523,0.735,1.91,18578.0,5.3973e-06
NPIPB15,1.3545,0.735,1.91,18579.0,5.3603e-06
AC011294.3,1.2781,0.514,1.91,18580.0,0.0042268
GSTA5,1.4343,0.928,1.91,18581.0,1.7989e-11
KRTAP2-4,1.3043,0.587,1.91,18582.0,0.00084684
C1orf189,1.396,0.835,1.91,18583.0,2.5894e-08
CHCHD10,1.3541,0.735,1.91,18584.0,5.3661e-06
OR1L6,1.3395,0.694,1.91,18585.0,3.0047e-05
LYPD3,1.4312,0.926,1.91,18586.0,1.8345e-11
FAM229A,1.3049,0.299,1.911,18587.0,0.080917
C20orf187,1.2882,0.516,1.911,18588.0,0.004175
DEFB106B,1.2958,0.298,1.911,18589.0,0.081151
OR2AP1,1.3426,0.695,1.911,18590.0,2.9797e-05
NUPR1,1.2931,0.518,1.911,18591.0,0.0041502
C5orf56,1.2895,0.517,1.911,18592.0,0.0041687
CCDC54,1.4276,0.909,1.911,18593.0,1.1084e-10
PRAMEF22,1.2883,0.516,1.911,18594.0,0.0041746
HBQ1,1.317,0.591,1.912,18595.0,0.00082894
TAF9B,1.4313,0.911,1.912,18596.0,1.085e-10
KRTAP4-7,1.3335,0.649,1.912,18597.0,0.00015907
POTEI,1.4113,0.864,1.912,18598.0,4.1618e-09
RP11-187E13.2,1.2883,0.427,1.912,18599.0,0.019191
OR8K1,1.3658,0.74,1.912,18600.0,5.1722e-06
AC016885.1,1.3231,0.3,1.912,18601.0,0.080463
AP005482.1,1.3303,0.301,1.912,18602.0,0.080286
PF4V1,1.3263,0.594,1.913,18603.0,0.00081618
SLC9B1P1,1.3119,0.522,1.913,18604.0,0.0040587
ABHD1,1.5346,1.144,1.913,18605.0,3.3799000000000003e-25
KRTAP5-4,1.3032,0.43,1.913,18606.0,0.018983
LSM10,1.3087,0.522,1.913,18607.0,0.0040741
ZNF717,1.3032,0.43,1.913,18608.0,0.018983
TAS2R4,1.371,0.742,1.913,18609.0,5.089e-06
RP11-160N1.10,1.3425,0.302,1.913,18610.0,0.079994
BLOC1S3,1.3081,0.521,1.913,18611.0,0.004077
AC137932.1,1.3607,0.303,1.913,18612.0,0.079566
RMI2,1.3053,0.43,1.913,18613.0,0.018953
OR8U1,1.3856,0.78,1.913,18614.0,8.7306e-07
TMEM86B,1.3725,0.743,1.913,18615.0,5.0655e-06
RBL1,1.3576,0.303,1.913,18616.0,0.079639
MAGEC1,1.3466,0.302,1.913,18617.0,0.079896
LCE1D,1.3122,0.522,1.913,18618.0,0.0040569
OR52N4,1.3683,0.741,1.913,18619.0,5.132e-06
IFNL3,1.4107,0.843,1.914,18620.0,2.4233e-08
ISCA2,1.4097,0.842,1.914,18621.0,2.4343e-08
BIK,1.3745,0.744,1.914,18622.0,5.0334e-06
CXCL5,1.3739,0.744,1.914,18623.0,5.0431e-06
HNRNPA1L2,1.3184,0.433,1.914,18624.0,0.018776
RP11-553A10.1,1.3132,0.523,1.914,18625.0,0.0040523
MALSU1,1.4457,0.934,1.914,18626.0,1.6777e-11
FBXL8,1.4233,0.87,1.914,18627.0,3.9237e-09
OR52J3,1.3814,0.747,1.915,18628.0,4.9269e-06
KLHL25,1.486,1.021,1.915,18629.0,1.5932e-15
GOLGA6L19,1.3437,0.599,1.915,18630.0,0.00079334
TIMM10B,1.3928,0.783,1.915,18631.0,8.5093e-07
NUDT7,1.3952,0.784,1.915,18632.0,8.4378e-07
RP11-93B14.6,1.4089,0.307,1.915,18633.0,0.078497
CSTA,1.3512,0.655,1.915,18634.0,0.00015316
CSTL1,1.4152,0.845,1.915,18635.0,2.3758e-08
HIST1H2BI,1.3277,0.526,1.915,18636.0,0.0039846
RP11-279O9.4,1.3257,0.434,1.915,18637.0,0.01868
RP11-116D17.1,1.4162,0.308,1.915,18638.0,0.078342
SCGB1A1,1.3392,0.598,1.915,18639.0,0.00079919
KRTAP2-1,1.3249,0.526,1.915,18640.0,0.0039974
C9orf16,1.3442,0.437,1.916,18641.0,0.018442
OR51A4,1.3427,0.53,1.916,18642.0,0.0039172
VENTX,1.3737,0.707,1.916,18643.0,2.7462e-05
ZIK1,1.3718,0.706,1.916,18644.0,2.7592e-05
JSRP1,1.4407,0.898,1.916,18645.0,6.1014e-10
HIST1H2AL,1.3461,0.6,1.916,18646.0,0.00079028
FAM107A,1.4006,0.786,1.916,18647.0,8.2783e-07
OR2T1,1.438,0.897,1.916,18648.0,6.188e-10
LYRM1,1.4341,0.876,1.917,18649.0,3.7249e-09
LTB,1.4529,0.922,1.917,18650.0,9.6063e-11
DEC1,1.3843,0.711,1.917,18651.0,2.6727e-05
BID,1.4573,0.941,1.917,18652.0,1.5646e-11
INSL6,1.4336,0.875,1.917,18653.0,3.734e-09
MSRA,1.491,1.024,1.917,18654.0,1.5332e-15
RBM12B-AS1,1.3519,0.439,1.917,18655.0,0.018345
FGFBP2,1.3481,0.531,1.917,18656.0,0.0038934
DSCR4,1.3556,0.603,1.917,18657.0,0.0007784
SELV,1.4514,0.922,1.917,18658.0,9.6824e-11
IL32,1.4329,0.875,1.917,18659.0,3.7471e-09
SPANXD,1.4583,0.311,1.917,18660.0,0.077485
IL9,1.4065,0.789,1.917,18661.0,8.1087e-07
GNRH2,1.4223,0.824,1.918,18662.0,1.3359e-07
TMSB10,1.3772,0.443,1.918,18663.0,0.018038
NPFFR1,1.4881,1.011,1.918,18664.0,9.5481e-15
DEFB110,1.3779,0.443,1.918,18665.0,0.018029
C5orf27,1.486,0.313,1.918,18666.0,0.076951
HIST1H2BC,1.3654,0.536,1.918,18667.0,0.0038196
FOXR2,1.5003,0.314,1.918,18668.0,0.076682
YBEY,1.4216,0.824,1.918,18669.0,1.3393e-07
AC073063.1,1.4986,0.314,1.918,18670.0,0.076715
OR7A10,1.3674,0.441,1.918,18671.0,0.018154
GOLGA8K,1.4751,0.965,1.919,18672.0,2.3308e-12
TCL1A,1.4527,0.905,1.919,18673.0,5.7357e-10
TDGF1,1.4615,0.927,1.919,18674.0,9.1591e-11
CTSZ,1.5042,1.042,1.919,18675.0,2.2587e-16
OR4D11,1.407,0.757,1.919,18676.0,4.5606e-06
FLG2,1.3831,0.444,1.919,18677.0,0.017969
HIST1H2BB,1.3727,0.537,1.919,18678.0,0.0037893
GGACT,1.3762,0.609,1.919,18679.0,0.00075371
BOD1L2,1.5587,0.319,1.919,18680.0,0.075648
EGFL7,1.5132,1.066,1.919,18681.0,5.5498e-18
AC010646.3,1.5518,0.318,1.919,18682.0,0.075765
OR5M3,1.4426,0.88,1.919,18683.0,3.5768e-09
C10orf62,1.4116,0.759,1.92,18684.0,4.499e-06
ICAM3,1.5526,1.156,1.92,18685.0,2.7302e-25
NPIPB8,1.3805,0.539,1.92,18686.0,0.0037575
RPS4Y2,1.3802,0.61,1.92,18687.0,0.00074913
OR13H1,1.4037,0.718,1.92,18688.0,2.5456e-05
C6orf164,1.4057,0.448,1.92,18689.0,0.017709
NPS,1.3917,0.669,1.92,18690.0,0.00014091
SPATA31A6,1.4023,0.718,1.92,18691.0,2.5549e-05
ZNF816,1.3893,0.668,1.92,18692.0,0.00014159
CCL17,1.3974,0.671,1.921,18693.0,0.00013932
FAM104B,1.418,0.45,1.921,18694.0,0.017574
C1orf147,1.4239,0.451,1.921,18695.0,0.017509
FAM115C,1.4462,0.86,1.921,18696.0,2.0765e-08
C2orf27B,1.6197,0.323,1.921,18697.0,0.074656
RP11-812E19.9,1.4272,0.798,1.921,18698.0,7.5529e-07
CRP,1.3958,0.543,1.921,18699.0,0.0036969
CTB-78H18.1,1.4213,0.45,1.921,18700.0,0.017537
AC011997.1,1.4041,0.673,1.921,18701.0,0.00013749
HIST2H3PS2,1.392,0.542,1.921,18702.0,0.0037116
TMEM236,1.4485,0.454,1.922,18703.0,0.017249
RARRES3,1.4452,0.834,1.922,18704.0,1.2234e-07
SPINT3,1.4445,0.454,1.922,18705.0,0.01729
RP11-817J15.3,1.6459,0.324,1.922,18706.0,0.074255
AL022328.1,1.4491,0.455,1.922,18707.0,0.017243
AL627171.1,1.6505,0.325,1.922,18708.0,0.074186
FUT2,1.5008,1.006,1.923,18709.0,5.3218e-14
IGFL1,1.4564,0.864,1.923,18710.0,1.9891e-08
PLGLB1,1.7228,0.329,1.923,18711.0,0.073156
RP11-521M14.2,1.6897,0.327,1.923,18712.0,0.073616
C15orf53,1.4612,0.456,1.923,18713.0,0.01712
PRB1,1.4777,0.935,1.923,18714.0,8.3839e-11
CCDC28B,1.4648,0.891,1.923,18715.0,3.2253e-09
CST7,1.4459,0.835,1.923,18716.0,1.2199e-07
CSAG1,1.4195,0.548,1.923,18717.0,0.003607
CIDEB,1.5086,1.023,1.923,18718.0,8.2186e-15
SPANXC,1.7482,0.33,1.924,18719.0,0.072819
ZACN,1.5501,1.129,1.924,18720.0,4.2738999999999995e-22
HIST2H3D,1.4222,0.622,1.924,18721.0,0.00070344
AP002348.1,1.7528,0.331,1.924,18722.0,0.072758
DUOXA2,1.5159,1.038,1.924,18723.0,1.2666e-15
TEX22,1.4305,0.624,1.924,18724.0,0.00069502
THYN1,1.5214,1.052,1.924,18725.0,1.9691e-16
OR8J3,1.7744,0.332,1.924,18726.0,0.07248
OR9A4,1.4538,0.838,1.924,18727.0,1.1843e-07
MT4,1.4309,0.682,1.924,18728.0,0.00013052
GOLGA8T,1.4951,0.961,1.925,18729.0,1.2558e-11
CT62,1.5047,0.463,1.925,18730.0,0.016698
PRR25,1.479,0.918,1.925,18731.0,5.0229e-10
AC018867.1,1.8092,0.334,1.925,18732.0,0.072047
RP1-241P17.4,1.8417,0.335,1.925,18733.0,0.071659
LCE2C,1.8136,0.334,1.925,18734.0,0.071993
OR6F1,1.4351,0.626,1.925,18735.0,0.00069042
UTS2R,1.4426,0.733,1.925,18736.0,2.3172e-05
TCEAL6,1.51,0.464,1.925,18737.0,0.016648
RP11-15E18.4,1.8989,0.338,1.926,18738.0,0.071012
FLJ20306,1.8963,0.338,1.926,18739.0,0.07104
C20orf166,1.4593,0.557,1.926,18740.0,0.0034664
KIAA0087,1.4644,0.558,1.926,18741.0,0.0034494
C9orf116,1.4522,0.736,1.926,18742.0,2.2657e-05
NMRK2,1.5063,0.983,1.926,18743.0,1.9248e-12
U82695.9,1.5231,0.466,1.926,18744.0,0.016529
EIF3C,1.4475,0.735,1.926,18745.0,2.2907e-05
LCE3B,1.4696,0.559,1.926,18746.0,0.0034323
OR5K4,1.4559,0.777,1.926,18747.0,3.9605e-06
OR8B2,1.5292,0.467,1.926,18748.0,0.016474
SULT1C3,1.5395,1.082,1.926,18749.0,4.4266e-18
KLRF2,1.4934,0.944,1.926,18750.0,7.7125e-11
POLR2J2,1.5202,0.465,1.926,18751.0,0.016555
KCNE1,1.4807,0.562,1.927,18752.0,0.003396
LENEP,1.4828,0.562,1.927,18753.0,0.0033892
SPATA33,1.4509,0.688,1.927,18754.0,0.0001257
CST4,1.4645,0.814,1.927,18755.0,6.6761e-07
FGF22,1.4647,0.814,1.927,18756.0,6.6707e-07
MYEOV,1.4842,0.563,1.927,18757.0,0.0033849
NPIPB7,1.5417,0.468,1.927,18758.0,0.016363
ZNF155,1.4671,0.815,1.927,18759.0,6.6195e-07
OR56A3,1.4856,0.901,1.927,18760.0,2.9344e-09
OR5L2,1.4536,0.737,1.927,18761.0,2.2583e-05
CXXC11,1.5503,0.47,1.927,18762.0,0.016289
KRTAP24-1,1.4693,0.816,1.927,18763.0,6.5742e-07
PGA5,1.4965,0.927,1.928,18764.0,4.6125e-10
RP11-139J15.7,1.4645,0.693,1.928,18765.0,0.00012257
PPAPDC1B,1.5123,0.986,1.928,18766.0,1.8573e-12
RP11-321M21.3,1.9993,0.343,1.928,18767.0,0.069975
PLA2G10,2.0484,0.345,1.928,18768.0,0.069507
CRYZ,1.5682,1.147,1.928,18769.0,5.6616e-23
AC011475.1,1.9907,0.343,1.928,18770.0,0.070058
AKR1B15,1.5648,1.138,1.928,18771.0,3.6787e-22
NEU2,1.5246,1.02,1.928,18772.0,4.5314e-14
AKR7A3,1.5521,1.107,1.928,18773.0,1.0209000000000001e-19
TAS2R39,1.4791,0.849,1.928,18774.0,1.0789e-07
OR2T10,1.4719,0.636,1.928,18775.0,0.00065559
CLEC1A,1.5452,1.076,1.929,18776.0,2.6288e-17
CLPSL1,1.4717,0.743,1.929,18777.0,2.1662e-05
AE000662.92,1.4774,0.697,1.929,18778.0,0.00011973
ZNF678,1.5975,0.476,1.929,18779.0,0.015898
CGB8,1.5904,0.475,1.929,18780.0,0.015956
HIST1H4I,1.6088,0.478,1.929,18781.0,0.015809
CNPY1,1.4742,0.744,1.929,18782.0,2.1539e-05
C8G,1.5441,1.076,1.929,18783.0,2.6521e-17
CDPF1,1.4754,0.744,1.929,18784.0,2.1482e-05
C5orf47,1.4882,0.853,1.929,18785.0,1.0442e-07
SMN1,1.6063,0.477,1.929,18786.0,0.015829
SPRR2D,1.5941,0.476,1.929,18787.0,0.015926
PRAC1,1.5936,0.476,1.929,18788.0,0.01593
OR10G4,1.4759,0.745,1.929,18789.0,2.1457e-05
OR10J1,1.4789,0.82,1.929,18790.0,6.3754e-07
PTPN20A,1.5917,0.475,1.929,18791.0,0.015945
SCGB1C1,1.4751,0.744,1.929,18792.0,2.1497e-05
AL161645.2,2.2107,0.352,1.93,18793.0,0.068126
WFS1,1.6193,1.273,1.93,18794.0,1.6230999999999999e-38
DEFB4B,2.2298,0.353,1.93,18795.0,0.067977
SMIM21,1.4813,0.747,1.93,18796.0,2.1196e-05
SPRR1B,1.4989,0.643,1.93,18797.0,0.00063211
OTOS,1.4862,0.748,1.93,18798.0,2.0966e-05
CCR5,1.5107,0.934,1.93,18799.0,4.3094e-10
UBBP4,1.4885,0.789,1.93,18800.0,3.623e-06
LRRN4CL,1.4987,0.753,1.931,18801.0,2.0393e-05
MRPL23,1.5056,0.887,1.931,18802.0,1.6288e-08
RP11-322E11.6,1.6621,0.485,1.931,18803.0,0.015411
OR1F1,1.4949,0.792,1.931,18804.0,3.5616e-06
ANKRD20A3,1.5486,0.576,1.931,18805.0,0.0031925
NBPF15,1.495,0.826,1.931,18806.0,6.0603e-07
ZNF705G,1.5028,0.886,1.931,18807.0,1.6471e-08
MC3R,1.5007,0.859,1.931,18808.0,9.9877e-08
OR2Z1,1.4939,0.826,1.931,18809.0,6.0814e-07
OR4C16,1.4987,0.828,1.931,18810.0,5.9911e-07
OR4K13,1.5023,0.859,1.931,18811.0,9.93e-08
OR4Q3,1.5033,0.886,1.931,18812.0,1.6435e-08
IAPP,1.5526,0.577,1.931,18813.0,0.0031814
OR7D4,1.6496,0.483,1.931,18814.0,0.015502
UBE2NL,1.6662,0.485,1.931,18815.0,0.015382
INSL4,1.5073,0.706,1.932,18816.0,0.00011355
RASSF6,1.5923,1.188,1.932,18817.0,2.7376e-26
OR13C4,1.5141,0.891,1.932,18818.0,1.5755e-08
PRAMEF4,1.5324,0.981,1.932,18819.0,1.0209e-11
IL3,1.5143,0.914,1.932,18820.0,2.5874e-09
FAM24A,1.6891,0.488,1.932,18821.0,0.015222
NPIPB6,1.5217,0.649,1.932,18822.0,0.00061348
TMEM170A,1.514,0.834,1.933,18823.0,5.716e-07
GLRX,1.5164,0.835,1.933,18824.0,5.6744e-07
RP11-324D17.1,1.5851,0.583,1.933,18825.0,0.0030941
AMY1B,1.5355,0.653,1.933,18826.0,0.00060271
AL139333.1,2.4775,0.361,1.933,18827.0,0.066279
AL646016.1,2.4784,0.361,1.933,18828.0,0.066274
IFI27L2,1.5179,0.709,1.933,18829.0,0.00011149
GJD4,1.7276,0.493,1.933,18830.0,0.014965
MED11,1.5192,0.867,1.933,18831.0,9.3635e-08
OR51B5,1.5139,0.864,1.933,18832.0,9.5367e-08
OR52K2,1.5152,0.835,1.933,18833.0,5.6952e-07
KRTAP27-1,2.5209,0.362,1.933,18834.0,0.066018
KRTAP4-9,1.5207,0.71,1.933,18835.0,0.00011095
KRTAP5-9,1.7251,0.492,1.933,18836.0,0.014981
CLDN25,1.5242,0.895,1.934,18837.0,1.5149e-08
RP11-276H1.3,1.7393,0.494,1.934,18838.0,0.01489
OVCH2,1.6227,1.26,1.934,18839.0,2.5933e-35
MBD3L5,2.6183,0.365,1.934,18840.0,0.065468
HOXC12,1.529,0.921,1.934,18841.0,2.4299e-09
TAAR5,1.5357,0.965,1.934,18842.0,6.2057e-11
ASMT,1.579,1.132,1.934,18843.0,1.2722e-20
HBA2,1.5973,0.586,1.934,18844.0,0.003063
HBD,1.5256,0.762,1.934,18845.0,1.9236e-05
FGL1,1.5954,1.184,1.934,18846.0,1.6765e-25
PRAMEF20,1.6141,0.589,1.934,18847.0,0.0030211
OR52B2,1.5274,0.897,1.934,18848.0,1.4968e-08
OR52E4,1.5212,0.837,1.934,18849.0,5.593e-07
GOLGA6D,1.5256,0.869,1.934,18850.0,9.1588e-08
AC062017.1,1.6124,0.588,1.934,18851.0,0.0030253
OR5K1,1.5181,0.836,1.934,18852.0,5.6457e-07
HIST1H2AB,1.5764,0.663,1.935,18853.0,0.00057284
MUC7,1.7896,0.5,1.935,18854.0,0.014582
OR9K2,1.5351,0.843,1.935,18855.0,5.3659e-07
UQCR11,1.5505,0.719,1.935,18856.0,0.00010553
GZMB,1.557,1.038,1.935,18857.0,3.6674e-14
RAB42,1.635,0.593,1.935,18858.0,0.0029709
APOC4,1.5343,0.873,1.935,18859.0,8.893e-08
PRR9,1.5354,0.807,1.935,18860.0,3.2056e-06
GPHA2,1.5372,0.901,1.935,18861.0,1.4418e-08
FAAH2,1.5857,1.144,1.935,18862.0,1.8916999999999997e-21
OR5B21,1.5284,0.804,1.935,18863.0,3.2629e-06
SPN,1.8197,0.503,1.936,18864.0,0.014408
C10orf55,1.8254,0.504,1.936,18865.0,0.014376
HIST1H2AK,1.5574,0.721,1.936,18866.0,0.00010432
OR2T11,1.5417,0.845,1.936,18867.0,5.2633e-07
ACOT13,1.5452,0.811,1.936,18868.0,3.1271e-06
DRD5,1.5711,1.081,1.936,18869.0,1.348e-16
FAM127C,1.847,0.506,1.936,18870.0,0.014256
OR52B4,1.5421,0.845,1.936,18871.0,5.257e-07
NPBWR1,1.5393,0.902,1.936,18872.0,1.4304e-08
HIST1H4B,1.6591,0.597,1.936,18873.0,0.0029154
OR5I1,1.5422,0.845,1.936,18874.0,5.2554e-07
WFDC10A,1.8184,0.503,1.936,18875.0,0.014415
FOLR4,1.5663,1.056,1.936,18876.0,5.5093e-15
C15ORF37,1.5443,0.81,1.936,18877.0,3.1345e-06
IDI2,1.5408,0.927,1.936,18878.0,2.3124e-09
SYT8,1.6022,1.182,1.936,18879.0,9.8941e-25
DEFB125,1.809,0.502,1.936,18880.0,0.014469
NUTM2A,1.5356,0.843,1.936,18881.0,5.3583e-07
HIST1H2AG,1.6094,0.671,1.937,18882.0,0.00055075
OR13C3,1.5464,0.878,1.937,18883.0,8.5387e-08
PPDPF,1.5705,0.725,1.937,18884.0,0.00010213
RP11-219B4.5,1.8573,0.507,1.937,18885.0,0.014201
KCNE2,1.5746,0.726,1.937,18886.0,0.00010145
GPR141,1.5467,0.878,1.937,18887.0,8.531e-08
TAS2R41,1.5635,1.013,1.937,18888.0,1.3825e-12
AL135998.1,3.1343,0.377,1.937,18889.0,0.063159
ZNF468,1.5805,0.728,1.937,18890.0,0.00010049
TMEM105,1.8528,0.507,1.937,18891.0,0.014225
OR4A47,1.5547,0.881,1.938,18892.0,8.3071e-08
KRTAP3-3,1.6139,0.672,1.938,18893.0,0.00054788
AC005544.1,1.8983,0.512,1.938,18894.0,0.013987
KDELR3,1.565,0.979,1.938,18895.0,5.376e-11
OR6C65,1.5661,0.775,1.938,18896.0,1.7684e-05
OR6C70,1.5605,0.852,1.938,18897.0,4.983e-07
FAM9C,1.568,0.855,1.939,18898.0,4.8778e-07
CST2,1.5638,0.885,1.939,18899.0,8.0628e-08
C2orf88,1.7307,0.61,1.939,18900.0,0.0027643
EME2,1.6087,1.173,1.939,18901.0,3.756e-23
NBPF14,1.6423,1.278,1.939,18902.0,3.0119e-36
OR5D14,1.5784,0.822,1.939,18903.0,2.8827e-06
FAM27B,3.7661,0.388,1.939,18904.0,0.061241
AMZ1,1.61,1.174,1.939,18905.0,3.7114e-23
NPIPA8,3.91,0.39,1.939,18906.0,0.060896
AL137026.1,4.3887,0.396,1.94,18907.0,0.059917
HIST1H4E,2.0116,0.523,1.94,18908.0,0.013453
HIST3H3,1.5996,0.786,1.94,18909.0,1.6542e-05
OR5AR1,1.5785,0.891,1.94,18910.0,7.6881e-08
OR6C68,2.0284,0.524,1.94,18911.0,0.01338
DEFB131,2.0122,0.523,1.94,18912.0,0.01345
SPRR2E,4.2719,0.395,1.94,18913.0,0.060135
ARMS2,1.6633,0.683,1.94,18914.0,0.00051801
RP11-297N6.4,2.0336,0.525,1.94,18915.0,0.013358
HCAR3,1.5715,0.888,1.94,18916.0,7.8636e-08
NPIPA7,4.0119,0.392,1.94,18917.0,0.060667
AC007401.2,1.7537,0.614,1.94,18918.0,0.0027199
AL033381.1,2.0333,0.525,1.94,18919.0,0.013359
RFPL3,1.5983,0.785,1.94,18920.0,1.6582e-05
AL353354.1,2.0833,0.529,1.941,18921.0,0.013153
HIST1H4G,2.072,0.528,1.941,18922.0,0.013198
PRAMEF19,4.5394,0.398,1.941,18923.0,0.059654
RP11-481A20.11,1.6757,0.686,1.941,18924.0,0.00051106
PTRHD1,1.587,0.862,1.941,18925.0,4.6245e-07
CORT,2.0858,0.529,1.941,18926.0,0.013143
CCDC167,1.5849,0.862,1.941,18927.0,4.6515e-07
NDUFB3,1.6134,0.79,1.941,18928.0,1.6105e-05
OR10K2,1.6016,0.83,1.941,18929.0,2.7284e-06
NUPR1L,1.6839,0.688,1.941,18930.0,0.00050652
ZNF785,1.5985,0.829,1.941,18931.0,2.7478e-06
GAGE1,2.0932,0.53,1.941,18932.0,0.013113
PTH2,1.8061,0.622,1.942,18933.0,0.0026248
LINC01118,1.5878,0.948,1.942,18934.0,1.9119e-09
NUDT1,1.593,1.011,1.942,18935.0,7.4464e-12
HIST1H2AH,1.7124,0.694,1.942,18936.0,0.00049143
SAA2,1.6057,0.832,1.942,18937.0,2.7019e-06
AC005841.1,1.5912,0.972,1.942,18938.0,2.9965e-10
XXbac-BPG32J3.20,1.6549,0.748,1.942,18939.0,8.9666e-05
CTD-2054N24.2,1.8138,0.623,1.942,18940.0,0.0026117
HIST1H2BN,1.7061,0.693,1.942,18941.0,0.00049469
OR5H14,1.5971,0.866,1.942,18942.0,4.4964e-07
PSG4,1.6412,1.237,1.943,18943.0,5.9115e-29
BEX5,1.8575,0.63,1.943,18944.0,0.0025394
C2CD4B,1.6621,0.75,1.943,18945.0,8.8732e-05
SSMEM1,1.6019,1.062,1.943,18946.0,2.777e-14
VCX2,5.6758,0.407,1.943,18947.0,0.058136
C8orf74,1.6045,1.017,1.943,18948.0,7.0341e-12
SPATA31A7,1.8395,0.627,1.943,18949.0,0.0025685
KRTAP10-6,1.598,0.952,1.943,18950.0,1.8374e-09
OR4K1,1.6109,0.904,1.943,18951.0,6.9454e-08
ALG1L,1.6123,0.933,1.944,18952.0,1.0994e-08
RP11-67H2.1,2.2563,0.543,1.944,18953.0,0.012526
PXT1,1.6362,0.842,1.944,18954.0,2.5199e-06
SLC10A2,1.6188,1.108,1.944,18955.0,9.5802e-17
ANKRD20A4,1.6104,1.052,1.944,18956.0,1.6819e-13
C19orf80,1.609,1.019,1.944,18957.0,6.8776e-12
MESP1,1.6832,0.756,1.944,18958.0,8.6067e-05
NUTM2E,1.652,0.802,1.944,18959.0,1.4976e-05
RP11-247C2.2,1.7579,0.704,1.944,18960.0,0.00046915
LMF2,1.6805,1.358,1.944,18961.0,2.3978999999999997e-50
AC010441.1,1.6582,0.804,1.944,18962.0,1.4806e-05
S100A7A,1.8679,0.632,1.944,18963.0,0.002523
OCM,1.6152,0.934,1.944,18964.0,1.0885e-08
OR51A7,1.632,0.841,1.944,18965.0,2.5439e-06
TXNRD3NB,1.6195,0.874,1.944,18966.0,4.2326e-07
CYP2D6,1.6361,1.21,1.944,18967.0,1.0793e-25
HIST1H3B,1.6585,0.804,1.944,18968.0,1.4796e-05
TIFAB,1.6782,0.809,1.945,18969.0,1.4279e-05
DPRX,1.6568,0.849,1.945,18970.0,2.4069e-06
KIAA1456,1.6187,0.961,1.945,18971.0,1.6974e-09
OR7C2,8.3506,0.419,1.945,18972.0,0.056235
C14orf178,1.7659,0.705,1.945,18973.0,0.00046544
AC008372.1,9.5976,0.423,1.945,18974.0,0.05572
TMEM207,1.6167,1.004,1.945,18975.0,4.2258e-11
C9orf139,1.9108,0.638,1.945,18976.0,0.0024581
AC016757.3,1.9287,0.641,1.945,18977.0,0.0024322
AL355490.1,1.6763,0.809,1.945,18978.0,1.4329e-05
HIST1H2BO,1.7867,0.71,1.945,18979.0,0.00045605
AMELY,1.7032,0.761,1.945,18980.0,8.3683e-05
FTL,1.6243,0.964,1.946,18981.0,1.6617e-09
POLR2L,1.791,0.71,1.946,18982.0,0.00045417
KRTAP4-2,2.3997,0.554,1.946,18983.0,0.01209
OR8H1,1.7254,0.766,1.946,18984.0,8.1158e-05
CD1A,1.6427,1.201,1.946,18985.0,4.1954e-24
hsa-mir-150,11.073,0.426,1.946,18986.0,0.055262
ACTBL2,1.6268,1.101,1.946,18987.0,5.8166e-16
GNG13,1.7334,0.768,1.946,18988.0,8.0284e-05
CBWD5,1.7921,0.711,1.946,18989.0,0.00045369
IQCF3,1.8409,0.72,1.947,18990.0,0.00043339
HIST1H2AD,1.7101,0.819,1.947,18991.0,1.3501e-05
NPIPB3,2.0052,0.651,1.947,18992.0,0.0023295
KRTAP6-1,2.0155,0.653,1.947,18993.0,0.0023165
TBC1D3F,1.7031,0.817,1.947,18994.0,1.3666e-05
TMEM14B,1.649,0.948,1.947,18995.0,9.7154e-09
HES4,1.6997,0.816,1.947,18996.0,1.3746e-05
KRTAP13-2,1.7057,0.817,1.947,18997.0,1.3605e-05
ZNF812,1.687,0.858,1.947,18998.0,2.2548e-06
AC006435.1,1.6504,0.919,1.947,18999.0,6.1673e-08
C10orf25,1.67,0.892,1.948,19000.0,3.7114e-07
FAM211B,1.6439,1.053,1.948,19001.0,9.0241e-13
TP53AIP1,1.7303,0.824,1.948,19002.0,1.3043e-05
DNASE1,1.6476,1.173,1.948,19003.0,6.980099999999999e-21
MPZL3,1.6382,1.081,1.948,19004.0,2.2417e-14
C13orf45,1.6592,0.952,1.948,19005.0,9.3942e-09
CXCL2,1.6813,0.896,1.948,19006.0,3.6079e-07
HRNR,1.8604,0.724,1.948,19007.0,0.0004258
RP11-527L4.2,2.5796,0.565,1.948,19008.0,0.011627
GAGE2B,2.0363,0.655,1.948,19009.0,0.0022911
TRAPPC2L,1.6477,1.018,1.948,19010.0,3.6837e-11
C21orf128,2.0951,0.663,1.949,19011.0,0.0022227
IFITM5,1.7041,0.864,1.949,19012.0,2.1754e-06
SPINK6,1.69,0.899,1.949,19013.0,3.5317e-07
C20orf144,2.0941,0.663,1.949,19014.0,0.0022238
FAM111A,2.093,0.663,1.949,19015.0,0.002225
FAM86C1,1.6537,1.04,1.949,19016.0,5.5551e-12
NME3,1.6758,0.928,1.949,19017.0,5.7291e-08
DIRC3,1.7039,0.904,1.95,19018.0,3.4129e-07
PGPEP1L,1.6829,0.961,1.95,19019.0,8.7056e-09
ZNF701,1.6911,0.934,1.95,19020.0,5.4866e-08
OR4A5,1.755,0.831,1.95,19021.0,1.2516e-05
OR10H3,2.1451,0.669,1.95,19022.0,0.0021689
BRICD5,1.6561,1.139,1.95,19023.0,1.1472e-17
MS4A6A,1.6588,1.06,1.95,19024.0,8.3775e-13
RP11-514P8.7,2.804,0.578,1.95,19025.0,0.011149
TPSAB1,1.6616,1.077,1.95,19026.0,1.2733e-13
OR2T27,1.7742,0.836,1.95,19027.0,1.2132e-05
MT2A,1.7667,0.834,1.95,19028.0,1.2279e-05
OR5M10,2.9745,0.586,1.951,19029.0,0.010843
GPBAR1,1.6787,0.986,1.951,19030.0,1.3633e-09
PRAMEF17,1.7023,0.938,1.951,19031.0,5.3177e-08
PRAMEF26,1.7162,0.908,1.951,19032.0,3.3135e-07
C3orf72,1.8386,0.793,1.951,19033.0,7.0177e-05
MRPL34,1.8511,0.796,1.951,19034.0,6.9136e-05
SPAG11A,1.845,0.794,1.951,19035.0,6.9645e-05
RPA3,1.6885,0.963,1.951,19036.0,8.5529e-09
SERHL2,1.6726,1.112,1.952,19037.0,2.8325e-15
AC009892.10,3.2664,0.599,1.952,19038.0,0.010406
DEFB115,2.2533,0.681,1.952,19039.0,0.0020641
MLANA,1.7017,0.995,1.952,19040.0,1.2584e-09
CT47B1,1.7256,0.977,1.953,19041.0,7.6299e-09
GAGE12J,2.342,0.691,1.953,19042.0,0.0019883
CPZ,1.6987,1.312,1.953,19043.0,8.8063e-36
SMIM22,1.9035,0.807,1.953,19044.0,6.5039e-05
AP003068.23,2.3252,0.689,1.953,19045.0,0.002002
AQP7,1.6841,1.131,1.953,19046.0,4.0504e-16
HIST1H4D,2.346,0.691,1.953,19047.0,0.0019851
C19orf24,1.7756,0.927,1.954,19048.0,2.8876e-07
BGLAP,1.755,0.956,1.954,19049.0,4.6155e-08
RP1L1,1.7165,1.026,1.954,19050.0,1.8205e-10
C19orf83,2.4045,0.697,1.954,19051.0,0.0019397
PATE1,1.7366,0.981,1.954,19052.0,7.3818e-09
DEFB116,2.4127,0.698,1.954,19053.0,0.0019336
FUT3,1.9322,0.813,1.954,19054.0,6.2991e-05
CRCT1,2.4045,0.697,1.954,19055.0,0.0019397
HIST1H4C,2.0679,0.76,1.954,19056.0,0.00035964
HIST1H4L,2.1066,0.766,1.954,19057.0,0.00034971
PSG8,1.695,1.225,1.955,19058.0,1.6761e-23
OR11H1,1.8847,0.864,1.955,19059.0,1.0253e-05
OXCT2,1.8004,0.935,1.955,19060.0,2.7337e-07
SULT6B1,1.6974,1.192,1.955,19061.0,3.056e-20
OR5F1,1.9914,0.825,1.955,19062.0,5.9115e-05
ZNF836,1.8847,0.864,1.955,19063.0,1.0252e-05
ANKRD20A2,2.174,0.776,1.956,19064.0,0.00033379
AHSP,2.1971,0.779,1.956,19065.0,0.0003287
HMHB1,4.2247,0.629,1.956,19066.0,0.0094526
OR56B1,1.7538,1.015,1.956,19067.0,1.0582e-09
S100A2,2.0031,0.827,1.956,19068.0,5.8403e-05
FABP9,1.7671,0.992,1.956,19069.0,6.7502e-09
OR4X2,1.7676,0.992,1.956,19070.0,6.7397e-09
GIMAP4,2.7143,0.724,1.957,19071.0,0.0017434
DSCR8,2.0698,0.84,1.957,19072.0,5.4635e-05
DUSP21,2.2216,0.782,1.957,19073.0,0.0003235
DEFB132,2.6707,0.721,1.957,19074.0,0.0017672
DEFB134,2.7185,0.724,1.957,19075.0,0.0017412
C9orf92,1.8003,0.971,1.957,19076.0,4.1133e-08
AL133481.1,2.7135,0.724,1.957,19077.0,0.0017438
CCDC144NL,1.729,1.109,1.957,19078.0,9.0476e-14
RP11-272B17.2,2.0498,0.836,1.957,19079.0,5.5715e-05
S100A5,2.0609,0.838,1.957,19080.0,5.5111e-05
OR4C15,1.778,0.996,1.957,19081.0,6.5425e-09
MYL5,1.7443,1.116,1.958,19082.0,8.4023e-14
CH17-132F21.1,2.7533,0.727,1.958,19083.0,0.0017229
APRT,1.7501,1.101,1.958,19084.0,5.4539e-13
RP11-351M8.1,1.9841,0.887,1.958,19085.0,8.9472e-06
TNFRSF13B,1.7261,1.138,1.958,19086.0,2.0908e-15
OR4M2,1.8173,0.977,1.958,19087.0,3.9447e-08
HIST1H3E,1.9273,0.927,1.959,19088.0,1.4382e-06
HIST3H2BB,2.1309,0.851,1.959,19089.0,5.1581e-05
OR5H15,2.0076,0.892,1.959,19090.0,8.68e-06
OR6C4,1.8322,1.014,1.959,19091.0,5.633e-09
ZNF765,2.0097,0.893,1.959,19092.0,8.6566e-06
OR14J1,2.8665,0.735,1.959,19093.0,0.0016678
DEFB106A,5.9568,0.659,1.959,19094.0,0.0085821
GNG10,2.1265,0.85,1.959,19095.0,5.1789e-05
AL645922.1,3.0214,0.746,1.96,19096.0,0.0016012
HIST1H4K,3.0925,0.75,1.96,19097.0,0.0015737
SERPINB12,1.7314,1.26,1.96,19098.0,2.7720000000000004e-25
FLG,2.4175,0.808,1.96,19099.0,0.00028793
LEUTX,3.0271,0.746,1.96,19100.0,0.001599
OR52M1,1.8371,1.016,1.96,19101.0,5.5596e-09
CST1,1.8822,0.997,1.96,19102.0,3.3855e-08
DEFB108B,3.0145,0.745,1.96,19103.0,0.001604
KNCN,2.2154,0.865,1.961,19104.0,4.787e-05
ANKRD65,1.8729,1.028,1.961,19105.0,5.0619e-09
MZT2A,2.0734,0.906,1.961,19106.0,8.001e-06
RP11-144F15.1,2.1156,0.914,1.962,19107.0,7.6137e-06
ATP5L2,2.5957,0.828,1.962,19108.0,0.00026278
AC004466.1,3.4686,0.771,1.962,19109.0,0.001452
C9orf170,2.128,0.917,1.962,19110.0,7.5061e-06
TBL1Y,1.8207,1.13,1.963,19111.0,4.03e-13
TBC1D3C,2.7444,0.842,1.963,19112.0,0.00024562
PDIA2,1.7544,1.328,1.963,19113.0,8.4515e-33
HIST1H2AA,3.5793,0.776,1.963,19114.0,0.0014225
TMEM80,1.9177,1.042,1.963,19115.0,4.5227e-09
HIST1H3G,2.0658,0.959,1.963,19116.0,1.1617e-06
HIST1H4H,2.1709,0.925,1.963,19117.0,7.1537e-06
LYRM5,2.1173,0.971,1.964,19118.0,1.0805e-06
SSTR4,1.8418,1.139,1.964,19119.0,3.6978e-13
TYR,1.7656,1.33,1.964,19120.0,4.9861e-32
C2orf83,2.2297,0.936,1.964,19121.0,6.7173e-06
PLA2G1B,1.8938,1.091,1.965,19122.0,1.0057e-10
RP11-318A15.7,2.1554,0.979,1.965,19123.0,1.0263e-06
TMEM125,2.173,0.982,1.965,19124.0,1.0028e-06
IMP3,2.1039,1.015,1.966,19125.0,1.5469e-07
TPSG1,1.8503,1.177,1.966,19126.0,7.5883e-15
AC005493.1,4.8133,0.819,1.966,19127.0,0.0012042
GHRL,1.9066,1.12,1.966,19128.0,1.3921e-11
DEFB4A,5.1765,0.828,1.967,19129.0,0.0011637
NBPF8,2.1592,1.028,1.967,19130.0,1.4181e-07
NBPF9,1.7841,1.378,1.967,19131.0,9.5156e-39
RP11-467N20.5,2.0896,1.053,1.967,19132.0,2.2113e-08
SMCO4,3.3814,0.891,1.967,19133.0,0.00019629
MC1R,1.9675,1.116,1.967,19134.0,8.1075e-11
FAHD1,1.9136,1.145,1.967,19135.0,1.9528e-12
HIST1H4A,3.2281,0.881,1.967,19136.0,0.00020556
SCT,2.1481,1.025,1.967,19137.0,1.4425e-07
IGLL5,2.0058,1.099,1.968,19138.0,5.1865e-10
TMPRSS11BNL,2.0695,1.085,1.968,19139.0,3.2022e-09
DEFA5,2.5068,0.979,1.968,19140.0,5.1896e-06
RP11-297M9.1,3.56,0.902,1.968,19141.0,0.00018693
SCGB1D1,2.2206,1.041,1.968,19142.0,1.294e-07
C17orf97,2.5931,0.991,1.969,19143.0,4.8417e-06
OR4S2,2.0424,1.109,1.969,19144.0,4.7442e-10
OR52K1,2.165,1.071,1.969,19145.0,1.9319e-08
HIST1H2BM,2.5404,0.984,1.969,19146.0,5.0487e-06
FAM167A,2.0086,1.154,1.97,19147.0,1.0164e-11
CXCL6,2.1517,1.105,1.97,19148.0,2.7101e-09
HIST1H2BL,2.7177,1.007,1.97,19149.0,4.4132e-06
NBPF20,1.8724,1.299,1.971,19150.0,1.9220999999999998e-22
DEFA6,2.7705,1.013,1.971,19151.0,4.2537e-06
HIST1H2BD,2.7864,1.015,1.971,19152.0,4.2079e-06
HIST1H2BE,2.8076,1.017,1.971,19153.0,4.1485e-06
HIST1H2BK,2.7587,1.012,1.971,19154.0,4.2884e-06
C1QTNF8,2.0392,1.187,1.972,19155.0,1.2959e-12
HIST1H2BH,2.9325,1.031,1.972,19156.0,3.8304e-06
HIST1H3A,2.5976,1.054,1.972,19157.0,6.293e-07
CTD-2228K2.5,2.6647,1.063,1.972,19158.0,5.9245e-07
MIB1,1.8273,1.543,1.973,19159.0,3.3574e-88
SMIM3,5.2945,0.967,1.973,19160.0,0.00013765
HIST1H2AM,2.7643,1.076,1.973,19161.0,5.4464e-07
CT45A5,2.4046,1.121,1.973,19162.0,1.3301e-08
KCNV2,1.8753,1.343,1.973,19163.0,1.1944e-26
HIST1H2BG,2.9031,1.092,1.974,19164.0,4.8893e-07
PRB2,2.4237,1.124,1.974,19165.0,1.2951e-08
OXER1,2.6965,1.121,1.975,19166.0,7.3192e-08
HIST1H1A,2.7238,1.125,1.975,19167.0,7.1262e-08
SMAD6,1.9705,1.309,1.975,19168.0,3.6282e-20
SLC10A1,2.0431,1.265,1.975,19169.0,4.7887e-16
KRTAP5-10,4.2158,1.036,1.975,19170.0,1.9223e-05
OR4C13,2.3434,1.182,1.975,19171.0,2.5329e-10
NUDT19,2.0839,1.261,1.975,19172.0,2.9701e-15
CST9L,2.2067,1.209,1.975,19173.0,5.992e-12
GOLGA8S,1.9237,1.381,1.976,19174.0,1.6694e-28
NBPF16,5.133,1.07,1.976,19175.0,1.5992e-05
OR4C3,2.3758,1.189,1.976,19176.0,2.39e-10
AGR3,2.0001,1.308,1.976,19177.0,2.2088e-19
GOLGA8H,1.8975,1.423,1.977,19178.0,5.4636e-36
PUSL1,2.0302,1.332,1.977,19179.0,2.6543e-20
OR2AG1,2.3779,1.221,1.977,19180.0,3.1156e-11
PRB4,2.6151,1.196,1.977,19181.0,1.2854e-09
C4orf6,2.9011,1.195,1.978,19182.0,7.4562e-09
PRAMEF6,2.4732,1.24,1.978,19183.0,2.6109e-11
HBB,2.6505,1.202,1.978,19184.0,1.2274e-09
OR4C46,3.715,1.219,1.98,19185.0,3.5175e-08
DEFB135,5.8226,1.174,1.98,19186.0,1.56e-06
GOLGA8R,2.6273,1.296,1.981,19187.0,2.5398e-12
PSG2,2.0346,1.443,1.981,19188.0,1.3820000000000001e-30
HIST1H2BF,3.8799,1.23,1.981,19189.0,3.2385e-08
GJB2,2.6153,1.387,1.984,19190.0,6.562e-16
TRIM48,2.2282,1.479,1.985,19191.0,1.0995e-27
PSG1,2.2608,1.506,1.986,19192.0,1.6242e-29
NBPF10,2.0068,1.642,1.988,19193.0,4.1008e-85
LZTR1,2.2804,1.754,1.994,19194.0,1.0210999999999999e-92
CD36,2.8168,1.769,1.995,19195.0,1.0857e-60
SSX1,6.5019,1.826,1.996,19196.0,3.6857000000000003e-45
COX7B2,,,,,
DUX4L4,,,,,
EBLN1,,,,,
EBLN2,,,,,
H1FNT,,,,,
H2AFB1,,,,,
H3F3C,,,,,
HUS1B,,,,,
IRGM,,,,,
MT1HL1,,,,,
CKS1B,,,,,
RFPL4B,,,,,
FAM183B,,,,,
VN1R1,,,,,
VN1R2,,,,,
VN1R4,,,,,
HEPN1,,,,,
PRKACG,,,,,
RP11-382J12.1,,,,,
RP11-3B7.1,,,,,
RP11-429E11.3,,,,,
RP11-480I12.4,,,,,
RP11-863K10.7,,,,,
RP11-89N17.1,,,,,
SMCP,,,,,
TMEM14E,,,,,
AGAP4,,,,,
AGAP8,,,,,
ANP32D,,,,,
CCDC140,,,,,
C19orf48,,,,,
EID2B,,,,,
C8orf49,,,,,
C8orf56,,,,,
C9orf163,,,,,
FAM71A,,,,,
NAT8,,,,,
TSPYL6,,,,,
TSRM,,,,,
CCDC177,,,,,
KRTAP12-1,,,,,
KRTAP12-2,,,,,
KRTAP12-3,,,,,
KRTAP12-4,,,,,
KRTAP13-1,,,,,
KRTAP15-1,,,,,
KRTAP19-1,,,,,
KRTAP19-2,,,,,
KRTAP19-3,,,,,
KRTAP19-4,,,,,
KRTAP19-5,,,,,
KRTAP19-6,,,,,
BX088651.1,,,,,
BX255923.1,,,,,
AF131215.5,,,,,
OR2Y1,,,,,
OR4A15,,,,,
OR51A2,,,,,
HSPB9,,,,,
PCED1B,,,,,
FKSG52,,,,,
ZNF843,,,,,
ZNF860,,,,,
GVQW1,,,,,
NCBP2L,,,,,
MAS1L,,,,,
POM121L12,,,,,
PTTG2,,,,,
ZFP42,,,,,
C12orf61,,,,,
C14orf132,,,,,
FLJ00104,,,,,
FLJ00418,,,,,
FLJ20373,,,,,
FLJ45079,,,,,
MAGEA1,,,,,
MAGEA10,,,,,
MAGEA12,,,,,
MAGEA3,,,,,
MAGEA4,,,,,
MAGEA6,,,,,
MAGEA8,,,,,
MAGEA9B,,,,,
MAGEB1,,,,,
MAGEB10,,,,,
MAGEB17,,,,,
MAGEB2,,,,,
MAGEB4,,,,,
MAGEB5,,,,,
MAGEB6,,,,,
MAGEC2,,,,,
PBOV1,,,,,
PLAC1,,,,,
SPHAR,,,,,
GABARAPL3,,,,,
SSBP3-AS1,,,,,
ANXA2R,,,,,
AP000679.2,,,,,
AP000695.1,,,,,
AP000867.1,,,,,
AP000974.1,,,,,
AP001350.1,,,,,
AP001816.1,,,,,
AP001885.1,,,,,
AP003062.1,,,,,
AP003733.1,,,,,
FTHL17,,,,,
HRCT1,,,,,
MRGPRD,,,,,
MRGPRE,,,,,
MRGPRG,,,,,
MRGPRX1,,,,,
MRGPRX2,,,,,
MRGPRX3,,,,,
MRGPRX4,,,,,
OR11H12,,,,,
OR13C5,,,,,
OR14A16,,,,,
OR14A2,,,,,
OR14C36,,,,,
OR14I1,,,,,
OR14K1,,,,,
OR1M1,,,,,
OR1N1,,,,,
STH,,,,,
RAB40A,,,,,
RAB6C,,,,,
SDIM1,,,,,
SUMO4,,,,,
SRRM5,,,,,
SRY,,,,,
TEX19,,,,,
ZNF788,,,,,
ZNF80,,,,,
TRIM60,,,,,
DEFB107B,,,,,
ADAM20,,,,,
ADAM29,,,,,
ADAM30,,,,,
GPR32,,,,,
IVL,,,,,
SBP1,,,,,
C9orf37,,,,,
C9orf38,,,,,
C9orf53,,,,,
FOXD4L5,,,,,
FOXD4L6,,,,,
MTRNR2L1,,,,,
MTRNR2L10,,,,,
MTRNR2L12,,,,,
MTRNR2L13,,,,,
MTRNR2L2,,,,,
MTRNR2L3,,,,,
MTRNR2L4,,,,,
MTRNR2L5,,,,,
MTRNR2L6,,,,,
MTRNR2L7,,,,,
MTRNR2L8,,,,,
MTRNR2L9,,,,,
SPRR2A,,,,,
SPRR2B,,,,,
SPRR2G,,,,,
SPRR3,,,,,
TMEM133,,,,,
TLX1NB,,,,,
TPRXL,,,,,
C3orf27,,,,,
CEMP1,,,,,
LINC00346,,,,,
LINC00696,,,,,
LINC01101,,,,,
LINC01124,,,,,
PNMA3,,,,,
PNMA5,,,,,
PNMAL2,,,,,
C15orf37,,,,,
VHLL,,,,,
C17orf77,,,,,
C17orf82,,,,,
CALML5,,,,,
FCGR2C,,,,,
FP15737,,,,,
FPR1,,,,,
GIMAP7,,,,,
PGAM4,,,,,
PSAPL1,,,,,
RPA4,,,,,
USP17L10,,,,,
USP17L13,,,,,
USP17L15,,,,,
USP17L17,,,,,
USP17L18,,,,,
USP17L2,,,,,
USP17L5,,,,,
AC010536.1,,,,,
AC011484.1,,,,,
AC012215.1,,,,,
AC012493.2,,,,,
AC013449.1,,,,,
AC015989.2,,,,,
AC016586.1,,,,,
AC016745.1,,,,,
AC019294.1,,,,,
AC020907.1,,,,,
AC020922.1,,,,,
AC021860.1,,,,,
AC022498.1,,,,,
AC023632.1,,,,,
AC024940.1,,,,,
AC025278.1,,,,,
AC026310.1,,,,,
AC026703.1,,,,,
AC037199.1,,,,,
AC061992.1,,,,,
AC073342.1,,,,,
AL109927.1,,,,,
AL133373.1,,,,,
AL136115.1,,,,,
AL136531.1,,,,,
AL138764.1,,,,,
AL139099.1,,,,,
AL139147.1,,,,,
AL158091.1,,,,,
AL161915.1,,,,,
AL162424.1,,,,,
AL353354.2,,,,,
AL353698.1,,,,,
AL357673.1,,,,,
AL358113.1,,,,,
AL359195.1,,,,,
AL359878.1,,,,,
AL360004.1,,,,,
AL391152.1,,,,,
AL445989.1,,,,,
AL583828.1,,,,,
AL590822.1,,,,,
AL590822.2,,,,,
AL603965.1,,,,,
AL627171.2,,,,,
AL645728.1,,,,,
AL645730.2,,,,,
AL807752.1,,,,,
ERV3-1,,,,,
ERVMER34-1,,,,,
ERVV-1,,,,,
ERVV-2,,,,,
ERVW-1,,,,,
F8A1,,,,,
LCE3A,,,,,
LCE4A,,,,,
LCE6A,,,,,
OR5A2,,,,,
OR5D13,,,,,
OR5D16,,,,,
OR5L1,,,,,
OR5T1,,,,,
OR7A5,,,,,
RBMXL3,,,,,
SLC35G3,,,,,
SLC35G5,,,,,
WI2-3308P17.2,,,,,
C6orf120,,,,,
C6orf141,,,,,
C6orf195,,,,,
C7orf13,,,,,
C8orf17,,,,,
CDR1,,,,,
COLCA1,,,,,
CRIPAK,,,,,
FAM106A,,,,,
FPR3,,,,,
FUT5,,,,,
FUT6,,,,,
ATXN3L,,,,,
KRTAP19-7,,,,,
KRTAP19-8,,,,,
KRTAP20-1,,,,,
KRTAP20-2,,,,,
KRTAP20-3,,,,,
KRTAP20-4,,,,,
KRTAP21-2,,,,,
KRTAP21-3,,,,,
KRTAP22-1,,,,,
KRTAP22-2,,,,,
KRTAP23-1,,,,,
KRTAP25-1,,,,,
KRTAP4-16P,,,,,
KRTAP4-3,,,,,
KRTAP9-1,,,,,
KRTAP9-3,,,,,
KRTAP9-4,,,,,
KRTAP9-8,,,,,
LSP1,,,,,
OR2AK2,,,,,
OR2L2,,,,,
OR2L3,,,,,
OR2L5,,,,,
OR2M2,,,,,
OR2M3,,,,,
OR2M5,,,,,
OR2M7,,,,,
OR2T12,,,,,
OR2T3,,,,,
OR2T34,,,,,
OR2T8,,,,,
PPP1R26,,,,,
PRR21,,,,,
PRR23A,,,,,
PRR23B,,,,,
PRR23C,,,,,
SPATA12,,,,,
LYPD8,,,,,
TBC1D3G,,,,,
TFDP3,,,,,
USP26,,,,,
USP29,,,,,
SPZ1,,,,,
AP006621.5,,,,,
C10orf111,,,,,
C10orf40,,,,,
C10orf85,,,,,
TCEB3B,,,,,
TCEB3C,,,,,
TCEB3CL,,,,,
TCEB3CL2,,,,,
C11orf72,,,,,
C11orf89,,,,,
C3orf36,,,,,
C3orf56,,,,,
EPB41L4A-AS2,,,,,
TIAF1,,,,,
TICAM1,,,,,
ZNF781,,,,,
FAM215A,,,,,
FAM217B,,,,,
FAM218A,,,,,
FAM220A,,,,,
ZNF83,,,,,
ZNF835,,,,,
CTAGE1,,,,,
CTAGE15,,,,,
CTAGE4,,,,,
CTAGE6,,,,,
CTAGE9,,,,,
CTB-58E17.5,,,,,
CTC-241N9.1,,,,,
HIGD2B,,,,,
HIST1H1T,,,,,
CTD-2144E22.5,,,,,
AC124890.1,,,,,
AC127496.1,,,,,
AC129492.6,,,,,
AC131971.1,,,,,
AC132186.1,,,,,
AC135178.1,,,,,
AC139426.2,,,,,
AC142381.1,,,,,
AC145676.2,,,,,
AC226150.4,,,,,
LENG9,,,,,
ARIH2OS,,,,,
MRPL36,,,,,
PP13439,,,,,
RP11-204N11.1,,,,,
RP11-268J15.5,,,,,
RP11-315O6.2,,,,,
RP11-342M21.2,,,,,
RP11-347C12.1,,,,,
TGIF2LX,,,,,
TGIF2LY,,,,,
PYDC1,,,,,
PYDC2,,,,,
RNASE11,,,,,
RNASE2,,,,,
RNASE3,,,,,
RNASE8,,,,,
RP11-1055B8.6,,,,,
RP11-1070N10.3,,,,,
RP11-156E8.1,,,,,
DCAF4L2,,,,,
DCAF8L1,,,,,
FSCB,,,,,
TMEM75,,,,,
TMEM78,,,,,
AC003102.1,,,,,
AC004899.1,,,,,
AC005477.1,,,,,
AC006372.1,,,,,
AC007421.1,,,,,
AC008132.13,,,,,
AC008267.1,,,,,
AC010327.2,,,,,
AL020996.1,,,,,
AL031320.1,,,,,
AL049840.1,,,,,
AL079342.1,,,,,
LUZP6,,,,,
OCLM,,,,,
RPL39L,,,,,
TAS2R1,,,,,
TAS2R10,,,,,
TAS2R13,,,,,
TAS2R14,,,,,
TAS2R16,,,,,
TAS2R19,,,,,
TAS2R20,,,,,
TAS2R30,,,,,
TAS2R31,,,,,
TAS2R42,,,,,
TAS2R43,,,,,
TAS2R46,,,,,
TAS2R50,,,,,
TAS2R60,,,,,
TAS2R8,,,,,
TAS2R9,,,,,
AC074389.6,,,,,
AC079210.1,,,,,
AC079341.1,,,,,
AC079354.2,,,,,
AC083862.1,,,,,
AC090186.1,,,,,
AC092811.1,,,,,
AC093677.1,,,,,
AC097381.1,,,,,
AC103801.2,,,,,
AC104472.1,,,,,
AC105020.1,,,,,
AC107021.1,,,,,
AC112693.2,,,,,
AC114546.1,,,,,
AC115618.1,,,,,
ARHGEF35,,,,,
C1orf229,,,,,
C22orf29,,,,,
CXorf24,,,,,
CXorf27,,,,,
CXorf67,,,,,
EDDM3A,,,,,
EDDM3B,,,,,
IFNA1,,,,,
IFNA10,,,,,
IFNA13,,,,,
IFNA14,,,,,
IFNA16,,,,,
IFNA17,,,,,
IFNA2,,,,,
IFNA21,,,,,
IFNA4,,,,,
IFNA5,,,,,
IFNA6,,,,,
IFNA7,,,,,
IFNA8,,,,,
IFNB1,,,,,
IFNW1,,,,,
MBD3L1,,,,,
MBD3L2,,,,,
MGC10955,,,,,
NAP1L6,,,,,
PPIAL4A,,,,,
PPIAL4G,,,,,
PRNT,,,,,
QRFP,,,,,
REXO1L1P,,,,,
SMIM6,,,,,
ADAMTSL4-AS1,,,,,
BIRC8,,,,,
BLACE,,,,,
BLID,,,,,
C16orf3,,,,,
C21orf119,,,,,
DIRAS3,,,,,
DIRC1,,,,,
DKFZP434O1614,,,,,
DKFZP667F0711,,,,,
FAM231B,,,,,
FAM231D,,,,,
FAM27E1,,,,,
FAM27E2,,,,,
FAM47A,,,,,
FAM47B,,,,,
FAM47C,,,,,
NHLRC4,,,,,
NPAP1,,,,,
SLC25A21-AS1,,,,,
TMEM99,,,,,
Z97053.1,,,,,
ZNF491,,,,,
ZNF497,,,,,
ZNF705D,,,,,
C5orf20,,,,,
C5orf55,,,,,
C6ORF50,,,,,
CPXCR1,,,,,
DHRS4-AS1,,,,,
GRIK1-AS2,,,,,
IBA57-AS1,,,,,
NPIPA2,,,,,
NPIPB5,,,,,
OR7C1,,,,,
OR7D2,,,,,
OR7E24,,,,,
OR7G1,,,,,
OR7G2,,,,,
OR7G3,,,,,
OR8D1,,,,,
ZNF600,,,,,
ZNF645,,,,,
