tree
version=v4
num_class=1
num_tree_per_iteration=1
label_index=0
max_feature_idx=19
objective=binary sigmoid:1
feature_names=zygosity simulated_read_depth simulated_genotype_quality simulated_filter_status phenotype_similarity_score deletion_size allele_frequency gene_start_position gene_end_position gene_biotype overlap_length overlap_fraction_of_gene overlap_fraction_of_deletion oe_lof oe_lof_lower oe_lof_upper oe_lof_upper_rank pLI haploinsufficiency_score triplosensitivity_score
feature_infos=-1:2:1 [15:100] [20:99] -1:1:0 [0:1] [50:75976918] [7.9999999999999996e-06:0.90937599999999996] [11721:248896647] [24849:248929070] -1:9:5:8:15:7:11:17:6:14:13:10:12:3:16:0:2 [1:659362] [2.2993532309817456e-05:1] [2.7413282649219635e-05:1] [0:3.9100000000000001] [0:1.7689999999999999] [0.029999999999999999:1.9950000000000001] [0:19195] [0:1] [0:3] [0:3]
tree_sizes=2939 3371 3369 3373 3359 3382 3366 3375 3392 3374 3417 3411 3445 3447 3437 3445 3451 3440 3433 3460 3453 3461 3456 3431 3465 3450 3469 3453 3458 3470 3462 3458 3455 3446 3470 3461 3454 3431 3446 3443 3450 3458 3435 3448 3444 3436 3451 3446 3441 3449 3457 3446 3456 3443 3423 3469 3422 3460 3449 3448 3470 3446 3443 3460 3461 3470 3423 3460 3466 3432 3478 3490 3431 3438 3438 3456 3443 3453 3460 3453 3453 3464 3439 3463 3455 3447 3445 3452 3441 3458 3469 3473 3482 3455 3466 3465 3454 3476 3492 3465 3476 3496 3482 3474 3455 3478 3455 3466 3486 3483 3491 3490 3512 3498 3498 3498 3501 3531 3508 3493 3505 3523 3518 3518 3506 3515 3500 3501 3491 3484 3526 3487 3495 3494 3489 3485 3514 3503 3519 3526 3517 3527 3531 3518 3530 3554 3546 3520 3523 3549 3555 3537 3540 3546 3552 3558 3553 3553 3553 3555 3544 3556 3551 3557 3582 3564 3560 3568 3557 3584 3564 3581 3596 3586 3572 3598 3593 3614 3618 3602 3604 3608 3593 3587 3591 3615 3605 3599 3601 3615 3609 3605 3623 3616 3619 3620 3621 3623 3604 3630

Tree=0
num_leaves=27
num_cat=3
split_feature=4 4 15 4 17 4 2 4 4 11 15 5 5 2 4 11 0 1 0 0 1 1 1 4 5 5
split_gain=23835.4 34.061 33.4079 25.7875 27.5558 7.77185 7.56668 15.577 5.24127 8.14761 4.50176 0.618479 2.14781 3.42682 0.0850051 1.51532 1.81899e-12 1.81899e-12 4.54747e-13 1.13687e-13 1.13687e-13 7.10543e-15 1.77636e-15 1.77636e-15 1.77636e-15 1.77636e-15
threshold=0.46813506261180676 0.57641196013289042 0.64150000000000007 0.99628718642629199 6.3598000000000021e-14 0.36050541516245488 26.500000000000004 0.7584527379626661 0.64350460219812455 0.015491684654896452 0.44550000000000006 120.50000000000001 96.500000000000014 58.500000000000007 0.14328485885372114 0.14911636795331498 0 92.500000000000014 1 2 25.500000000000004 23.500000000000004 92.500000000000014 0.0057838718457948008 8741.5000000000018 5376.0000000000009
decision_type=2 2 10 2 10 2 2 2 2 10 10 10 10 2 2 10 9 2 9 9 2 2 2 2 10 10
left_child=5 2 -2 6 -5 14 7 -3 9 -8 -6 12 18 -14 19 22 -13 -18 -10 20 21 -1 24 -23 25 -16
right_child=1 3 -4 4 10 -7 8 -9 11 -11 -12 16 13 -15 15 -17 17 -19 -20 -21 -22 23 -24 -25 -26 -27
leaf_value=-3.4528640465388203 -2.4117807492740324 -2.1715307575975498 -1.948268139069889 -2.3316974187151969 -1.8511974353622163 -3.3229991861731496 -2.0914474270387129 -1.8511974353622163 -1.8511974353622154 -1.8511974353622167 -2.0168870847942788 -1.8511974353622151 -1.8511974353622165 -2.0113640964798774 -3.4528640465388203 -3.3727807159799901 -1.8511974353622145 -1.8511974353622178 -1.8511974353622196 -3.4528640465388203 -3.4528640465388203 -3.4528640465388203 -3.4528640465388198 -3.4528640465388198 -3.4528640465388198 -3.4528640465388198
leaf_weight=38.428720269352198 0.62434963881969707 0.62434963881970051 1.0301769040524957 0.62434963881969396 0.7492195665836332 1.1550468318164338 0.62434963881969696 0.9677419401705265 2.1540062539279461 0.81165453046560287 0.90530697628855705 4.3080125078558922 0.71800208464264847 0.62434963881969452 8.3975026421248824 0.6243496388196953 8.7408949434757197 0.8740894943475731 1.3111342415213614 366.58689043298364 321.60249895602465 8.4911550879478419 0.7492195665836342 0.65556712076068002 0.8740894943475731 0.93652445822954256
leaf_count=1231 20 20 33 20 24 37 20 31 69 26 29 138 23 20 269 20 280 28 42 11743 10302 272 24 21 28 30
internal_value=-3.4012 -1.90374 -2.12318 -1.88864 -2.04866 -3.4526 -1.87188 -1.97682 -1.86359 -1.95565 -1.94186 -1.85654 -1.872 -1.92569 -3.4528 -3.44855 -1.8512 -1.8512 -1.8512 -3.45286 -3.45286 -3.45286 -3.45286 -3.45286 -3.45286 -3.45286
internal_weight=774.194 25.692 1.65453 24.0375 2.27888 748.502 21.7586 1.59209 20.1665 1.436 1.65453 18.7305 4.80749 1.34235 747.347 11.5817 13.923 9.61498 3.46514 735.765 369.178 47.5754 10.9573 9.14672 10.2081 9.33403
internal_count=24800 823 53 770 73 23977 697 51 646 46 53 600 154 43 23940 371 446 308 111 23569 11826 1524 351 293 327 299
cat_boundaries=0 1 2 3
cat_threshold=2 4 4
is_linear=0
shrinkage=1


Tree=1
num_leaves=31
num_cat=0
split_feature=4 4 17 17 4 18 18 4 4 4 4 2 15 4 7 2 19 14 1 5 5 4 12 4 5 11 5 1 2 1
split_gain=5841.07 7.19639 2.19401 6.06914 3.5824 2.58637 4.18198 8.20727 2.44848 1.60747 1.84454 2.60985 1.29602 2.79623 1.0347 0.41151 0.398247 0.127344 0.211183 0.0973663 0.353117 0.0885429 1.62117 0.0841797 0.0343837 1.48193e-06 4.54747e-13 1.13687e-13 2.84217e-14 1.77636e-15
threshold=0.46813506261180676 0.36050541516245488 5.2711000000000006e-28 3.1047500000000005e-24 0.89953511051776969 1.0000000180025095e-35 2.0000000000000004 0.78748813233013781 0.96659078680740584 0.99628718642629199 0.64350460219812455 57.500000000000007 0.21450000000000002 0.70622756144711418 48636328.500000007 26.500000000000004 1.0000000180025095e-35 0.57550000000000001 41.500000000000007 117.50000000000001 94.500000000000014 0.14328485885372114 0.81723979502752309 0.76911215303140967 180.50000000000003 0.091119903932287125 7399.5000000000009 80.500000000000014 98.500000000000014 91.500000000000014
decision_type=2 2 10 10 2 8 10 2 2 2 2 2 10 2 10 2 8 10 2 10 10 2 10 2 10 10 8 2 2 2
left_child=1 21 4 -4 16 9 7 -7 12 10 11 -5 14 -14 -8 -12 -2 19 -19 20 -17 27 -23 -16 -15 29 -21 -1 -29 -24
right_child=2 -3 3 5 -6 6 8 -9 -10 -11 15 -13 13 24 23 17 -18 18 -20 26 -22 22 25 -25 -26 -27 -28 28 -30 -31
leaf_value=-0.051582743067267602 0.36617605516801555 0.068925384009037874 0.29354436542856582 0.36571513117142956 0.44728351562245083 0.23865865147328369 0.33861568610283499 0.361808880849463 0.31962211424351028 0.40922326548356697 0.38891219432129781 0.42715391209859987 0.4341284401580372 0.37585907347263015 0.37998305830957763 0.36837197426986168 0.39205244914203607 0.35114031870750995 0.37001381380408566 0.36837197426986157 0.39163332100327075 0.034030839083107806 -0.051582743067267615 0.36837197426986157 0.36837197426986151 -0.051660559148617863 0.36837197426986162 -0.051582743067267602 -0.051582743067267602 -0.05158274306726747
leaf_weight=538.03424019366503 4.4823635295033455 1.2424663938581932 2.7079502940177909 3.3114181086421004 2.2821186929941177 2.0310341119766262 3.4071186706423813 4.0520543158054352 2.3858947753906241 3.4335072934627524 2.6881907880306235 3.615993969142437 2.342418007552622 2.3065167814493179 2.2849187180399895 6.1000728607177717 2.2250022143125516 2.567578360438346 3.5060511082410812 21.584873199462894 2.2271866053342819 0.58362418040632924 9.1308187805116141 4.9269819259643555 4.5750546455383301 0.65237066522240716 4.105818271636962 160.81543044373393 2.1414298117160788 0.71380993723869401
leaf_count=18090 39 37 25 31 23 20 30 35 21 33 24 35 23 20 20 52 20 22 30 184 20 19 307 42 39 21 35 5407 72 24
internal_value=-0.00267615 -0.0513029 0.369692 0.367184 0.393171 0.369632 0.357426 0.320691 0.367478 0.376135 0.37385 0.397785 0.373232 0.386943 0.361323 0.369974 0.37476 0.368704 0.362035 0.369895 0.374593 -0.0515126 -0.047078 0.372051 0.370881 -0.0515876 0.368372 -0.0515827 -0.0515827 -0.0515827
internal_weight=806.464 713.314 93.1501 84.1606 8.98948 81.4527 28.312 6.08309 22.2289 53.1407 49.7072 6.92741 19.843 9.22399 10.619 42.7798 6.70737 40.0916 6.07363 34.018 8.32726 712.072 11.0806 7.2119 6.88157 10.497 25.6907 700.991 162.957 9.84463
internal_count=24800 23977 823 741 82 716 250 55 195 466 433 66 174 82 92 367 59 343 52 291 72 23940 371 62 59 352 219 23569 5479 331
is_linear=0
shrinkage=0.05


Tree=2
num_leaves=31
num_cat=1
split_feature=4 4 18 14 0 11 7 13 4 14 1 2 4 17 17 4 4 4 6 4 4 12 7 18 2 17 5 5 2 13
split_gain=4215.13 6.72169 1.24171 3.26151 3.08498 1.03883 0.950485 0.54905 0.523016 2.46787 1.34742 1.10266 0.933832 0.503174 1.04189 0.630105 0.340092 0.267605 0.227642 0.197285 0.0922379 1.64728 0.0806774 0.0365222 0.0317064 0.0387918 0.0129614 0.00854623 0.0323486 0.00191572
threshold=0.46813506261180676 0.36050541516245488 2.0000000000000004 0.038500000000000006 0 0.00043410378932745005 49063947.000000007 0.046148500000000002 0.68623857328805038 0.11650000000000002 60.500000000000007 62.500000000000007 0.71432308209708173 1.4990000000000003e-30 8.4312500000000021e-25 0.83691429190297373 0.99628718642629199 0.60357142857142876 8.5000000000000016e-06 0.74655719578933388 0.14328485885372114 0.74761307452172832 43833845.500000007 1.0000000180025095e-35 27.500000000000004 1.4406000000000005e-17 530.50000000000011 117.50000000000001 63.500000000000007 0.81603000000000014
decision_type=2 2 8 10 9 10 8 8 2 10 2 2 2 10 10 2 2 2 10 2 2 10 8 10 2 10 10 10 2 8
left_child=1 20 5 7 -5 -2 -6 18 9 -7 17 -12 -10 15 -15 -14 19 -11 -4 -16 -1 -22 -20 24 -21 -26 -24 28 -27 -29
right_child=2 -3 3 4 6 8 -8 -9 12 10 11 -13 13 14 16 -17 -18 -19 22 23 21 -23 26 -25 25 27 -28 29 -30 -31
leaf_value=-0.051503170470308501 0.25198567527907495 0.061316069251788619 0.25889372672339112 0.21214961960122558 0.27549547773808108 0.3243915436353485 0.24031531284672447 0.2909424173499035 0.24737257698678913 0.29582683367200374 0.23190163392609403 0.27589540125805118 0.27077500828278578 0.2441337127166564 0.28154888717648713 0.30351143258610963 0.28565441694732907 0.27775754729185737 0.2810585392827849 0.26618407725939147 0.035743203277617944 -0.051508154015099776 0.27358128373264867 0.27588050626139865 0.27611482586916614 0.26898555744392988 0.26927151849534781 0.27026645019370354 0.27624697040224511 0.2716078085207298
leaf_weight=667.80758349038661 5.5904743149876586 1.3245395831763733 3.2804176062345567 5.1367266997694969 4.9067683517932865 2.8659311458468464 3.1541042029857644 4.2657244279980651 3.5654731243848792 3.9315323531627637 2.7391301319003096 2.9671645909547806 2.8604924678802481 3.1172735169529906 5.402153678238391 3.0236727595329285 5.4913877993822089 4.2794121652841568 2.924405895173547 3.2036738246679297 0.5717948526144 10.030844667926431 3.1363034546375284 4.1546604335308066 3.8553778082132331 3.1779335737228385 3.9313474744558334 23.370380371809009 2.9644705653190613 3.0039958953857413
leaf_count=23569 38 37 22 37 34 22 22 30 24 28 20 20 19 22 37 22 39 29 20 21 18 353 21 28 26 21 26 155 20 20
internal_value=-0.00292808 -0.05121 0.26988 0.261208 0.242432 0.272856 0.26173 0.275337 0.274245 0.28214 0.27344 0.254778 0.272273 0.273668 0.272249 0.287597 0.273853 0.286409 0.270322 0.272534 -0.0514297 -0.0468027 0.274074 0.271421 0.270953 0.271373 0.271184 0.27081 0.27249 0.270419
internal_weight=800.035 679.735 120.3 30.7358 13.1976 89.5646 8.06087 17.5382 83.9741 16.7832 13.9172 5.70629 67.1909 63.6255 57.7413 5.88417 54.624 8.21094 13.2725 49.1326 678.41 10.6026 9.99206 43.7305 39.5758 36.3722 7.06765 32.5168 6.1424 26.3744
internal_count=24800 23977 823 212 93 611 56 119 573 119 97 40 454 430 389 41 367 57 89 328 23940 371 67 291 263 242 47 216 41 175
cat_boundaries=0 1
cat_threshold=4
is_linear=0
shrinkage=0.05


Tree=3
num_leaves=31
num_cat=0
split_feature=4 4 4 11 17 17 17 15 11 4 5 15 7 1 1 4 15 11 2 7 4 6 4 12 15 4 4 7 5 18
split_gain=3341.66 4.07283 1.35983 0.869164 0.810354 2.7697 0.733342 2.62217 0.610979 0.737046 2.62636 1.45304 0.303573 0.291532 1.20392 0.533305 0.404616 1.49192 0.264479 0.241885 0.222122 0.147008 0.0960676 1.79301 0.0606759 0.0559887 0.0389189 0.037554 0.0590505 0.0229643
threshold=0.40010890280424721 0.46813506261180676 0.36050541516245488 0.00024165067825845002 6.0299500000000012e-26 2.8879500000000002e-22 0.99997500000000017 0.15950000000000003 0.00043410378932745005 0.63550352129022059 2754.5000000000005 0.69650000000000001 43027500.000000007 66.500000000000014 60.500000000000007 0.99628718642629199 1.1010000000000002 0.007097050844248551 26.500000000000004 98728177.500000015 0.94843445373658086 9.5000000000000022e-06 0.14328485885372114 0.67002188189198508 1.3625000000000003 0.78359579042903982 0.72881554307116125 117421640.50000001 237.50000000000003 1.0000000180025095e-35
decision_type=2 2 2 10 8 8 10 10 10 2 10 10 10 2 2 2 10 10 2 10 2 10 2 10 10 2 2 10 10 10
left_child=2 -2 22 -3 12 -6 8 21 -7 10 11 -10 -5 14 16 26 18 -18 -11 -14 27 -8 -1 -24 -19 -23 -15 -20 -29 -28
right_child=1 3 -4 4 5 6 7 -9 9 13 -12 -13 19 15 -16 -17 17 24 20 -21 -22 25 23 -25 -26 -27 29 28 -30 -31
leaf_value=-0.051427712841762334 0.094594621968889805 0.19182221811291386 0.017411701582826161 0.21933698070852314 0.17066728829555208 0.19851235988148375 0.2110974262547908 0.17040846061608594 0.27585852884383799 0.23465907838097189 0.20151244646824915 0.23123312692462075 0.24459428592939517 0.22372918822811952 0.19604815978035636 0.23978134668794082 0.18307186443867518 0.22733561058745264 0.21758734499099736 0.22657228228417639 0.2315435999657407 0.22702250470691859 0.043435576791076992 -0.051434754496550189 0.21832956339069681 0.21887395002044704 0.21811486459926754 0.22654107556890582 0.21823155518722848 0.22158860154123894
leaf_weight=636.14676173962653 0.6819070503115644 3.3248196169733992 0.71979077532887359 4.0470146983861905 3.2077078446745864 3.4262691438198081 4.7153145670890835 3.6303341537713996 3.1135186254978162 3.3506425321102133 4.5280699580907822 4.4047171622514725 4.0597615540027618 5.3783277869224575 6.5286517664790145 3.7930169403553 3.4359640181064588 3.7735231667757034 23.361562088131905 3.4390076845884323 3.7224954962730399 3.4322413057088834 0.52522545680403432 9.6212872266769409 3.7078500390052795 5.4638992100954056 18.021624386310581 3.438963517546652 5.6517133563756943 6.4643127471208564
leaf_count=23569 18 20 19 23 20 20 27 22 21 20 28 26 25 31 38 23 20 22 132 20 22 20 16 355 21 31 102 20 32 37
internal_value=-0.00305434 0.216497 -0.0512742 0.217084 0.217693 0.216536 0.217729 0.208165 0.219283 0.219976 0.231595 0.249714 0.230373 0.218431 0.216252 0.222121 0.218867 0.210346 0.22122 0.236329 0.219975 0.218235 -0.0513507 -0.0465239 0.222872 0.222018 0.219878 0.218648 0.221375 0.219032
internal_weight=789.116 142.103 647.013 141.421 138.097 126.551 123.343 17.2418 106.101 102.675 12.0463 7.51824 11.5458 90.6286 56.9714 33.6573 50.4427 10.9173 39.5254 7.49877 36.1747 13.6115 646.293 10.1465 7.48137 8.89614 29.8643 32.4522 9.09068 24.4859
internal_count=24800 841 23959 823 803 735 715 100 615 595 75 47 68 520 327 193 289 63 226 45 206 78 23940 371 43 51 170 184 52 139
is_linear=0
shrinkage=0.05


Tree=4
num_leaves=31
num_cat=0
split_feature=4 4 4 18 14 2 13 4 4 1 11 5 15 4 15 13 15 11 10 4 12 4 15 15 10 5 5 2 17 15
split_gain=2779.29 3.05496 1.33327 0.643391 1.85053 1.95193 1.49391 0.768221 0.347467 0.354681 0.900438 1.80564 0.279962 0.267645 0.255669 0.228586 0.1154 0.150224 0.10708 0.100031 1.82508 0.092116 0.0743242 0.069123 0.0663928 0.0469831 0.0378428 0.0372796 0.0217696 0.0126118
threshold=0.40010890280424721 0.46813506261180676 0.36050541516245488 2.0000000000000004 0.038500000000000006 47.500000000000007 0.17890000000000003 0.51056338028169035 0.60357142857142876 44.500000000000007 0.0041207524358655009 210.50000000000003 0.68150000000000011 0.99628718642629199 0.13700000000000004 0.046148500000000002 1.0715000000000001 0.009701137042503501 1174.5000000000002 0.14328485885372114 0.66179694902333486 0.72881554307116125 1.0375000000000003 1.2590000000000001 590.50000000000011 129.50000000000003 90.500000000000014 44.500000000000007 2.8879500000000002e-22 0.087500000000000008
decision_type=2 2 2 8 10 2 10 2 2 2 10 10 10 2 10 8 8 10 8 2 10 2 10 10 10 10 10 2 10 10
left_child=2 -2 19 7 15 -6 -7 -3 -9 10 11 12 -10 14 -11 18 17 -12 29 -1 -21 22 24 -18 -16 26 -23 -19 -27 -5
right_child=1 3 -4 4 5 6 -8 8 9 13 16 -13 -14 -15 21 -17 23 27 -20 20 -22 25 -24 -25 -26 28 -28 -29 -30 -31
leaf_value=-0.051356146864525068 0.082200875559200859 0.16876252061767644 0.016271230358157512 0.18961540500107091 0.14216207448643869 0.15452693291474373 0.19186583726242301 0.19939442329210086 0.19394526778206184 0.17513995396773396 0.17609569365645172 0.14231204746911338 0.17514504489312363 0.19806002257263877 0.19901834728987694 0.19627191236627445 0.19623443237108221 0.19125087518181663 0.17907576333891523 0.045465330209961248 -0.051364303065973407 0.18764240779328645 0.18628935940248145 0.1877271403932104 0.1902209919183307 0.18895448723564501 0.19385152359419067 0.18555257965150215 0.18550124520741806 0.18620829783219747
leaf_weight=605.94348658248782 0.74372955411672492 6.3789325058460227 0.73141958937048812 4.2702234834432655 5.7594059109687832 4.2869320809841138 7.141130268573761 5.0680955946445456 3.8229826092720014 4.1074746102094641 3.8879336118698182 3.8060442507266998 4.1081574708223343 6.238611936569213 4.1354361325502378 5.6851422041654578 4.3618498742580396 4.0520609915256491 5.6615796387195578 0.51382444053888043 9.197607759386301 6.8406791388988477 4.1232244968414298 5.2755859643220901 4.4550653100013733 5.4468726068735114 3.8266765028238297 9.8413036167621595 28.154057756066322 7.4629868119955063
leaf_count=23569 18 35 19 22 32 23 38 27 20 21 20 20 21 34 22 30 23 21 29 15 356 35 21 27 23 28 20 50 143 38
internal_value=-0.00312387 0.1833 -0.0511953 0.183775 0.178318 0.165897 0.177859 0.185638 0.186603 0.185995 0.182211 0.170622 0.184207 0.188195 0.187188 0.187568 0.187171 0.184783 0.184723 -0.0512755 -0.0462411 0.188056 0.191807 0.191577 0.194456 0.186979 0.18987 0.187215 0.186061 0.187448
internal_weight=775.329 158.942 616.386 158.198 40.2674 17.1875 11.4281 117.931 111.552 106.484 39.1559 11.7372 7.93114 67.3281 61.0895 23.0799 27.4187 17.7813 17.3948 615.655 9.71143 56.982 12.7137 9.63744 8.5905 44.2683 10.6674 13.8934 33.6009 11.7332
internal_count=24800 841 23959 823 212 93 61 611 576 549 202 61 41 347 313 119 141 91 89 23940 371 292 66 50 45 226 55 71 171 60
is_linear=0
shrinkage=0.05


Tree=5
num_leaves=31
num_cat=0
split_feature=4 5 4 4 4 11 5 17 13 10 11 14 4 13 10 5 14 4 2 2 4 12 6 7 4 18 17 17 11 4
split_gain=2381.16 2.71964 2.50242 1.30872 0.535801 1.92477 4.98984 0.528491 1.60661 0.513274 0.547245 0.265879 0.777781 0.297406 0.201747 0.173939 1.07164 0.304516 0.120032 0.110651 0.104128 2.00964 0.051777 0.0504305 0.0354086 0.0312145 0.0271156 0.0862038 0.0307434 0.0214888
threshold=0.40010890280424721 50.500000000000007 0.46813506261180676 0.36050541516245488 0.99628718642629199 0.022312840577292603 217.50000000000003 0.99997500000000017 0.074422000000000002 26958.500000000004 0.00043410378932745005 0.11650000000000002 0.66084751292855803 0.27484000000000003 1000.5000000000001 180.50000000000003 0.57550000000000001 0.57641196013289042 26.500000000000004 29.500000000000004 0.14328485885372114 0.55269334032799577 2.0866250000000004e-05 117421640.50000001 0.72881554307116125 1.0000000180025095e-35 5.2711000000000006e-28 8.3375999999999994e-22 0.014754097082205103 0.73319015934998921
decision_type=2 10 2 2 2 10 8 8 10 10 10 10 2 10 10 10 10 2 2 2 2 10 10 8 2 10 10 10 10 2
left_child=3 -2 -3 20 7 6 -6 9 14 10 -4 12 -12 -13 22 16 24 -17 -19 -14 -1 -22 -9 -21 -15 26 -20 -28 29 -29
right_child=1 2 4 -5 5 -7 -8 8 -10 -11 11 13 19 15 -16 17 -18 18 25 23 21 -23 -24 -25 -26 -27 27 28 -30 -31
leaf_value=-0.051288255974383218 -0.060106720939062441 0.072315163195313309 0.1505625119586641 0.015222177944465523 0.17545837957520996 0.17411668667376157 0.099788181913081947 0.16897017214914747 0.12729168406619318 0.14563140069451494 0.18925665250771717 0.15222127285416465 0.17269658920299832 0.16885541453305591 0.15418996466080984 0.17798302313616143 0.13758444915657478 0.17191508031816016 0.15964247100431281 0.16289467086027107 0.055132939259586615 -0.05130036543564262 0.16231800496443327 0.16896554874908332 0.16393359873931285 0.16737458795830423 0.17033353554272471 0.16766048380992549 0.16174911299195205 0.16336378532020238
leaf_weight=577.13498004153371 0.13987308740615745 0.80150621384382148 7.6714196056127539 0.74244089424610038 4.2700937837362263 5.7508015632629386 4.4479298591613778 4.5790780931711259 4.3223821222782126 4.1424850970506659 3.8767714202404049 6.0318370908498755 4.3142621815204647 5.4164358228445115 7.0925080776214591 4.2365735769271842 4.3190176635980597 4.5299769937992087 5.1619621217250815 19.143220052123073 0.46696692705154141 8.8293740805238485 8.0987226217985135 4.1651078462600699 11.232055842876433 4.6078895628452292 4.147002473473548 4.1837684512138358 26.053939968347549 9.5572486966848356
leaf_count=23569 1 18 37 19 21 29 23 22 22 20 20 29 21 26 34 21 21 22 24 90 13 358 38 20 53 22 20 20 122 45
internal_value=-0.00316168 0.160278 0.160457 -0.0511197 0.16087 0.151663 0.136851 0.161719 0.154906 0.162955 0.163513 0.164334 0.168284 0.162943 0.160943 0.163718 0.159777 0.16504 0.164099 0.165341 -0.0512037 -0.0459541 0.164721 0.16398 0.165535 0.16344 0.163071 0.163473 0.162758 0.164672
internal_weight=759.468 172.294 172.154 587.174 171.352 14.4688 8.71802 156.884 24.0927 132.791 128.648 120.977 31.4994 89.4777 19.7703 83.4459 20.9675 62.4784 58.2418 27.6226 586.431 9.29634 12.6778 23.3083 16.6485 53.7118 49.1039 43.942 39.795 13.741
internal_count=24800 841 840 23959 822 73 44 749 116 633 613 576 151 425 94 396 100 296 275 131 23940 371 60 110 79 253 231 207 187 65
is_linear=0
shrinkage=0.05


Tree=6
num_leaves=31
num_cat=0
split_feature=4 4 4 4 2 4 11 5 17 4 4 2 5 4 12 13 5 13 11 18 14 6 4 7 7 7 17 4 5 15
split_gain=2081.26 2.14921 1.28598 0.690561 1.90511 0.579251 1.41502 3.87392 0.308179 0.90949 0.199224 0.166185 0.122559 0.108349 2.0542 0.092604 0.315964 0.0581896 0.0373661 0.0339359 0.0293707 0.022413 0.0179108 0.0164188 0.0156749 0.0113255 0.0129709 0.0102859 0.00752759 0.00370578
threshold=0.40010890280424721 0.46813506261180676 0.36050541516245488 0.57641196013289042 60.500000000000007 0.99628718642629199 0.021857891131891152 217.50000000000003 0.99997500000000017 0.72881554307116125 0.62284482758620696 23.500000000000004 126.50000000000001 0.14328485885372114 0.50829981334720953 0.76690500000000006 180.50000000000003 0.056926500000000012 0.0010848871413994003 1.0000000180025095e-35 0.055500000000000008 1.6500000000000005e-05 0.78748813233013781 78133516.500000015 86433345.500000015 28109644.000000004 3.0560500000000005e-19 0.71432308209708173 1143.5000000000002 1.3625000000000003
decision_type=2 2 2 2 2 2 8 8 8 2 2 2 10 2 10 10 10 10 10 10 10 10 2 10 10 10 10 2 10 10
left_child=2 -2 13 4 -3 8 7 -7 10 -10 -5 -12 -11 -1 -15 18 -17 28 21 25 24 -13 -22 29 -21 -20 -27 -28 -14 -18
right_child=1 3 -4 5 -6 6 -8 -9 9 12 11 15 17 14 -16 16 23 -19 19 20 22 -23 -24 -25 -26 26 27 -29 -30 -31
leaf_value=-0.051223852182827781 0.064242073234049984 0.11342840987997377 0.014255142700015511 0.1376981409625154 0.15584556872244762 0.15547494170481657 0.15371444368743348 0.090638321990988979 0.12253267089309593 0.13880728620448865 0.15466578704026715 0.15093418895734156 0.14424579182812183 0.057819181931286857 -0.051238459491106204 0.13136896509749124 0.1443400884984645 0.15259622746866333 0.14431098384766716 0.14508530419833887 0.15233316375455619 0.14704820102031263 0.14836458575491204 0.14882729920330542 0.14879283183027767 0.14878596875589098 0.14763484252170986 0.14561866761290787 0.14703310054460528 0.14626190861111141
leaf_weight=549.66061527282 0.85560958832502265 6.236549496650694 0.75288774445652862 6.3561436980962744 4.5993891209363937 4.56937256455421 6.1761393398046502 4.6465876251459131 5.6043288260698345 5.1327353715896633 6.3305786103010169 8.6357341259717924 4.7555602192878705 0.45505234599113187 8.4454488065093756 4.3734876960516003 4.5276069641113263 4.4048754274845114 9.2827191948890668 7.9034035205841082 4.6279636919498426 6.5059800744056693 7.3715609163045883 5.3514891266822806 4.4594394266605377 4.4609258472919455 7.612732306122779 37.425786644220352 4.9369890540838242 5.6244351416826248
leaf_count=23569 18 31 19 29 22 21 29 23 26 23 29 39 21 12 359 20 20 20 41 35 21 29 33 24 20 20 34 166 22 25
internal_value=-0.00318091 0.143301 -0.0510472 0.143673 0.131433 0.144449 0.135196 0.122785 0.145363 0.140257 0.146333 0.146773 0.145423 -0.0511352 -0.0456627 0.146351 0.143238 0.147831 0.14698 0.146564 0.148133 0.149264 0.149895 0.146586 0.146423 0.145914 0.146214 0.145959 0.145666 0.145405
internal_weight=742.082 182.768 559.314 181.913 10.8359 171.077 15.3921 9.21596 155.684 24.8345 130.85 124.494 19.2302 558.561 8.9005 118.163 19.877 14.0974 98.2862 83.1445 24.3624 15.1417 11.9995 15.5035 12.3628 58.7822 49.4994 45.0385 9.69255 10.152
internal_count=24800 841 23959 823 53 770 73 44 697 112 585 556 86 23940 371 527 89 63 438 370 109 68 54 69 55 261 220 200 43 45
is_linear=0
shrinkage=0.05


Tree=7
num_leaves=31
num_cat=0
split_feature=4 4 4 4 2 4 11 5 17 4 4 18 4 12 2 13 14 13 11 11 18 14 7 4 7 7 17 4 6 2
split_gain=1845.55 1.92629 1.26487 0.680905 1.52359 0.562648 1.10914 3.17888 0.261555 0.770861 0.175214 0.118301 0.112696 2.10912 0.110869 0.0775572 0.291143 0.0327198 0.0283886 0.0238851 0.0218413 0.0185469 0.0148629 0.01136 0.0101104 0.00722274 0.00831911 0.00665112 0.00161841 0.00147742
threshold=0.40010890280424721 0.46813506261180676 0.36050541516245488 0.57641196013289042 60.500000000000007 0.99628718642629199 0.022312840577292603 217.50000000000003 0.99997500000000017 0.72881554307116125 0.62284482758620696 1.0000000180025095e-35 0.14328485885372114 0.48375892220063216 23.500000000000004 0.76690500000000006 0.60850000000000015 0.056926500000000012 0.018229471663029805 0.0010848871413994003 1.0000000180025095e-35 0.055500000000000008 100828235.50000001 0.78748813233013781 68842854.500000015 28109644.000000004 3.0560500000000005e-19 0.71432308209708173 2.4500000000000003e-05 36.500000000000007
decision_type=2 2 2 2 2 2 10 8 8 2 2 10 2 10 2 10 10 10 10 10 10 10 10 2 8 10 10 2 10 2
left_child=2 -2 12 4 -3 8 7 -7 10 -10 -5 -11 -1 -14 -12 19 -17 28 -18 22 25 24 -16 -23 -22 -21 -27 -28 -13 -29
right_child=1 3 -4 5 -6 6 -8 -9 9 11 14 17 13 -15 15 16 18 -19 -20 20 21 23 -24 -25 -26 26 27 29 -30 -31
leaf_value=-0.051162735209578238 0.057524060091294064 0.1029383790557874 0.013361936992439106 0.12517904330765878 0.13992513865337949 0.14045570287169587 0.1383784182127473 0.082961100386799824 0.11163257353624707 0.12610070705778803 0.13980083765338189 0.13367855624482222 0.061037473416614196 -0.051180875258936637 0.13412471532142503 0.12204044975436901 0.1372591869458539 0.13813744544744949 0.13265941649908322 0.13164173287204486 0.13225363084771588 0.13790337912765382 0.13720277627294891 0.13481392374735721 0.13516888630436727 0.13514660018030231 0.13425023857608007 0.13189636727200532 0.1323968638794831 0.13278648087177949
leaf_weight=523.46213606931269 0.9063514843583097 6.5205669701099378 0.76279149577021499 6.634379342198371 4.8591701090335846 4.7985641807317743 6.5081484466791144 4.8180273324251184 5.8374473601579693 5.5915693789720544 6.6445871144533148 4.9165475070476514 0.44158966839313407 8.0813109707087261 8.6475310772657377 6.9531008601188686 5.7852586805820447 4.6170304864645013 7.9830683916807175 9.6566891819238645 8.2275189012289047 4.8502884954214078 7.1765309870243064 7.6976257860660553 4.6578384041786203 4.6599294096231452 7.9437366873025885 5.4135714322328559 4.9354075342416763 33.569024607539177
leaf_count=23569 18 31 19 29 22 21 29 23 26 24 29 21 11 360 37 30 25 20 34 41 35 21 31 33 20 20 34 23 21 143
internal_value=-0.00318783 0.130243 -0.0509776 0.13059 0.118732 0.131346 0.122438 0.11165 0.132231 0.127624 0.133105 0.132277 -0.0510699 -0.0453666 0.13351 0.13317 0.13038 0.134664 0.134592 0.133734 0.133408 0.13464 0.135521 0.136008 0.133307 0.132897 0.133132 0.132932 0.133036 0.132663
internal_weight=723.557 190.81 532.748 189.903 11.3797 178.523 16.1247 9.61659 162.399 25.898 136.501 20.0606 531.985 8.5229 129.866 123.222 20.7214 14.469 13.7683 102.5 86.6762 25.4333 15.8241 12.5479 12.8854 61.243 51.5863 46.9263 9.85196 38.9826
internal_count=24800 841 23959 823 53 770 73 44 697 112 585 86 23940 371 556 527 89 62 59 438 370 109 68 54 55 261 220 200 42 166
is_linear=0
shrinkage=0.05


Tree=8
num_leaves=31
num_cat=1
split_feature=4 4 4 4 6 4 13 1 17 4 11 4 12 0 4 2 4 2 11 7 13 18 14 5 13 17 17 4 2 4
split_gain=1654.23 1.7742 1.24524 0.687965 1.44577 0.558547 1.10737 0.585547 0.233291 0.685346 0.173014 0.117166 2.19462 0.107095 0.084976 0.12019 0.117441 0.0496669 0.0416879 0.017801 0.0174839 0.0105589 0.026222 0.0148215 0.0338503 0.0115185 0.00974273 0.00657755 0.00587026 0.0016271
threshold=0.40010890280424721 0.46813506261180676 0.36050541516245488 0.57641196013289042 3.190330000000001e-05 0.99628718642629199 0.50821000000000016 60.500000000000007 0.99997500000000017 0.72881554307116125 0.00043410378932745005 0.14328485885372114 0.47776046931155708 0 0.70299970299970316 36.500000000000007 0.71432308209708173 26.500000000000004 0.015491684654896452 79210663.000000015 0.062016500000000009 1.0000000180025095e-35 0.038500000000000006 117.50000000000001 0.67777000000000009 5.2711000000000006e-28 1.4406000000000005e-17 0.80376652843434793 68.500000000000014 0.74655719578933388
decision_type=2 2 2 2 10 2 10 2 8 2 10 2 10 9 2 2 2 2 10 10 10 10 10 10 10 10 10 2 2 2
left_child=2 -2 11 4 -3 8 7 -7 10 -10 -5 -1 -13 -11 15 -12 -16 -18 19 -17 -15 23 -23 24 -19 -25 -27 -24 -20 -28
right_child=1 3 -4 5 -6 6 -8 -9 9 13 14 12 -14 20 16 18 17 21 28 -21 -22 22 27 25 -26 26 29 -29 -30 -31
leaf_value=-0.051104744541007656 0.051847137314670166 0.093254214046307238 0.012535426141701556 0.11553012296543891 0.12856027610744855 0.13397637908791762 0.096375545420091316 0.10979648359399652 0.10269337605872586 0.11589313114049303 0.1327230611403159 0.065784241298457377 -0.051129119362911479 0.12287836906958589 0.11481598079847288 0.12416215472953272 0.11907092966130639 0.12247910456408509 0.12288713488984 0.12847829334377195 0.12653336343024182 0.12209013640212044 0.12696024206837986 0.12051896206631703 0.12772374705691789 0.12448320087041674 0.12160758685733307 0.12466944001908525 0.12042441904753026 0.1225782356792305
leaf_weight=498.48334955610335 0.95399972051381965 6.7127755880355817 0.77218152210116286 8.0790871381759626 5.1045672744512558 5.3634261190891284 6.6362058371305457 4.6959138512611389 6.0231317728757885 5.5139530748128891 4.9191520512104061 0.42335105687379648 7.73937694914639 10.376723334193231 4.7911866456270209 4.8057409822940844 8.1277543902397138 8.694507107138632 4.8252074122428876 4.7501136511564255 4.7787635028362265 9.9134158194065112 4.7724564522504798 6.5531540662050238 4.7614729553461066 6.9678024947643271 4.8420842289924613 9.1243731230497342 4.8538431376218796 39.849574089050293
leaf_count=23569 18 30 19 34 23 23 30 20 26 23 21 10 361 43 20 20 34 36 20 20 20 41 20 27 20 29 20 38 20 165
internal_value=-0.00318683 0.119868 -0.0509107 0.120199 0.108505 0.12095 0.11223 0.122689 0.12182 0.117535 0.122634 -0.0510074 -0.0450655 0.12186 0.123067 0.125749 0.122469 0.122823 0.123965 0.126308 0.124031 0.123142 0.124055 0.122839 0.124335 0.122494 0.122744 0.125456 0.121652 0.122473
internal_weight=704.209 196.79 507.418 195.836 11.8173 184.019 16.6955 10.0593 167.323 26.6926 140.631 506.646 8.16273 20.6694 132.552 24.1541 108.398 103.607 19.2349 9.55585 15.1555 95.4788 23.8102 71.6686 13.456 58.2126 51.6595 13.8968 9.67905 44.6917
internal_count=24800 841 23959 823 53 770 73 43 697 112 585 23940 371 86 551 101 450 430 80 40 63 396 99 297 56 241 214 58 40 185
cat_boundaries=0 1
cat_threshold=4
is_linear=0
shrinkage=0.05


Tree=9
num_leaves=31
num_cat=0
split_feature=4 11 4 4 7 7 18 17 11 17 15 13 14 11 4 12 15 5 4 11 4 4 14 4 13 5 6 4 2 10
split_gain=1494.98 1.70413 1.22695 1.13396 4.28038 1.03311 0.415735 1.04628 0.271013 0.661788 0.189552 0.137969 0.313196 0.474052 0.121759 2.29999 0.111433 0.26361 0.11288 0.0657235 0.0747079 0.0636311 0.0447892 0.0341833 0.0240433 0.00990865 0.00894947 0.00421342 0.0134041 0.00657213
threshold=0.40010890280424721 0.00014937442776370003 0.36050541516245488 0.51056338028169035 37250945.500000007 100828235.50000001 2.0000000000000004 0.10951500000000002 0.0025365741049823503 0.99997500000000017 0.44250000000000006 0.79154000000000002 0.50250000000000006 0.0091854162399857015 0.14328485885372114 0.33383349690081193 1.1275000000000002 1116.5000000000002 0.99628718642629199 0.00043410378932745005 0.63550352129022059 0.92942237922632331 0.05050000000000001 0.72648571594810041 0.074422000000000002 622.50000000000011 1.0435950000000001e-05 0.7584527379626661 27.500000000000004 923.50000000000011
decision_type=2 10 2 2 8 10 8 8 10 10 10 10 10 10 2 10 8 10 2 10 2 2 10 2 10 10 10 2 2 10
left_child=2 -2 14 4 -3 -6 11 -8 9 -9 22 12 16 -14 -1 -16 18 -18 19 -5 -21 23 26 -13 -22 -25 -10 29 -29 -26
right_child=1 3 -4 6 5 -7 7 8 10 -11 -12 21 13 -15 15 -17 17 -19 -20 20 24 -23 -24 25 27 -27 -28 28 -30 -31
leaf_value=-0.051049705203364784 0.068899934554537301 0.14048980212419512 0.011769335796022802 0.10908378472990155 0.05443352830524948 0.092229729053431839 0.089888697256063257 0.11682468865585996 0.11708257738081387 0.096008643224667178 0.10572021747477495 0.11977703577928406 0.098978247504823522 0.11523467608276371 0.071542329407523808 -0.051082104436098952 0.10427127752204808 0.11877636196440036 0.12124098279741774 0.12052598772727129 0.11736459101491906 0.12248256589686762 0.12058051330802305 0.11672169350918729 0.11392242680179517 0.11394775702117713 0.11458968893744499 0.11156365710907881 0.11433784251758411 0.11586529879702941
leaf_weight=474.6703895945102 2.3312200382351866 3.6327041983604405 0.78108549863099952 4.860429421067237 3.496161825954915 3.7441941946744919 6.3353128135204306 7.5711599886417371 5.1348171830177405 7.7029156535863876 4.8943556100130072 5.0990011692047181 8.6361217051744479 9.3286258131265622 0.40318497642874618 7.41606380417943 7.5563832670450193 5.3499682396650314 7.2430046796798697 5.8120961338281623 7.0827939361333838 5.2969622313976279 5.3316862583160392 5.1394038200378409 8.3700322955846804 8.6168741285800916 12.046715259552 4.9455689936876288 36.413309261202812 9.0687276571989042
leaf_count=23569 11 20 19 20 21 19 27 31 21 32 20 21 36 38 9 362 31 22 30 24 29 22 22 21 34 35 49 20 148 37
internal_value=-0.00318057 0.111401 -0.0508464 0.111899 0.0962004 0.073979 0.112808 0.10885 0.111664 0.106327 0.114638 0.114206 0.113482 0.10742 -0.0509478 -0.0447592 0.114609 0.110284 0.115275 0.11471 0.115092 0.117641 0.116577 0.11628 0.114612 0.114984 0.115335 0.114281 0.114006 0.114933
internal_weight=684.311 201.041 483.271 198.709 10.8731 7.24036 187.836 49.017 42.6816 15.2741 27.4076 138.819 114.667 17.9647 482.49 7.81925 96.7023 12.9064 83.796 76.553 71.6925 24.1522 22.5132 18.8553 65.8804 13.7563 17.1815 58.7976 41.3589 17.4388
internal_count=24800 841 23959 830 60 40 770 202 175 63 112 568 469 74 23940 371 395 53 342 312 292 99 92 77 268 56 70 239 168 71
is_linear=0
shrinkage=0.05


Tree=10
num_leaves=31
num_cat=1
split_feature=4 4 4 4 2 4 17 17 2 11 4 4 4 12 11 18 15 5 4 14 5 6 4 11 17 17 0 2 11 1
split_gain=1359.85 1.86901 1.2099 0.725698 1.34504 0.705284 1.08106 0.645357 0.266757 0.578195 0.283197 0.463028 0.126467 2.13083 0.0498568 0.0446129 0.106894 0.0475804 0.120502 0.0229349 0.0203186 0.0110216 0.00700228 0.00551624 0.00532465 0.0185325 0.00434998 0.00335964 0.00215914 0.00193625
threshold=0.40010890280424721 0.46813506261180676 0.36050541516245488 0.57641196013289042 60.500000000000007 0.99628718642629199 1.6764500000000001e-13 0.0036026500000000002 26.500000000000004 0.025979923956329753 0.64350460219812455 0.60357142857142876 0.14328485885372114 0.33383349690081193 0.00044875724605205003 1.0000000180025095e-35 0.20550000000000002 97.500000000000014 0.77785000039496754 0.036500000000000005 117.50000000000001 1.0428200000000001e-05 0.83691429190297373 0.00028446060318330007 2.1968500000000003e-29 8.3375999999999994e-22 0 50.500000000000007 0.0066189511513230015 48.500000000000007
decision_type=2 2 2 2 2 2 8 10 2 10 2 2 2 10 10 10 8 10 2 10 10 10 2 8 8 8 9 2 10 2
left_child=2 -2 12 4 -3 8 -7 -8 9 -5 11 -10 -1 -14 23 16 -16 18 -18 26 -19 -21 -23 -12 -22 -26 -17 -28 29 -27
right_child=1 3 -4 5 -6 6 7 -9 10 -11 14 -13 13 -15 15 19 17 20 -20 21 24 22 -24 -25 25 28 27 -29 -30 -31
leaf_value=-0.050997458649634203 0.038853308703653326 0.078866273685751859 0.01105814659575627 0.089887169134747757 0.11214239248405185 0.074889220712637095 0.11761493547452195 0.0945896127621077 0.11084040601139451 0.11163115399653378 0.11191522052507458 0.090443574079806965 0.063604481199448212 -0.051028265549357146 0.099537002589234674 0.10646688986429334 0.098168524822068254 0.11057028837805537 0.1081584540342949 0.10829755229454661 0.10601965722263662 0.11175856211877191 0.10943801580652718 0.10968921979205865 0.11041210261820705 0.10844980538785219 0.10726224934408142 0.10869335308461484 0.10705678434423543 0.10728035736763092
leaf_weight=451.97132167592645 1.0834730900824059 7.1529704630374891 0.7895294725894918 7.0061413049697858 5.2771664708852768 4.5359417051076916 4.8771029561758033 8.093036547303198 4.9396623671054822 5.4243050962686539 5.4348819106817219 6.3711558133363724 0.43007838353514571 7.061633026227355 4.9547539204359046 6.7232368588447571 4.9640333801507932 5.1960386335849753 7.7025066763162613 7.4526825547218349 6.9756020307540885 7.1634559184312803 5.9519263654947281 5.7041144669055948 4.9541862607002249 5.9628029465675345 8.211100205779081 8.1929391473531705 44.8022780418396 8.7092608660459501
leaf_count=23569 18 31 19 29 22 20 20 33 20 22 22 26 9 362 20 27 20 21 31 30 28 29 24 23 20 24 33 33 180 35
internal_value=-0.00317087 0.104348 -0.0507844 0.104698 0.0929935 0.105463 0.0958998 0.103248 0.106432 0.0993756 0.106979 0.0993513 -0.0508907 -0.0444475 0.107558 0.107298 0.106685 0.107082 0.104243 0.108618 0.107552 0.109833 0.110705 0.110775 0.107332 0.107474 0.107538 0.107977 0.107229 0.107756
internal_weight=664.069 203.817 460.253 202.733 12.4301 190.303 17.5061 12.9701 172.797 12.4304 160.367 11.3108 459.463 7.49171 149.056 137.917 94.2215 89.2667 12.6665 43.6953 76.6002 20.5681 13.1154 11.139 71.4041 64.4285 23.1273 16.404 59.4743 14.6721
internal_count=24800 841 23959 823 53 770 73 53 697 51 646 46 23940 371 600 555 379 359 51 176 308 83 53 45 287 259 93 66 239 59
cat_boundaries=0 1
cat_threshold=4
is_linear=0
shrinkage=0.05


Tree=11
num_leaves=31
num_cat=1
split_feature=4 11 4 7 4 7 4 10 11 2 5 4 4 4 13 18 15 4 6 14 5 17 7 2 17 7 17 17 11 0
split_gain=1243.7 1.57893 1.19897 3.58183 1.19396 0.921288 0.498639 0.970961 2.81688 0.276312 0.5365 0.131299 3.56036 0.11825 0.799106 0.0396949 0.0963583 0.0360973 0.11875 0.0194837 0.0145281 0.011948 0.00934445 0.0051432 0.00512522 0.00386599 0.00374097 0.00443597 0.00347876 0.00290961
threshold=0.40010890280424721 0.00014937442776370003 0.51056338028169035 37250945.500000007 0.36050541516245488 100828235.50000001 0.99628718642629199 507.50000000000006 0.023094618389865155 26.500000000000004 1172.5000000000002 0.14328485885372114 0.14650062145672924 0.64350460219812455 0.41061000000000009 1.0000000180025095e-35 0.20550000000000002 0.71432308209708173 4.0500000000000009e-05 0.036500000000000005 146.50000000000003 7.435600000000001e-16 31640910.500000004 67.500000000000014 0.99997500000000017 124109042.50000001 2.1968500000000003e-29 8.3375999999999994e-22 0.0023435299904395507 0
decision_type=2 10 2 8 2 10 2 10 10 2 10 2 2 2 8 10 8 2 8 10 10 10 10 2 10 10 8 10 10 9
left_child=4 -2 3 -3 11 -5 9 -8 -9 10 -4 -1 -13 14 -11 16 -15 18 -18 24 21 -19 -21 -23 29 -24 -22 -28 -26 -17
right_child=1 2 6 5 -6 -7 7 8 -10 13 -12 12 -14 15 -16 19 17 20 -20 22 26 23 25 -25 28 -27 27 -29 -30 -31
leaf_value=-0.050947870731304482 0.058184359406765612 0.1225687653701852 0.085127019716827651 0.045106628291284971 0.010396979873806538 0.080084794724173958 0.10772997124354558 0.053546932471794144 0.10410513944789659 0.080650475593491477 0.10627176139776957 0.13484889513307788 -0.051057131019653937 0.09441739542098522 0.10618255847151328 0.10171618462150916 0.10227965159493101 0.10506634584187713 0.092833391777834506 0.10535640591246725 0.10029249690160179 0.10153817154452925 0.1026034289473684 0.10333465297479445 0.10352405062378578 0.10426675576593535 0.1028875293756913 0.10138414169130626 0.10184497821072874 0.10017828049337892
leaf_weight=430.33631852455437 2.4109241031110278 3.8160316199064228 7.5882232636213285 3.6563752964138994 0.79753800481557746 3.880394846200943 6.1798319816589382 4.7136423140764219 6.6302811205387115 4.8957454413175556 4.9612424075603485 0.26750932447612186 6.9115916825830936 5.234775021672248 8.1934049874544144 7.9940939843654633 9.9912063926458323 4.9838984608650234 4.9879605621099481 6.9731851965189007 6.7480406761169425 9.7460376471281069 10.488835006952284 6.7388485819101325 5.2418035119771957 5.2378931343555442 5.4926860481500617 45.989416092634201 7.4964306354522705 4.9985617995262146
leaf_count=23569 11 20 31 21 19 19 25 20 27 20 20 9 362 21 33 32 40 20 20 28 27 39 42 27 21 21 22 184 30 20
internal_value=-0.00315858 0.0984092 0.0988873 0.0830996 -0.0507246 0.0631155 0.0998232 0.091784 0.0830971 0.100633 0.0934863 -0.050836 -0.0441299 0.101188 0.0966328 0.10159 0.101021 0.101386 0.0991341 0.102765 0.101809 0.102921 0.103833 0.102273 0.101823 0.103157 0.101399 0.101545 0.102536 0.101125
internal_weight=643.583 205.27 202.859 11.3528 438.313 7.53677 191.506 17.5238 11.3439 173.982 12.5495 437.515 7.1791 161.433 13.0892 148.344 99.9129 94.6781 14.9792 48.4308 79.6989 21.4688 22.6999 16.4849 25.7309 15.7267 58.2301 51.4821 12.7382 12.9927
internal_count=24800 841 830 60 23959 40 770 72 47 698 51 23940 371 647 53 594 400 379 60 194 319 86 91 66 103 63 233 206 51 52
cat_boundaries=0 1
cat_threshold=2
is_linear=0
shrinkage=0.05


Tree=12
num_leaves=31
num_cat=0
split_feature=4 4 11 10 4 4 17 17 2 4 4 4 4 4 11 11 5 1 11 17 15 5 7 17 17 4 18 13 11 13
split_gain=1142.4 1.549 3.71518 3.39592 1.17905 0.744614 1.11521 0.52761 0.273729 0.513252 0.269112 0.429828 0.136517 3.10709 0.0380947 0.1337 0.0532739 0.117304 0.0124253 0.00728307 0.00859567 0.00694039 0.00460484 0.00317987 0.0149272 0.00320591 0.00339794 0.00315385 0.00137193 0.000679076
threshold=0.40010890280424721 0.57641196013289042 0.0014315469826354503 269.50000000000006 0.36050541516245488 0.99628718642629199 1.6764500000000001e-13 0.0036026500000000002 26.500000000000004 0.7584527379626661 0.64350460219812455 0.60357142857142876 0.14328485885372114 0.14650062145672924 0.00091927756250260019 0.0012726314328147502 97.500000000000014 51.500000000000007 0.00028446060318330007 0.99997500000000017 0.11950000000000001 120.50000000000001 93234945.000000015 2.1968500000000003e-29 2.8879500000000002e-22 0.67809350017379222 1.0000000180025095e-35 0.12902000000000002 0.0066189511513230015 0.64699000000000007
decision_type=2 2 10 8 2 2 8 10 2 2 2 2 2 2 10 10 10 2 10 10 10 10 10 10 10 2 10 10 10 10
left_child=4 2 -2 -4 12 8 -7 -8 9 -3 11 -10 -1 -14 18 -16 17 -17 -12 21 -21 -18 -20 -23 -25 -26 28 -28 29 -27
right_child=1 5 3 -5 -6 6 7 -9 10 -11 14 -13 13 -15 15 16 19 -19 22 20 -22 23 -24 24 25 26 27 -29 -30 -31
leaf_value=-0.050900787767398772 0.028169055542165384 0.075680526665943978 0.13195990361671836 0.071941007300467527 0.0097814929343389631 0.063874655219215953 0.10508430412685826 0.084427033754718203 0.099675152390656482 0.096397545747515911 0.10059475347979813 0.080124277302241018 0.11283206763540717 -0.051004806229131727 0.088636473884300668 0.087586863702405218 0.098630149340192139 0.097550830811295619 0.096961890329543804 0.096990989404465336 0.099576785408214449 0.095860982904257985 0.098648098151801769 0.099464825382355529 0.095451261552661329 0.096650005328622529 0.096636499224540359 0.097935291501500515 0.096394907651268402 0.097412168056615095
leaf_weight=409.71766009740531 3.0226362273097029 4.8733744919300062 3.4361297339200947 7.5029644668102273 0.80513416975736518 4.7060180753469494 4.9709395766258231 8.1736264228820783 4.983230844140051 7.7343253642320633 5.495786681771281 6.4500119537115097 0.30269124731421371 6.5810843668878078 5.4825994968414298 4.9890344142913801 4.991651087999343 7.2410022765398026 7.7387912422418621 7.7413047552108747 5.4953496158123016 9.7281863242387754 8.4915560185909253 4.9992342144250861 5.2368272691965094 6.2420685440301877 8.9864255040884036 9.740495413541792 41.690086975693703 5.4956270158290863
leaf_count=23569 17 20 17 37 19 20 20 33 20 31 22 26 9 362 22 20 20 29 31 31 22 39 34 20 21 25 36 39 167 22
internal_value=-0.00314484 0.0933149 0.0772359 0.0907938 -0.0506666 0.0944861 0.0847613 0.0922391 0.0954848 0.0883896 0.0960396 0.0886456 -0.0507835 -0.0438006 0.096604 0.0962756 0.0966172 0.0934862 0.0985399 0.0969643 0.0980645 0.0968143 0.0978441 0.0967159 0.0968168 0.0966458 0.0967325 0.097312 0.0965293 0.0970069
internal_weight=623.046 205.639 13.9617 10.9391 417.407 191.678 17.8506 13.1446 173.827 12.6077 161.219 11.4332 416.601 6.88378 149.786 128.06 122.577 12.23 21.7261 110.347 13.2367 97.1106 16.2303 92.119 82.3908 77.3915 72.1547 18.7269 53.4278 11.7377
internal_count=24800 841 71 54 23959 770 73 53 697 51 646 46 23940 371 600 513 491 49 87 442 53 389 65 369 330 310 289 75 214 47
is_linear=0
shrinkage=0.05


Tree=13
num_leaves=31
num_cat=0
split_feature=4 4 13 4 4 13 1 2 11 4 11 4 4 11 11 5 4 11 17 15 5 15 17 17 4 18 15 13 11 11
split_gain=1053.08 1.64419 3.50122 1.16508 0.76914 1.08862 0.45282 0.27699 0.527172 0.26761 0.438586 0.141813 2.76798 0.0310884 0.147862 0.0527452 0.110811 0.00955666 0.00542933 0.00640661 0.0052281 0.00409547 0.00236115 0.0110828 0.00238765 0.00255541 0.00241722 0.00197075 0.00102444 0.00060464
threshold=0.40010890280424721 0.57641196013289042 0.32096000000000008 0.36050541516245488 0.99628718642629199 0.50821000000000016 60.500000000000007 26.500000000000004 0.025979923956329753 0.64350460219812455 0.015491684654896452 0.14328485885372114 0.14650062145672924 0.0010848871413994003 0.0013865553112336001 97.500000000000014 0.80627460828505082 0.00028446060318330007 0.99997500000000017 0.11950000000000001 120.50000000000001 0.81700000000000006 2.1968500000000003e-29 2.8879500000000002e-22 0.67809350017379222 1.0000000180025095e-35 0.41650000000000004 0.14968000000000004 0.0066189511513230015 0.048387122553519957
decision_type=2 2 10 2 2 10 2 2 10 2 10 2 2 10 10 10 2 10 10 10 10 8 10 10 2 10 10 10 10 10
left_child=3 2 -2 11 7 6 -6 8 -3 10 -9 -1 -13 17 -15 16 -16 -11 20 -20 -17 27 -22 -24 -25 28 29 -19 -26 -27
right_child=1 4 -4 -5 5 -7 -8 9 -10 13 -12 12 -14 14 15 18 -18 21 19 -21 22 -23 23 24 25 26 -28 -29 -30 -31
leaf_value=-0.050856079685132852 0.03792602566956238 0.075045225298918439 0.090376001694138008 0.0092078269546161974 0.10000124060639835 0.06529737507099663 0.079337382497619902 0.073144193290134413 0.0956794041069986 0.095759526972329589 0.092908584049669729 0.096503590443594994 -0.050955106354635731 0.083482793682139955 0.083441880191945664 0.094075405851760191 0.093373479115992655 0.093579795813391861 0.092648581946076766 0.094885401286703655 0.091671548812126968 0.094585044209956282 0.094782666422826886 0.091315183370956052 0.092666459875520246 0.092059708522440803 0.09357016307446081 0.092326592077215525 0.092131737150673937 0.092822111537395835
leaf_weight=390.06947018019855 4.8361744955182067 7.1414557993412 9.3010150194168073 0.81233998015522857 5.7113216221332568 7.2521207034587851 4.9481378793716431 4.9684286862611753 5.4635425359010696 5.4847909063100841 6.4518943130970001 0.3352736122906198 6.2660727929323912 4.9619192332029334 4.9673484861850721 4.9720683693885794 6.4624680876731873 5.7197049409151095 7.6998580694198591 5.479011744260788 9.6655761897563917 4.9784151315689078 4.9841688573360434 5.2011558711528769 11.426778391003607 5.4577703177928942 8.2066089957952482 6.9477253556251526 41.443842545151711 4.9675461798906326
leaf_count=23569 32 29 39 19 23 30 20 20 22 22 26 9 362 20 20 20 26 23 31 22 39 20 20 21 46 22 33 28 167 20
internal_value=-0.00312999 0.0888869 0.0724335 -0.0506106 0.0901049 0.0802417 0.090409 0.0911258 0.083989 0.0916865 0.0843101 -0.0507331 -0.0434659 0.0922518 0.0919422 0.0922893 0.0890572 0.0939366 0.0926267 0.0935785 0.0924965 0.09337 0.0924105 0.092498 0.0923495 0.0924247 0.0929283 0.0928924 0.0922473 0.092423
internal_weight=602.584 205.101 14.1372 397.483 190.964 17.9116 10.6595 173.052 12.605 160.447 11.4203 396.671 6.60135 149.027 125.896 120.934 11.4298 23.1306 109.504 13.1789 96.3255 17.6458 91.3534 81.6879 76.7037 71.5025 18.6319 12.6674 52.8706 10.4253
internal_count=24800 841 71 23959 770 73 43 697 51 646 46 23940 371 600 507 487 46 93 441 53 388 71 368 329 309 288 75 51 213 42
is_linear=0
shrinkage=0.05


Tree=14
num_leaves=31
num_cat=0
split_feature=4 4 15 4 4 17 17 17 4 4 4 4 11 13 10 2 2 11 15 14 4 18 15 2 5 2 2 5 15 13
split_gain=973.85 1.68693 3.3067 1.15198 0.80147 1.09212 0.487181 0.293242 0.790863 0.21882 0.147197 2.50336 0.104341 0.0934893 0.410825 0.0406321 0.00831063 0.00807182 0.00494224 0.0046076 0.00622388 0.00149452 0.00430719 0.00268084 0.00111421 0.00102408 0.000654255 0.00239139 0.000538172 0.00048862
threshold=0.40010890280424721 0.57641196013289042 0.63650000000000018 0.36050541516245488 0.99628718642629199 1.6764500000000001e-13 0.0036026500000000002 0.99997500000000017 0.72881554307116125 0.62284482758620696 0.14328485885372114 0.14650062145672924 0.0017320419815371002 0.78240500000000013 141.50000000000003 26.500000000000004 38.500000000000007 0.00044875724605205003 0.11950000000000001 0.5415000000000002 0.66084751292855803 1.0000000180025095e-35 0.25450000000000006 54.500000000000007 8222.0000000000018 76.500000000000014 67.500000000000014 257.50000000000006 0.10350000000000001 0.64699000000000007
decision_type=2 2 10 2 2 8 10 8 2 2 2 2 10 10 10 2 2 10 10 10 2 10 10 2 10 2 2 10 8 10
left_child=3 2 -2 10 7 -6 -7 9 -9 -3 -1 -12 -10 15 -15 -11 -16 -17 28 20 -19 26 -23 -24 -18 -25 29 -28 -14 -22
right_child=1 4 -4 -5 5 6 -8 8 12 13 11 -13 18 14 16 17 24 19 -20 -21 21 22 23 25 -26 -27 27 -29 -30 -31
leaf_value=-0.050813636617809146 0.038557608778888412 0.079702877551794171 0.087889494922898895 0.0086725233811004721 0.055825760904593194 0.096017701158751245 0.076151526293485178 0.067246522742424847 0.080901503977279465 0.092553395525757032 0.083882352233852597 -0.050907895231644955 0.088914368706623947 0.07297842823543424 0.091037391606441323 0.090606746384266357 0.08898956025574975 0.090403406659946339 0.090473246279547573 0.089955099733388541 0.088290043560190212 0.087990319233240022 0.088695511604329785 0.090416625861509461 0.088029585831027629 0.089422242856603731 0.089587918810296457 0.088415830251453831 0.088212409908601269 0.088758972680761383
leaf_weight=371.34767248667777 5.6123561561107627 7.1514613032340995 8.6051193401217443 0.81917596235871215 4.8076071888208416 4.9715942889451972 8.1368844360113126 6.4307514280080822 4.9391873478889492 8.639515817165373 0.36557365208864112 5.9658607374876738 6.1523417681455621 4.9328307062387493 4.9318162053823498 7.1680133044719687 7.8755308389663679 5.4190701991319647 5.1882337331771842 8.8806543648242933 28.733069390058517 7.8485957533121136 7.8669050633907345 5.1829463094472867 4.9053073525428772 5.1738825291395187 5.9157102853059795 16.461402401328087 4.9092394411563882 6.8866037577390662
leaf_count=23569 35 29 36 19 20 20 33 26 20 35 9 362 25 20 20 29 32 22 21 36 117 32 32 21 20 21 24 67 20 28
internal_value=-0.00311433 0.0850268 0.0684157 -0.0505563 0.086273 0.07621 0.0836861 0.0873237 0.0826045 0.088229 -0.0506847 -0.0431252 0.0872656 0.0886747 0.0857399 0.0892567 0.0892939 0.0889869 0.0892 0.0888688 0.088761 0.0886552 0.0889696 0.0893913 0.0886211 0.0899199 0.0885138 0.0887257 0.0886028 0.0883807
internal_weight=582.225 203.727 14.2175 378.498 189.509 17.9161 13.1085 171.593 27.6198 143.973 377.679 6.33143 21.189 136.822 22.6455 114.176 17.7127 105.537 16.2498 98.3688 89.4882 84.0691 26.0723 18.2237 12.7808 10.3568 57.9968 22.3771 11.0616 35.6197
internal_count=24800 841 71 23959 770 73 53 697 112 585 23940 371 86 556 92 464 72 429 66 400 364 342 106 74 52 42 236 91 45 145
is_linear=0
shrinkage=0.05


Tree=15
num_leaves=31
num_cat=0
split_feature=4 4 11 10 4 4 15 11 2 4 4 11 4 4 5 5 7 17 13 17 13 11 17 17 4 4 11 18 13 4
split_gain=902.936 1.73183 3.31426 3.01905 1.13967 0.833297 1.12378 1.92866 0.32709 0.632865 0.274142 0.470617 0.152676 2.29024 0.0275578 0.172516 0.36137 0.00792267 0.00959619 0.00366795 0.00513368 0.00299615 0.00177846 0.00641974 0.00177944 0.00175098 0.00207492 0.00137074 0.00128966 0.000425656
threshold=0.40010890280424721 0.57641196013289042 0.0014315469826354503 276.50000000000006 0.36050541516245488 0.99628718642629199 0.44550000000000006 0.022312840577292603 26.500000000000004 0.7584527379626661 0.64350460219812455 0.015491684654896452 0.14328485885372114 0.14650062145672924 120.50000000000001 96.500000000000014 89571937.000000015 0.99997500000000017 0.06843150000000002 0.99997500000000017 0.67777000000000009 0.00047938271067705002 2.1968500000000003e-29 2.8879500000000002e-22 0.83530442213387524 0.68623857328805038 0.0022380474104686503 1.0000000180025095e-35 0.12902000000000002 0.7219242814777862
decision_type=2 2 10 8 2 2 10 10 2 2 2 10 2 2 10 10 10 10 10 8 10 10 10 10 2 2 10 10 10 2
left_child=4 2 -2 -4 12 8 -7 -8 9 -3 11 -10 -1 -14 15 19 -17 22 -19 20 21 -12 24 -24 -16 -25 -27 29 -29 -28
right_child=1 5 3 -5 -6 6 7 -9 10 -11 14 -13 13 -15 17 16 -18 18 -20 -21 -22 -23 23 25 -26 26 27 28 -30 -31
leaf_value=-0.050773325150366366 0.018823552554132188 0.062320352919233414 0.1137856175777712 0.058878665214215746 0.0081724792479560809 0.088996787957169143 0.044733316710609934 0.086442804107369611 0.065556466718395975 0.085333925058655224 0.086394842580976267 0.086134722336465075 0.073821407906584258 -0.05086305133283836 0.085418928491366314 0.069513725482239358 0.088055085753682732 0.085710248705225048 0.088403452264237528 0.087262048909156148 0.087124413876317669 0.084903302183580956 0.087248268899743325 0.084597214758164507 0.084093632691377151 0.086335641110080574 0.085657433923591278 0.085327500536106798 0.086192218105177923 0.085184700535051866
leaf_weight=353.51021016202867 3.0724961534142485 4.9587416052818281 3.7835858240723583 7.4000419005751619 0.82566158100962539 6.6050139963626888 6.3224238604307157 4.9348843097686768 4.9588249027729017 7.514107957482338 4.8732759952545228 6.3186245113611221 0.39383289031684299 5.679779545404017 5.3387750536203367 5.3759557306766492 5.1409100741147995 9.2331730425357801 5.153642624616622 5.6222725212573996 5.6196825653314582 10.892534047365187 4.8924044519662848 6.5241431295871726 4.8189304322004318 6.0906145274639121 5.3450030386447898 8.7305906116962451 8.519537538290022 43.636862024664879
leaf_count=23569 17 20 18 36 19 27 26 20 20 31 20 26 9 362 22 22 21 38 21 23 23 45 20 27 20 25 22 36 35 180
internal_value=-0.00309822 0.0816181 0.0648183 0.0774545 -0.0505036 0.0828959 0.072624 0.0630176 0.083978 0.0761846 0.0845968 0.0770862 -0.0506383 -0.0427781 0.0851777 0.0840101 0.0785772 0.0855824 0.086675 0.0861256 0.0858269 0.0853643 0.085415 0.0854908 0.0847902 0.0853817 0.0854525 0.0853713 0.0857546 0.0852363
internal_weight=562.087 201.677 14.2561 11.1836 360.409 187.421 17.8623 11.2573 169.559 12.4728 157.086 11.2774 359.584 6.07361 145.808 37.5246 10.5169 108.284 14.3868 27.0078 21.3855 15.7658 93.8969 83.7392 10.1577 78.8468 72.3226 66.232 17.2501 48.9819
internal_count=24800 841 71 54 23959 770 73 46 697 51 646 46 23940 371 600 154 43 446 59 111 88 65 387 345 42 325 298 273 71 202
is_linear=0
shrinkage=0.05


Tree=16
num_leaves=31
num_cat=0
split_feature=4 4 4 11 10 4 17 17 2 4 4 11 4 4 5 5 7 17 13 17 13 11 17 17 4 4 11 18 13 4
split_gain=839.088 2.29484 1.28383 2.36405 1.62471 0.864103 1.09883 0.467783 0.333634 0.641767 0.27847 0.467509 0.158259 2.11433 0.0294896 0.170237 0.339649 0.00612347 0.00739616 0.00283214 0.00396541 0.00231691 0.00137179 0.00494253 0.00137603 0.00135096 0.00160398 0.00106646 0.000997561 0.000329144
threshold=0.43154493343989836 0.36050541516245488 0.57641196013289042 0.0014315469826354503 298.50000000000006 0.99628718642629199 1.6764500000000001e-13 0.0036026500000000002 26.500000000000004 0.7584527379626661 0.64350460219812455 0.015491684654896452 0.14328485885372114 0.14650062145672924 120.50000000000001 96.500000000000014 89571937.000000015 0.99997500000000017 0.06843150000000002 0.99997500000000017 0.67777000000000009 0.00047938271067705002 2.1968500000000003e-29 2.8879500000000002e-22 0.83218649061639327 0.68623857328805038 0.0022380474104686503 1.0000000180025095e-35 0.12902000000000002 0.7219242814777862
decision_type=2 2 2 10 10 2 8 10 2 2 2 10 2 2 10 10 10 10 8 8 10 10 10 10 2 2 10 10 10 2
left_child=1 12 3 -2 -5 8 -7 -8 9 -4 11 -10 -1 -14 15 19 -17 22 -19 20 21 -12 24 -24 -16 -25 -27 29 -29 -28
right_child=2 -3 5 4 -6 6 7 -9 10 -11 14 -13 13 -15 17 16 -18 18 -20 -21 -22 -23 23 25 -26 26 27 28 -30 -31
leaf_value=-0.050735039104569585 0.02354011211047545 0.0099501109055244279 0.059197045173255018 0.10200701150539665 0.060845984058597535 0.049156494259227072 0.089214331610287217 0.069596703725132048 0.062554793229262592 0.082447485472075643 0.083384880597029545 0.083161299242251588 0.065607692341241239 -0.050820447277894865 0.082547494050028952 0.066771308889857259 0.08485863280246625 0.082778229099633199 0.085159809646954035 0.084152511718843359 0.084030550745572474 0.082062809722341493 0.084136861810678823 0.081791941599121065 0.081373675342150995 0.083332130698479639 0.082730861055287208 0.082439617971308832 0.083206253869536825 0.082311785958820341
leaf_weight=336.51667262706906 2.854774445295333 1.5723317749798287 4.9592963606119138 3.6191399842500669 7.1018715426325798 4.8599590063095119 4.902134567499159 7.9940775781869888 4.9374490380287153 7.3913857340812683 4.7985924184322419 6.2197883129119873 0.42024553567170997 5.4071884946897626 5.0143402516841871 5.3183654844760877 5.0696010738611221 9.0858857780694926 5.0841650962829599 5.5405556857585898 5.5373119562864295 10.71064282953739 4.8214276134967795 6.4132897704839698 4.9726094603538513 5.9969674050807944 5.2595143020153037 8.5881689488887805 8.3873109370470029 42.919866815209389
leaf_count=23569 14 28 20 16 32 20 20 33 20 31 20 26 9 362 21 22 21 38 21 23 23 45 20 27 21 25 22 36 35 180
internal_value=-0.00308188 -0.0503168 0.0788146 0.0639742 0.0747409 0.0799049 0.0694182 0.0770538 0.0810197 0.0731115 0.0816512 0.0740422 -0.0505936 -0.0424242 0.0822427 0.0810261 0.0755984 0.0826649 0.0836327 0.0831467 0.082882 0.0824719 0.0825165 0.0825835 0.081963 0.082487 0.0825496 0.0824776 0.0828184 0.0823575
internal_weight=542.275 343.916 198.358 13.5758 10.721 184.783 17.7562 12.8962 167.027 12.3507 154.676 11.1572 342.344 5.82743 143.519 36.9751 10.388 106.544 14.1701 26.5871 21.0465 15.5092 92.3735 82.3865 9.98695 77.5651 71.1518 65.1549 16.9755 48.1794
internal_count=24800 23968 832 62 48 770 73 53 697 51 646 46 23940 371 600 154 43 446 59 111 88 65 387 345 42 325 298 273 71 202
is_linear=0
shrinkage=0.05


Tree=17
num_leaves=31
num_cat=0
split_feature=4 4 4 2 4 15 15 2 4 4 4 4 4 5 5 7 17 13 17 13 11 17 17 4 4 11 18 13 15 4
split_gain=781.164 3.43259 0.897018 1.47182 0.902541 1.13891 1.89568 0.342072 0.652727 0.284575 0.476244 0.163954 1.96624 0.0315191 0.169609 0.323351 0.00477653 0.00575512 0.0022073 0.0030914 0.00180794 0.00106767 0.00384073 0.001073 0.00105172 0.00125127 0.000837133 0.000778667 0.000270685 0.000256814
threshold=0.46813506261180676 0.36050541516245488 0.57641196013289042 60.500000000000007 0.99628718642629199 0.44550000000000006 0.83450000000000013 26.500000000000004 0.7584527379626661 0.64350460219812455 0.60357142857142876 0.14328485885372114 0.14650062145672924 120.50000000000001 96.500000000000014 89571937.000000015 0.99997500000000017 0.06843150000000002 0.99997500000000017 0.65240500000000001 0.00047938271067705002 2.1968500000000003e-29 2.8879500000000002e-22 0.83530442213387524 0.68623857328805038 0.0022380474104686503 1.0000000180025095e-35 0.12902000000000002 0.52350000000000019 0.7219242814777862
decision_type=2 2 2 2 2 10 10 2 2 2 2 2 2 10 10 10 10 8 8 8 10 10 10 2 2 10 10 10 10 2
left_child=1 11 3 -2 7 -6 -7 8 -4 10 -9 -1 -13 14 18 -16 21 -18 19 20 -11 23 -23 -15 -24 -26 29 -28 -22 -27
right_child=2 -3 4 -5 5 6 -8 9 -10 13 -12 12 -14 16 15 -17 17 -19 -20 -21 28 22 24 -25 25 26 27 -29 -30 -31
leaf_value=-0.050698675832504196 0.049245618748262672 0.010433481965658558 0.056332032650099444 0.083590615408246083 0.083239061771636022 0.034267888269767247 0.075605117582190712 0.083202493643923223 0.079882805929676629 0.080716058353918388 0.062213972184653521 0.058773233665126469 -0.050779974875163572 0.079945360051119796 0.064253092208506321 0.08203236845505478 0.080175235865025882 0.082294460307559186 0.081399769560971891 0.081291013099328957 0.079252780812804915 0.081382815143206264 0.079296142323915936 0.078897160500045999 0.080668777677578851 0.08013251436677063 0.07987388824861727 0.080557616393756221 0.079763731009584754 0.079758815433705277
leaf_weight=320.32836142927408 7.4898240119218809 2.3238951265811911 4.9511246085166913 5.3458044528961182 6.4315457046031979 5.0803430080413801 6.1078586131334305 4.7609877288341504 7.2507938295602798 4.7115783691406312 6.2518364936113358 0.44497369229793449 5.1474728435277939 5.1528394520282728 5.2521388828754407 4.9841915667057037 8.9160979092121089 5.0002293586730966 5.4439517855644217 5.4401636868715277 4.65604619681835 4.7374652028083792 6.2875541448593131 4.6399078518152237 5.8879541158676139 5.1610316932201377 8.4249458909034747 8.2337809652090055 5.847376361489296 42.099634423851967
leaf_count=23569 31 37 20 22 27 21 25 20 31 20 26 9 362 22 22 21 38 21 23 23 20 20 27 20 25 22 36 35 25 180
internal_value=-0.00306545 -0.0501187 0.0763241 0.0635497 0.0772264 0.0664728 0.0568347 0.0783811 0.0703267 0.0790282 0.0712876 -0.0505505 -0.0420632 0.0796333 0.0783647 0.07291 0.0800742 0.0809367 0.0805041 0.080268 0.0799023 0.0799418 0.0800015 0.0794487 0.0799155 0.0799713 0.0799071 0.0802118 0.0795372 0.0797996
internal_weight=522.792 328.245 194.547 12.8356 181.711 17.6197 11.1882 164.092 12.2019 151.89 11.0128 325.921 5.59245 140.877 36.3354 10.2363 104.541 13.9163 26.0991 20.6552 15.215 90.6251 80.8324 9.79275 76.0949 69.8073 63.9194 16.6587 10.5034 47.2607
internal_count=24800 23977 823 53 770 73 46 697 51 646 46 23940 371 600 154 43 446 59 111 88 65 387 345 42 325 298 273 71 45 202
is_linear=0
shrinkage=0.05


Tree=18
num_leaves=31
num_cat=0
split_feature=4 4 4 11 10 4 13 1 17 4 11 4 4 11 13 5 2 4 4 14 7 18 13 5 15 7 5 2 6 13
split_gain=728.486 2.2375 1.42299 2.1585 1.54948 0.93818 1.13441 0.432107 0.352544 0.872849 0.259238 0.169768 1.83953 0.114709 0.10067 0.433855 0.0395263 0.0231557 0.00702259 0.00236901 0.00192885 0.000749616 0.00152061 0.00057829 0.000534175 0.000395645 0.000343095 0.000483111 0.000558972 0.000321391
threshold=0.43154493343989836 0.36050541516245488 0.57641196013289042 0.0014315469826354503 276.50000000000006 0.99628718642629199 0.50821000000000016 60.500000000000007 0.99997500000000017 0.72881554307116125 0.00043410378932745005 0.14328485885372114 0.14650062145672924 0.0017320419815371002 0.78240500000000013 180.50000000000003 26.500000000000004 0.64350460219812455 0.73590618877067915 0.5415000000000002 48636328.500000007 1.0000000180025095e-35 0.18525000000000003 9595.0000000000018 0.25450000000000006 126454432.00000001 650.50000000000011 67.500000000000014 2.4500000000000003e-05 0.6125750000000002
decision_type=2 2 2 10 8 2 10 2 8 2 10 2 2 10 10 10 2 2 2 10 10 10 10 10 10 10 10 2 8 10
left_child=1 11 3 -2 -5 8 7 -7 10 -10 -4 -1 -13 -11 16 -16 -12 -18 -17 21 -15 26 24 -20 -23 -22 27 29 -29 -19
right_child=2 -3 5 4 -6 6 -8 -9 9 13 14 12 -14 20 15 18 17 19 23 -21 25 22 -24 -25 -26 -27 -28 28 -30 -31
leaf_value=-0.05066414005796635 0.019347322611068054 0.0087661613664228727 0.068273306966985622 0.095129236885973162 0.05477593684228909 0.084098968700462781 0.048647154848853423 0.063478089218518094 0.054359385802720463 0.068951746717868606 0.081558371761484338 0.052997469008505743 -0.050741518052564619 0.078690638322620965 0.061051920007772632 0.079883613471160797 0.080570757900873147 0.077365156825117368 0.077865803214247603 0.07853283380485826 0.077168156178365005 0.077263646149277138 0.078405051289210229 0.077153196427923565 0.077839876096252161 0.077803881347990211 0.077418045125157861 0.078326002440742407 0.077573769703011886 0.077847753704011188
leaf_weight=304.90824634209275 2.8514078930020323 1.6002658829092968 7.9360060989856711 3.5806382074952099 7.0877011790871629 5.4745847582817095 7.2297761142253867 4.7401705086231232 6.2287634313106564 4.655923709273341 8.2001271694898588 0.46815619990229507 4.9000451685860753 5.3243659883737555 4.7053796052932766 4.6481435447931316 7.7200094312429419 12.11418697237969 7.5800484865903837 8.0867576599121076 4.5610617250204069 7.3036864250898423 8.5378416925668699 4.5594858974218369 8.9508651942014676 5.2812919914722443 29.731804326176643 4.8441272825002644 5.0380479395389566 4.8235303461551657
leaf_count=23569 14 28 34 16 32 23 30 20 26 20 35 9 362 23 20 20 33 53 33 35 20 32 37 20 39 23 130 21 22 21
internal_value=-0.00304906 -0.0502048 0.0736303 0.0579912 0.0683198 0.0748163 0.0638029 0.0745298 0.0760109 0.0706863 0.0770401 -0.050509 -0.0416945 0.0758166 0.0775886 0.07447 0.0782248 0.0779435 0.0782309 0.0777167 0.077924 0.0776355 0.0778648 0.0775982 0.077581 0.0775093 0.077535 0.0776647 0.0779425 0.0775026
internal_weight=503.672 311.877 191.796 13.5197 10.6683 178.276 17.4445 10.2148 160.831 26.0514 134.78 310.276 5.3682 19.8226 126.844 21.4931 105.351 97.1509 16.7877 89.4308 15.1667 81.3441 24.7924 12.1395 16.2546 9.84235 56.5517 26.8199 9.88218 16.9377
internal_count=24800 23968 832 62 48 770 73 43 697 112 585 23940 371 86 551 93 458 423 73 390 66 355 108 53 71 43 247 117 43 74
is_linear=0
shrinkage=0.05


Tree=19
num_leaves=31
num_cat=0
split_feature=4 4 4 15 4 15 11 2 4 4 11 4 12 5 5 7 17 13 17 13 11 17 17 11 4 4 18 13 11 15
split_gain=680.378 3.29442 0.993841 1.52058 0.983634 1.13482 1.86184 0.394183 0.722482 0.322887 0.546232 0.175708 1.76778 0.0336243 0.181348 0.318247 0.0039178 0.00433464 0.00194106 0.00242148 0.00177072 0.000688499 0.0023882 0.000877895 0.000671417 0.000496514 0.000541626 0.000480569 0.000182761 0.000171681
threshold=0.46813506261180676 0.36050541516245488 0.57641196013289042 0.64950000000000008 0.99628718642629199 0.44550000000000006 0.022312840577292603 26.500000000000004 0.7584527379626661 0.64350460219812455 0.015491684654896452 0.14328485885372114 0.33383349690081193 120.50000000000001 96.500000000000014 89571937.000000015 0.99997500000000017 0.06843150000000002 0.99997500000000017 0.67777000000000009 0.00047938271067705002 2.1968500000000003e-29 2.8879500000000002e-22 0.0022825307369929502 0.83218649061639327 0.67809350017379222 1.0000000180025095e-35 0.12902000000000002 0.0066189511513230015 0.52350000000000019
decision_type=2 2 2 8 2 10 10 2 2 2 10 2 10 10 10 10 10 10 8 10 10 10 10 10 2 2 10 10 10 10
left_child=1 11 3 -2 7 -6 -7 8 -4 10 -9 -1 -13 14 18 -16 21 -18 19 20 -11 24 -23 -24 -15 -25 28 -28 -27 -22
right_child=2 -3 4 -5 5 6 -8 9 -10 13 -12 12 -14 16 15 -17 17 -19 -20 -21 29 22 23 25 -26 26 27 -29 -30 -31
leaf_value=-0.050631329413465126 0.036017308742086467 0.0084726458221393713 0.050392625507965361 0.071672618175748631 0.078430506625042765 0.033833524684322623 0.07524436331084397 0.053690920517409549 0.075482715124335395 0.076433057582172961 0.076441545939369526 0.049956475314918959 -0.050712051949016006 0.07560032459537519 0.059457820772262963 0.077419312215692884 0.075828044656886584 0.077705241878191708 0.077026096351969026 0.076866564152843084 0.075009266979887301 0.076745886587755108 0.076106729743681878 0.07499779515422024 0.074752939762280243 0.075669776234217098 0.075524472223973765 0.076073783237777345 0.075410266592460182 0.075425706087293334
leaf_weight=290.22089951392263 4.8209956437349293 2.3898881785571566 4.899677634239195 7.8740805387496957 6.1918164491653469 6.291564539074896 4.7737433016300201 4.7980002760887128 6.9236491322517395 4.5210986584425035 5.8614387363195419 0.48097889870405097 4.6732763862237334 4.7020948976278287 5.086354732513426 4.787314161658287 8.5301100909709913 4.8088463693857184 5.2311180979013434 5.2228237837553015 4.4436253160238248 4.5400044918060294 6.7555127292871466 4.4426138103008261 4.6486258506774902 8.2924450486898404 8.0508973002433759 7.8774373382329932 37.308706760406494 5.5861815065145493
leaf_count=23569 20 37 20 33 27 26 20 20 31 20 26 9 362 21 22 21 38 21 23 23 20 20 30 20 21 37 36 35 167 25
internal_value=-0.0030327 -0.0499957 0.0716397 0.0581324 0.0726219 0.0612901 0.0516988 0.073865 0.0650852 0.0745784 0.0662011 -0.0504688 -0.041318 0.0752407 0.073904 0.0681666 0.0757071 0.0765048 0.0761696 0.075943 0.0756115 0.0755843 0.0756333 0.0755639 0.0751791 0.0755083 0.0755451 0.0757961 0.0754575 0.0752412
internal_weight=485.036 297.765 187.271 12.6951 174.576 17.2571 11.0653 157.319 11.8233 145.495 10.6594 295.375 5.15426 134.836 34.8785 9.87367 99.9573 13.339 25.0048 19.7737 14.5509 86.6183 77.2676 72.7276 9.35072 65.9721 61.5295 15.9283 45.6012 10.0298
internal_count=24800 23977 823 53 770 73 46 697 51 646 46 23940 371 600 154 43 446 59 111 88 65 387 345 325 42 295 275 71 204 45
is_linear=0
shrinkage=0.05


Tree=20
num_leaves=31
num_cat=0
split_feature=4 4 4 2 4 17 17 2 4 4 11 4 4 5 5 2 17 13 17 13 11 17 17 11 4 4 18 15 11 12
split_gain=636.255 3.25809 1.04207 1.47958 1.02147 1.1731 0.507445 0.40472 0.733928 0.331739 0.546166 0.18178 1.71009 0.0361621 0.183359 0.312784 0.00312507 0.00344944 0.00154627 0.00192925 0.00141123 0.000547652 0.00189712 0.000700818 0.000534138 0.000394963 0.000434129 0.000384185 0.000169215 0.000158387
threshold=0.46813506261180676 0.36050541516245488 0.57641196013289042 60.500000000000007 0.99628718642629199 6.3598000000000021e-14 0.00011035000000000001 26.500000000000004 0.7584527379626661 0.64350460219812455 0.015491684654896452 0.14328485885372114 0.14650062145672924 120.50000000000001 96.500000000000014 58.500000000000007 0.99997500000000017 0.06843150000000002 0.99997500000000017 0.67777000000000009 0.00047938271067705002 2.1968500000000003e-29 2.8879500000000002e-22 0.0022825307369929502 0.83218649061639327 0.67809350017379222 1.0000000180025095e-35 0.41650000000000004 0.048387122553519957 0.48375892220063216
decision_type=2 2 2 2 2 10 8 2 2 2 10 2 2 10 10 2 10 10 8 10 10 10 10 10 2 2 10 8 10 10
left_child=1 11 3 -2 7 -6 -7 8 -4 10 -9 -1 -13 14 18 -16 21 -18 19 20 -11 24 -23 -24 -15 -25 -27 28 -28 -14
right_child=2 -3 4 -5 5 6 -8 9 -10 13 -12 12 29 16 15 -17 17 -19 -20 -21 -22 22 23 25 -26 26 27 -29 -30 -31
leaf_value=-0.05060015852929315 0.04135902682406168 0.0079902426757235915 0.048164027528447471 0.076184223169176293 0.038261274500177321 0.080268533722482216 0.059267472055618033 0.051559141545550982 0.073632328066241509 0.074489533134918726 0.074503078226992439 0.047635716280262669 -0.051856555498119489 0.073736683990153554 0.074669823341683011 0.05666804050282629 0.07394298910433672 0.075638088619034718 0.075025528937844269 0.074881283425612025 0.073412007715379785 0.074770452009480834 0.074195052820955162 0.073192237634997132 0.072970955022610376 0.073607322179826143 0.073473765187606455 0.074195943841302556 0.073914271854598826 -0.050608594576141655
leaf_weight=276.23242961708456 7.3913644850254041 2.4070126824080935 4.8708012253046018 5.1926079839468002 4.8622866868972805 4.6636297851800892 7.50561347603798 4.7478406727313978 6.7472264319658279 4.4099207520484986 5.7169065624475479 0.49094781279563804 0.27067864499986161 4.5829079896211606 5.0787995308637601 4.5970972925424576 8.3156232386827451 4.6961078792810431 5.1052609235048285 5.0964270234107962 9.7722547948360425 4.429744064807891 6.5873507857322684 4.3275122195482245 4.5271178930997849 44.43939745426178 4.3466370403766597 6.8068809509277353 4.3737785369157791 4.1885930467396975
leaf_count=23569 31 37 20 22 20 20 33 20 31 20 26 9 8 21 23 20 38 21 23 23 45 20 30 20 21 204 20 31 20 354
internal_value=-0.0030165 -0.0499341 0.0696145 0.0557292 0.0706387 0.059021 0.0673157 0.0719271 0.0629549 0.0726614 0.0640934 -0.05043 -0.0409333 0.0733432 0.0719408 0.066117 0.0738335 0.0745548 0.0742518 0.0740469 0.0737471 0.0737223 0.0737666 0.0737039 0.0733562 0.0736536 0.0736868 0.0739144 0.0736947 -0.0506843
internal_weight=466.781 283.59 183.191 12.584 170.607 17.0315 12.1692 153.576 11.618 141.958 10.4647 281.183 4.95022 131.493 34.0598 9.6759 97.4331 13.0117 24.3839 19.2786 14.1822 84.4213 75.3113 70.8816 9.11003 64.2942 59.9667 15.5273 8.72042 4.45927
internal_count=24800 23977 823 53 770 73 53 697 51 646 46 23940 371 600 154 43 446 59 111 88 65 387 345 325 42 295 275 71 40 362
is_linear=0
shrinkage=0.05


Tree=21
num_leaves=31
num_cat=0
split_feature=4 4 15 4 15 15 4 2 4 4 11 4 12 5 5 7 17 13 17 13 11 17 17 11 4 4 18 13 11 15
split_gain=595.63 2.14174 3.7348 1.06758 1.19157 1.85028 1.06664 0.416669 0.746239 0.341837 0.548008 0.187976 1.64859 0.0386887 0.185924 0.327595 0.00250723 0.00276154 0.00123902 0.00154601 0.00113112 0.000438126 0.00151595 0.000562662 0.000427932 0.000315984 0.000349793 0.000314046 0.000122502 0.000114362
threshold=0.40010890280424721 0.57641196013289042 0.63650000000000018 0.99628718642629199 0.44550000000000006 0.83450000000000013 0.36050541516245488 26.500000000000004 0.7584527379626661 0.64350460219812455 0.015491684654896452 0.14328485885372114 0.33383349690081193 120.50000000000001 96.500000000000014 89571937.000000015 0.99997500000000017 0.06843150000000002 0.99997500000000017 0.67777000000000009 0.00047938271067705002 2.1968500000000003e-29 2.8879500000000002e-22 0.0022825307369929502 0.83530442213387524 0.67809350017379222 1.0000000180025095e-35 0.12902000000000002 0.0066189511513230015 0.52350000000000019
decision_type=2 2 10 2 10 10 2 2 2 2 10 2 10 10 10 10 10 10 8 10 10 10 10 10 2 2 10 10 10 10
left_child=6 2 -2 7 -5 -6 11 8 -3 10 -9 -1 -13 14 18 -16 21 -18 19 20 -11 24 -23 -24 -15 -25 28 -28 -27 -22
right_child=1 3 -4 4 5 -7 -8 9 -10 13 -12 12 -14 16 15 -17 17 -19 -20 -21 29 22 23 25 -26 26 27 -29 -30 -31
leaf_value=-0.050570548564860075 0.018539517511140462 0.046075321628694522 0.070705865009485336 0.074879589511506375 0.024701402982049002 0.066102196381266465 0.0051587445439982759 0.049555477807154732 0.071956791635979803 0.072732976708042546 0.072750464184620153 0.04511495838132084 -0.050658196563339523 0.072033904283966291 0.055241613854587458 0.073854015532133041 0.072237347444595326 0.073774075759358765 0.073219322229030187 0.073088381711674685 0.071560611369450716 0.072986265738583883 0.072466196980022782 0.071555948604094116 0.071337913780079198 0.072110668900239039 0.071986060496731716 0.072441989432185605 0.071892498918410222 0.071909774735824966
leaf_weight=262.91039404645562 5.9782220125198355 4.8378644138574582 8.0526451170444471 5.9375150501728085 5.0053917020559293 5.8561601638793945 0.86691834032535453 4.694191247224806 6.5637696385383606 4.2935504764318528 5.5657295882701874 0.50240472704172034 4.2532360041514039 4.6698926836252195 4.8952379822731 4.5723282247781754 8.0920352935790998 4.5770389735698691 4.9729899019002906 4.9637342393398276 4.2088802307844144 4.3140601068735114 6.4117318391799918 4.2081714719533911 4.1902836561203003 7.865049719810485 7.632941782474516 7.4764110594987869 35.366137772798538 5.2959019392728806
leaf_count=23569 35 20 36 27 21 25 19 20 31 20 26 9 362 22 22 21 38 21 23 23 20 20 30 20 20 37 36 35 167 25
internal_value=-0.00300046 0.0672393 0.048479 0.0688205 0.0568689 0.0470232 -0.050213 0.070162 0.0609749 0.0709196 0.0621381 -0.0503923 -0.0405403 0.0716234 0.0701546 0.0642304 0.0721378 0.0727925 0.0725176 0.0723316 0.0720594 0.0720368 0.072077 0.0720201 0.0717047 0.0719744 0.0720046 0.0722117 0.0719322 0.0717552
internal_weight=449.031 180.498 14.0309 166.467 16.7991 10.8616 268.533 149.668 11.4016 138.266 10.2599 267.666 4.75564 128.006 33.2026 9.46757 94.8038 12.6691 23.7351 18.7621 13.7983 82.1347 73.2745 68.9604 8.86018 62.5487 58.3405 15.1094 43.2312 9.50478
internal_count=24800 841 71 770 73 46 23959 697 51 646 46 23940 371 600 154 43 446 59 111 88 65 387 345 325 42 295 275 71 204 45
is_linear=0
shrinkage=0.05


Tree=22
num_leaves=31
num_cat=0
split_feature=4 4 4 15 4 13 1 2 4 4 11 4 4 5 5 2 17 13 17 13 11 17 17 11 4 4 18 13 12 11
split_gain=558.274 3.15308 1.12535 1.43144 1.10837 1.20661 0.432631 0.429748 0.759122 0.352942 0.551362 0.194297 1.59701 0.0414481 0.189833 0.33312 0.00202207 0.00222282 0.00099818 0.00124552 0.00091142 0.000352336 0.00121783 0.000454072 0.000344394 0.000254115 0.000283339 0.000253224 0.000162744 9.86931e-05
threshold=0.46813506261180676 0.36050541516245488 0.57641196013289042 0.64950000000000008 0.99628718642629199 0.50821000000000016 60.500000000000007 26.500000000000004 0.7584527379626661 0.64350460219812455 0.015491684654896452 0.14328485885372114 0.14650062145672924 120.50000000000001 96.500000000000014 58.500000000000007 0.99997500000000017 0.06843150000000002 0.99997500000000017 0.67777000000000009 0.00047938271067705002 2.1968500000000003e-29 2.8879500000000002e-22 0.0022825307369929502 0.83218649061639327 0.67809350017379222 1.0000000180025095e-35 0.12902000000000002 0.47776046931155708 0.0066189511513230015
decision_type=2 2 2 8 2 10 2 2 2 2 10 2 2 10 10 2 10 10 8 10 10 10 10 10 2 2 10 10 10 10
left_child=1 11 3 -2 7 6 -6 8 -4 10 -9 -1 -13 14 18 -16 21 -18 19 20 -11 24 -23 -24 -15 -25 29 -28 -14 -27
right_child=2 -3 4 -5 5 -7 -8 9 -10 13 -12 12 28 16 15 -17 17 -19 -20 -21 -22 22 23 25 -26 26 27 -29 -30 -31
leaf_value=-0.05054241219010485 0.030207235211306388 0.0065395466780145371 0.044110588263056499 0.065128044857843251 0.076403082299879937 0.039133253276205357 0.055053999839150207 0.047664899941591982 0.070434169042899702 0.071139449984209596 0.071159979889526812 0.04310819780832012 -0.05189045028965307 0.070517591444920466 0.071548140858780723 0.052556820155400086 0.070688429637691577 0.072086552670539997 0.071582309340356101 0.071463016584202135 0.070249031469520093 0.071368666192564198 0.070896913018943228 0.070067886993944756 0.069884894009097476 0.070572603262601064 0.070459692838265295 0.07087505603593125 -0.050553635415016389 0.070373915946013665
leaf_weight=250.22382086981088 4.8169102221727345 2.4586236327886573 4.8016076385974866 7.5096268355846414 5.0962853133678454 7.0057948231697074 4.4408020973205566 4.6378077864646894 6.3751609921455383 4.1732879579067292 5.4095796048641205 0.51161587610840698 0.24211220443248738 4.3312198966741544 4.8286586701869947 4.4250840097665787 7.8617178648710233 4.4531167149543762 4.8358565121889105 4.8262820839881888 9.2300980389118177 4.1942835897207251 6.2305632084608069 4.0857680737972251 4.2724557965993881 7.6403342932462683 7.4139310419559461 7.2649765014648438 3.8163500893861055 34.348624140024185
leaf_count=23569 20 37 20 33 23 30 20 20 31 20 26 9 7 21 23 20 38 21 23 23 45 20 30 20 21 37 36 35 355 167
internal_value=-0.0029845 -0.0498121 0.066046 0.0514818 0.067153 0.0548886 0.0664622 0.068546 0.0591254 0.0693291 0.0603148 -0.0503558 -0.0401391 0.0700571 0.0685165 0.0624666 0.0705977 0.071194 0.0709437 0.0707743 0.0705263 0.0705056 0.0705422 0.0704904 0.0702034 0.0704487 0.0704762 0.0706653 -0.0506334 0.0704101
internal_weight=431.762 257.253 174.51 12.3265 162.183 16.5429 9.53709 145.64 11.1768 134.464 10.0474 254.794 4.57008 124.416 32.3193 9.25374 92.097 12.3148 23.0655 18.2297 13.4034 79.7822 71.1785 66.9842 8.60368 60.7536 56.6679 14.6789 4.05846 41.989
internal_count=24800 23977 823 53 770 73 43 697 51 646 46 23940 371 600 154 43 446 59 111 88 65 387 345 325 42 295 275 71 362 204
is_linear=0
shrinkage=0.05


Tree=23
num_leaves=31
num_cat=0
split_feature=4 4 4 2 4 5 11 17 4 11 4 11 11 14 10 2 4 2 5 5 4 7 15 4 18 15 5 7 5 11
split_gain=523.596 3.12458 1.17163 1.4774 1.16064 1.23824 3.23448 0.448801 1.02801 0.326681 0.20074 1.59733 0.139392 0.125439 0.547663 0.0288658 0.0279537 0.00790429 0.00180202 0.00574412 0.00089881 0.000706578 0.000310763 0.000213163 0.000235616 0.000258542 0.000206407 0.000150318 0.000108826 0.00010234
threshold=0.46813506261180676 0.36050541516245488 0.57641196013289042 60.500000000000007 0.99628718642629199 257.50000000000006 0.022312840577292603 0.99997500000000017 0.72881554307116125 0.00043410378932745005 0.14328485885372114 0.19849856688470727 0.0017320419815371002 0.57550000000000001 224.50000000000003 26.500000000000004 0.64350460219812455 37.500000000000007 120.50000000000001 96.500000000000014 0.14650062145672924 48636328.500000007 0.83350000000000002 0.67809350017379222 1.0000000180025095e-35 0.41650000000000004 7175.0000000000009 126454432.00000001 364.50000000000006 0.048387122553519957
decision_type=2 2 2 2 2 10 10 8 2 10 2 10 10 10 10 2 2 2 10 8 2 10 10 2 10 8 10 10 10 10
left_child=1 10 3 -2 7 -6 -7 9 -9 -4 -1 20 -10 15 -15 -11 -17 -16 19 22 -12 -14 -18 -20 28 29 -19 -23 -25 -26
right_child=2 -3 4 -5 5 6 -8 8 12 13 11 -13 21 14 17 16 18 26 23 -21 -22 27 -24 24 25 -27 -28 -29 -30 -31
leaf_value=-0.050515679906263815 0.035070728119080602 0.0061777677168242586 0.057885049448471948 0.070509040741823778 0.075202533746093495 0.015921080389594579 0.06852967268113512 0.042344636287754867 0.05872379786641873 0.072744491440449741 -0.053533757912607241 0.042631445255061948 0.0697474815592459 0.049361007214363255 0.07160952885831251 0.072509150949332454 0.068811571581873121 0.069242600243817384 0.068718120694922877 0.070904290780231083 -0.050556607281879551 0.068757151044578121 0.069347315032966483 0.06918930376435975 0.068917965513459231 0.069474565040496539 0.068807003554703899 0.069177036493910715 0.068988506754947013 0.069260507894525022
leaf_weight=238.14303322508931 7.2167539149522764 2.4721175022423258 7.0722041726112357 4.9638823717832565 4.523650765419009 5.3926768004894239 6.3761753588914871 5.7406773716211346 4.1228347569704082 7.3392484039068213 0.2727146223187441 0.51913323067128647 4.6642545312643042 4.2119726985693005 4.1399046927690497 6.9696288853883734 7.5463793426752108 6.0177457779645902 3.961511328816413 6.0041544735431662 3.6012791460379958 3.9663597345352155 4.2207108289003372 8.6162294298410398 4.7772124856710452 7.458803489804267 4.9619340896606445 4.6077076345682144 31.115892603993416 4.0114763230085373
leaf_count=23569 31 37 34 22 21 23 29 26 20 35 6 18 23 20 20 33 38 30 20 29 347 20 21 43 24 37 25 23 156 20
internal_value=-0.00296879 -0.0497502 0.0644538 0.0495126 0.065607 0.0529694 0.0444236 0.0670618 0.0606869 0.0683054 -0.0503203 -0.0397294 0.066752 0.0689672 0.0653059 0.0697364 0.0694757 0.0697477 0.0692037 0.0696459 -0.0507662 0.0692522 0.0690037 0.0690726 0.0690976 0.0692581 0.0690457 0.0689828 0.0690321 0.0690743
internal_weight=415.008 245.008 170 12.1806 157.819 16.2925 11.7689 141.527 23.1018 118.425 242.536 4.39313 17.3612 111.353 19.3316 92.0212 84.682 15.1196 77.7124 17.7712 3.87399 13.2383 11.7671 59.9411 55.9796 16.2475 10.9797 8.57407 39.7321 8.78869
internal_count=24800 23977 823 53 770 73 52 697 112 585 23940 371 86 551 95 456 421 75 388 88 353 66 59 300 280 81 55 43 199 44
is_linear=0
shrinkage=0.05


Tree=24
num_leaves=31
num_cat=0
split_feature=4 4 15 4 17 4 17 2 4 4 11 4 12 5 5 7 11 15 11 13 15 17 5 17 17 4 4 18 1 11
split_gain=491.455 2.29227 3.4805 1.19885 1.30087 1.04181 0.528924 0.490344 0.828094 0.398446 0.599696 0.208052 1.52239 0.0454404 0.208965 0.351169 0.00180371 0.00147257 0.00105487 0.00081463 0.000779075 0.00033907 0.000332537 0.000230322 0.000807426 0.000157745 0.000155011 0.000110109 0.000130725 7.73602e-05
threshold=0.40010890280424721 0.57641196013289042 0.63650000000000018 0.99628718642629199 1.6764500000000001e-13 0.36050541516245488 0.0036026500000000002 26.500000000000004 0.7584527379626661 0.64350460219812455 0.015491684654896452 0.14328485885372114 0.33383349690081193 120.50000000000001 96.500000000000014 89571937.000000015 0.0028144505198803003 0.27950000000000008 0.00044875724605205003 0.64457500000000012 0.22050000000000003 0.99997500000000017 1560.5000000000002 5.2711000000000006e-28 3.0560500000000005e-19 0.67809350017379222 0.14650062145672924 1.0000000180025095e-35 59.500000000000007 0.0066189511513230015
decision_type=2 2 10 2 8 2 10 2 2 2 10 2 10 10 10 10 10 8 10 10 10 10 10 10 10 2 2 10 2 10
left_child=5 2 -2 7 -5 11 -6 8 -3 10 -9 -1 -13 14 18 -16 17 -15 -11 20 -20 23 -23 -18 -25 -26 -14 29 -29 -27
right_child=1 3 -4 4 6 -7 -8 9 -10 13 -12 12 26 16 15 -17 21 -19 19 -21 -22 22 -24 24 25 27 -28 28 -30 -31
leaf_value=-0.050490275505943621 0.014302255975164152 0.039670906111100038 0.06516892333025856 0.029304487886601796 0.074171143427269534 0.0041894853814643867 0.051903205437886658 0.043418074952211498 0.067726591608944606 0.068874374730442542 0.068483595153995824 0.040440641486554366 -0.051911454816690066 0.069177411002085645 0.049591953181153427 0.06958801733490233 0.06751565885308862 0.068058473327699667 0.06844273225295841 0.068721219906150696 0.067587326516172871 0.067837414562288062 0.068475007668897664 0.068433461935152123 0.067467224192189298 0.067917230158394307 -0.050508844792127854 0.06775137346839076 0.068067441808475085 0.067724086021618932
leaf_weight=226.63975907210261 6.0053602308034879 4.6948757320642454 7.6427196934819221 4.7579481005668667 4.3398970961570722 0.88103098422288795 6.9167951643466949 4.4883776456117612 5.9804811030626297 6.1603113859891954 5.095075935125351 0.52437739446759124 0.20875449478626285 4.7970988303422901 4.5754553824663144 4.2214733213186264 6.336335986852645 7.5969895273447046 4.1245414018630964 3.9570854604244223 7.5055406391620636 4.2625390738248807 3.9308676272630692 5.1137759983539572 3.8356087058782569 6.2135581076145163 3.4932105764746666 5.9900547713041288 7.208053857088089 31.299254640936852
leaf_count=23569 35 20 36 20 20 19 33 20 31 31 26 9 6 24 22 21 33 39 21 20 39 22 20 26 20 32 356 31 37 162
internal_value=-0.00295312 0.0624231 0.0427868 0.0641701 0.0512236 -0.0500782 0.0604884 0.0656793 0.0553881 0.0665463 0.0567442 -0.0502853 -0.0392937 0.0673483 0.0656902 0.0591877 0.0679332 0.0684916 0.0683205 0.0681015 0.0678907 0.0678399 0.0681433 0.0678023 0.0678327 0.0677764 -0.0505879 0.0677998 0.067924 0.0677561
internal_weight=398.797 167.05 13.6481 153.402 16.0146 231.747 11.2567 137.387 10.6754 126.712 9.58345 230.866 4.22634 117.129 30.5444 8.79693 86.5841 12.3941 21.7475 15.5872 11.6301 74.19 8.19341 65.9966 59.6603 54.5465 3.70197 50.7109 13.1981 37.5128
internal_count=24800 841 71 770 73 23959 53 697 51 646 46 23940 371 600 154 43 446 63 111 80 60 383 42 341 308 282 362 262 68 194
is_linear=0
shrinkage=0.05


Tree=25
num_leaves=31
num_cat=0
split_feature=4 4 4 2 4 15 11 2 4 4 11 4 4 5 5 2 11 15 11 13 15 17 5 17 17 12 4 18 14 1
split_gain=461.658 3.03877 1.25134 1.43872 1.24842 1.2935 1.8407 0.504662 0.838943 0.411242 0.603618 0.214764 1.49782 0.0486912 0.214317 0.371876 0.00147292 0.00120128 0.000857939 0.000664282 0.000637613 0.000277809 0.000272566 0.000187492 0.000658255 0.000172834 0.000128495 9.03842e-05 0.000106777 9.21798e-05
threshold=0.46813506261180676 0.36050541516245488 0.57641196013289042 60.500000000000007 0.99628718642629199 0.44550000000000006 0.022312840577292603 26.500000000000004 0.7584527379626661 0.64350460219812455 0.015491684654896452 0.14328485885372114 0.14650062145672924 120.50000000000001 96.500000000000014 58.500000000000007 0.0028144505198803003 0.27950000000000008 0.00044875724605205003 0.64116000000000006 0.22050000000000003 0.99997500000000017 1560.5000000000002 5.2711000000000006e-28 3.0560500000000005e-19 0.47776046931155708 0.67809350017379222 1.0000000180025095e-35 0.038500000000000006 60.500000000000007
decision_type=2 2 2 2 2 10 10 2 2 2 10 2 2 10 10 2 10 8 10 8 10 10 10 10 10 10 2 8 10 2
left_child=1 11 3 -2 7 -6 -7 8 -4 10 -9 -1 -13 14 18 -16 17 -15 -11 20 -20 23 -23 -18 -25 -14 -26 -28 -29 -30
right_child=2 -3 4 -5 5 6 -8 9 -10 13 -12 12 25 16 15 -17 21 -19 19 -21 -22 22 -24 24 26 -27 27 28 29 -31
leaf_value=-0.05046613463630803 0.031676556027372522 0.0050256388023282852 0.038046692065988257 0.067161345159733599 0.069429243215437961 0.02134626919988121 0.064053400345333023 0.041832515535154095 0.066567080387380337 0.067619193390678151 0.067265258361599273 0.039816849879829967 -0.051873097406402016 0.067897950750263544 0.067792953804359513 0.04695378803979388 0.066372569435844811 0.066870919252669553 0.067224779644213972 0.067479495354396721 0.066438134389108949 0.066667719703462913 0.067254494189964209 0.067214728306229474 0.066327982647016823 -0.050478387536130813 0.066592919434296682 0.066568692414377184 0.066686549523399155 0.06703214895695167
leaf_weight=215.68693363945931 7.090854734182356 2.5147123895585528 4.6516488194465619 4.7834611237049103 5.3747263401746741 6.0335058569908124 4.3363538533449173 4.4271500706672651 5.785367414355278 5.9658594131469789 4.9321237653493881 0.52650206163525481 0.23815414495766196 4.6469276249408695 4.4349260032176954 4.1385428011417389 6.1284596025943747 7.3515318930149087 3.9926489591598475 3.8315886110067376 7.2598266750574112 4.12397277355194 3.8052778989076614 4.9503181874752036 3.7096087336540213 3.3008296685293317 36.290622770786285 5.0456145256757718 3.7485250383615494 3.9758992344141006
leaf_count=23569 31 37 20 22 27 26 20 20 31 31 26 9 7 24 23 20 33 39 21 20 39 22 20 26 20 355 194 27 20 21
internal_value=-0.00293761 -0.0496261 0.0615918 0.0459713 0.0628372 0.0495227 0.0392051 0.064411 0.0538559 0.0653084 0.055235 -0.0502515 -0.0388664 0.0661398 0.0643975 0.0577336 0.0667559 0.0672687 0.0671116 0.0669109 0.0667173 0.0666702 0.0669493 0.0666355 0.0666634 -0.0505722 0.0666117 0.0666332 0.0667476 0.0668644
internal_weight=383.082 222.267 160.815 11.8743 148.941 15.7446 10.3699 133.196 10.437 122.759 9.35927 219.752 4.06549 113.4 29.6234 8.57347 83.7768 11.9985 21.0499 15.0841 11.2525 71.7783 7.92925 63.849 57.7206 3.53898 52.7703 49.0607 12.77 7.72442
internal_count=24800 23977 823 53 770 73 46 697 51 646 46 23940 371 600 154 43 446 63 111 80 60 383 42 341 308 362 282 262 68 41
is_linear=0
shrinkage=0.05


Tree=26
num_leaves=31
num_cat=0
split_feature=4 4 15 4 17 4 17 2 4 4 4 4 11 5 5 2 17 13 12 11 13 15 11 17 17 4 18 13 11 4
split_gain=433.904 2.39621 3.34359 1.28999 1.32876 1.02857 0.54683 0.519983 0.849749 0.424953 0.623825 0.221569 1.49298 0.0519417 0.219887 0.371956 0.00121212 0.00126916 0.00102849 0.000700397 0.000543657 0.000523661 0.000266264 0.000178443 0.00060712 0.000111565 0.000126918 0.000119155 5.2785e-05 5.20786e-05
threshold=0.40010890280424721 0.57641196013289042 0.63650000000000018 0.99628718642629199 6.3598000000000021e-14 0.36050541516245488 0.00011035000000000001 26.500000000000004 0.7584527379626661 0.64350460219812455 0.60357142857142876 0.14328485885372114 0.19849856688470727 120.50000000000001 96.500000000000014 58.500000000000007 0.99997500000000017 0.06843150000000002 0.48375892220063216 0.00044875724605205003 0.64457500000000012 0.22050000000000003 0.0025901346973941004 2.1968500000000003e-29 2.8879500000000002e-22 0.67809350017379222 1.0000000180025095e-35 0.12902000000000002 0.0066189511513230015 0.15184372372080812
decision_type=2 2 10 2 10 2 8 2 2 2 2 2 10 10 10 2 10 10 10 10 10 10 10 10 10 2 10 10 10 2
left_child=5 2 -2 7 -5 11 -6 8 -3 10 -9 -1 18 14 19 -16 22 -18 -13 -11 21 -21 -15 -24 -25 -26 28 -28 -27 -20
right_child=1 3 -4 4 6 -7 -8 9 -10 13 -12 12 -14 16 15 -17 17 -19 29 20 -22 -23 23 24 25 26 27 -29 -30 -31
leaf_value=-0.050443196313397179 0.0118053432797214 0.036500081620030149 0.062077343280735525 0.02572456362089183 0.071809917026751005 0.0036959571682814666 0.048675062058923163 0.068968986877592273 0.065501320184806006 0.066468094574249306 0.04254497223923534 -0.054238237211499687 0.039138221871487903 0.06588774577283156 0.066629738653499859 0.045513791791399361 0.065757316295647114 0.066880691474339324 -0.05113529058771004 0.066106775570946477 0.066340335881865317 0.065381690023330247 0.065308290726484933 0.066212470670585943 0.065280425804432357 0.06565070144774357 0.065553645574776206 0.065857561736509765 0.065493955806466303 -0.050447865200282709
leaf_weight=205.25869942456484 6.0106076523661596 4.6074548661708814 7.3545794263482094 4.6866489499807349 4.1638269871473286 0.88838529214262862 6.6074146181344995 3.8913465142250043 5.5904660075902939 5.7706665694713655 5.2430862635374069 0.19682763516902912 0.53542025946080674 7.1291362792253485 4.2903973907232267 4.0580731481313705 6.916938900947569 3.9500511437654495 0.30471756495535407 3.860514283180235 3.7057049572467795 7.0144944787025452 6.0976114571094504 3.6969958096742621 3.5838676393032065 6.5348637104034415 6.5107633918523771 6.3908258676528931 30.158770054578781 2.875106486491859
leaf_count=23569 35 20 36 20 20 19 33 20 31 31 26 4 18 39 23 20 38 21 21 21 20 39 34 20 20 36 36 35 167 328
internal_value=-0.00292222 0.0597239 0.039469 0.0615978 0.0479485 -0.0499905 0.0576183 0.0632334 0.0523985 0.0641634 0.0538018 -0.0502185 -0.038431 0.0650265 0.0631988 0.0563656 0.0656743 0.0661657 -0.0507308 0.0660018 0.0658173 0.0656391 0.0655981 0.0655653 0.0655929 0.0655498 0.0655693 0.0657042 0.0655219 -0.0505137
internal_weight=367.884 157.825 13.3652 144.46 15.4579 210.059 10.7712 129.002 10.1979 118.804 9.13443 209.171 3.91207 109.67 28.6999 8.34847 80.9698 10.867 3.37665 20.3514 14.5807 10.875 70.1028 62.9737 56.8761 53.1791 49.5952 12.9016 36.6936 3.17982
internal_count=24800 841 71 770 73 23959 53 697 51 646 46 23940 371 600 154 43 446 59 353 111 80 60 387 348 314 294 274 71 203 349
is_linear=0
shrinkage=0.05


Tree=27
num_leaves=31
num_cat=0
split_feature=4 4 4 2 4 15 15 2 4 4 11 4 4 5 5 7 11 17 11 13 15 17 5 12 17 17 4 18 1 11
split_gain=408.064 2.96379 1.32933 1.40717 1.33971 1.34438 1.83763 0.535793 0.86034 0.443106 0.64917 0.229272 1.42015 0.0553042 0.22601 0.386496 0.000999792 0.000822084 0.000573755 0.000446422 0.000431453 0.000184572 0.000191629 0.000155569 0.000125373 0.000443866 8.6099e-05 6.09336e-05 7.49997e-05 4.40139e-05
threshold=0.46813506261180676 0.36050541516245488 0.57641196013289042 60.500000000000007 0.99628718642629199 0.44550000000000006 0.83450000000000013 26.500000000000004 0.7584527379626661 0.64350460219812455 0.015491684654896452 0.14328485885372114 0.14650062145672924 120.50000000000001 96.500000000000014 89571937.000000015 0.0028144505198803003 0.99547000000000019 0.00044875724605205003 0.64457500000000012 0.22050000000000003 0.99997500000000017 1560.5000000000002 0.47776046931155708 5.2711000000000006e-28 3.0560500000000005e-19 0.67809350017379222 1.0000000180025095e-35 59.500000000000007 0.0066189511513230015
decision_type=2 2 2 2 2 10 10 2 2 2 10 2 2 10 10 10 10 10 10 10 10 10 10 10 10 10 2 10 2 10
left_child=1 11 3 -2 7 -6 -7 8 -4 10 -9 -1 -13 14 18 -16 17 -15 -11 20 -20 24 -23 -14 -18 -26 -27 29 -29 -28
right_child=2 -3 4 -5 5 6 -8 9 -10 13 -12 12 23 16 15 -17 21 -19 19 -21 -22 22 -24 -25 25 26 27 28 -30 -31
leaf_value=-0.05042139102358513 0.028598813054294077 0.0040435662110871254 0.035024519779901377 0.064254639512488804 0.067344213439179013 0.013281476842292795 0.056022789290060673 0.038343698355547573 0.064519533496130821 0.065409884472644925 0.065347338856171375 0.037045635077789095 -0.051792321322159218 0.06477462114924587 0.044639834729380518 0.066473201031015769 0.064353272058057687 0.065653497931418101 0.065078106087185283 0.065292761955789314 0.064408344437716189 0.064596136523773981 0.065105379053075327 -0.05043531516213498 0.065067980133605902 0.064315050277656036 0.064667450577432048 0.064533328553992284 0.064785295410599228 0.064514127418649841
leaf_weight=195.33042814396322 6.9577093273401243 2.5518226064741603 4.562643423676489 4.5942425429821014 5.0928678661584845 4.7664931118488294 5.3234373033046722 4.2780880928039533 5.396670937538147 5.5757647752761903 4.6390656381845474 0.54043380357325022 0.22719703242182765 6.8611932694911939 4.2445402294397336 3.8796537816524506 5.7148429900407782 4.3461296409368515 3.7287984192371351 3.5800866931676856 6.7706538885831833 3.8467155247926703 3.5542855262756348 3.000013823620975 4.6234477162361136 3.4589451104402533 5.6105203032493582 5.4050658345222455 6.5108978748321533 28.244558736681938
leaf_count=23569 31 37 20 22 27 21 25 20 31 31 26 9 7 39 22 21 33 24 21 20 39 22 20 355 26 20 32 31 37 162
internal_value=-0.0029069 -0.0494995 0.0590813 0.0427792 0.0604263 0.0464022 0.0358318 0.062132 0.051007 0.0630965 0.0523921 -0.0501857 -0.0379688 0.0639974 0.0620811 0.0550662 0.0646784 0.0651154 0.0649806 0.0648106 0.0646462 0.0646052 0.0648407 -0.0505308 0.0645759 0.0645996 0.0645556 0.0645738 0.064671 0.0645395
internal_weight=353.217 201.65 151.567 11.552 140.015 15.1828 10.0899 124.833 9.95931 114.873 8.91715 199.098 3.76764 105.956 27.7795 8.12419 78.1766 11.2073 19.6553 14.0795 10.4995 66.9693 7.401 3.22721 59.5683 53.8534 49.23 45.771 11.916 33.8551
internal_count=24800 23977 823 53 770 73 46 697 51 646 46 23940 371 600 154 43 446 63 111 80 60 383 42 362 341 308 282 262 68 194
is_linear=0
shrinkage=0.05


Tree=28
num_leaves=31
num_cat=0
split_feature=4 4 15 4 5 11 4 17 4 11 4 11 13 13 5 2 4 11 5 5 12 11 16 13 14 4 18 4 4 5
split_gain=383.906 2.49205 3.21217 1.38178 1.36601 3.20811 1.01708 0.556509 1.19601 0.410732 0.236317 1.41576 0.17415 0.155636 0.605286 0.031695 0.0186681 0.00423253 0.00153406 0.00480441 0.000974635 0.000291754 0.000157759 0.000121322 0.000105429 7.42023e-05 7.2769e-05 6.59405e-05 5.46237e-05 4.94579e-05
threshold=0.40010890280424721 0.57641196013289042 0.63650000000000018 0.99628718642629199 217.50000000000003 0.022312840577292603 0.36050541516245488 0.99997500000000017 0.72881554307116125 0.00043410378932745005 0.14328485885372114 0.19849856688470727 0.070700500000000013 0.78240500000000013 180.50000000000003 26.500000000000004 0.64350460219812455 0.015491684654896452 120.50000000000001 96.500000000000014 0.48375892220063216 0.0023435299904395507 16219.000000000002 0.40375500000000003 0.55750000000000022 0.68623857328805038 1.0000000180025095e-35 0.78023105860750697 0.15184372372080812 1143.5000000000002
decision_type=2 2 10 2 8 10 2 8 2 10 2 10 10 10 10 2 2 10 10 10 10 10 10 10 10 2 10 2 2 10
left_child=6 2 -2 7 -5 -6 10 9 -9 -3 -1 20 21 15 -15 -11 -17 -16 19 23 -12 -10 -19 -18 25 -20 -27 -28 -22 -23
right_child=1 3 -4 4 5 -7 -8 8 12 13 11 -13 -14 14 17 16 18 22 24 -21 28 29 -24 -25 -26 26 27 -29 -30 -31
leaf_value=-0.050400672544622271 0.0095895933134993571 0.050050791951611842 0.059331955535530438 0.069782478929661412 0.0071181968532860185 0.061553443700056033 0.0032846322543104694 0.032779086186304991 0.064161211497572687 0.067700516397248167 -0.054205830700755499 0.036460431931563612 0.051053530646580997 0.041328048026043937 0.065720938904488213 0.066703856743371606 0.063426429725276928 0.063511792439400527 0.063445954274828006 0.065506111115210444 -0.051129410677628995 0.063483357927522452 0.063944362424499246 0.063774202425470203 0.063912089829454899 0.063624778316571748 0.063923482983819599 0.063683389559177739 -0.050404892210207532 0.063739115056072784
leaf_weight=185.87850122991949 6.0062898993492109 6.1131139099597922 7.0609712302684784 4.040154725313184 5.150314137339592 5.704502746462822 0.89460392668843169 5.1725949496030834 3.6071346998214704 6.4550304412841788 0.18657270073890675 0.54891077987849701 3.5314866155385962 3.7425367981195476 3.5344668030738822 6.0403335690498343 4.6709694713354093 5.5242979377508146 4.1723387688398352 5.0203677117824546 0.28902779426425729 3.6788713335990906 3.4080842435359955 5.4149795174598694 4.0839747339487067 30.118106335401535 4.4222221076488486 8.0940646380186063 2.6036414727568626 3.8879225850105286
leaf_count=23569 35 34 36 21 23 29 19 26 21 35 4 18 20 20 20 33 28 33 25 28 21 22 20 32 24 179 26 48 328 23
internal_value=-0.00289166 0.0573215 0.0364682 0.0593313 0.0449631 0.0357254 -0.0499029 0.0611045 0.0534584 0.0626121 -0.050154 -0.037516 0.0607322 0.0634229 0.0589625 0.0643441 0.0640433 0.0642564 0.0637998 0.0642422 -0.0507032 0.0637912 0.0636768 0.0636131 0.0636685 0.0636472 0.0636669 0.0637682 -0.0504773 0.0636148
internal_weight=339.056 148.655 13.0673 135.588 14.895 10.8548 190.401 120.693 19.878 100.815 189.507 3.62815 14.7054 94.7018 16.2094 78.4924 72.0374 12.4668 65.997 15.1063 3.07924 11.1739 8.93238 10.0859 50.8907 46.8067 42.6344 12.5163 2.89267 7.56679
internal_count=24800 841 71 770 73 52 23959 697 112 585 23940 371 86 551 93 458 423 73 390 88 353 66 53 60 302 278 253 74 349 45
is_linear=0
shrinkage=0.05


Tree=29
num_leaves=31
num_cat=0
split_feature=4 4 4 7 15 4 17 2 4 17 4 11 4 12 5 5 2 17 13 11 13 15 11 4 17 17 4 18 14 11
split_gain=361.379 1.94673 1.93303 2.15898 2.51155 1.41878 1.38699 0.602214 0.926201 0.556942 0.493823 0.695759 0.244248 1.37337 0.0616671 0.248894 0.415625 0.00105302 0.00106972 0.000591719 0.000396539 0.000402876 0.000237905 0.000167959 9.84061e-05 0.000349073 6.14589e-05 0.000115923 0.000133008 3.0839e-05
threshold=0.43154493343989836 0.36050541516245488 0.57641196013289042 37250945.500000007 0.64150000000000007 0.99628718642629199 6.3598000000000021e-14 26.500000000000004 0.7584527379626661 0.00011035000000000001 0.64350460219812455 0.015491684654896452 0.14328485885372114 0.33383349690081193 120.50000000000001 96.500000000000014 58.500000000000007 0.99997500000000017 0.06843150000000002 0.00044875724605205003 0.64116000000000006 0.22050000000000003 0.0022825307369929502 0.14650062145672924 2.1968500000000003e-29 2.8879500000000002e-22 0.70622756144711418 1.0000000180025095e-35 0.038500000000000006 0.0066189511513230015
decision_type=2 2 2 8 10 2 10 2 2 8 2 10 2 10 10 10 2 10 10 10 8 10 10 2 8 8 2 10 10 10
left_child=1 12 3 -2 -5 7 -7 8 -4 -8 11 -9 -1 -14 15 19 -17 22 -19 -12 21 -21 -16 -15 -24 -26 -27 29 -29 -28
right_child=2 -3 5 4 -6 6 9 10 -10 -11 14 -13 13 23 17 16 -18 18 -20 20 -22 -23 24 -25 25 26 27 28 -30 -31
leaf_value=-0.050380980988272775 0.068882469783854372 0.0029124637526842133 0.031378717200534319 -0.0071458644905650409 0.048081990463465195 0.020726142177537238 0.068814620424998793 0.034872966641928259 0.062753372937868618 0.044634555225141481 0.063706312625449235 0.063584632349393558 0.035861041384243834 -0.051898518129798191 0.06315284842140155 0.063966118582174311 0.040680073741833633 0.063016236009094506 0.064100369770711249 0.063347964245211691 0.063547000649059923 0.062677517492512755 0.062585400916358877 -0.050403431703169133 0.06333823138677451 0.062655967066963969 0.062882634102069443 0.062769026200509836 0.063121151790058769 0.062758695165600953
leaf_weight=176.88047445798293 3.7463564500212643 1.7470695674419392 4.434652701020239 3.7506251558661461 4.5630434453487396 4.5603371709585181 3.8805976212024662 4.1173560172319394 5.0094149261713028 6.1642261445522317 5.2268972396850648 4.3278897255659103 0.54533948935568277 0.20162222534418139 6.0923031866550437 3.9015430510044089 3.7658303081989288 6.2181402146816236 3.5883895307779312 3.4803500622510875 3.3457708060741433 6.2907877713441849 4.0136104375123969 2.7499224222265184 3.3238029181957236 5.7992995381355277 6.1885425895452491 4.6973682790994626 6.2499419748783112 26.559954956173897
leaf_count=23569 19 28 20 20 23 20 20 20 31 33 31 26 9 6 37 23 20 38 21 21 20 39 25 356 20 36 38 29 38 164
internal_value=-0.00287632 -0.0496135 0.0565247 0.0373678 0.0231665 0.0582851 0.043594 0.0601248 0.0480208 0.053976 0.0611913 0.0495867 -0.0501223 -0.0370367 0.0621838 0.0600944 0.0525292 0.062931 0.0634129 0.0632565 0.0630772 0.0629163 0.0628559 -0.0505056 0.0628241 0.0628422 0.0628089 0.0628292 0.0629701 0.0627821
internal_weight=325.421 182.124 143.297 12.06 8.31367 131.237 14.6052 116.632 9.44407 10.0448 107.188 8.44525 180.377 3.49688 98.7425 26.0112 7.66737 72.7314 9.80653 18.3438 13.1169 9.77114 62.9248 2.95154 56.8325 52.8189 49.4951 43.6958 10.9473 32.7485
internal_count=24800 23968 832 62 43 770 73 697 51 53 646 46 23940 371 600 154 43 446 59 111 80 60 387 362 350 325 305 269 67 202
is_linear=0
shrinkage=0.05


Tree=30
num_leaves=31
num_cat=0
split_feature=4 4 13 2 4 15 7 2 4 4 11 4 4 5 5 7 17 13 11 13 15 11 12 17 17 4 18 15 11 11
split_gain=340.286 3.21155 3.4052 2.11694 1.46856 1.4347 1.80776 0.619051 0.932964 0.509669 0.697979 0.251496 1.33099 0.0655198 0.256118 0.418066 0.000874032 0.000885792 0.000488719 0.000328394 0.000334825 0.000197388 0.000160788 8.13762e-05 0.000288711 5.08274e-05 5.93924e-05 6.20279e-05 4.20988e-05 2.62583e-05
threshold=0.36050541516245488 0.57641196013289042 0.32096000000000008 54.500000000000007 0.99628718642629199 0.44550000000000006 60800978.500000007 26.500000000000004 0.7584527379626661 0.64350460219812455 0.015491684654896452 0.14328485885372114 0.14650062145672924 120.50000000000001 96.500000000000014 89571937.000000015 0.99997500000000017 0.06843150000000002 0.00044875724605205003 0.64457500000000012 0.22050000000000003 0.0022825307369929502 0.47776046931155708 2.1968500000000003e-29 2.8879500000000002e-22 0.67809350017379222 1.0000000180025095e-35 0.41650000000000004 0.052712213881747454 0.0066189511513230015
decision_type=2 2 10 2 2 10 10 2 2 2 10 2 2 10 8 10 10 10 10 10 10 10 10 8 8 2 10 10 10 10
left_child=11 2 -2 -4 7 -6 -7 8 -3 10 -9 -1 -13 14 18 -16 21 -18 -11 20 -20 -15 -14 -23 -25 -26 29 28 -28 -27
right_child=1 4 3 -5 5 6 -8 9 -10 13 -12 12 22 16 15 -17 17 -19 19 -21 -22 23 -24 24 25 26 27 -29 -30 -31
leaf_value=-0.050362262753808562 0.0017285952782884859 0.030121119769437484 0.027799206579283781 0.079077751189157428 0.064918294055679185 0.0090100369178625888 0.052314086360643657 0.033624390392870449 0.061978448692837897 0.062861032060402056 0.062752084080043818 0.034362039894684379 -0.051778421471295244 0.062348483738853933 0.040158213592612464 0.06387846459906614 0.06222197653994932 0.063226933491721565 0.06253021828954243 0.062714081686041978 0.06190742735295416 0.06182212802158682 -0.050377173663263011 0.062519733922490481 0.061833276807506055 0.062100988878905007 0.061918980863271647 0.062275555744706917 0.062172456035111207 0.061987365798729654
leaf_weight=168.31486941874027 5.5770790018141261 4.3899726271629316 4.1703042984008771 3.8902075439691544 4.6872742772102347 4.7036107331514341 4.9424308985471725 4.0582609325647336 4.8231642246246338 5.0371316671371522 4.1700431257486343 0.5528905857354397 0.22225673682987723 5.8680375814437857 3.9224285185337058 3.5286828875541687 5.9884575903415662 3.459333062171936 3.3528031110763532 3.2237872034311286 6.056523784995079 3.8638003915548316 2.5948905004188418 3.2020368278026572 3.0932802557945243 6.2739837914705268 3.4179864972829801 4.9004058092832565 3.1456917226314545 26.826538622379303
leaf_count=23569 39 20 24 27 27 22 24 20 31 31 26 9 7 37 22 21 38 21 21 20 39 25 355 20 20 40 22 31 20 172
internal_value=-0.00286124 0.054822 0.0317652 0.0525475 0.0572991 0.0422253 0.0311981 0.0592179 0.0467987 0.0603246 0.0483861 -0.0500915 -0.0365672 0.0613569 0.0591662 0.0513916 0.0621426 0.0625899 0.0624446 0.0622786 0.0621293 0.0620729 -0.0504877 0.0620433 0.0620601 0.0620293 0.0620429 0.062141 0.0620405 0.0620089
internal_weight=312.258 140.573 13.6376 8.06051 126.936 14.3333 9.64604 112.602 9.21314 103.389 8.2283 171.685 3.37004 95.1609 25.1214 7.45111 70.0396 9.44779 17.6702 12.6331 9.40933 60.5918 2.81715 54.7237 50.8599 47.6579 44.5646 11.4641 6.56368 33.1005
internal_count=24800 860 90 51 770 73 46 697 51 646 46 23940 371 600 154 43 446 59 111 80 60 387 362 350 325 305 285 73 42 212
is_linear=0
shrinkage=0.05


Tree=31
num_leaves=31
num_cat=0
split_feature=4 4 7 15 4 4 15 11 2 4 4 4 4 11 5 5 2 12 17 13 11 13 15 11 4 17 17 4 18 14
split_gain=320.658 1.96472 2.07635 2.2715 1.87028 1.51108 1.4171 1.83111 0.636425 0.939157 0.526055 0.71259 0.258821 1.32357 0.0696861 0.264365 0.441331 0.00112623 0.000727153 0.000735285 0.000404671 0.000272614 0.000278899 0.000164147 8.58508e-05 6.7458e-05 0.000239367 4.23497e-05 8.04897e-05 9.30071e-05
threshold=0.43154493343989836 0.57641196013289042 37250945.500000007 0.64150000000000007 0.36050541516245488 0.99628718642629199 0.44550000000000006 0.022312840577292603 26.500000000000004 0.7584527379626661 0.64350460219812455 0.60357142857142876 0.14328485885372114 0.19849856688470727 120.50000000000001 96.500000000000014 58.500000000000007 0.24192039835948959 0.99997500000000017 0.06843150000000002 0.00044875724605205003 0.64457500000000012 0.22050000000000003 0.0022825307369929502 0.14650062145672924 2.1968500000000003e-29 2.8879500000000002e-22 0.70622756144711418 1.0000000180025095e-35 0.038500000000000006
decision_type=2 2 8 10 2 2 10 10 2 2 2 2 2 10 10 10 2 10 10 10 10 10 10 10 2 8 8 2 10 10
left_child=4 2 -2 -4 12 8 -7 -8 9 -3 11 -10 -1 17 15 20 -17 -14 23 -20 -12 22 -22 -16 -19 -25 -27 -28 -29 -30
right_child=1 5 3 -5 -6 6 7 -9 10 -11 14 -13 13 -15 18 16 -18 24 19 -21 21 -23 -24 25 -26 26 27 28 29 -31
leaf_value=-0.050344468771093089 0.066415037170240915 0.028913726899387898 -0.0077315360543413567 0.045382982680953893 0.0012592510656534669 0.06399103591845344 0.011987793007189917 0.056657987548146709 0.064712860611793724 0.061259295281611316 0.062078056707807951 0.034515602283239126 -0.054812889139184084 0.033678294122014188 0.061602611783769023 0.062511930551612471 0.037821629672205821 -0.051594510815882934 0.061485275285311169 0.062418351491741512 0.061772124335600725 0.061942262795637006 0.061192726794468404 0.061113613846110096 -0.050360254960816898 0.061761079602174696 0.06117397393306543 0.061282626290411979 0.061270620729058305 0.061576508088734674
leaf_weight=160.16121741849929 3.6206159442663166 4.3457722216844541 3.7384252622723579 4.3611200749874115 1.7947886176407326 4.5216334462165824 5.6882820725440961 3.8447698652744293 3.3737268149852735 4.6404248774051666 4.8503622561693254 4.641308456659317 0.15582765266299237 0.56216493807733048 5.6477132588624945 3.6544563472270957 3.5857441127300262 0.14974771067500148 5.7629123628139478 3.3321608155965805 3.2274286299943906 3.1037984043359748 5.8267183750867844 3.7168861329555503 2.3812965988181531 3.0823334902524939 5.3711449503898612 30.338436022400856 4.3513266742229444 5.7939711511135101
leaf_count=23569 19 20 20 23 28 27 26 20 20 31 31 26 3 18 37 23 20 5 38 21 21 20 39 25 345 20 36 202 29 38
internal_value=-0.00284575 0.054497 0.0349381 0.0208675 -0.0495035 0.0563652 0.040938 0.0300037 0.0583609 0.0456168 0.05951 0.0472264 -0.050061 -0.0360899 0.0605843 0.0582857 0.0502839 -0.0506873 0.0614113 0.0618271 0.0616919 0.0615379 0.0613993 0.0613464 -0.0504333 0.061319 0.0613346 0.0613059 0.0613234 0.0614453
internal_weight=299.627 134.421 11.7202 8.09955 165.205 122.701 14.0547 9.53305 108.647 8.9862 99.6604 8.01504 163.41 3.24904 91.6454 24.2485 7.2402 2.68687 67.3969 9.09507 17.0083 12.1579 9.05415 58.3018 2.53104 52.6541 48.9372 45.8549 40.4837 10.1453
internal_count=24800 832 62 43 23968 770 73 46 697 51 646 46 23940 371 600 154 43 353 446 59 111 80 60 387 350 350 325 305 269 67
is_linear=0
shrinkage=0.05


Tree=32
num_leaves=31
num_cat=0
split_feature=4 4 2 4 4 17 17 2 4 4 11 4 12 5 5 2 17 13 11 13 15 4 5 17 17 4 18 15 4 11
split_gain=302.122 1.99442 2.10717 1.86429 1.54905 1.90237 0.659422 0.653988 0.944676 0.547209 0.741035 0.26705 1.27082 0.0738373 0.272516 0.442247 0.000606256 0.000611742 0.00033586 0.000226814 0.000232802 0.000159539 0.000137412 4.62991e-05 0.000193364 3.78438e-05 5.10441e-05 5.03405e-05 3.66682e-05 2.39177e-05
threshold=0.43154493343989836 0.57641196013289042 60.500000000000007 0.36050541516245488 0.99628718642629199 6.3598000000000021e-14 0.0036026500000000002 26.500000000000004 0.7584527379626661 0.64350460219812455 0.015491684654896452 0.14328485885372114 0.33383349690081193 120.50000000000001 96.500000000000014 58.500000000000007 0.99997500000000017 0.06843150000000002 0.00044875724605205003 0.64116000000000006 0.22050000000000003 0.14650062145672924 160.50000000000003 2.1968500000000003e-29 2.8879500000000002e-22 0.67809350017379222 1.0000000180025095e-35 0.41650000000000004 0.71432308209708173 0.052712213881747454
decision_type=2 2 2 2 2 8 10 2 2 2 10 2 10 10 10 2 10 10 10 8 10 2 10 8 8 2 8 10 2 10
left_child=3 2 -2 11 7 -6 -7 8 -3 10 -9 -1 -13 14 18 -16 22 -18 -11 20 -20 -14 -15 -24 -25 -26 28 29 -27 -28
right_child=1 4 -4 -5 5 6 -8 9 -10 13 -12 12 21 16 15 -17 17 -19 19 -21 -22 -23 23 24 25 26 27 -29 -30 -31
leaf_value=-0.050327555620145528 0.016572782997060526 0.027753556485397679 0.060331303391294146 0.0011949935734233532 0.010161753943283856 0.066481725591452642 0.040325497286102838 0.030678123644880113 0.060590900288155607 0.06135160385103601 0.061474595198347616 0.032524468538460319 -0.051846795032928619 0.060980065098695552 0.061756385114701752 0.036678595353202517 0.060800906494222873 0.061668551168120714 0.061068222688830859 0.061225912174172649 0.060528439212421264 -0.050351278273752277 0.060494331633068867 0.061056777163418702 0.060463980104045092 0.060788223210104068 0.060563749843388137 0.060868642478416203 0.060602169974407885 0.060758305356332455
leaf_weight=152.39997167792171 7.0264966338872892 4.3021953254938108 4.5215059816837311 1.7966855317354191 3.9034434258937809 4.1776576042175293 5.6937825381755829 3.9115867465734473 4.4615633487701416 4.6670479178428712 3.9017682820558548 0.5620768498629326 0.19277107901871238 3.388761341571807 3.5176727175712577 3.5144504606723785 5.5419851094484311 3.207206591963768 3.1045112013816798 2.9860889017581949 5.6018269956111908 2.3804688714444637 4.2983952015638343 2.9649669229984275 2.8605620861053458 2.9187174737453487 3.4540763795375806 4.6877264976501465 28.575472548604012 2.9110223799943924
leaf_count=23569 36 20 26 28 17 23 33 20 31 31 26 9 6 23 23 20 38 21 21 20 39 356 30 20 20 20 24 32 198 20
internal_value=-0.00283053 0.0535414 0.033706 -0.0494454 0.0554735 0.0397106 0.051395 0.0575458 0.0444708 0.0587393 0.046057 -0.0500304 -0.0355859 0.0598627 0.0574547 0.0492232 0.0607319 0.061119 0.060993 0.0608499 0.0607209 -0.0504633 0.0606714 0.0606516 0.0606656 0.06064 0.0606519 0.0607443 0.0606194 0.0606527
internal_weight=287.432 130.1 11.548 157.332 118.552 13.7749 9.87144 104.778 8.76376 96.0138 7.81336 155.535 3.13532 88.2005 23.3916 7.03212 64.8089 8.74919 16.3595 11.6924 8.70634 2.57324 56.0597 52.6709 48.3725 45.4076 42.547 11.0528 31.4942 6.3651
internal_count=24800 832 62 23968 770 73 56 697 51 646 46 23940 371 600 154 43 446 59 111 80 60 362 387 364 334 314 294 76 218 44
is_linear=0
shrinkage=0.05


Tree=33
num_leaves=31
num_cat=0
split_feature=4 4 4 11 4 17 15 17 4 17 4 4 14 13 10 2 2 4 2 5 5 11 12 11 18 15 4 15 5 5
split_gain=284.75 2.72926 1.4959 3.05272 1.68525 1.8201 1.66442 0.852575 1.658 0.64739 0.274555 1.24672 0.229489 0.198666 0.73782 0.0261789 0.0148009 0.00509403 0.00290503 0.00206113 0.00426019 0.000376829 0.000163477 0.000110493 5.14702e-05 8.6481e-05 5.12588e-05 4.59164e-05 2.86889e-05 2.13779e-05
threshold=0.46813506261180676 0.36050541516245488 0.62284482758620696 0.0013441148073026002 0.99628718642629199 6.3598000000000021e-14 0.59850000000000014 0.99997500000000017 0.72881554307116125 0.0036026500000000002 0.14328485885372114 0.14650062145672924 0.038500000000000006 0.78240500000000013 141.50000000000003 26.500000000000004 56.500000000000007 0.66084751292855803 38.500000000000007 123.50000000000001 96.500000000000014 0.00044875724605205003 0.47776046931155708 0.0034014908155810502 1.0000000180025095e-35 0.25450000000000006 0.78748813233013781 0.83350000000000002 8222.0000000000018 1143.5000000000002
decision_type=2 2 2 10 2 8 8 8 2 10 2 2 10 10 10 2 2 2 2 10 8 10 10 10 10 10 2 10 10 10
left_child=1 10 3 -2 7 -6 -5 13 -9 -7 -1 -12 23 15 -15 -4 -8 -17 -16 20 21 -19 -13 -10 -21 -26 -27 -23 -20 -25
right_child=2 -3 4 6 5 9 16 8 12 -11 11 22 -14 14 18 17 -18 19 28 24 -22 27 -24 29 25 26 -28 -29 -30 -31
leaf_value=-0.050311478805704517 0.00024056887942502255 0.00095134430903566719 0.063928056385258045 0.025478767424563283 0.0096729836495362837 0.065440558663895171 0.066670810737869055 0.019923471456428213 0.060335517013149223 0.039146740231631359 0.031974836770536384 -0.051764836955646258 0.043850890525891272 0.033085244226726894 0.061876457532929932 0.062151404401776703 0.062184657304719504 0.060661024556832921 0.060093208676359672 0.059997960691606116 0.061982726190258311 0.059905105379116134 -0.050327308501923733 0.059871720137167232 0.059881671994400754 0.060339603031880719 0.060099374084223438 0.060153064676454954 0.059888076609235931 0.060059844816764477
leaf_weight=145.01248538168147 3.9089823365211478 2.6757512353360644 5.5315753668546668 4.1000161617994282 3.895846858620641 4.0355219095945358 4.6800852119922647 4.2072836160659817 3.2603162229061109 5.5750240534543991 0.5637917779386038 0.21688058041036162 2.8297519832849494 3.2171564102172843 2.9524335265159589 3.6267671138048163 3.0282072424888611 2.8943273872137043 4.4700249582529068 29.155606120824814 4.6178218573331842 5.1050126552581769 2.244597693439573 2.7525975257158279 2.8917051404714575 3.6852945536375028 5.5867970883846283 2.943517342209816 2.7549524456262589 3.3455568552017212
leaf_count=23569 20 37 35 18 17 23 26 24 23 33 9 7 19 20 20 24 20 20 32 210 30 37 355 20 21 26 40 21 20 24
internal_value=-0.00281503 -0.0490959 0.0529629 0.0385395 0.0550363 0.0385014 0.0512179 0.0573668 0.0469861 0.0501877 -0.0500005 -0.0350925 0.0563279 0.0595094 0.0539572 0.0606356 0.0649084 0.0603346 0.060555 0.0602187 0.0607092 0.0601717 -0.050454 0.0601006 0.060034 0.0601204 0.0601949 0.0599958 0.060015 0.0599749
internal_weight=275.766 150.714 125.052 15.7173 109.335 13.5064 11.8083 95.8285 16.3955 9.61055 148.038 3.02527 12.1882 79.433 13.3946 66.0384 7.70829 60.5068 10.1774 56.8801 15.5607 10.9429 2.46148 9.35847 41.3194 12.1638 9.27209 8.04853 7.22498 6.09815
internal_count=24800 23977 823 84 739 73 64 666 110 56 23940 371 86 556 92 464 46 429 72 405 108 78 362 67 297 87 66 58 52 44
is_linear=0
shrinkage=0.05


Tree=34
num_leaves=31
num_cat=0
split_feature=4 4 4 4 17 6 2 4 17 4 11 4 11 5 5 7 12 17 15 17 13 11 5 4 17 17 4 18 15 4
split_gain=268.359 2.72054 1.53649 1.63108 1.74178 1.45713 0.729118 1.00265 0.637575 0.576516 0.749171 0.282094 1.23654 0.0827828 0.297296 0.474912 0.00117191 0.000707877 0.000612443 0.000286187 0.000340356 0.000229298 0.000123516 7.21013e-05 3.31633e-05 0.000134368 2.96236e-05 3.41907e-05 3.53028e-05 2.41391e-05
threshold=0.46813506261180676 0.36050541516245488 0.57641196013289042 0.99628718642629199 6.3598000000000021e-14 3.190330000000001e-05 26.500000000000004 0.7584527379626661 0.0036026500000000002 0.64350460219812455 0.015491684654896452 0.14328485885372114 0.19849856688470727 120.50000000000001 96.500000000000014 89571937.000000015 0.24192039835948959 0.99998500000000012 0.12350000000000001 0.99997500000000017 0.67777000000000009 0.00047938271067705002 160.50000000000003 0.14650062145672924 2.1968500000000003e-29 2.8879500000000002e-22 0.67809350017379222 1.0000000180025095e-35 0.41650000000000004 0.71432308209708173
decision_type=2 2 2 2 8 10 2 2 10 2 10 2 10 10 10 10 10 10 10 8 10 10 10 2 8 8 2 10 10 2
left_child=1 11 5 6 -5 -2 7 -4 -6 10 -8 -1 16 14 19 -16 -13 22 -19 20 21 -11 -15 -18 -24 -26 -27 29 -29 -28
right_child=2 -3 3 4 8 -7 9 -9 -10 13 -12 12 -14 17 15 -17 23 18 -20 -21 -22 -23 24 -25 25 26 27 28 -30 -31
leaf_value=-0.050296195426302918 0.017099129546964374 0.00090305682184094551 0.024565891241204132 0.0092072168373316995 0.064479439302567443 0.054834278445889409 0.028501741335435916 0.059368097232318943 0.037998330501390919 0.059890409689795046 0.060279977364458504 -0.05491277300991966 0.031201665850341277 0.059765535189409739 0.034467012353819305 0.061321267227837831 -0.051484533442418559 0.059636684644347515 0.060554125210077615 0.060206158803499013 0.060115354687962974 0.059338779461822672 0.059303239596308434 -0.050311860353714627 0.059793492919972824 0.059269797112581103 0.059558090071125974 0.059441882573260454 0.059630084330245296 0.059401030410176761
leaf_weight=137.98100070329383 5.8218665421009046 2.6778323352336875 4.1689808517694456 3.8884734958410236 3.8944664746522903 4.5636374354362488 3.799410715699195 4.1096210926771164 5.4593187421560287 2.7532859742641431 3.6233543306589127 0.15299521759152401 0.5738052837550639 3.1364267021417609 3.5055138617753974 3.1043131053447723 0.14001550152897868 4.9995507299900046 2.8594869077205658 3.2205502241849908 3.207631692290307 5.9656264185905457 3.9650348871946326 2.053435833659023 2.7383188456296912 2.6371755301952353 2.6938074082136181 5.8735940158367139 4.3276412039995193 26.639170683920383
leaf_count=23569 30 37 20 17 23 23 20 31 33 20 26 3 18 23 22 21 5 37 20 23 23 45 30 345 20 20 20 44 32 200
internal_value=-0.00279926 -0.0490219 0.0520686 0.0537956 0.037332 0.0336809 0.0560356 0.0418422 0.0490238 0.0573551 0.044014 -0.0499707 -0.0345924 0.0585683 0.055927 0.0470791 -0.0506818 0.0595282 0.0599705 0.0597879 0.059675 0.059513 0.0594614 -0.0503867 0.0594419 0.0594541 0.0594321 0.0594429 0.0595217 0.0594155
internal_weight=264.535 143.579 120.956 110.571 13.2423 10.3855 97.3285 8.2786 9.35379 89.0499 7.42277 140.901 2.92025 81.6271 21.7569 6.60983 2.34645 59.8702 7.85904 15.1471 11.9265 8.71891 52.0112 2.19345 48.8747 44.9097 42.1714 39.5342 10.2012 29.333
internal_count=24800 23977 823 770 73 53 697 51 56 646 46 23940 371 600 154 43 353 446 57 111 88 65 389 350 366 336 316 296 76 220
is_linear=0
shrinkage=0.05


Tree=35
num_leaves=31
num_cat=0
split_feature=4 4 15 14 4 17 2 2 11 17 4 11 4 4 5 5 2 17 4 17 13 11 12 5 17 17 4 18 15 4
split_gain=252.998 3.39834 3.21323 3.28682 1.67 1.66695 1.33291 0.746827 1.01253 0.629589 0.595041 0.749405 0.290542 1.18296 0.0876382 0.306917 0.490415 0.000593736 0.000514881 0.000239971 0.000284994 0.000191856 0.000147982 0.000103542 2.77116e-05 0.000112309 2.47661e-05 2.86964e-05 2.95432e-05 2.01916e-05
threshold=0.36050541516245488 0.57641196013289042 0.63650000000000018 0.061500000000000006 0.99628718642629199 6.3598000000000021e-14 54.500000000000007 26.500000000000004 0.025979923956329753 0.0036026500000000002 0.64350460219812455 0.015491684654896452 0.14328485885372114 0.14650062145672924 120.50000000000001 96.500000000000014 58.500000000000007 0.99998500000000012 0.80376652843434793 0.99997500000000017 0.67777000000000009 0.00047938271067705002 0.47776046931155708 160.50000000000003 2.1968500000000003e-29 2.8879500000000002e-22 0.67809350017379222 1.0000000180025095e-35 0.41650000000000004 0.71432308209708173
decision_type=2 2 10 10 2 8 2 2 10 10 2 10 2 2 10 10 2 10 2 8 10 10 10 10 8 8 2 10 10 2
left_child=12 2 3 -2 7 -6 -4 8 -3 -7 11 -9 -1 -14 15 19 -17 23 -19 20 21 -12 -15 -16 -25 -26 -27 29 -29 -28
right_child=1 4 6 -5 5 9 -8 10 -10 -11 14 -13 13 22 17 16 -18 18 -20 -21 -22 -23 -24 24 25 26 27 28 -30 -31
leaf_value=-0.050281667652400358 0.032769175395447832 0.026336130563545553 0.029581442784986645 -0.040034045950028976 0.0087633822613504848 0.063590489838780628 0.074465540138888925 0.027460665718094187 0.062480467427940937 0.036878217786103798 0.059315783566432349 0.059682466876135591 0.029989024698608414 -0.05170267623135652 0.059199509467431237 0.060069390642650239 0.032426678967006371 0.059938312872229241 0.059079420136133876 0.059611162329073722 0.059525991346083489 0.058800807077870922 -0.050299173300698996 0.058767708112380648 0.059225138889302947 0.058736455744471644 0.059005505949552721 0.058897174467092486 0.059072899734000366 0.058858891284714943
leaf_weight=131.28856100374833 3.4626102074980718 4.8435895219445211 3.6304329410195351 2.807106539607048 3.8813275992870304 3.7549976259469986 3.0384418219327927 3.7476214319467536 3.2295663580298424 5.3467778861522675 2.6437337547540647 3.4802703261375427 0.57412529550492708 0.20684904605150256 3.0112624540925017 3.1736903116106978 3.2451490610837936 2.7388928309082976 4.807927593588829 3.0932825356721887 3.0806355997920045 5.7252787426114082 2.0407077637501061 3.8051548823714247 2.6291309893131247 2.5307587757706633 2.5858162939548519 5.6374953240156156 4.1544214934110641 25.56743648648262
leaf_count=23569 25 29 23 17 17 23 25 20 22 33 20 26 9 7 23 23 20 20 37 23 23 45 355 30 20 20 20 44 32 200
internal_value=-0.00278364 0.0500711 0.0258714 0.000173381 0.0530052 0.036199 0.0500313 0.0553331 0.0407952 0.0478985 0.0567033 0.0429756 -0.0499405 -0.0340659 0.0579684 0.0552009 0.0460942 0.0589778 0.0593911 0.0592204 0.0591148 0.0589635 -0.0504283 0.0589153 0.0588971 0.0589085 0.0588879 0.058898 0.0589717 0.0588724
internal_weight=253.763 119.653 12.9386 6.26972 106.714 12.9831 6.66887 93.7311 8.07316 9.10178 85.658 7.22789 134.11 2.82168 78.4301 20.9618 6.41884 57.4683 7.54682 14.5429 11.4496 8.36901 2.24756 49.9215 46.9102 43.1051 40.4759 37.9452 9.79192 28.1533
internal_count=24800 860 90 42 770 73 48 697 51 56 646 46 23940 371 600 154 43 446 57 111 88 65 362 389 366 336 316 296 76 220
is_linear=0
shrinkage=0.05


Tree=36
num_leaves=31
num_cat=0
split_feature=4 4 4 18 4 17 17 2 7 17 4 11 17 6 1 13 4 4 10 5 5 12 7 11 17 4 8 4 18 13
split_gain=238.692 2.62889 1.56295 3.47662 1.8101 1.59525 1.34803 0.960867 1.2295 0.623104 0.298211 1.17304 0.277601 0.925168 0.184571 0.0697855 0.271766 0.00871988 0.0020535 0.00197589 0.00367899 0.00109951 0.00047357 0.000261184 0.000147108 7.00772e-05 6.10034e-05 3.17271e-05 4.01965e-05 3.95528e-05
threshold=0.46813506261180676 0.36050541516245488 0.62284482758620696 1.0000000180025095e-35 0.99628718642629199 6.3598000000000021e-14 5.3444000000000005e-12 26.500000000000004 46633634.000000007 0.0036026500000000002 0.14328485885372114 0.19849856688470727 0.99999500000000008 9.5000000000000022e-06 65.500000000000014 0.78240500000000013 0.73590618877067915 0.65360989230155575 237.50000000000003 123.50000000000001 96.500000000000014 0.24192039835948959 49063947.000000007 0.00043410378932745005 0.9999650000000001 0.14650062145672924 93672804.500000015 0.68623857328805038 1.0000000180025095e-35 0.12902000000000002
decision_type=2 2 2 8 2 8 8 2 10 10 2 10 10 10 2 10 2 2 10 10 10 10 10 8 8 2 10 2 10 10
left_child=1 10 3 6 7 -6 -2 8 -4 -7 -1 21 15 -14 -8 17 -17 -9 -18 20 23 -12 -15 -19 27 -23 -25 -21 -29 -30
right_child=2 -3 4 -5 5 9 14 12 -10 -11 11 -13 13 22 -16 16 18 19 -20 24 -22 25 -24 26 -26 -27 -28 28 29 -31
leaf_value=-0.050267853620680369 0.021566336641261188 -0.00035420716184688273 0.061693797353044644 -0.0076125890478337885 0.0083404651831680606 0.062766817895498692 0.065606421358657643 0.061153919482574606 0.020748819417705625 0.035784633269917911 -0.054853751801825605 0.02929201814016788 0.024821062030264244 0.059382936199872838 0.049921615867581516 0.040320504062109894 0.060035266680346804 0.058971296385657061 0.05834371941359108 0.058216994465385898 0.060271862977889556 -0.051452961116917634 0.058542937856931536 0.058308593678850155 0.058795629371711469 -0.050282022573338518 0.058604527125847974 0.058369641769348328 0.058371978951070616 0.058574268741532834
leaf_weight=124.91898888116702 3.219542369246482 2.7334485314786425 3.1968438848853102 3.5833102464675877 3.8744113445281956 3.6175427287817001 5.0984641760587692 3.5751355066895476 4.2989567071199417 5.2374832257628441 0.14625555276870694 0.58359972573816765 2.8035958930850011 2.9025117605924606 2.9671860486268997 2.604274317622183 2.7211735099554062 2.9611765369772884 5.2667770683765411 2.4224058091640464 4.5862044468522063 0.13720613904297363 3.9768982455134392 4.7629771530628213 2.4038432016968718 1.8590641482733188 2.7450816333293915 24.314226411283016 4.1735581830143911 5.7393916398286819
leaf_count=23569 19 37 23 16 17 23 30 25 26 33 3 18 21 22 19 20 20 23 43 20 33 5 32 39 19 345 22 198 34 46
internal_value=-0.00276783 -0.0488719 0.0504017 0.0352944 0.0526895 0.0350995 0.0489183 0.0553097 0.0382112 0.0468077 -0.0499108 -0.0335513 0.0569537 0.049031 0.0598363 0.0580773 0.054347 0.0587623 0.05892 0.0586043 0.0590909 -0.0506691 0.0588973 0.0585736 0.0584167 -0.0503625 0.0584168 0.0583919 0.0584042 0.0584891
internal_weight=243.432 130.379 113.053 14.8685 98.1845 12.7294 11.2852 85.455 7.4958 8.85503 127.645 2.72613 77.9592 9.68301 8.06565 68.2762 10.5922 57.684 7.98795 54.1089 15.0554 2.14253 6.87941 10.4692 39.0534 1.99627 7.50806 36.6496 34.2272 9.91295
internal_count=24800 23977 823 84 739 73 68 666 49 56 23940 371 617 75 49 542 83 459 63 434 117 353 54 84 317 350 61 298 278 80
is_linear=0
shrinkage=0.05


Tree=37
num_leaves=31
num_cat=0
split_feature=4 4 2 4 5 11 4 2 12 17 4 11 14 14 14 2 4 4 4 5 5 5 4 11 6 13 4 18 15 5
split_gain=225.101 2.69966 2.70561 1.73865 1.62473 3.54462 0.928506 2.5564 1.33414 0.797345 1.5277 0.59359 0.268456 0.227492 0.854297 0.0206723 0.0188142 0.00384877 0.00132578 0.00124824 0.00319099 0.000656745 0.000163597 8.04995e-05 3.061e-05 2.81955e-05 2.0066e-05 1.67642e-05 2.30526e-05 1.24142e-05
threshold=0.40010890280424721 0.57641196013289042 54.500000000000007 0.99628718642629199 217.50000000000003 0.022312840577292603 0.14328485885372114 95.500000000000014 0.33383349690081193 0.99997500000000017 0.72881554307116125 0.00043410378932745005 0.038500000000000006 0.57550000000000001 0.60350000000000004 26.500000000000004 0.64350460219812455 0.73590618877067915 0.36050541516245488 120.50000000000001 96.500000000000014 898.50000000000011 0.14650062145672924 0.0030297688793808502 2.7500000000000001e-05 0.40375500000000003 0.67809350017379222 1.0000000180025095e-35 0.41650000000000004 364.50000000000006
decision_type=2 2 2 2 8 10 2 2 10 8 2 10 10 10 10 2 2 2 2 10 10 10 2 10 10 10 2 10 10 10
left_child=6 2 -2 9 -5 -6 -1 8 -8 11 -11 -3 23 15 -15 -13 -17 -16 22 20 25 -19 -10 -12 -25 -18 -21 29 -29 -28
right_child=1 3 -4 4 5 -7 7 -9 18 10 12 13 -14 14 17 16 19 21 -20 26 -22 -23 -24 24 -26 -27 27 28 -30 -31
leaf_value=-0.050254722789801601 0.0049004247704948767 0.038587896727993502 0.053435670490647416 0.064502828666514286 -0.0076807996184554434 0.054247974362057895 0.034828858514224986 0.11575759583120185 -0.051849067888026734 0.017869101294766224 0.058261696000385638 0.06175370998386788 0.039154567020982509 0.028528877027533803 0.060578961597222383 0.061365500206532253 0.057770955603271369 0.058925549549171445 -0.052834870964529206 0.057763860662600898 0.059670735865980651 0.05787578733297663 -0.050283172239063569 0.058057965973680993 0.057816674872796896 0.057973012332787982 0.057962089259308062 0.057899926747116838 0.058055411190965772 0.057873848272239826
leaf_weight=118.8568861708045 6.5846396014094335 4.5134256929159156 5.0917427986860275 3.2392419353127453 4.6110642403364182 4.6313690096139908 0.53916377387940873 0.29799862718209613 0.18405779078602824 4.1967059671878806 2.6722438707947713 4.9117819741368285 2.4628194570541382 3.1127138659358016 2.6673820838332158 4.7147954925894728 3.25846019387245 2.522371731698513 0.80944761633872975 2.3249868601560584 3.8672576025128365 3.6398472413420677 1.7787298299372194 2.3894313052296638 2.9213662967085838 3.6723566204309464 5.0930658951401737 5.1790227517485601 4.4170255362987518 18.3335822224617
leaf_count=23569 39 34 32 21 23 29 8 23 6 26 22 35 19 24 20 33 28 20 16 20 29 31 337 20 25 31 43 44 37 156
internal_value=-0.00275171 0.048808 0.0260653 0.0514808 0.0340312 0.0233516 -0.049496 -0.0245128 -0.037136 0.053988 0.043349 0.0561448 0.0535858 0.057315 0.0510521 0.0586561 0.058357 0.0589923 -0.0511322 0.0580496 0.0585201 0.0583055 -0.05043 0.0580379 0.0579252 0.057878 0.0579058 0.0579158 0.0579715 0.057893
internal_weight=233.495 111.029 11.6764 99.3523 12.4817 9.24243 122.466 3.6094 3.3114 86.8706 14.6426 72.2281 10.4459 67.7147 11.9423 55.7723 50.8606 8.8296 2.77224 46.1458 10.7981 6.16222 1.96279 7.98304 5.3108 6.93082 35.3477 33.0227 9.59605 23.4266
internal_count=24800 841 71 770 73 52 23959 390 367 697 112 585 86 551 95 456 421 71 359 388 88 51 343 67 45 59 300 280 81 199
is_linear=0
shrinkage=0.05


Tree=38
num_leaves=31
num_cat=0
split_feature=4 4 4 18 4 15 11 17 2 4 4 4 17 6 1 13 15 4 5 5 5 4 11 12 17 14 8 4 11 5
split_gain=212.322 2.58579 1.63221 3.32578 1.88002 1.60854 1.92331 1.45441 1.05449 1.28906 0.310925 1.10334 0.291005 0.961045 0.185185 0.0760676 0.286478 0.00674747 0.00161078 0.00260907 0.00115637 0.000496559 0.000307335 0.000162619 0.000154173 6.52603e-05 6.25291e-05 2.01863e-05 2.24854e-05 9.73186e-06
threshold=0.46813506261180676 0.36050541516245488 0.62284482758620696 1.0000000180025095e-35 0.99628718642629199 0.44550000000000006 0.022312840577292603 2.2807000000000006e-12 26.500000000000004 0.76911215303140967 0.14328485885372114 0.14650062145672924 0.99999500000000008 9.5000000000000022e-06 65.500000000000014 0.78240500000000013 1.2245000000000001 0.65360989230155575 123.50000000000001 96.500000000000014 319.50000000000006 0.80008927942109354 0.00044875724605205003 0.33383349690081193 0.9999650000000001 0.55350000000000021 93672804.500000015 0.68623857328805038 0.0022380474104686503 5743.5000000000009
decision_type=2 2 2 8 2 10 10 8 2 2 2 2 10 10 2 10 10 2 10 10 10 2 10 10 8 8 10 2 10 8
left_child=1 10 3 7 8 -6 -7 -2 9 -4 -1 -12 15 -14 -9 17 -17 -10 19 22 -18 -15 -19 -13 25 27 -24 -20 -29 -30
right_child=2 -3 4 -5 5 6 -8 14 12 -11 11 23 13 21 -16 16 20 18 24 -21 -22 -23 26 -25 -26 -27 -28 28 29 -31
leaf_value=-0.050242237317842831 0.017135569807623013 -0.0007635772865842909 0.014975417192465016 -0.0087705367129774208 0.060357417600784724 0.0020693409889051867 0.050885994462766516 0.064106002257903277 0.060013004571012211 0.057645070884453468 0.027751208500732996 -0.051821567170475258 0.022257462027273415 0.058581073376160975 0.04805631286839037 0.038387581971925315 0.058895456979287955 0.058135845954063473 0.057317034549048351 0.059177181074085088 0.057571679585933934 0.057674984878210024 0.057397407193111073 -0.050270489859958634 0.057913219634407612 0.057710549979320319 0.057709561195735587 0.05761967204952341 0.057443709136117543 0.057517153618250653
leaf_weight=113.08755711885169 2.9602912291884413 2.7464970834553233 3.6498583704233161 3.5634118691086742 3.7356330379843703 5.2050367593765241 3.2949284389615059 4.974508374929429 3.3252972215414038 3.4365698769688606 0.58413387276232187 0.18648322112858262 2.6618142798542959 2.4637990221381187 2.8139164745807648 2.489114433526991 2.5152648538351059 2.7620425969362241 2.2253088355064419 4.243488870561122 4.794008307158947 3.9143436551094055 4.3762820586562157 1.8007871052250266 2.2237849459052077 2.8906918838620177 2.5327859967947006 2.4055818989872959 20.407353527843956 5.7901668399572364
leaf_count=23569 18 37 19 16 27 26 20 31 25 30 9 6 21 20 19 21 20 23 20 33 42 34 39 356 19 25 22 21 181 51
internal_value=-0.00273532 -0.0487127 0.0487905 0.0330905 0.0512504 0.033011 0.0209926 0.0469683 0.0540715 0.0356681 -0.0498513 -0.0326592 0.0558823 0.0474932 0.0583073 0.0570864 0.0530381 0.0578323 0.0576868 0.0581436 0.0580272 0.058025 0.0576901 -0.050416 0.05751 0.0574834 0.0575118 0.0574621 0.0574734 0.0574599
internal_weight=224.061 118.405 105.655 14.3121 91.3432 12.2356 8.49997 10.7487 79.1076 7.08643 115.659 2.5714 72.0211 9.03996 7.78842 62.9812 9.79839 53.1828 49.8575 13.9146 7.30927 6.37814 9.67111 1.98727 35.9429 33.7191 6.90907 30.8284 28.6031 26.1975
internal_count=24800 23977 823 84 739 73 46 68 666 49 23940 371 617 75 50 542 83 459 434 117 62 54 84 362 317 298 61 273 253 232
is_linear=0
shrinkage=0.05


Tree=39
num_leaves=31
num_cat=0
split_feature=4 4 1 2 4 17 4 11 1 17 4 14 13 13 5 17 13 2 4 11 5 5 6 11 12 14 2 11 13 5
split_gain=200.297 3.38835 3.05661 2.74893 1.79142 1.60141 0.871098 1.87366 2.23597 0.649589 0.318669 1.11005 3.88014 0.308599 0.243505 0.104465 0.257901 0.0146302 0.00671259 0.00311188 0.00173817 0.00277626 0.000127789 0.000116692 9.79897e-05 9.35583e-05 8.7967e-05 5.55694e-05 2.8039e-05 3.32683e-05
threshold=0.36050541516245488 0.57641196013289042 77.500000000000014 54.500000000000007 0.99628718642629199 6.3598000000000021e-14 0.74655719578933388 0.0041207524358655009 49.500000000000007 0.0036026500000000002 0.14328485885372114 0.029500000000000002 0.074422000000000002 0.94768000000000019 111.50000000000001 0.99999500000000008 0.06843150000000002 34.500000000000007 0.14650062145672924 0.01730597239174415 123.50000000000001 96.500000000000014 2.3746200000000003e-05 0.00043410378932745005 0.33383349690081193 0.31750000000000006 51.500000000000007 0.0028910250277762004 0.73512000000000011 8741.5000000000018
decision_type=2 2 2 2 2 8 2 10 2 10 2 8 10 8 10 10 10 2 2 10 10 8 10 8 10 10 2 10 10 10
left_child=10 2 3 -2 6 -6 7 8 -3 -7 -1 12 -12 17 -10 20 22 -9 -13 -19 21 23 -17 -8 -20 -25 -21 -22 -29 -30
right_child=1 4 -4 -5 5 9 15 13 14 -11 11 18 -14 -15 -16 16 -18 19 24 26 27 -23 -24 25 -26 -27 -28 28 29 -31
leaf_value=-0.0502303677407437 0.0088282008085823361 0.004662828910622527 -0.020166393284716453 0.063436821141689109 0.0050776341191793462 0.061438794530564826 0.057602895918621368 0.061524462883197573 0.06087845784435985 0.032801993854969486 -0.050664321375329162 -0.058183016042773511 0.22580531515975721 0.039003355966107621 0.039452215386616613 0.057516176213800924 0.037006867057622593 0.058938858643127728 -0.051751803581964101 0.057398020530134125 0.057263446610764893 0.058992975727941856 0.05700693679324105 0.057006863436134328 -0.050259837192507539 0.057403214859811237 0.057015755248047528 0.057038252844364395 0.057219007323946525 0.056985001682291474
leaf_weight=107.59698643209413 4.5065442621707898 5.0006241872906703 3.1689905598759642 4.7163259163498878 3.7790568172931644 3.3292146995663643 2.2881468608975366 3.4408960491418865 2.925278514623642 4.8874790072441101 0.46629188628867213 0.33695625141262997 0.17436566250398755 2.3197204023599616 2.4255458861589432 2.2697095125913611 2.3069101944565773 3.7013910338282567 0.11951447091996636 2.2296767383813858 3.9804099053144446 3.4103658720850953 2.6943786591291428 3.341073989868165 1.3901666505262256 2.6857327669858932 4.6303487345576286 23.460133746266369 5.1743093430995932 2.1499526724219322
leaf_count=23569 31 34 24 35 17 23 20 25 22 33 71 4 4 18 19 20 19 30 4 20 36 27 25 31 288 24 43 217 47 20
internal_value=-0.00271857 0.0467488 0.0221973 0.0367536 0.0500403 0.0320156 0.0527284 0.0453413 0.028701 0.044405 -0.0498214 -0.0321279 0.0245815 0.0558946 0.0511659 0.0563936 0.0508204 0.0586929 -0.0518021 0.0577704 0.0572652 0.0577916 0.0572398 0.0572989 -0.0503779 0.0571835 0.05714 0.0570876 0.0570649 0.0571503
internal_weight=214.906 104.822 12.3919 9.22287 92.4304 11.9958 80.4346 26.6735 10.3514 8.21669 110.084 2.48729 0.640658 16.322 5.35082 53.7611 7.271 14.0023 1.84664 10.5614 46.4901 11.7253 4.96409 8.31495 1.50968 6.02681 6.86003 34.7648 30.7844 7.32426
internal_count=24800 860 90 66 770 73 697 211 75 56 23940 371 75 136 41 486 64 118 296 93 422 102 45 75 292 55 63 320 284 67
is_linear=0
shrinkage=0.05


Tree=40
num_leaves=31
num_cat=0
split_feature=4 4 4 18 4 16 7 17 2 4 4 14 13 5 5 5 2 16 4 17 15 17 13 11 11 12 14 5 4 14
split_gain=189.012 2.5102 1.67246 2.92921 2.01131 1.60667 1.78921 1.59066 1.23535 1.34414 0.322051 1.05161 3.33199 0.206058 0.119641 0.400297 0.652971 0.00888871 0.00575425 0.000634008 0.000374402 0.000328811 0.000173304 0.000146284 9.12126e-05 8.41798e-05 4.07148e-05 2.89377e-05 2.46106e-05 2.76304e-05
threshold=0.46813506261180676 0.36050541516245488 0.64350460219812455 1.0000000180025095e-35 0.99628718642629199 4173.0000000000009 60800978.500000007 2.4121500000000004e-14 26.500000000000004 0.77785000039496754 0.14328485885372114 0.029500000000000002 0.080742500000000009 2314.5000000000005 120.50000000000001 96.500000000000014 61.500000000000007 8608.0000000000018 0.14650062145672924 0.99998500000000012 0.12350000000000001 0.99997500000000017 0.65240500000000001 0.00047938271067705002 0.0027054219082336003 0.33383349690081193 0.50950000000000017 286.50000000000006 0.72648571594810041 0.61350000000000005
decision_type=2 2 2 8 2 10 10 10 2 2 2 8 10 8 10 10 2 10 2 10 10 10 8 10 10 10 10 10 2 10
left_child=1 10 3 7 8 -6 -7 -2 9 -4 -1 12 -12 17 15 21 -17 -9 -13 24 -21 22 23 -10 27 -20 -26 -16 -28 -30
right_child=2 -3 4 -5 5 6 -8 13 14 -11 11 18 -14 -15 19 16 -18 -19 25 20 -22 -23 -24 -25 26 -27 28 -29 29 -31
leaf_value=-0.050219086719660022 0.013540239831665586 -0.0017235844928887704 0.011418266242768337 0.00033322278660744692 0.059414591400434959 -0.0040982038704474892 0.0424247061574443 0.064309560979026445 0.057097847424673422 0.0568427231455969 -0.050629710805378807 -0.057746392423073716 0.19868588530948589 0.045661611972765963 0.057039393494287431 0.057732015219625538 0.022939525576768156 0.06043491341558687 -0.051663874848558125 0.056952228424794839 0.057754336077360351 0.057539388605882785 0.057236747584423875 0.05660062398237601 0.056647118585533542 -0.050247120128264267 0.05691158995438033 0.056784650033137533 0.056809189837738083 0.056621822710734071
leaf_weight=102.37183927791193 2.7607845664024362 2.7879956215620032 3.4834076836705199 4.90598138421774 3.5012473538517943 4.1619363501667959 4.1050455570220947 2.9537937939166996 2.1728580147027978 3.0584670901298523 0.45406254520639722 0.3228847812861203 0.19012598553672433 2.6817307472229013 2.3736734092235556 2.740956872701644 2.6545731201767921 2.9669499844312668 0.11387427896261182 3.9475422576069823 2.3039182052016258 2.4820443019270888 2.6377247273921975 4.6337926164269447 25.878759615123272 1.3226935989223421 2.2387037277221662 2.1020217463374138 4.3210761025547981 3.6126512512564659
leaf_count=23569 17 37 19 25 27 22 24 18 20 29 72 4 3 20 22 24 19 22 4 37 20 22 24 45 250 288 21 20 41 35
internal_value=-0.00270188 -0.0485484 0.047272 0.0326219 0.0501642 0.0310263 0.0190032 0.0465622 0.0533524 0.0326552 -0.0497943 -0.0317035 0.0229534 0.0571599 0.0554647 0.0519149 0.0406143 0.0623679 -0.051715 0.0567792 0.0572478 0.0570273 0.0568927 0.0567594 0.0567069 -0.0503594 0.0566804 0.0569198 0.0567652 0.0567239
internal_weight=206.243 107.563 98.6796 16.2692 82.4104 11.7682 8.26698 11.3633 70.6422 6.54187 104.775 2.40364 0.644189 8.60247 64.1003 17.3219 5.39553 5.92074 1.75945 46.7783 6.25146 11.9264 9.44438 6.80665 40.5269 1.43657 36.0512 4.4757 10.1724 7.93373
internal_count=24800 23977 823 102 721 73 46 77 648 48 23940 371 75 60 600 154 43 40 296 446 57 111 89 65 389 292 347 42 97 76
is_linear=0
shrinkage=0.05


Tree=41
num_leaves=31
num_cat=0
split_feature=4 4 4 18 4 16 15 17 2 4 17 6 4 14 13 5 13 4 4 4 5 5 10 4 11 11 12 7 14 11
split_gain=178.294 2.50961 1.70651 2.98296 1.97681 1.57275 1.71252 1.42204 1.13492 1.27433 0.324402 1.03569 0.323542 0.998075 2.74762 0.190437 0.0861122 0.317877 0.00545284 0.00493374 0.00126776 0.00210801 0.00107565 0.000371241 0.000193385 0.000125819 7.23233e-05 5.17555e-05 3.71378e-05 1.79216e-05
threshold=0.46813506261180676 0.36050541516245488 0.62284482758620696 1.0000000180025095e-35 0.99628718642629199 4173.0000000000009 0.83450000000000013 2.2807000000000006e-12 26.500000000000004 0.76911215303140967 0.99999500000000008 9.5000000000000022e-06 0.14328485885372114 0.029500000000000002 0.080742500000000009 2251.5000000000005 0.78240500000000013 0.73590618877067915 0.65360989230155575 0.14650062145672924 123.50000000000001 96.500000000000014 237.50000000000003 0.80008927942109354 0.00041977544215845004 0.0019776581647409004 0.33383349690081193 88902156.500000015 0.55750000000000022 0.043187722043146505
decision_type=2 2 2 8 2 10 10 8 2 2 10 10 2 8 10 10 10 2 2 2 10 8 10 2 10 10 10 10 10 10
left_child=1 12 3 7 8 -6 -7 -2 9 -4 16 -12 -1 14 29 -9 18 -18 -10 -15 21 24 -19 -13 -20 -22 -21 -26 -27 -14
right_child=2 -3 4 -5 5 6 -8 15 10 -11 11 23 13 19 -16 -17 17 22 20 26 25 -23 -24 -25 27 28 -28 -29 -30 -31
leaf_value=-0.050208354883789802 0.014112480062400151 -0.0016397374367755114 0.012244661148324398 -0.0092660040315455505 0.058877313986640256 -0.0044351931426739044 0.041312510444359539 0.062157209763604795 0.058708688675694003 0.056447424694479748 0.017833353529911888 0.057342629029904252 -0.05037489938013226 -0.057334892485375648 0.16945818142633207 0.045157880154929893 0.034727942604324838 0.057655715715112771 0.056899644410890154 -0.051580480209649095 0.056688756379874063 0.057915413588619548 0.056302844788362665 0.056510960670920096 0.056239712955150359 0.056294360178874063 -0.05023502850756887 0.056532139976858381 0.056506300987801163 -0.051061375299191691
leaf_weight=97.39939543325454 2.8302395120263091 2.7841305248439303 3.5401348248124114 3.5522281527519199 3.3601097017526618 4.1255196183919889 4.0577658116817474 4.5488679483532914 3.0038565993309012 3.0227008387446404 2.4363590925931913 2.1932774782180786 0.29094786429777686 0.30928601883351792 0.21115379082038999 2.5830240473151207 2.1848565712571126 2.2394208908081055 2.2317204698920214 0.10849127545952764 2.3784783631563213 3.8048413097858438 4.272212028503418 3.4564451724290848 3.745988130569458 26.990679606795315 1.2584802564233541 2.5383794009685516 2.238349236547946 0.14122347347438335
leaf_count=23569 18 37 19 16 27 21 25 31 25 30 21 20 60 4 3 19 20 20 21 4 23 33 43 34 38 272 288 25 22 12
internal_value=-0.00268514 -0.0484616 0.0465329 0.0300729 0.0492516 0.0300755 0.0182493 0.0441001 0.0524014 0.0326035 0.0544406 0.0450829 -0.0497688 -0.0313136 0.0216286 0.0560004 0.0558009 0.0512309 0.0566477 -0.0516321 0.0565068 0.056937 0.0567681 0.0568338 0.0564998 0.056339 -0.0503418 0.0563578 0.0563106 -0.0505992
internal_weight=197.839 102.503 95.3355 13.5144 81.8211 11.5434 8.18329 9.96213 70.2777 6.56284 63.7149 8.08608 99.719 2.31958 0.643325 7.13189 55.6288 8.69649 46.9323 1.67626 43.9284 12.3209 6.51163 5.64972 8.51609 31.6075 1.36697 6.28437 29.229 0.432171
internal_count=24800 23977 823 84 739 73 46 68 666 49 617 75 23940 371 75 50 542 83 459 296 434 117 63 54 84 317 292 63 294 72
is_linear=0
shrinkage=0.05


Tree=42
num_leaves=31
num_cat=0
split_feature=4 18 4 4 2 15 7 4 17 6 11 4 14 13 4 5 4 4 5 5 2 11 17 11 12 11 14 15 13 5
split_gain=168.284 20.9194 1.86149 2.14399 2.65647 1.53878 1.64792 0.606358 1.87081 0.453099 0.831058 0.323902 0.948668 2.32801 0.0107279 0.00690373 0.00423105 0.00232152 0.00139515 0.00189235 0.000617794 0.000143003 0.000130279 7.06254e-05 6.21424e-05 3.84044e-05 2.45007e-05 2.72095e-05 1.93746e-05 1.71864e-05
threshold=0.36050541516245488 inf 0.99628718642629199 0.51056338028169035 54.500000000000007 0.44550000000000006 60800978.500000007 0.71432308209708173 0.99999500000000008 5.2655850000000008e-05 0.0064672526548697007 0.14328485885372114 0.029500000000000002 0.080742500000000009 0.73319015934998921 135.50000000000003 0.14650062145672924 0.64350460219812455 129.50000000000003 96.500000000000014 49.500000000000007 0.00044875724605205003 0.99998500000000012 0.0079859630062239523 0.33383349690081193 0.0022825307369929502 0.31750000000000006 0.30250000000000005 0.65240500000000001 18638.500000000004
decision_type=2 8 2 2 2 10 10 2 8 8 10 2 8 10 2 10 2 2 10 8 2 8 10 10 10 10 10 10 10 10
left_child=11 2 3 4 -2 -4 -7 8 9 15 -11 -1 13 -13 -9 -5 -14 -17 19 21 -19 -16 25 -24 -18 -20 27 -23 -27 -30
right_child=1 -3 5 7 -6 6 -8 14 -10 10 -12 12 16 -15 18 17 24 20 22 -21 -22 26 23 -25 -26 28 -28 -29 29 -31
leaf_value=-0.050198149342816425 0.0041941483916906191 -0.10353492423151947 0.05837493841131737 0.060144360513880626 0.058029575950923132 -0.0045542593045470202 0.040561831688109722 0.058768412587125174 0.006219303003133227 0.01919282464681751 0.058850677670658484 -0.05057001006682859 -0.056946891698210989 0.14850481841409299 0.056542444874976019 0.058587870960289716 -0.051501375502530991 0.057280159125904687 0.056153682413409893 0.057582431968757702 0.056036676231623186 0.056170746734807632 0.056450900378143265 0.056064425048932047 -0.050223532141178986 0.055935381333084372 0.056236874993249454 0.055910716683450469 0.056057989972448388 0.055888654804263353
leaf_weight=92.667527334298939 5.144838869571684 2.3303421698510638 3.2230438515543929 3.6754786819219589 4.1315908469259739 4.1353642269968969 3.9642796665430069 4.3397782742977133 2.5618063211441031 2.46582204848528 2.8454341813921928 0.41132556553929989 0.29615570418536652 0.22840279154479504 2.7541000023484186 2.6688383743166924 0.10335461050271955 2.0833657383918762 2.9221282526850727 3.6718592718243608 1.9188337624073026 1.9487471580505378 2.421222746372222 2.3098336607217789 1.197370607405901 19.622747115790848 2.4557384848594666 2.0796424970030785 7.3173976540565473 1.8842553123831747
leaf_count=23569 34 18 27 28 34 22 24 39 17 21 25 72 4 3 27 23 4 20 30 33 20 20 24 24 288 207 25 22 76 20
internal_value=-0.00266812 0.0444218 0.0481474 0.050795 0.0281717 0.0291547 0.0175273 0.053712 0.0458296 0.0523103 0.040439 -0.0497443 -0.0309424 0.0205059 0.056385 0.0584043 -0.0515531 0.0574457 0.0561755 0.0566222 0.056684 0.0562406 0.0560174 0.0562622 -0.0503251 0.055981 0.0561124 0.0560365 0.0559635 0.0560233
internal_weight=189.781 94.8765 92.5461 81.2235 9.27643 11.3227 8.09964 71.947 18.2196 15.6578 5.31126 94.9041 2.23661 0.639728 53.7275 10.3465 1.59688 6.67104 49.3877 12.9101 4.0022 9.23823 36.4776 4.73106 1.30073 31.7465 6.48413 4.02839 28.8244 9.20165
internal_count=24800 860 842 769 68 73 46 701 154 137 46 23940 371 75 547 91 296 63 508 127 40 94 381 48 292 333 67 42 303 96
is_linear=0
shrinkage=0.05


Tree=43
num_leaves=31
num_cat=0
split_feature=4 18 4 4 2 1 13 4 17 6 11 4 11 4 5 4 5 5 12 2 11 17 11 11 4 14 15 13 5 17
split_gain=158.886 19.4444 1.86001 2.26629 2.42433 1.51008 1.56261 0.636367 1.82541 0.458449 0.818464 0.323288 0.903785 0.00925261 0.00581146 0.00196887 0.00118229 0.00160323 0.000597383 0.000529919 0.000120787 0.000110209 5.96677e-05 3.24827e-05 3.0664e-05 2.07346e-05 2.3046e-05 1.63875e-05 1.45334e-05 2.05958e-05
threshold=0.36050541516245488 inf 0.99628718642629199 0.51056338028169035 54.500000000000007 66.500000000000014 0.50821000000000016 0.71432308209708173 0.99999500000000008 5.2655850000000008e-05 0.0064672526548697007 0.14328485885372114 0.19849856688470727 0.73319015934998921 135.50000000000003 0.64350460219812455 129.50000000000003 96.500000000000014 0.24192039835948959 49.500000000000007 0.00044875724605205003 0.99998500000000012 0.0079859630062239523 0.0022825307369929502 0.14650062145672924 0.31750000000000006 0.30250000000000005 0.65240500000000001 18638.500000000004 5.4502500000000007e-18
decision_type=2 8 2 2 2 2 10 2 8 10 10 2 10 2 10 2 10 8 10 2 10 10 10 10 2 10 10 10 10 10
left_child=11 2 3 4 -2 6 -4 8 9 14 -11 -1 18 -9 -5 -16 17 20 -13 -17 -15 23 -23 -18 -20 26 -22 -25 29 -29
right_child=1 -3 5 7 -6 -7 -8 13 -10 10 -12 12 -14 16 15 19 21 -19 24 -21 25 22 -24 27 -26 -27 -28 28 -30 -31
leaf_value=-0.050188448325827729 0.0039877741341507369 -0.10019364055714408 0.036487340314500051 0.059566130559749325 0.055526889432240538 0.052405808537258895 -0.010763932984007549 0.058298043653675552 0.0059297052048305522 0.018482178750074102 0.0583664920389452 -0.053950437916647553 0.021925713183953276 0.056183081058541223 0.05811210782898403 0.056884990240716117 0.055817795059183786 0.057161595586321549 -0.051094308103923083 0.055707847983157512 0.055833986436871846 0.056097113669968016 0.055733970005983791 0.055612541834810347 -0.050206083553358621 0.055896134169011263 0.055589321708992771 0.05583878188135636 0.055568611191946962 0.055661538023403949
leaf_weight=88.164689101278782 5.1406486593186838 2.2887171991169444 3.7068668678402883 3.5293004661798495 4.1026800461113453 4.0893121212720871 3.3139064684510231 4.1605874374508849 2.5528109073638907 2.4334435611963263 2.7285446226596832 0.11942465975880545 0.59364709211513389 2.6361132264137233 2.5589344799518585 1.9951767623424532 2.7959171384573009 3.5178431719541559 0.1047813966870309 1.8357521891593931 1.8646029308438303 2.3172954097390166 2.2098791673779488 18.771347396075729 1.3373226933181284 2.3498499169945717 1.9893646761775015 2.6180762127041799 1.8024206161499021 4.3826417177915573
leaf_count=23569 34 18 26 28 34 29 18 39 17 21 25 3 18 27 23 20 30 33 5 20 20 24 24 207 345 25 22 28 20 48
internal_value=-0.0026515 0.0437134 0.0473974 0.0501141 0.0268636 0.0282524 0.0141841 0.0532265 0.0450302 0.0516489 0.0395644 -0.0497207 -0.0305879 0.0560376 0.0579377 0.0570382 0.0558385 0.0562588 -0.0505521 0.0563209 0.0558995 0.0556897 0.0559198 0.0556554 -0.0502706 0.0557791 0.0557077 0.0556389 0.0556952 0.0557278
internal_weight=182.012 91.692 89.4033 78.2932 9.24333 11.1101 7.02077 69.0499 17.634 15.0812 5.16199 90.3199 2.15518 51.4159 9.91916 6.38986 47.2554 12.3578 1.56153 3.83093 8.83993 34.8976 4.52717 30.3704 1.4421 6.20382 3.85397 27.5745 8.80314 7.00072
internal_count=24800 860 842 769 68 73 44 701 154 137 46 23940 371 547 91 63 508 127 353 40 94 381 48 333 350 67 42 303 96 76
is_linear=0
shrinkage=0.05


Tree=44
num_leaves=31
num_cat=0
split_feature=4 18 4 4 2 1 13 4 17 6 7 4 14 13 4 5 4 4 5 5 2 11 17 12 11 11 14 15 13 11
split_gain=149.997 18.0794 1.86421 2.38476 2.21017 1.44136 1.4453 0.666375 1.78121 0.464196 0.807717 0.330663 0.915748 1.95582 0.00798199 0.00489815 0.00367027 0.00167124 0.00100281 0.00135955 0.000454733 0.000102128 9.33237e-05 5.56569e-05 5.04622e-05 2.75019e-05 1.75641e-05 1.95373e-05 1.38709e-05 1.32167e-05
threshold=0.36050541516245488 inf 0.99628718642629199 0.51056338028169035 54.500000000000007 66.500000000000014 0.50821000000000016 0.71432308209708173 0.99999500000000008 5.2655850000000008e-05 88902156.500000015 0.14328485885372114 0.029500000000000002 0.080742500000000009 0.73319015934998921 135.50000000000003 0.14650062145672924 0.64350460219812455 129.50000000000003 96.500000000000014 49.500000000000007 0.00044875724605205003 0.99998500000000012 0.33383349690081193 0.0079859630062239523 0.0022825307369929502 0.31750000000000006 0.30250000000000005 0.65240500000000001 0.043187722043146505
decision_type=2 8 2 2 2 2 10 2 8 8 10 2 8 10 2 10 2 2 10 8 2 10 10 10 10 10 10 10 10 10
left_child=11 2 3 4 -2 6 -4 8 9 15 -11 -1 13 29 -9 -5 -14 -17 19 21 -19 -16 25 -18 -24 -20 27 -23 -27 -13
right_child=1 -3 5 7 -6 -7 -8 14 -10 10 -12 12 16 -15 18 17 23 20 22 -21 -22 26 24 -25 -26 28 -28 -29 -30 -31
leaf_value=-0.050179223451835175 0.0037914041043854495 -0.097044410638681203 0.035448436118324364 0.059025426686800435 0.053097565818454255 0.051397055460738285 -0.010188371718361042 0.057855491028305575 0.0056527035830554037 0.056770289579287363 0.016429529303979468 -0.050322699497056617 -0.056656747984625347 0.13145238865999481 0.055845542220894731 0.057665775649743435 -0.051449551872792376 0.056513459490163488 0.055502082989101136 0.056766806825214303 0.055398698409797914 0.055517448493169454 0.055764757223756505 -0.050206057054267707 0.055423305444416829 0.055308973424084286 0.05557589431506809 0.055287100936413161 0.055386758463083052 -0.050951965513028344
leaf_weight=83.879872637800872 5.1366596631705743 2.2459328062832347 3.6267925649881345 3.3871470987796783 4.0765567608177662 3.9642845541238785 3.3257467523217201 3.9871792271733275 2.5442368239164344 2.7703821510076532 2.247426725924015 0.25061905733309631 0.28170993179082859 0.24320790823549032 2.5223204940557444 2.452496126294136 0.098085734993219043 1.9100317284464838 2.6743038594722774 3.3689578846097001 1.755719408392906 1.7835217788815501 2.2170842513442031 1.089595589088276 2.1135866269469261 17.951379746198658 2.2478001266717911 1.9024245515465734 8.4192596524953824 0.12509438465349376
leaf_count=23569 34 18 26 28 34 29 18 39 17 28 18 60 4 3 27 23 4 20 30 33 20 20 24 288 24 207 25 22 96 12
internal_value=-0.00263406 0.043008 0.0466492 0.0494428 0.0256078 0.027337 0.0136181 0.0527572 0.0442446 0.0510052 0.0387021 -0.0496899 -0.0300371 0.0209794 0.0557109 0.0575 -0.0515258 0.0566555 0.0555218 0.0559174 0.0559795 0.055579 0.0553816 -0.0503088 0.0555981 0.0553493 0.0554657 0.0553986 0.0553338 -0.0505322
internal_weight=174.599 88.6312 86.3853 75.4685 9.21322 10.9168 6.95254 66.2553 17.0674 14.5232 5.01781 85.9682 2.08831 0.618921 49.1878 9.50539 1.46939 6.11825 45.2006 11.825 3.66575 8.45607 33.3756 1.18768 4.33067 29.0449 5.93375 3.68595 26.3706 0.375713
internal_count=24800 860 842 769 68 73 44 701 154 137 46 23940 371 75 547 91 296 63 508 127 40 94 381 292 48 333 67 42 303 72
is_linear=0
shrinkage=0.05


Tree=45
num_leaves=31
num_cat=0
split_feature=4 18 4 4 7 1 17 17 4 17 6 11 4 14 13 4 5 4 4 5 5 2 11 17 12 11 11 14 15 13
split_gain=141.626 16.8182 1.90991 2.45533 2.19455 2.07862 1.39812 0.811725 0.695199 1.73896 0.468722 0.82762 0.328903 0.870957 1.71378 0.00688705 0.00413322 0.00314953 0.00141976 0.000851275 0.0011539 0.000390356 8.64353e-05 7.90925e-05 4.78326e-05 4.27177e-05 2.33039e-05 1.48916e-05 1.65767e-05 1.17563e-05
threshold=0.36050541516245488 inf 0.51056338028169035 0.99628718642629199 37250945.500000007 61.500000000000007 6.3598000000000021e-14 0.0036026500000000002 0.71432308209708173 0.99999500000000008 5.2655850000000008e-05 0.0064672526548697007 0.14328485885372114 0.029500000000000002 0.080742500000000009 0.73319015934998921 135.50000000000003 0.14650062145672924 0.64350460219812455 129.50000000000003 96.500000000000014 49.500000000000007 0.00044875724605205003 0.99998500000000012 0.33383349690081193 0.0079859630062239523 0.0022825307369929502 0.31750000000000006 0.30250000000000005 0.65240500000000001
decision_type=2 8 2 2 8 2 8 10 2 8 8 10 2 8 10 2 10 2 2 10 10 2 10 10 10 10 10 10 10 10
left_child=12 2 4 8 -2 -6 -5 -8 9 10 16 -12 -1 14 -14 -10 -4 -15 -18 20 22 -20 -17 26 -19 -25 -21 28 -24 -28
right_child=1 -3 3 6 5 -7 7 -9 15 -11 11 -13 13 17 -16 19 18 24 21 23 -22 -23 27 25 -26 -27 29 -29 -30 -31
leaf_value=-0.050170449985899847 0.059176643958895207 -0.094087255971319325 0.058519305086619802 0.0012970971071738734 0.032962779470222726 -0.025611375787484982 0.059620909777987445 0.025228091663540803 0.057438808518314392 0.005387825803737571 0.016419287660101745 0.057655324634249494 -0.050506274343341429 -0.056308151750572001 0.11928943235063588 0.055528284144491617 0.057246721134863704 -0.051377194346863823 0.05616391106280591 0.055205139400722983 0.056396166109829317 0.055107867427210383 0.055219724763960892 0.055452315826603607 -0.050195985315609037 0.055131057619384319 0.055023347531102156 0.055274723794947495 0.055002733337284261 0.055096584503266113
leaf_weight=79.802602143259719 3.0370892807841274 2.2018217369914046 3.2491127997636795 3.6476150304079029 3.4472987428307542 2.7015965431928635 2.9179639667272577 4.1634547784924507 3.8195388540625563 2.5360657572746268 2.3382030501961717 2.5370899587869644 0.35756859276443664 0.26958774775266636 0.25429464504122734 2.412666589021681 2.3495306596159935 0.09343012049794186 1.8278997093439104 2.55721332877875 3.2251793891191474 1.6786827147006986 1.7054538875818255 2.120537541806697 1.0366581049747763 2.0208935663104057 17.16227745264769 2.1495287120342255 1.8187613263726232 8.0497582927346212
leaf_count=23569 25 18 28 17 23 20 23 33 39 17 21 25 72 4 3 27 23 4 20 30 33 20 20 24 288 24 207 25 22 96
internal_value=-0.00261689 0.042313 0.0459109 0.0485704 0.024403 0.00722747 0.0264459 0.0394 0.0523051 0.04348 0.05039 0.0378784 -0.0496671 -0.0296992 0.020062 0.0554037 0.0570891 -0.0514521 0.0562956 0.0552238 0.0555965 0.0556584 0.0552776 0.0550917 -0.0502936 0.0552956 0.0550613 0.055171 0.0551077 0.0550467
internal_weight=167.489 85.6752 83.4734 74.2874 9.18598 6.1489 10.729 7.08142 63.5584 16.5166 13.9805 4.87529 81.8141 2.01154 0.611863 47.0418 9.10523 1.39968 5.85611 43.2223 11.3116 3.50658 8.08641 31.9107 1.13009 4.14143 27.7692 5.67374 3.52422 25.212
internal_count=24800 860 842 774 68 43 73 56 701 154 137 46 23940 371 75 547 91 296 63 508 127 40 94 381 292 48 333 67 42 303
is_linear=0
shrinkage=0.05


Tree=46
num_leaves=31
num_cat=0
split_feature=4 18 4 4 6 1 13 4 17 6 7 4 14 13 4 5 4 4 5 5 2 11 17 12 11 11 14 15 13 11
split_gain=133.746 15.6549 1.97363 2.48182 2.08325 1.39036 1.34499 0.72535 1.69657 0.475284 0.822476 0.326449 0.828836 1.51703 0.00594312 0.00349157 0.00270308 0.00120703 0.000723205 0.000980153 0.000335202 7.32214e-05 6.70889e-05 4.11113e-05 3.61948e-05 1.97638e-05 1.26359e-05 1.4076e-05 9.97236e-06 9.79216e-06
threshold=0.36050541516245488 inf 0.51056338028169035 0.99628718642629199 3.190330000000001e-05 66.500000000000014 0.50821000000000016 0.71432308209708173 0.99999500000000008 5.2655850000000008e-05 88902156.500000015 0.14328485885372114 0.029500000000000002 0.080742500000000009 0.73319015934998921 135.50000000000003 0.14650062145672924 0.64350460219812455 129.50000000000003 96.500000000000014 49.500000000000007 0.00044875724605205003 0.99998500000000012 0.33383349690081193 0.0079859630062239523 0.0022825307369929502 0.31750000000000006 0.30250000000000005 0.65240500000000001 0.043187722043146505
decision_type=2 8 2 2 10 2 10 2 8 10 10 2 8 10 2 10 2 2 10 10 2 10 10 10 10 10 10 10 10 10
left_child=11 2 4 7 -2 6 -5 8 9 15 -11 -1 13 29 -9 -4 -14 -17 19 21 -19 -16 25 -18 -24 -20 27 -23 -27 -13
right_child=1 -3 3 5 -6 -7 -8 14 -10 10 -12 12 16 -15 18 17 23 20 22 -21 -22 26 24 -25 -26 28 -28 -29 -30 -31
leaf_value=-0.050162113247259388 0.00066483976299170321 -0.091318341611074869 0.058045111221274925 0.033700992520764826 0.048478542483818006 0.049976113125848633 -0.01084910964503194 0.057046220235798098 0.0051346119390694722 0.056161188124715933 0.014362181143916573 -0.050292087624056042 -0.055978960928909374 0.1093684942866813 0.055229892995571461 0.056852977992385881 -0.051308527722850383 0.055834835081971804 0.054925680102223762 0.056047940991261369 0.054834103495709524 0.054939526120727424 0.055158411288654598 -0.050186405686806435 0.054855970821968851 0.054754444979832034 0.054991309996204912 0.054735006631837148 0.054823437843951162 -0.050861056999065339
leaf_weight=75.922884724568576 4.8096611276268941 2.1563153509050599 3.1152599081397003 3.4891528785228711 4.3281819745898247 3.7600256279110909 3.2932374104857445 3.6576282009482375 2.5282799974083909 2.5718515515327462 2.1697553098201752 0.22685911436565098 0.25790965743362915 0.26324469689279795 2.3070847243070585 2.2500288039445877 0.088989420793950336 1.7487402111291888 2.4445597082376542 3.0864633694291115 1.6045828089118002 1.6303422972559931 2.0275935679674144 0.98628317285329103 1.9317293614149091 16.403408437967304 2.054966114461422 1.7383073940873144 7.6943515762686721 0.11343174474313855
leaf_count=23569 34 18 28 26 34 29 18 39 17 28 18 60 4 3 27 23 4 20 30 33 20 20 24 288 24 207 25 22 96 12
internal_value=-0.0025996 0.041638 0.045193 0.0479891 0.023312 0.0255891 0.0120694 0.0518627 0.0427154 0.0497743 0.037034 -0.049645 -0.029374 0.0192403 0.0551144 0.0567032 -0.0513819 0.0559571 0.0549434 0.0552947 0.055356 0.054994 0.0548189 -0.0502793 0.0550109 0.0547902 0.0548936 0.054834 0.0547765 -0.0504817
internal_weight=160.661 82.8015 80.6452 71.5073 9.13784 10.5424 6.78239 60.9649 15.9885 13.4602 4.74161 77.8596 1.93672 0.603536 44.9764 8.71861 1.33318 5.60335 41.3188 10.8172 3.35332 7.7307 30.5016 1.07527 3.95932 26.5423 5.42362 3.36865 24.0978 0.340291
internal_count=24800 860 842 774 68 73 44 701 154 137 46 23940 371 75 547 91 296 63 508 127 40 94 381 292 48 333 67 42 303 72
is_linear=0
shrinkage=0.05


Tree=47
num_leaves=31
num_cat=0
split_feature=4 18 4 4 2 1 7 4 17 6 11 4 14 13 4 5 4 4 5 5 2 11 17 12 11 11 14 15 13 11
split_gain=126.288 14.575 2.04828 2.50919 1.98086 1.32505 1.26518 0.754318 1.65583 0.48057 0.835792 0.323429 0.789111 1.35351 0.0051291 0.00295256 0.00232025 0.0010269 0.000614856 0.000833199 0.000287927 6.20805e-05 5.69518e-05 3.53371e-05 3.06935e-05 1.67749e-05 1.07306e-05 1.19611e-05 8.46589e-06 8.42236e-06
threshold=0.36050541516245488 inf 0.51056338028169035 0.99628718642629199 54.500000000000007 66.500000000000014 53784244.000000007 0.71432308209708173 0.99999500000000008 5.2655850000000008e-05 0.0064672526548697007 0.14328485885372114 0.029500000000000002 0.080742500000000009 0.73319015934998921 135.50000000000003 0.14650062145672924 0.64350460219812455 129.50000000000003 96.500000000000014 49.500000000000007 0.00044875724605205003 0.99998500000000012 0.33383349690081193 0.0079859630062239523 0.0022825307369929502 0.31750000000000006 0.30250000000000005 0.65240500000000001 0.043187722043146505
decision_type=2 8 2 2 2 2 10 2 8 10 10 2 8 10 2 10 2 2 10 10 2 10 10 10 10 10 10 10 10 10
left_child=11 2 4 7 -2 6 -5 8 9 15 -11 -1 13 29 -9 -4 -14 -17 19 21 -19 -16 25 -18 -24 -20 27 -23 -27 -13
right_child=1 -3 3 5 -6 -7 -8 14 -10 10 -12 12 16 -15 18 17 23 20 22 -21 -22 26 24 -25 -26 28 -28 -29 -30 -31
leaf_value=-0.050154178574405066 0.0013809471172734655 -0.088731088694248339 0.057600445168741035 0.035166649342435997 0.048287484828730298 0.049019129625797429 -0.0083709101894128626 0.056676103722545772 0.0048926115345215128 0.014433922451965106 0.057026706940419385 -0.050277911201898 -0.055667980101182901 0.10107650168807106 0.054949073327151238 0.056482761662228022 -0.051243355886056441 0.055524849476544617 0.054662522445635797 0.055720552853705307 0.054576259979432086 0.054675666878136887 0.054881772243377758 -0.050177294869411075 0.05459689040129187 0.054501145327812861 0.054724454348111108 0.054482807863599297 0.054566174444761278 -0.050818773581548196
leaf_weight=72.231215883744881 5.0720004104077798 2.1094251926988354 2.9856231361627525 3.079996779561041 4.0463776290416718 3.6447048708796501 3.6414768695831299 3.5013889744877806 2.520862504839898 2.2511740252375612 2.358401782810688 0.21585437818430242 0.2466670721769334 0.27040010970085859 2.2054983824491483 2.1539667621254921 0.084754297509789245 1.6725048348307612 2.3362484946847024 2.9527480602264404 1.5333549603819845 1.5581242814660075 1.938182465732097 0.93834764789789915 1.8460167646408079 15.674088113009931 1.9640349969267843 1.6609895825386045 7.3527277559041968 0.10798712633550167
leaf_count=23569 34 18 28 21 34 29 23 39 17 21 25 60 4 3 27 23 4 20 30 33 20 20 24 288 24 207 25 22 96 12
internal_value=-0.00258173 0.0409553 0.0444648 0.0474147 0.0221962 0.0247431 0.0115794 0.0514345 0.0419688 0.0491833 0.0362257 -0.0496235 -0.0290597 0.0184952 0.054842 0.0563404 -0.0513151 0.0556384 0.0546794 0.0550106 0.0550711 0.0547269 0.0545619 -0.0502656 0.0547428 0.0545349 0.0546324 0.0545762 0.0545219 -0.0504583
internal_weight=154.155 80.0599 77.9505 68.8321 9.11838 10.3662 6.72147 58.4659 15.4759 12.955 4.60958 74.0952 1.86401 0.594242 42.99 8.34545 1.26977 5.35983 39.4887 10.3414 3.20586 7.38865 29.1473 1.0231 3.7842 25.3631 5.18315 3.21911 23.0268 0.323842
internal_count=24800 860 842 774 68 73 44 701 154 137 46 23940 371 75 547 91 296 63 508 127 40 94 381 292 48 333 67 42 303 72
is_linear=0
shrinkage=0.05


Tree=48
num_leaves=31
num_cat=0
split_feature=4 18 4 4 7 1 7 11 4 17 11 6 4 4 2 4 4 5 5 11 17 12 11 11 11 14 15 13 5 17
split_gain=119.237 13.5732 2.11318 2.54279 1.97268 1.84803 1.37821 2.65452 0.784578 1.61477 0.491586 1.03641 0.319957 0.752128 0.004814 0.00442691 0.00135588 0.0005231 0.00070878 5.26778e-05 4.83828e-05 4.22732e-05 2.60495e-05 2.03466e-05 1.42488e-05 9.11909e-06 1.01716e-05 7.19226e-06 6.62125e-06 9.39269e-06
threshold=0.36050541516245488 inf 0.51056338028169035 0.99628718642629199 37250945.500000007 61.500000000000007 68842854.500000015 0.020594299227164003 0.71432308209708173 0.99999500000000008 0.0042186910597995517 3.5500000000000002e-05 0.14328485885372114 0.14650062145672924 36.500000000000007 0.73319015934998921 0.64350460219812455 129.50000000000003 96.500000000000014 0.00044875724605205003 0.99998500000000012 0.33383349690081193 0.0079859630062239523 0.035590918452730054 0.0022825307369929502 0.31750000000000006 0.30250000000000005 0.65240500000000001 18638.500000000004 5.4502500000000007e-18
decision_type=2 8 2 2 8 2 10 10 2 8 10 10 2 2 2 2 2 10 10 10 10 10 10 10 10 10 10 10 10 10
left_child=12 2 4 8 -2 -6 7 -5 9 10 11 -4 -1 -14 -12 -10 -16 18 19 -17 24 -15 -22 -18 -19 26 -21 -26 29 -29
right_child=1 -3 3 6 5 -7 -8 -9 15 -11 14 -13 13 21 16 17 23 20 -20 25 22 -23 -24 -25 27 -27 -28 28 -30 -31
leaf_value=-0.05014663953267004 0.054429469187218207 -0.086317096610594501 0.056962920519769193 -0.019314065747184282 0.02935175415824225 -0.026011366449743591 0.047820259032196305 0.04527697248976012 0.056326970769353057 0.0046613885085989839 0.057850882629741585 0.0084967708546782022 0.019956828862523118 -0.05116837782999778 0.056051896569195347 0.054684639979931254 0.054612835644400615 0.054414581982272149 0.055412555901308058 0.054427064002880714 0.054621239824640011 -0.050181648029932059 0.054352753708016913 0.054355530187073633 0.054262418817267392 0.054473048614371605 0.054245110756207415 0.054432180924303741 0.054228018064216288 0.054298223283755769
leaf_weight=68.718530129641294 2.9879631847143147 2.0612251423299304 2.4665139168500874 3.5307369232177717 3.4065671749413022 2.7036245502531528 3.7845493331551552 2.8948876932263374 3.3507458269596091 2.5137969106435785 2.4377041831612569 1.9954071119427679 0.54961210489272971 0.12014982663094964 2.4986216202378273 2.107823006808756 1.5295887589454653 2.2321780622005525 2.8239572048187256 1.4887322187423708 1.8522275239229196 1.12376893684268 1.7636732682585714 1.5436968281865118 14.973588973283769 1.8766520991921423 1.5867303386330602 2.0912496522068968 1.4369648545980451 3.4963396936655045
leaf_count=23569 25 18 25 21 23 20 30 22 39 17 24 19 9 6 28 27 20 30 33 20 24 356 24 21 207 25 22 28 20 48
internal_value=-0.00256333 0.04027 0.0437317 0.0468336 0.0211358 0.0048548 0.0238837 0.00978564 0.0510129 0.0412198 0.0485886 0.0352885 -0.0496025 -0.0287544 0.0559977 0.0545853 0.0551869 0.0544306 0.0547431 0.0544753 0.0543197 -0.050277 0.0544903 0.0544836 0.0542942 0.0543862 0.0543332 0.054282 0.0543237 0.0543484
internal_weight=147.948 77.4357 75.3745 66.2764 9.09815 6.11019 10.2102 6.42562 56.0662 14.9853 12.4715 4.46192 70.5121 1.79353 8.00961 41.0809 5.57191 37.7301 9.88389 7.05994 27.8462 1.24392 3.6159 3.07329 24.2303 4.95211 3.07546 21.9981 7.02455 5.58759
internal_count=24800 860 842 774 68 43 73 43 701 154 137 44 23940 371 93 547 69 508 127 94 381 362 48 41 333 67 42 303 96 76
is_linear=0
shrinkage=0.05


Tree=49
num_leaves=31
num_cat=0
split_feature=4 18 4 4 2 1 17 17 4 17 6 1 4 14 13 4 5 4 4 5 5 13 11 17 12 11 11 14 17 11
split_gain=112.597 12.65 2.16125 2.55688 1.85203 1.60544 1.32778 0.832052 0.814942 1.57418 0.499542 0.871505 0.325414 0.754898 1.18769 0.00382104 0.00224497 0.00208927 0.000764223 0.00044533 0.00060334 0.000338601 4.47335e-05 4.11335e-05 2.6114e-05 2.21247e-05 1.21122e-05 7.755e-06 8.65544e-06 6.47697e-06
threshold=0.36050541516245488 inf 0.51056338028169035 0.99628718642629199 69.500000000000014 61.500000000000007 6.3598000000000021e-14 0.0036026500000000002 0.71432308209708173 0.99999500000000008 5.2655850000000008e-05 53.500000000000007 0.14328485885372114 0.029500000000000002 0.080742500000000009 0.73319015934998921 135.50000000000003 0.14650062145672924 0.62284482758620696 129.50000000000003 96.500000000000014 0.41979000000000005 0.00044875724605205003 0.99998500000000012 0.33383349690081193 0.0079859630062239523 0.0022825307369929502 0.31750000000000006 0.98747000000000007 0.043187722043146505
decision_type=2 8 2 2 2 2 8 10 2 8 8 2 2 8 10 2 10 2 2 10 10 10 10 10 10 10 10 10 10 10
left_child=12 2 4 8 5 -2 -5 -8 9 10 16 -12 -1 14 29 -10 -4 -15 -18 20 22 -20 -17 26 -19 -25 -21 28 -24 -14
right_child=1 -3 3 6 -6 -7 7 -9 15 -11 11 -13 13 17 -16 19 18 24 21 23 -22 -23 27 25 -26 -27 -28 -29 -30 -31
leaf_value=-0.050139463938058709 0.028746940444383185 -0.084066889050961977 0.056838625117342882 -0.0015145081270429774 0.05501153149522036 -0.021590501809501759 0.058370078908983714 0.021865709582844686 0.055997456666735924 0.0044405178434466404 0.011534092069456204 0.056282651978597692 -0.050267955783814849 -0.055477739316111399 0.093664962283557474 0.054435500097846881 0.056000803629277167 -0.051122783362122087 0.05515853239575591 0.054180857799699805 0.055122626501993989 0.054162101398337305 0.054020972126818383 0.054375743491157348 -0.050160390948658519 0.054122584914748556 0.054055787982816496 0.054236077049233861 0.054192712313729408 -0.050761633734180835
leaf_weight=65.376206465531141 3.4300098009407503 2.0118351187556973 2.7513597905635789 3.5426722913980457 2.6844020448625088 2.9431452825665474 2.6103692203760156 3.8830322548747063 3.2056089714169493 2.5070674270391473 2.1216306202113637 2.2334728389978409 0.19763862458057579 0.23968665860593319 0.27514906041324139 2.0139676481485349 1.4849997758865354 0.076866148971021175 1.6450361236929896 2.1322412192821565 2.7000023499131203 1.769837290048599 1.5154485926032069 1.7696466743946069 0.84931998117826879 1.6846120581030843 21.010634139180183 1.7927290499210355 1.4220948964357374 0.10008394555188715
leaf_count=23569 24 18 28 17 24 20 23 33 39 17 21 25 60 4 3 27 17 4 21 30 33 25 22 24 288 24 303 25 20 12
internal_value=-0.00254424 0.0396144 0.0430298 0.0462747 0.0201745 0.00550093 0.0231074 0.0365406 0.0505996 0.0404764 0.0480011 0.034483 -0.0495717 -0.028223 0.0187765 0.0543432 0.0556957 -0.051317 0.0550539 0.0541961 0.054491 0.0546421 0.0542382 0.0540913 -0.0502403 0.0542523 0.0540673 0.0541541 0.0541041 -0.0504339
internal_weight=141.981 74.8659 72.854 63.7965 9.05756 6.37316 10.0361 6.4934 53.7604 14.5134 12.0063 4.3551 67.115 1.73874 0.572872 39.247 7.65123 1.16587 4.89987 36.0414 9.44424 3.41487 6.74424 26.5971 0.926186 3.45426 23.1429 4.73027 2.93754 0.297723
internal_count=24800 860 842 774 68 44 73 56 701 154 137 46 23940 371 75 547 91 296 63 508 127 46 94 381 292 48 333 67 42 72
is_linear=0
shrinkage=0.05


Tree=50
num_leaves=31
num_cat=0
split_feature=4 18 4 4 6 13 1 4 17 11 7 4 14 13 2 4 4 4 5 5 11 17 12 6 11 11 14 15 11 13
split_gain=106.342 11.7942 2.19669 2.57254 1.82336 1.31555 0.946854 0.845094 1.53421 0.521731 1.0635 0.321283 0.718667 1.07235 0.00379692 0.00329818 0.0017937 0.0010058 0.000379344 0.000513905 3.80143e-05 3.49914e-05 2.24506e-05 1.89701e-05 1.88048e-05 1.03022e-05 6.59928e-06 7.36955e-06 5.57043e-06 5.24275e-06
threshold=0.36050541516245488 inf 0.51056338028169035 0.99628718642629199 3.190330000000001e-05 0.50821000000000016 60.500000000000007 0.71432308209708173 0.99999500000000008 0.0042186910597995517 88902156.500000015 0.14328485885372114 0.029500000000000002 0.076693500000000012 36.500000000000007 0.73319015934998921 0.14650062145672924 0.64350460219812455 129.50000000000003 96.500000000000014 0.00044875724605205003 0.99998500000000012 0.33383349690081193 3.190330000000001e-05 0.0079859630062239523 0.0022825307369929502 0.31750000000000006 0.30250000000000005 0.043187722043146505 0.65240500000000001
decision_type=2 8 2 2 10 10 2 2 8 10 10 2 8 8 2 2 2 2 10 10 10 10 10 10 10 10 10 10 10 10
left_child=11 2 4 7 -2 6 -5 8 9 10 -4 -1 13 28 -11 -9 -14 -16 19 20 -17 25 -18 -19 -23 -20 27 -22 -13 -27
right_child=1 -3 3 5 -6 -7 -8 15 -10 14 -12 12 16 -15 17 18 22 23 21 -21 26 24 -24 -25 -26 29 -28 -29 -30 -31
leaf_value=-0.050132645735391973 -0.0021366511024740755 -0.081970467862723329 0.056316348194810184 0.059902586708515684 0.0429081140558258 0.0037634308148754058 0.016260593783394572 0.055686303931934279 0.004229588663866881 0.057140838712215807 0.00571506343001962 -0.050254957415325763 -0.05519427132855103 0.087664903093939511 0.055454581386626595 0.054200648924910937 -0.051067027176809859 0.05390869353453287 0.053960431354599027 0.054849549690254233 0.053971688302386495 0.054144299287437081 -0.050152549408492425 0.054168495334337152 0.053905479795868898 0.053824890699506682 0.054012603266938679 0.053809523387815118 -0.050724243252573881 0.053879712241167367
leaf_weight=62.196013513254002 4.7260186262428743 1.9614073131233443 2.2860576733946765 2.7630539983510953 4.2822117991745472 4.8509261235594749 2.2589007839560509 3.0658764839172354 2.5006588995456704 2.2551311329007149 1.9025632515549658 0.18804707890376327 0.22913832683116198 0.27917084656655788 2.2970805987715721 1.9238362163305263 0.073195158503949642 1.3402580097317698 2.0363263785839143 2.5807848088443279 1.3581380844116213 1.6903535276651376 0.80802123923785985 1.4768737554550169 1.6087431982159612 13.655772164463999 1.7121737226843832 1.4470606967806814 0.095271200640127063 6.4073668494820586
leaf_count=23569 34 18 25 23 34 30 20 39 17 24 19 60 4 3 28 27 4 20 30 33 20 24 288 21 24 207 25 22 12 96
internal_value=-0.00252569 0.0389656 0.0423338 0.0457157 0.0192761 0.022334 0.0402722 0.0501942 0.0397399 0.0474228 0.0333321 -0.0495511 -0.0279277 0.018117 0.0554317 0.0541149 -0.0512533 0.0546781 0.0539749 0.0542534 0.0540145 0.0538759 -0.0502285 0.0540449 0.0540278 0.0538533 0.0539352 0.053888 -0.0504128 0.0538424
internal_weight=136.256 72.3876 70.4262 61.4179 9.00823 9.87288 5.02195 51.5451 14.0586 11.558 4.18862 63.8689 1.67284 0.562489 7.36934 37.4864 1.11035 5.11421 34.4206 9.02199 6.44121 25.3986 0.881216 2.81713 3.2991 22.0995 4.51737 2.8052 0.283318 20.0631
internal_count=24800 860 842 774 68 73 43 701 154 137 44 23940 371 75 93 547 296 69 508 127 94 381 292 41 48 333 67 42 72 303
is_linear=0
shrinkage=0.05


Tree=51
num_leaves=31
num_cat=0
split_feature=4 18 4 4 17 17 4 16 5 7 1 12 13 13 1 4 4 2 4 12 5 5 5 4 17 11 4 11 11 14
split_gain=100.422 10.5325 2.03501 2.24444 2.7696 2.47711 1.63203 2.62112 5.67243 1.41033 1.33944 1.33237 1.1308 0.331049 0.382008 0.0291406 0.00591964 0.00286261 0.00163885 0.00145616 0.00108257 0.000382491 0.000652095 8.20029e-05 4.59554e-05 3.63542e-05 3.01871e-05 2.41772e-05 8.81972e-06 7.69108e-06
threshold=0.43154493343989836 inf 0.99628718642629199 0.71432308209708173 0.99999500000000008 2.4121500000000004e-14 0.14328485885372114 9953.5000000000018 286.50000000000006 137093226.50000003 66.500000000000014 0.33383349690081193 0.50821000000000016 0.070700500000000013 75.500000000000014 0.51056338028169035 0.40010890280424721 25.500000000000004 0.36050541516245488 0.24192039835948959 353.50000000000006 123.50000000000001 96.500000000000014 0.36050541516245488 0.99998500000000012 0.00044875724605205003 0.14650062145672924 0.0079859630062239523 0.0022825307369929502 0.39050000000000007
decision_type=2 8 2 2 8 10 2 10 10 8 2 10 10 8 2 2 2 2 2 10 10 10 10 2 10 10 2 10 10 10
left_child=6 2 3 4 5 -2 -1 11 -9 13 12 -8 -4 -7 15 -15 18 -5 26 -10 -17 22 25 -21 28 -19 -13 -26 -23 -27
right_child=1 -3 10 17 -6 9 7 8 19 -11 -12 16 -14 14 -16 20 -18 21 -20 23 -22 24 -24 -25 27 29 -28 -29 -30 -31
leaf_value=-0.050126157588384047 0.0018620201228542986 -0.083700702927668083 0.029280277911464803 0.055534356015505437 -0.0079486126798665856 0.072994968237066291 0.047517506987290313 0.20697820383627913 -0.056579830215205254 0.0073973604534109845 0.047088332112409419 -0.051065436224585814 -0.012856309477696691 0.061398244051229484 0.034971438227609231 0.055920021088106835 -0.057055189009207391 0.053972508890575567 -0.05353600514949515 -0.050325737645977843 0.054396889259067466 0.053748604282169481 0.05475005039597073 -0.052135309250842303 0.053968808969939441 0.053672926112614872 -0.050174234289173628 0.053699781476718292 0.05363676560752894 0.053816828662779238
leaf_weight=59.170142438728362 3.2406228184700074 1.6907239444553841 3.1635377556085569 2.4908010959625235 3.4094582200050345 2.3486448489129499 0.38031989615410555 0.37417965219356109 0.20395267754793167 1.6885274983942515 3.3604456856846809 0.10785028804093622 3.205662690103054 3.073898408561945 2.4515734501183033 2.2493092752993107 0.75305715948343266 1.9709218218922595 0.67385894246399403 0.17202094569802284 2.4235981218516827 1.9423335939645827 2.4596828185021877 0.098429068922996521 1.8307191841304296 3.1808169484138489 0.79864884703420103 1.5356584787368772 19.074921932071447 1.3113037571310995
leaf_count=23569 30 10 26 33 23 21 6 19 2 17 29 6 18 23 27 26 8 29 13 54 35 30 32 3 27 50 288 24 302 20
internal_value=-0.00250598 0.0395361 0.0426734 0.0462996 0.033274 0.0413162 -0.0481474 -0.0152794 0.0614186 0.0502976 0.021548 -0.0392627 0.00807264 0.056071 0.0521735 0.0576172 -0.0534069 0.0538993 -0.0516685 -0.0533899 0.0551301 0.0537771 0.0540572 -0.0509843 0.0536746 0.0537935 -0.0502803 0.0538461 0.0536471 0.0537149
internal_weight=130.836 68.1032 66.4124 56.6828 20.8856 17.4762 62.7325 3.56232 0.848582 14.2356 9.72965 2.71374 6.3692 12.547 10.1984 7.74681 2.33342 35.7972 1.58036 0.474403 4.67291 33.3064 8.92273 0.27045 24.3836 6.46304 0.906499 3.36638 21.0173 4.49212
internal_count=24800 832 822 749 202 179 23968 399 78 149 73 321 44 132 111 84 315 547 307 59 61 514 131 57 383 99 294 51 332 70
is_linear=0
shrinkage=0.05


Tree=52
num_leaves=31
num_cat=0
split_feature=4 18 4 4 2 1 7 11 4 17 11 6 4 14 13 2 2 4 4 5 5 17 11 11 12 15 11 14 17 11
split_gain=94.8458 10.2491 2.31747 2.61245 1.72634 1.42208 1.29472 2.49867 0.888184 1.43279 0.550769 1.07473 0.315478 0.674208 0.931862 0.00305547 0.00247257 0.00139295 0.00077178 0.000326091 0.000555658 3.91462e-05 3.09328e-05 2.05805e-05 1.93043e-05 1.72106e-05 7.51214e-06 6.55344e-06 5.86825e-06 5.23442e-06
threshold=0.36050541516245488 inf 0.51056338028169035 0.99628718642629199 69.500000000000014 61.500000000000007 68842854.500000015 0.020594299227164003 0.71432308209708173 0.99999500000000008 0.0042186910597995517 3.5500000000000002e-05 0.14328485885372114 0.029500000000000002 0.080742500000000009 36.500000000000007 25.500000000000004 0.14650062145672924 0.64350460219812455 123.50000000000001 96.500000000000014 0.99998500000000012 0.00044875724605205003 0.0079859630062239523 0.33383349690081193 0.90150000000000008 0.0022825307369929502 0.39050000000000007 0.99947500000000011 0.043187722043146505
decision_type=2 8 2 2 2 2 10 10 2 8 10 10 2 8 10 2 2 2 2 10 10 10 10 10 10 10 10 10 10 10
left_child=12 2 4 8 5 -2 7 -5 9 10 11 -4 -1 14 29 -12 -10 -15 -17 20 22 26 -18 -23 -19 -20 -21 28 -24 -14
right_child=1 -3 3 6 -6 -7 -8 -9 16 -11 15 -13 13 17 -16 18 19 24 25 21 -22 23 27 -25 -26 -27 -28 -29 -30 -31
leaf_value=-0.050119990376203488 0.025063883232578341 -0.078041193214417715 0.055745060779861799 -0.021157072445711508 0.051191299754713995 -0.022850057898719325 0.045361040301993255 0.043120803144576191 0.055249881889498809 0.0044062811524354 0.056570281955199288 0.0034704373771432557 -0.050230634289750109 -0.054742345268026661 0.081044347879262263 0.054982010955663831 0.053763896684128787 -0.051011069227782119 0.05356962170002913 0.053552499916702113 0.054498342420528957 0.053760449817134515 0.053425766879555726 0.053506416877887097 -0.050140137012651347 0.05382649631879588 0.053446858951823689 0.053616999885371025 0.053568452517476453 -0.050702898470431003
leaf_weight=56.291135613340884 3.3311888985335809 1.8613409735262383 2.1224344260990589 3.4456439688801748 2.6165788695216179 2.8939422182738781 3.4406739622354507 2.6940115839242935 2.3812140002846709 2.5060260072350511 2.0906472131609917 1.8318644016981123 0.17021811311133084 0.21481467038393021 0.28043881617486477 2.1281173154711723 1.8818893730640427 0.069587185978889465 1.2955796495079996 1.8541995584964812 2.3502555601298809 1.7480125501751893 1.8599354960024359 1.4659090191125868 0.74253433290868998 1.3128132298588751 18.207468219101429 1.2518819905817506 1.176332253962755 0.089535353006795049
leaf_count=23569 24 18 25 21 24 20 30 22 33 17 24 19 60 4 3 28 29 4 21 30 32 27 31 24 288 20 302 20 19 12
internal_value=-0.00248869 0.0376634 0.0409321 0.0446239 0.0171134 0.00278963 0.0208073 0.00704733 0.0494311 0.0384617 0.0463775 0.0315284 -0.049504 -0.0273761 0.017842 0.0549782 0.0536958 -0.0511618 0.0542754 0.0535795 0.0538441 0.0534826 0.0535949 0.0536446 -0.0502148 0.0536989 0.0534566 0.0535207 0.053481 -0.0503934
internal_weight=125.606 67.748 65.8866 57.0449 8.84171 6.22513 9.58033 6.13966 47.4646 13.2875 10.7815 3.9543 57.8583 1.56713 0.540192 6.82716 34.1771 1.02694 4.73651 31.7959 8.52029 23.2756 6.17004 3.21392 0.812122 2.60839 20.0617 4.28815 3.03627 0.259753
internal_count=24800 860 842 774 68 44 73 43 701 154 137 44 23940 371 75 93 547 296 69 514 131 383 99 51 292 41 332 70 50 72
is_linear=0
shrinkage=0.05


Tree=53
num_leaves=31
num_cat=0
split_feature=4 18 4 4 7 1 1 13 4 17 11 7 4 14 11 2 4 4 4 5 5 11 17 12 15 11 11 6 14 17
split_gain=89.579 9.56484 2.33476 2.61343 1.70131 1.44261 1.27214 1.02251 0.918583 1.39539 0.557367 1.07995 0.310566 0.642048 0.852512 0.00261541 0.00213853 0.00119579 0.000659881 0.000235631 0.000317898 2.35112e-05 2.17557e-05 1.65979e-05 1.464e-05 1.16075e-05 6.25747e-06 4.80021e-06 3.9907e-06 4.60181e-06
threshold=0.36050541516245488 inf 0.51056338028169035 0.99628718642629199 37250945.500000007 61.500000000000007 66.500000000000014 0.50821000000000016 0.71432308209708173 0.99999500000000008 0.0042186910597995517 88902156.500000015 0.14328485885372114 0.029500000000000002 0.19849856688470727 36.500000000000007 0.73319015934998921 0.14650062145672924 0.64350460219812455 129.50000000000003 96.500000000000014 0.00044875724605205003 0.99998500000000012 0.33383349690081193 0.90150000000000008 0.0079859630062239523 0.0022825307369929502 1.0435950000000001e-05 0.31750000000000006 0.98747000000000007
decision_type=2 8 2 2 8 2 2 10 2 8 10 10 2 8 10 2 2 2 2 10 10 10 10 10 10 10 10 10 10 10
left_child=12 2 4 8 -2 -6 7 -5 9 10 11 -4 -1 14 27 -12 -10 -15 -17 20 21 -18 26 -19 -20 -24 -21 -14 29 -23
right_child=1 -3 3 6 5 -7 -8 -9 16 -11 15 -13 13 17 -16 18 19 23 24 22 -22 28 25 -25 -26 -27 -28 -29 -30 -31
leaf_value=-0.050114123398165844 0.047973480238495216 -0.07636072801753814 0.055537156909514288 0.02764122703272634 0.023278784596973936 -0.02628867180473661 0.045792454188939048 -0.012862390953425423 0.054855879454876744 0.0041968968391523547 0.056222573393594988 0.002510937910143487 -0.050562841446746311 -0.054497906228610532 0.076818205827289321 0.054719685169210289 0.053572962328564913 -0.05096094765311257 0.053383663861100709 0.053369165693280651 0.054119673721264229 0.053243324934981379 0.0535252444037983 -0.050133292492433992 0.053626150798261364 0.053324086257212792 0.053270521207127546 -0.050118560423558001 0.053413727902446667 0.053380723633343299
leaf_weight=53.551892101531848 2.8658297918736908 1.8085309360176314 2.0534091852605312 3.0537256076931936 3.2748955897986898 2.6603290699422359 3.190514862537384 3.1816251054406166 2.6832631789147845 2.4996672347188005 2.0006727278232574 1.8035791367292402 0.14065650058910129 0.20523137412965309 0.28138899151235819 2.0337868630886078 1.6747897341847444 0.066256840713322163 1.2365778908133509 1.7708463072776854 2.2500461526215076 1.2583262063562877 1.4711863398551934 0.70641451003029943 1.2533340230584142 1.3991833999752996 17.445348218083382 0.10708295903168619 1.4894253350794313 1.1816856786608694
leaf_count=23569 25 18 25 26 23 20 29 18 39 17 24 19 25 4 4 28 27 4 21 30 33 22 24 288 20 24 303 46 25 20
internal_value=-0.00246861 0.0370279 0.0402456 0.0440762 0.016337 0.0010613 0.0201135 0.00697401 0.0490398 0.0377342 0.0458095 0.0307414 -0.0494842 -0.0270991 0.0172679 0.0547173 0.0535036 -0.0511054 0.0540515 0.0533824 0.0536177 0.0534161 0.0532988 -0.0502043 0.0535057 0.0534272 0.0532796 -0.0503708 0.0533492 0.0533099
internal_weight=120.6 65.5406 63.732 54.931 8.80105 5.93522 9.42587 6.23535 45.5051 12.881 10.3814 3.85699 55.0589 1.50703 0.529128 6.52437 32.6241 0.977903 4.5237 29.9408 7.85427 5.60423 22.0866 0.772671 2.48991 2.87037 19.2162 0.247739 3.92944 2.44001
internal_count=24800 860 842 774 68 43 73 44 701 154 137 44 23940 371 75 93 547 296 69 508 127 94 381 292 41 48 333 71 67 42
is_linear=0
shrinkage=0.05


Tree=54
num_leaves=31
num_cat=0
split_feature=4 18 4 7 18 5 4 4 11 2 5 1 11 5 4 7 4 4 2 4 4 15 2 5 5 15 4 17 11 11
split_gain=84.6326 8.34705 2.2096 3.22969 3.28075 3.7229 2.11017 2.09855 1.75491 1.70009 1.42349 1.68934 1.23901 3.62168 0.815425 0.160211 0.0517777 0.00658781 0.00185287 0.00167821 0.0013475 0.000554234 0.000414403 0.000237598 0.000444712 0.000180679 0.00015198 2.79294e-05 2.24504e-05 1.49232e-05
threshold=0.46813506261180676 inf 0.14328485885372114 49706872.000000007 2.0000000000000004 269.50000000000006 0.99628718642629199 0.71432308209708173 0.0041207524358655009 27.500000000000004 88.500000000000014 54.500000000000007 0.022312840577292603 506.50000000000006 0.25053892974892217 39361368.000000007 0.51056338028169035 0.40010890280424721 25.500000000000004 0.36050541516245488 0.65360989230155575 0.77550000000000019 75.500000000000014 120.50000000000001 96.500000000000014 0.82250000000000012 0.36050541516245488 0.99998500000000012 0.00044875724605205003 0.0079859630062239523
decision_type=2 8 2 10 8 8 2 2 10 2 10 2 10 10 2 10 2 2 2 2 2 10 2 10 10 10 2 10 10 10
left_child=2 6 -1 4 5 -4 7 8 10 -10 -2 -12 13 -8 -7 -11 -17 21 -9 -6 -18 26 25 24 28 -23 -5 -25 -20 -29
right_child=1 -3 3 17 19 14 12 18 9 15 11 -13 -14 -15 -16 16 20 -19 23 -21 -22 22 -24 27 -26 -27 -28 29 -30 -31
leaf_value=-0.050108549265855819 0.041363046779538885 -0.079296238429446914 0.16423116916758235 -0.050334827352394189 -0.050180662967128781 0.0536914888017355 0.047624794764954681 0.05472879659987287 0.0046565292680201742 0.043421963088395479 -0.031688320820382858 0.030754287071511024 0.044533644623991023 -0.029784014450120262 -0.055085675573504078 0.063940157267795561 0.05532522396134551 -0.057249485707326089 0.053380723494432659 -0.055331479845437403 0.0535623380817161 -0.053022427532383336 -0.05424035953109263 0.053108138900658165 0.054102725394505606 -0.050530788181613134 -0.052253845924793978 0.053377734757904041 0.05316368081558677 0.053151080527099048
leaf_weight=50.945662173209712 2.669223882257941 1.4707029610872258 0.65201939688995447 0.47339969757013045 0.23415082413703148 0.33409483497962367 2.8190885558724386 2.177018620073798 2.2106282897293559 2.8188602402806264 2.5227328315377235 1.8981671109795568 3.2109032869338989 3.256457194685936 0.35572552960366011 2.1940460056066513 2.3992681503295898 1.0457445550709961 1.7145683988928819 0.48712014406919479 1.9773300215601919 0.12669835821725428 0.29309738171286881 18.440479476004842 1.9713039249181745 0.17089423793368042 0.13192577846348286 1.5926254503428929 3.9050452522933483 1.3349742032587526
leaf_count=23569 26 7 24 159 90 27 25 33 16 35 19 21 29 19 13 15 31 12 29 7 33 7 17 335 29 48 4 27 70 24
internal_value=-0.00244818 0.0383661 -0.047202 -0.0128041 0.0323403 0.0785672 0.0412935 0.0453719 0.0321277 0.0441057 0.0125305 -0.00487783 0.0194112 0.00613412 -0.00240256 0.0533935 0.0576714 -0.0543508 0.053322 -0.0536593 0.0545288 -0.0518163 -0.0529059 0.0532163 0.0534566 -0.0515916 -0.0507531 0.0531309 0.0532299 0.0532744
internal_weight=115.834 60.5834 55.2505 4.30487 2.06311 1.34184 59.1127 49.8263 18.6903 11.6001 7.09012 4.4209 9.28645 6.07555 0.68982 9.3895 6.57064 2.24176 31.136 0.721271 4.3766 1.19602 0.59069 28.959 7.59092 0.297593 0.605325 21.3681 5.61961 2.9276
internal_count=24800 823 23977 408 161 64 816 743 196 130 66 40 73 44 40 114 79 247 547 97 64 235 72 514 128 55 163 386 99 51
is_linear=0
shrinkage=0.05


Tree=55
num_leaves=31
num_cat=0
split_feature=4 18 4 4 6 17 4 17 17 6 7 4 4 2 5 4 5 5 17 11 11 11 11 14 17 18 14 12 7 10
split_gain=79.9335 8.32956 2.35087 2.6185 1.6992 1.24309 0.970438 1.397 0.907053 0.580369 0.957658 0.301781 0.601849 0.00159999 0.00141287 0.000295335 0.000202831 0.00037942 2.38277e-05 2.21733e-05 1.91344e-05 1.27241e-05 6.8203e-06 4.08289e-06 3.68223e-06 1.87868e-06 2.94327e-06 1.74679e-06 1.21331e-06 1.1448e-06
threshold=0.36050541516245488 inf 0.51056338028169035 0.99628718642629199 3.190330000000001e-05 6.3598000000000021e-14 0.71432308209708173 0.99999500000000008 0.0036026500000000002 5.2655850000000008e-05 88902156.500000015 0.14328485885372114 0.14650062145672924 25.500000000000004 135.50000000000003 0.66084751292855803 120.50000000000001 96.500000000000014 0.99998500000000012 0.99725696730305036 0.00044875724605205003 0.0079859630062239523 0.0022825307369929502 0.39050000000000007 0.99947500000000011 1.0000000180025095e-35 0.038500000000000006 0.55269334032799577 153932044.00000003 2243.5000000000005
decision_type=2 8 2 2 10 8 2 8 10 10 10 2 2 2 10 2 10 10 10 10 10 10 10 10 10 10 10 10 10 10
left_child=11 2 4 6 -2 -5 7 9 -7 14 -11 -1 -13 -8 -4 -16 17 20 22 27 -15 -20 -18 24 -22 -24 -27 -14 -29 -28
right_child=1 -3 3 5 -6 8 13 -9 -10 10 -12 12 19 16 15 -17 18 -19 21 -21 23 -23 25 -25 -26 26 29 28 -30 -31
leaf_value=-0.050103244610639253 -0.0062123786424508227 -0.073173317341459571 0.055353569973342613 -0.0053404845878688538 0.038251397274114973 0.057354002861228714 0.05448775759587017 0.0025915787022055409 0.016808754246352073 0.054242407385717173 0.0030167228021059549 0.018610334642906255 -0.050456770545480978 0.053205072338897111 0.054177418741029507 0.053294044570320769 0.053041792509925648 0.053887644268501803 0.05320228033876824 -0.051059444970545875 0.052919338892036011 0.052988024651884284 0.052927470707336326 0.053081445876306678 0.053040596593603419 0.052913513300020421 0.052968595476334937 -0.050116274433626297 -0.050296346018427862 0.053039233379924049
leaf_weight=48.466014378238469 4.5557600520551187 1.7051335554569949 2.252797015011307 3.3775763362646076 4.0666970573365688 2.2828357815742502 2.0797733627259758 2.4439582899212846 3.4855684638023376 1.8611338883638384 1.789775565266609 0.48310347087681182 0.046129309106618166 1.6361962333321596 2.0733924917876725 1.7403396256268022 1.7258488349616588 1.8824573196470735 1.5198220275342458 0.074069439433515072 1.6154568754136569 1.2736756578087804 12.064359139651058 1.0880498327314851 1.0222725793719289 1.5080852471292012 1.1629842333495619 0.69801635365001857 0.10802147444337606 1.1317561231553552
leaf_count=23569 34 18 28 17 34 23 33 17 33 28 18 9 6 29 32 31 32 29 27 4 31 24 231 20 19 29 22 314 38 21
internal_value=-0.00243004 0.0357901 0.0389054 0.0429864 0.0147585 0.0187492 0.0482804 0.0363829 0.0328545 0.0448815 0.0291302 -0.04944 -0.0266322 0.0531504 0.0543608 0.0537743 0.0530497 0.0532769 0.0529689 -0.0502297 0.0530625 0.0531046 0.0529474 0.0529999 0.0529663 0.0529371 0.0529678 -0.0501575 -0.0501404 0.0530034
internal_weight=111.221 61.3457 59.6406 51.0181 8.62246 9.14598 41.8721 12.1614 5.7684 9.71744 3.65091 49.8754 1.40934 29.7107 6.06653 3.81373 27.631 7.24443 20.3865 0.926237 5.36198 2.7935 17.593 3.72578 2.63773 15.8672 3.80283 0.852167 0.806038 2.29474
internal_count=24800 860 842 774 68 73 701 154 56 137 46 23940 371 547 91 63 514 128 386 362 99 51 335 70 50 303 72 358 352 43
is_linear=0
shrinkage=0.05


Tree=56
num_leaves=31
num_cat=0
split_feature=4 18 4 7 2 5 4 4 11 2 5 1 7 1 7 1 4 4 17 4 4 4 15 4 4 2 15 5 5 4
split_gain=75.4732 7.29175 2.16293 2.98065 3.02106 3.62426 2.07974 2.19269 1.72522 1.67225 1.332 1.50943 1.27569 1.21009 1.28321 0.185882 0.0255668 0.00584316 0.00199731 0.00143091 0.00138379 0.000829454 0.000519026 0.000448048 0.000401326 0.000366716 0.000167221 0.000146974 0.000217642 0.000127557
threshold=0.46813506261180676 inf 0.14328485885372114 49706872.000000007 54.500000000000007 269.50000000000006 0.99628718642629199 0.71432308209708173 0.0041207524358655009 27.500000000000004 88.500000000000014 54.500000000000007 49063947.000000007 66.500000000000014 53784244.000000007 84.500000000000014 0.51056338028169035 0.40010890280424721 0.9513950000000001 0.40010890280424721 0.73319015934998921 0.36050541516245488 0.77550000000000019 0.36050541516245488 0.63550352129022059 75.500000000000014 0.82250000000000012 123.50000000000001 96.500000000000014 0.36050541516245488
decision_type=2 8 2 10 2 8 2 2 10 2 10 2 10 2 10 2 2 2 8 2 2 2 10 2 2 2 10 10 10 2
left_child=2 6 -1 4 19 -6 7 8 10 -10 -2 -12 21 14 -8 16 -11 22 24 23 -9 -7 29 -4 -18 26 -24 28 -22 -5
right_child=1 -3 3 17 5 12 13 20 9 15 11 -13 -14 -15 -16 -17 18 -19 -20 -21 27 -23 25 -25 -26 -27 -28 -29 -30 -31
leaf_value=-0.050098196577396115 0.039843105799271729 -0.075511864410966634 -0.05015498183381531 -0.050310351641079901 0.15744171530283899 -0.050329624839155054 0.030530747363484101 0.054151870981294342 0.0036386373351390655 0.060418098227735653 -0.030740786457703687 0.029091712529919489 0.087509493217634876 0.044221382712321934 -0.015746618900936239 0.036933331889893999 0.054039220941541746 -0.057052960884292882 0.055819601872764316 -0.056671998028761918 0.052911810741641245 -0.05475793800585077 -0.052965871833080297 -0.053797030042438056 0.053007365053575055 -0.054148831970145618 -0.050500517993399698 0.052813350208319267 0.053555094732651777 -0.052135266536675474
leaf_weight=46.10682457126677 2.5214722417295006 1.3994495794177044 0.15387323696631883 0.4319009608589115 0.66076335776597228 0.16075244708918046 2.7417299970984441 2.3429246954619911 2.1743465326726428 2.2364992275834066 2.5341226011514664 1.8048364631831644 0.24490681290626526 2.9703380465507507 3.3020871728658676 1.5574527457356451 1.6334540396928789 1.0072160027921198 1.1478027254343031 0.36042699590325356 4.8681736327707794 0.30901771783828735 0.12315594707615674 0.18715398386120796 2.2271262221038342 0.2806935291737318 0.15578872140031308 19.333623003214598 1.8013944514095781 0.123030717484653
leaf_count=23569 26 7 65 159 32 52 21 39 16 18 19 21 1 29 23 14 26 12 14 4 94 4 7 3 42 17 48 384 30 4
internal_value=-0.00240793 0.0372002 -0.0469695 -0.012613 0.0299676 0.0730323 0.0400579 0.0443457 0.0306115 0.0429049 0.0109422 -0.00585282 -0.00500941 0.0180896 0.00524674 0.0526044 0.0559732 -0.0542928 0.0539884 -0.0544753 0.052988 -0.0532426 -0.0517985 -0.0521537 0.053444 -0.0528729 -0.051589 0.0528832 0.0530856 -0.0507149
internal_weight=106.902 56.5968 50.3055 4.19868 2.07689 1.37544 55.1974 46.1832 17.8371 10.9767 6.86043 4.33896 0.714677 9.01416 6.04382 8.80233 7.24488 2.12179 5.00838 0.701454 28.3461 0.46977 1.11457 0.341027 3.86058 0.559638 0.278945 26.0032 6.66957 0.554932
internal_count=24800 823 23977 408 161 89 816 743 196 130 66 40 57 73 44 114 100 247 82 72 547 56 235 68 68 72 55 508 124 163
is_linear=0
shrinkage=0.05


Tree=57
num_leaves=31
num_cat=0
split_feature=4 18 4 4 6 7 11 4 17 6 2 4 14 13 5 2 4 4 5 5 17 11 12 11 11 11 14 17 4 18
split_gain=71.3185 7.27045 2.33179 2.62258 1.58243 1.24846 2.88846 1.02089 1.39375 0.590898 0.959171 0.293568 0.566476 0.698484 0.00122898 0.00119736 0.00079516 0.00022299 0.000148101 0.000276882 1.74888e-05 1.40063e-05 1.06647e-05 9.312e-06 4.96631e-06 3.37164e-06 2.98169e-06 2.70507e-06 1.42279e-06 1.14344e-06
threshold=0.36050541516245488 inf 0.51056338028169035 0.99628718642629199 3.190330000000001e-05 68842854.500000015 0.020161503815236504 0.71432308209708173 0.99999500000000008 5.2655850000000008e-05 61.500000000000007 0.14328485885372114 0.029500000000000002 0.080742500000000009 135.50000000000003 25.500000000000004 0.14650062145672924 0.66084751292855803 120.50000000000001 96.500000000000014 0.99998500000000012 0.00044875724605205003 0.33383349690081193 0.0079859630062239523 0.0022825307369929502 0.043187722043146505 0.37050000000000005 0.99947500000000011 0.73590618877067915 1.0000000180025095e-35
decision_type=2 8 2 2 10 10 10 2 8 8 2 2 8 10 10 2 2 2 10 10 10 10 10 10 10 10 8 10 2 8
left_child=11 2 4 7 -2 6 -5 8 9 14 -11 -1 13 25 -4 -9 -14 -16 19 21 24 -17 -18 -22 -20 -13 27 -23 -26 -30
right_child=1 -3 3 5 -6 -7 -8 15 -10 10 -12 12 16 -15 17 18 22 -19 20 -21 23 26 -24 -25 28 -27 -28 -29 29 -31
leaf_value=-0.050093397359364113 -0.0069724490186933458 -0.070403414856021196 0.05497497253715377 -0.029071058166399117 0.036363491020138569 0.042962839204412212 0.041754674985614387 0.054045259895363365 0.001082490961754556 0.055742868339362622 0.003194075607073521 -0.050192911664702161 -0.053910014083140306 0.07066156325706173 0.053812228924664286 0.052882290183912065 -0.050828444078088952 0.053011429266294645 0.052735825632206516 0.053492957866728322 0.052880125715639964 0.052625968814873983 -0.050114454833496649 0.052687992278954668 0.052584041275463157 -0.050608259625619267 0.052771337471549218 0.052734932513820498 0.052638251172071354 0.052672405122691904
leaf_weight=43.86226493655704 4.4855751842260343 1.6039577089250077 2.106117263436313 3.1118883639574033 3.9717469774186611 3.1113124862313271 2.6786792278289795 1.8986836150288606 2.3921130150556573 1.6337169073522102 1.8536833748221395 0.13918342126998928 0.1819919589906932 0.26867786329239607 1.9043328538537028 1.4893605075776601 0.05727823730558157 1.5994646400213239 1.5702869258821071 1.7156634144484995 1.3835731521248811 1.4693579822778708 0.60181845352053642 1.1588291600346563 0.98037168383598228 0.075291377259418368 0.99003591015934933 0.9301379732787608 10.231300055980682 3.2224164903163883
leaf_count=23569 34 18 28 19 34 30 24 33 17 21 25 60 4 3 32 29 4 31 32 29 27 31 288 24 21 12 20 19 215 67
internal_value=-0.00238947 0.0345532 0.0375654 0.041878 0.0133791 0.0174179 0.00369247 0.0475292 0.0350434 0.0439733 0.0278112 -0.0493931 -0.0261988 0.0169487 0.0540204 0.0528345 -0.0509843 0.0534467 0.0527431 0.0529466 0.0526707 0.0527545 -0.0501765 0.0527926 0.0526514 -0.0503387 0.0526983 0.0526682 0.0526422 0.0526464
internal_weight=102.679 57.4926 55.8886 47.4313 8.45732 8.90188 5.79057 38.5294 11.4894 9.09732 3.4874 45.1865 1.32424 0.483153 5.60991 27.04 0.841089 3.5038 25.1413 6.59456 18.5468 4.87889 0.659097 2.5424 16.0044 0.214475 3.38953 2.3995 14.4341 13.4537
internal_count=24800 860 842 774 68 73 43 701 154 137 46 23940 371 75 91 547 296 63 514 128 386 99 292 51 335 72 70 50 303 282
is_linear=0
shrinkage=0.05


Tree=58
num_leaves=31
num_cat=0
split_feature=4 18 4 4 2 1 7 11 4 17 11 7 4 11 2 2 4 5 5 12 17 11 6 11 4 11 14 17 7 4
split_gain=67.3399 6.78898 2.33703 2.60183 1.44559 1.26722 1.17661 2.64839 1.0514 1.34863 0.60125 1.1155 0.287507 0.540523 0.00255505 0.00103365 0.000366232 0.000126584 0.000236548 0.000116276 1.49403e-05 1.19559e-05 1.14242e-05 7.9508e-06 4.35237e-06 4.24224e-06 2.54801e-06 2.31225e-06 1.22845e-06 1.21472e-06
threshold=0.36050541516245488 inf 0.51056338028169035 0.99628718642629199 69.500000000000014 61.500000000000007 68842854.500000015 0.020161503815236504 0.71432308209708173 0.99999500000000008 0.0042186910597995517 88902156.500000015 0.14328485885372114 0.15920117713485513 34.500000000000007 25.500000000000004 0.64350460219812455 120.50000000000001 96.500000000000014 0.24192039835948959 0.99998500000000012 0.00044875724605205003 3.190330000000001e-05 0.0079859630062239523 0.14650062145672924 0.0022825307369929502 0.39050000000000007 0.99947500000000011 153932044.00000003 0.73590618877067915
decision_type=2 8 2 2 2 2 10 10 2 8 10 10 2 8 2 2 2 10 10 10 10 10 10 10 2 10 10 10 10 2
left_child=12 2 4 8 5 -2 7 -5 9 10 11 -4 -1 19 -12 -10 -16 18 21 -14 25 -17 -18 -22 -21 -19 27 -23 -26 -27
right_child=1 -3 3 6 -6 -7 -8 -9 15 -11 14 -13 13 -15 16 17 22 20 -20 24 23 26 -24 -25 28 29 -28 -29 -30 -31
leaf_value=-0.050088836564525001 0.020812041052058836 -0.06923638719776104 0.054674796896751358 -0.02736786690310572 0.044695507684992135 -0.02540832904925688 0.042113804515349663 0.040833948095260218 0.053840487811317665 0.0010290393647301077 0.055644637728261163 -0.0024499629426200016 -0.052295473349051769 0.017596363472331716 0.053727209485804873 0.052733888682937741 0.052633336342754217 0.052595323296264589 0.0533117433961314 -0.050584763934581368 0.052731864087335246 0.052491350904410289 0.052866342802981858 0.052550073510390184 -0.050104067204287173 0.052451684838086057 0.052628964011790395 0.052594510947828757 -0.05029960843235709 0.05251071974155435
leaf_weight=41.726782037643716 3.1934650503098947 1.5507936906069506 1.7659111358225312 3.1395376697182638 2.4921216554939747 2.7685917355120182 3.0177298150956631 2.6040369793772697 1.8127792030572916 2.3905869871377954 1.4712618775665758 1.6560066007077692 0.070081224665044517 0.45662584085948776 1.7700769454240801 1.4206096827983881 1.0386193208396437 1.4975925870239759 1.6373966708779333 0.057088593952357769 1.319702357053756 1.4011905007064349 1.0659535527229307 1.1051323376595972 0.59543002850841731 0.93485216423869033 0.94423458352684964 0.887077186256647 0.092843599151819944 12.829810332506893
leaf_count=23569 24 18 25 19 24 20 30 24 33 17 20 19 3 18 30 29 22 32 29 5 27 31 21 24 308 21 20 19 37 282
internal_value=-0.00236662 0.0339127 0.036866 0.0413326 0.0127161 -0.000651246 0.0168352 0.00355365 0.0471414 0.0343187 0.0433952 0.0270298 -0.049375 -0.0259587 0.0538707 0.0526893 0.0531972 0.0526022 0.0527949 -0.0503483 0.0525337 0.052613 0.0527514 0.052649 -0.0501652 0.0525154 0.0525599 0.0525313 -0.0501304 0.0525067
internal_weight=98.7139 55.7151 54.1643 45.7101 8.45418 5.96206 8.7613 5.74357 36.9488 11.1584 8.76783 3.42192 42.9989 1.27207 5.34591 25.7904 3.87465 23.9776 6.29051 0.815443 17.6871 4.65311 2.10457 2.42483 0.745362 15.2623 3.2325 2.28827 0.688274 13.7647
internal_count=24800 860 842 774 68 44 73 43 701 154 137 44 23940 371 93 547 73 514 128 353 386 99 43 51 350 335 70 50 345 303
is_linear=0
shrinkage=0.05


Tree=59
num_leaves=31
num_cat=0
split_feature=4 18 4 7 2 5 4 4 17 17 7 1 7 7 1 4 4 4 2 4 4 15 11 4 2 11 15 4 5 5
split_gain=63.6147 5.97805 2.05943 2.72047 2.60682 2.88163 2.01405 2.29925 1.71873 2.19626 1.49013 1.13206 1.25415 1.12874 0.223587 0.0253105 0.00555781 0.00118208 0.000965113 0.000893918 0.000487627 0.000459783 0.000422574 0.000383895 0.000333882 0.000259576 0.000134687 0.000110729 9.19696e-05 0.000123229
threshold=0.46813506261180676 inf 0.14328485885372114 49706872.000000007 54.500000000000007 269.50000000000006 0.99628718642629199 0.71432308209708173 2.4121500000000004e-14 0.99999500000000008 144217411.00000003 66.500000000000014 53784244.000000007 49063947.000000007 88.500000000000014 0.51056338028169035 0.40010890280424721 0.40010890280424721 34.500000000000007 0.73319015934998921 0.38080925261899745 0.77550000000000019 0.014754097082205103 0.36050541516245488 75.500000000000014 0.00094209315536445011 0.82250000000000012 0.36050541516245488 129.50000000000003 96.500000000000014
decision_type=2 8 2 10 2 8 2 2 8 8 10 2 10 10 2 2 2 2 2 2 2 10 10 2 2 10 10 2 10 10
left_child=2 6 -1 4 17 -6 7 8 -2 10 14 12 -8 20 15 -10 21 23 -17 -9 25 27 -20 -4 26 -7 -23 -5 29 -21
right_child=1 -3 3 16 5 13 11 19 9 -11 -12 -13 -14 -15 -16 18 -18 -19 22 28 -22 24 -24 -25 -26 -27 -28 -29 -30 -31
leaf_value=-0.050084494370590205 -0.0072616870959188746 -0.070960542787798078 -0.050136182621394534 -0.050287050556395679 0.136742502549242 -0.053912314316179426 0.029286326548908906 0.053553644355639508 0.059552478643619788 -0.0037624688075767738 -0.0026958687399445411 0.042655283861280265 -0.017180096961062929 0.081463454373471245 0.034998663277428808 0.054852391518531989 -0.05708761857555366 -0.056415766289695295 0.05385355261260738 0.052485538088033169 -0.054951081659396175 -0.052778641317623824 0.052763631248563564 -0.053672079652795884 -0.054058091873862263 -0.05031196404579296 -0.050446866434367035 -0.052064962641177694 0.052400840200688872 0.052989574654354325
leaf_weight=39.695096817333251 2.7963460348546532 1.2855225354433049 0.13324365299194996 0.37798829947132595 0.71225138776935604 0.079794970573857538 2.6509379372000677 2.0417410694062736 3.0574990212917275 2.810497649013997 1.3888766393065459 2.7626853846013546 3.2112242020666599 0.23705589771270752 1.5079130791127671 1.5287211947143076 0.9739654529839753 0.34372791647911072 1.9310407228767874 4.2230687029659775 0.23526554554700851 0.11443345993757248 1.6484928168356416 0.18109260872006416 0.26824855373706669 0.13435816753190011 0.13497221225406975 0.11398354265838861 16.629219368100166 1.7010887488722799
leaf_count=23569 30 7 65 159 32 5 21 39 27 19 16 29 23 1 16 22 12 4 31 94 3 7 35 3 17 48 48 4 381 33
internal_value=-0.00234338 0.0354992 -0.046623 -0.0126148 0.0276766 0.0662864 0.0382424 0.0428353 0.0284989 0.0357071 0.0457345 0.0162681 0.00383256 -0.0068152 0.0526878 0.0559544 -0.054393 -0.0543893 0.0538007 0.0525518 -0.0533797 -0.0517935 0.0533516 -0.0521733 -0.0528337 -0.0516535 -0.0515167 -0.050699 0.0524611 0.0526303
internal_weight=94.9104 51.1749 43.7355 4.04038 2.05679 1.39873 49.8894 41.2645 16.6694 13.873 11.0625 8.62485 5.86216 0.686475 9.67367 8.16575 1.98359 0.658064 5.10825 24.5951 0.449419 1.00963 3.57953 0.314336 0.517654 0.214153 0.249406 0.491972 22.5534 5.92416
internal_count=24800 823 23977 408 161 89 816 743 196 166 147 73 44 57 131 115 247 72 88 547 56 235 66 68 72 53 55 163 508 127
is_linear=0
shrinkage=0.05


Tree=60
num_leaves=31
num_cat=0
split_feature=4 18 4 4 6 7 11 4 17 6 1 4 14 13 11 2 4 4 5 5 13 17 11 12 13 5 11 14 17 14
split_gain=60.093 5.93484 2.30784 2.57849 1.45673 1.15215 2.50974 1.09206 1.26064 0.628223 0.985445 0.278668 0.512749 0.588581 0.000888956 0.000772599 0.000589902 0.00017379 9.26593e-05 0.000173072 6.64832e-05 1.09697e-05 8.76722e-06 8.11383e-06 5.82197e-06 3.09664e-06 2.51621e-06 1.86458e-06 1.70077e-06 8.68403e-07
threshold=0.36050541516245488 inf 0.51056338028169035 0.99628718642629199 3.190330000000001e-05 68842854.500000015 0.010917785348196552 0.71432308209708173 0.99999500000000008 5.2655850000000008e-05 53.500000000000007 0.14328485885372114 0.029500000000000002 0.080742500000000009 0.0035543972361845003 25.500000000000004 0.14650062145672924 0.62284482758620696 120.50000000000001 96.500000000000014 0.41979000000000005 0.99998500000000012 0.00044875724605205003 0.33383349690081193 0.037225000000000001 160.50000000000003 0.043187722043146505 0.39050000000000007 0.99947500000000011 0.5415000000000002
decision_type=2 8 2 2 10 10 10 2 8 8 2 2 8 10 10 2 2 2 10 10 10 10 10 10 10 10 10 10 10 10
left_child=11 2 4 7 -2 6 -5 8 9 14 -11 -1 13 26 -4 -9 -14 -16 19 22 -19 25 -17 -18 -23 -20 -13 28 -24 -27
right_child=1 -3 3 5 -6 -7 -8 15 -10 10 -12 12 16 -15 17 18 23 20 21 -21 -22 24 27 -25 -26 29 -28 -29 -30 -31
leaf_value=-0.0500803653858534 -0.0083860809890732319 -0.067014065215394547 0.054445238264377027 -0.037292303864899963 0.033760713921461745 0.041190608606955059 0.030557497118576443 0.053463898180973558 0.0011639438770747836 -0.0011616500929609757 0.054193544561182083 -0.050167575639300327 -0.053550210712495674 0.065734026834760387 0.053559777070906783 0.052460779175882238 -0.050759948051051301 0.053089172815312925 0.052354433481943019 0.052978738491737933 0.052538047111615686 0.052280467256250074 0.0522429304596609 -0.050103715234455649 0.052448057468906698 0.052251457675929452 -0.050549247205832884 0.052366495089795365 0.052335726130001786 0.0522822816305391
leaf_weight=37.762177159776911 4.3827298581600171 1.4504447272047389 1.7005432993173553 2.3285394385457021 3.852118443697691 2.9091266244649887 3.2866329364478588 1.6528976224362875 2.3944408148527154 1.6886776611208927 1.5346756838262079 0.12244556087534753 0.16477244161069404 0.25881877820938826 1.0712255947291853 1.2919874936342264 0.051686850376427174 0.98829980194568667 0.89933453500271099 1.4907745160162447 1.2260508611798284 0.83264725282788221 1.2734945118427283 0.5311477038776502 1.3723050765693185 10.013229820877312 0.066708205151371658 0.85846875980496395 0.80647063255310047 2.9605890549719325
leaf_count=23569 34 18 25 14 34 30 29 33 17 21 25 60 4 3 19 29 4 20 21 29 27 20 31 288 31 243 12 20 19 71
internal_value=-0.00232334 0.0327129 0.0355594 0.0402454 0.0113295 0.0156521 0.00242106 0.0464011 0.0330857 0.0423963 0.0251936 -0.0493279 -0.0255619 0.0167384 0.0535173 0.0524217 -0.0509087 0.0530369 0.0523427 0.0525155 0.052784 0.0522812 0.0523522 -0.0501619 0.0523848 0.0522647 -0.0503022 0.0523045 0.0522789 0.0522585
internal_weight=91.2235 52.2657 50.8153 42.5804 8.23485 8.5243 5.61517 34.0561 10.6039 8.20947 3.22335 38.9578 1.19558 0.447973 4.98612 23.4522 0.747607 3.28558 21.7993 5.7212 2.21435 16.0781 4.23042 0.582835 2.20495 13.8732 0.189154 2.93843 2.07997 12.9738
internal_count=24800 860 842 774 68 73 43 701 154 137 46 23940 371 75 91 547 296 66 514 128 47 386 99 292 51 335 72 70 50 314
is_linear=0
shrinkage=0.05


Tree=61
num_leaves=31
num_cat=0
split_feature=4 18 4 4 7 1 5 2 4 5 5 6 4 14 12 17 1 4 4 5 5 17 12 11 11 6 14 11 14 17
split_gain=56.7378 5.54344 2.29711 2.54751 1.32936 1.23472 1.16664 1.84656 1.12011 1.24076 2.62873 0.919653 0.272376 0.488218 0.554388 0.00515829 0.000799733 0.000666777 0.000506801 6.74e-05 9.93241e-05 7.28402e-06 6.97844e-06 6.73688e-06 3.69963e-06 2.14643e-06 1.75433e-06 1.8006e-06 1.10046e-06 1.59815e-06
threshold=0.36050541516245488 inf 0.51056338028169035 0.99628718642629199 37250945.500000007 61.500000000000007 5998.5000000000009 67.500000000000014 0.71432308209708173 1448.5000000000002 492.50000000000006 5.2655850000000008e-05 0.14328485885372114 0.029500000000000002 0.32045752213721845 0.99381000000000008 40.500000000000007 0.73319015934998921 0.14650062145672924 123.50000000000001 96.500000000000014 0.99998500000000012 0.33383349690081193 0.00044875724605205003 0.0079859630062239523 1.0435950000000001e-05 0.52750000000000019 0.0099618445559203506 0.31750000000000006 0.99920500000000012
decision_type=2 8 2 2 8 2 10 2 2 10 10 10 2 8 8 8 2 2 2 10 10 10 10 10 10 10 10 10 10 10
left_child=12 2 4 8 -2 -6 7 -5 9 10 11 -4 -1 14 -14 16 -11 -10 -15 20 23 26 -20 -19 -23 -16 -21 -28 29 -25
right_child=1 -3 3 6 5 -7 -8 -9 17 15 -12 -13 13 18 25 -17 -18 19 22 21 -22 24 -24 28 -26 -27 27 -29 -30 -31
leaf_value=-0.050076444249049161 0.039781236797810385 -0.066063708494855183 0.056210201106943927 0.049455800647641185 0.018101038835274287 -0.02924641905910836 -0.014950266017973113 -0.0067619041112135132 0.053204786782755253 0.054306310261619764 -0.039156055510200898 0.012608153732755284 0.064012457272572515 -0.053369913066320065 -0.050437525539398669 0.057461955515287794 0.052625766207707439 0.052339534348205645 -0.050722439244498208 0.052138457699118207 0.052727087302249467 0.052313345696296192 -0.050098651144637824 0.052124604947322406 0.052178781208345675 -0.050092136324610771 0.052237187945481968 0.052157101419804099 0.052235811451641537 0.05222271539394871
leaf_weight=35.923237890470773 2.6681846231222126 1.3990483991801728 2.681607920676468 3.6059196405112726 3.0686173103749761 2.4976868666708469 2.3292750418186188 2.4552617892622948 1.8605157323181654 1.2995247989892966 1.4985652454197405 2.2027253285050392 0.25420228764414665 0.15725251194089662 0.10097238328307867 1.0696073137223718 1.5550335459411142 1.1487221382558375 0.049201494082808495 9.7465843558311445 1.4241824075579641 1.0946072563529008 0.50529310083948076 0.8991309814155104 0.95766835287213314 0.081119913375005126 0.982898630201816 2.454440463334322 1.0199019648134706 0.77100170403718948
leaf_count=23569 25 18 38 34 23 20 19 20 39 22 19 28 3 4 25 12 35 27 4 248 30 26 288 23 24 47 24 62 25 19
internal_value=-0.0022994 0.0320807 0.0348664 0.0397003 0.0107645 -0.0031445 0.0151253 0.0266831 0.0460124 0.0323756 0.0187733 0.0365467 -0.0493103 -0.025336 0.0163097 0.0545005 0.0533908 0.0522985 -0.0508645 0.0522162 0.0523705 0.0521629 -0.050154 0.0522382 0.0522506 -0.0502837 0.0521493 0.05218 0.0521949 0.0521699
internal_weight=87.762 50.6907 49.2917 41.0572 8.23449 5.5663 8.39046 6.06118 32.6667 10.3071 6.3829 4.88433 37.0713 1.14804 0.436295 3.92417 2.85456 22.3597 0.711747 20.4991 5.26294 15.2362 0.554495 3.83876 2.05228 0.182092 13.1839 3.43734 2.69003 1.67013
internal_count=24800 860 842 774 68 43 73 54 701 154 85 66 23940 371 75 69 57 547 296 508 124 384 292 94 50 72 334 86 67 42
is_linear=0
shrinkage=0.05


Tree=62
num_leaves=31
num_cat=0
split_feature=4 18 4 4 4 7 2 5 11 2 7 7 18 11 7 1 4 4 17 4 2 4 15 4 4 2 4 15 4 5
split_gain=53.6033 4.90368 1.93983 2.38896 1.93765 2.40463 2.32502 2.40629 1.80628 1.71434 1.32217 3.29977 1.13515 2.45698 0.94353 0.209932 0.0175625 0.00507089 0.00191822 0.00118066 0.000577061 0.000412035 0.000349032 0.000346616 0.000305401 0.000229778 0.000202503 0.000113462 8.40613e-05 6.78852e-05
threshold=0.46813506261180676 inf 0.99628718642629199 0.71432308209708173 0.14328485885372114 49706872.000000007 54.500000000000007 269.50000000000006 0.0041207524358655009 27.500000000000004 44333128.500000007 101351684.00000001 2.0000000000000004 0.0084122604638494514 47408374.000000007 84.500000000000014 0.51056338028169035 0.40010890280424721 0.9513950000000001 0.40010890280424721 25.500000000000004 0.38080925261899745 0.77550000000000019 0.36050541516245488 0.36050541516245488 75.500000000000014 0.63550352129022059 0.82250000000000012 0.36050541516245488 120.50000000000001
decision_type=2 8 2 2 2 10 2 8 10 2 10 10 10 10 10 2 2 2 8 2 2 2 10 2 2 2 2 10 2 10
left_child=4 2 3 8 -1 6 19 -8 10 -10 -2 -12 13 -4 21 16 -11 22 26 23 -5 24 28 -6 -9 27 -18 -24 -7 -22
right_child=1 -3 12 20 5 17 7 14 9 15 11 -13 -14 -15 -16 -17 18 -19 -20 -21 29 -23 25 -25 -26 -27 -28 -29 -30 -31
leaf_value=-0.050072710210469412 0.036291050760143641 -0.067370092141659052 -0.0063258908807085623 0.053125305640774667 -0.050117174918986422 -0.050268423384396126 0.12177137881260043 -0.050256718013139245 -0.0011228447996665166 0.059019484678429372 -0.058233536763779917 0.033088305574412273 -0.0145374625949766 0.058150281657706852 0.072206477469087857 0.033900774721899743 0.053152802569719965 -0.0569389904189746 0.05520557172969618 -0.056579713953341396 0.052265182647744358 -0.054990395878315272 -0.052640206428421293 -0.053634711670335879 -0.054370040774023326 -0.053687113628118316 0.052329128206142488 -0.050377657602745866 -0.051904562717929495 0.052054825976096654
leaf_weight=34.173724313499406 2.2223491780459872 1.1681716218590725 2.9200765639543516 1.5060365647077585 0.11471867328509677 0.33134942664764799 0.74863392580300536 0.11585681547876459 1.9861909262835959 2.0078575424849987 1.9497230164706709 2.0078431069850922 2.3897627703845501 2.9909896478056908 0.22955911979079247 1.4306354895234106 1.2971441857516768 0.93124565295875072 0.99627091735601414 0.34328225068747997 5.2007000148296383 0.23525391146540642 0.10651767009403557 0.17980040982365608 0.073915548622608185 0.24360017967410386 1.7568953484296796 0.11548706889152527 0.10287929605692625 14.608783982694147
leaf_count=23569 26 7 24 33 65 159 32 51 16 18 17 23 19 30 2 14 26 12 14 4 128 3 7 3 1 17 42 48 4 386
internal_value=-0.00227319 0.0337752 0.0363851 0.0412894 -0.0462745 -0.0127527 0.0245681 0.0605463 0.0264584 0.0401748 0.00542859 -0.011902 0.0145424 0.0262989 -0.00947535 0.0511278 0.0551959 -0.0543525 0.0533004 -0.0545871 0.0521818 -0.0535922 -0.0516758 -0.0522646 -0.0518588 -0.0526267 0.052679 -0.0514632 -0.0506561 0.0521101
internal_weight=84.4853 46.4394 45.2713 36.9704 38.0458 3.8721 2.04102 1.40322 15.6549 9.47499 6.17992 3.95757 8.30083 5.91107 0.654585 7.4888 6.05817 1.83108 4.05031 0.637801 21.3155 0.425026 0.899834 0.294519 0.189772 0.465605 3.05404 0.222005 0.434229 19.8095
internal_count=24800 823 816 743 23977 408 161 89 196 130 66 40 73 54 57 114 100 247 82 72 547 55 235 68 52 72 68 55 163 514
is_linear=0
shrinkage=0.05


Tree=63
num_leaves=31
num_cat=0
split_feature=4 18 4 4 6 4 17 5 2 11 7 4 4 2 2 4 5 5 6 11 17 11 13 11 14 17 4 7 4 18
split_gain=50.6355 4.84832 2.1917 2.51255 1.31601 1.1724 1.26017 1.11989 1.74896 0.667124 1.15168 0.254507 0.447008 0.00199698 0.000497873 0.000205169 5.81837e-05 0.000109052 1.25209e-05 9.18834e-06 6.90836e-06 5.50223e-06 3.67253e-06 1.9455e-06 1.17034e-06 1.07218e-06 1.00847e-06 9.0501e-07 6.60091e-07 4.59089e-07
threshold=0.36050541516245488 inf 0.51056338028169035 0.99628718642629199 3.190330000000001e-05 0.71432308209708173 0.99999500000000008 5913.0000000000009 67.500000000000014 0.0042186910597995517 75908661.000000015 0.14328485885372114 0.14650062145672924 34.500000000000007 25.500000000000004 0.64350460219812455 120.50000000000001 96.500000000000014 3.190330000000001e-05 0.99725696730305036 0.99998500000000012 0.00044875724605205003 0.037225000000000001 0.0022825307369929502 0.37050000000000005 0.99947500000000011 0.29849904580353842 151461191.00000003 0.73590618877067915 1.0000000180025095e-35
decision_type=2 8 2 2 10 2 8 8 2 10 8 2 2 2 2 2 10 10 10 10 10 10 10 10 8 10 2 10 2 10
left_child=11 2 4 5 -2 6 9 8 -5 10 -4 -1 -13 -11 -7 -15 17 21 -17 26 23 -16 -22 -18 25 -23 -14 -28 -25 -30
right_child=1 -3 3 7 -6 14 -8 -9 -10 13 -12 12 19 15 16 18 20 -19 -20 -21 22 24 -24 28 -26 -27 27 -29 29 -31
leaf_value=-0.050069157553973113 -0.0090386315699772183 -0.064259525525479769 0.053851059318881456 0.048426743136978791 0.031500610657151533 0.052968525408256285 -0.0012685856840819489 -0.015577770326438242 -0.0068406943240264658 0.054949670733412725 -0.0078942110808201526 0.016743404961624481 -0.050095349889801258 0.053038581032277821 0.052103097817170541 0.052095717205359431 0.051997558423051371 0.052544661969035657 0.052364504796008828 -0.050796073985591675 0.051949901261983067 0.051917578194712315 0.052092919874421717 0.051884158705087141 0.05202285078666178 0.051996757246229479 -0.050150643187106297 -0.050453898210330889 0.051927276430357411 0.051952251864656053
leaf_weight=32.50930123636499 4.3003496266901475 1.3023938182741392 1.5034696646034729 3.457395646721122 3.7455978095531464 1.4367194771766687 2.3103506267070779 2.3014100193977365 2.4429045021533966 1.2641012743115423 1.517419312149286 0.39756022952496894 0.51014040480367839 1.4606351740658285 1.119344439357522 0.84021884575486161 1.1792724058032007 1.2940164990723131 0.89456280320882797 0.055503158364444971 0.72101887688040811 1.10245106369257 1.1892118528485296 0.73423686251044173 0.74348789453506459 0.69840194284915913 0.064732125960290432 0.039685393334366381 7.6800700984895212 2.4196667149662971
leaf_count=23569 34 18 25 34 34 33 17 19 20 20 19 9 313 30 29 22 32 29 21 4 20 31 31 21 20 19 34 11 215 67
internal_value=-0.0022503 0.0308837 0.0335568 0.0385391 0.00983344 0.0452222 0.0310089 0.0140054 0.0255443 0.0409779 0.0228359 -0.0492803 -0.0252591 0.0532674 0.0520713 0.052602 0.052003 0.0521501 0.0522343 -0.05018 0.0519506 0.0520107 0.0520389 0.0519366 0.0519701 0.0519483 -0.0501243 -0.0502659 0.0519299 0.0519333
internal_weight=81.2356 47.6587 46.3563 38.3104 8.04595 30.1087 9.79076 8.20171 5.9003 7.48041 3.02089 33.5769 1.06762 4.45952 20.3179 3.19542 18.8812 4.9577 1.73478 0.670061 13.9235 3.66369 1.91023 12.0132 2.54434 1.80085 0.614558 0.104418 10.834 10.0997
internal_count=24800 860 842 774 68 701 154 73 54 137 44 23940 371 93 547 73 514 128 43 362 386 99 51 335 70 50 358 45 303 282
is_linear=0
shrinkage=0.05


Tree=64
num_leaves=31
num_cat=0
split_feature=4 18 4 4 1 4 5 5 7 11 6 4 14 13 17 2 4 12 5 5 11 17 11 11 11 14 11 4 4 2
split_gain=47.7776 4.52619 2.16314 2.49351 1.23055 1.19839 1.24689 2.54283 1.065 1.82734 0.93526 0.256939 0.441387 0.478833 0.0043552 0.000657936 0.000429649 0.000390617 4.23999e-05 6.26292e-05 8.43645e-06 4.60384e-06 4.24037e-06 2.33957e-06 2.0003e-06 1.10945e-06 1.13613e-06 7.99149e-07 6.87504e-07 6.00107e-07
threshold=0.36050541516245488 inf 0.51056338028169035 0.99628718642629199 61.500000000000007 0.71432308209708173 1448.5000000000002 492.50000000000006 68842854.500000015 0.011164956162572003 5.2655850000000008e-05 0.14328485885372114 0.029500000000000002 0.080742500000000009 0.99381000000000008 45.500000000000007 0.73319015934998921 0.24192039835948959 123.50000000000001 96.500000000000014 0.59975349465766403 0.99998500000000012 0.00044875724605205003 0.0079859630062239523 0.054723516157602757 0.52750000000000019 0.0099618445559203506 0.15721869557890003 0.82634461216192856 52.500000000000007
decision_type=2 8 2 2 2 2 10 10 10 10 10 2 8 10 8 2 2 10 10 10 10 10 10 10 10 10 10 2 2 2
left_child=11 2 4 5 -2 6 7 10 9 -5 -4 -1 13 24 15 -8 -7 -14 19 22 -19 25 -18 -23 27 -20 -27 -13 -24 -28
right_child=1 -3 3 8 -6 16 14 -9 -10 -11 -12 12 17 -15 -16 -17 18 20 21 -21 -22 23 28 -25 -26 26 29 -29 -30 -31
leaf_value=-0.050065778266732912 0.028096284522625199 -0.063479132347980846 0.055756647725324973 -0.031386116474543625 -0.011042526475899553 0.052746795421392517 0.053885234131176907 -0.040569315445585175 0.03915374337108099 0.026951814086626648 0.010334009402655464 -0.050358024940303996 -0.053181006170087843 0.060786539822658886 0.056921911314964727 0.052257899237147368 0.052000301606449334 -0.050096592147647327 0.051829075990291476 0.052330881990661528 -0.050814952200147562 0.051978489483204784 0.051842453574208559 0.051863496723416808 -0.050563558530252843 0.05191339542103636 0.05187589671246523 -0.050079712634258748 0.051898359619538863 0.051822153778381591
leaf_weight=30.925836507231001 4.1910165101289731 1.2537186834961165 2.4781016968190688 2.4409538432955724 3.8560615479946136 1.6169077977538133 1.1354173645377166 1.4728363044559953 2.6944521144032478 2.9824050813913345 2.0882096849381924 0.038034186931325764 0.13660095399245631 0.24121158290654421 0.98296108841896046 1.3712102957069872 0.99496226012707056 0.45134779927320778 8.4361883085220999 1.2351595163345335 0.04494052124209702 0.94822068139910765 0.89031596481800113 0.82904337346553802 0.04420179792214185 0.85115922242403153 0.90439439564943347 0.080141143756918609 1.4383193776011465 1.2202852405607698
leaf_count=23569 35 18 38 15 33 39 22 19 30 28 28 11 4 3 12 35 27 288 248 30 4 26 26 24 7 24 26 54 41 36
internal_value=-0.00222313 0.0302289 0.0328363 0.0379446 0.00934144 0.0448236 0.0303072 0.0165583 0.0134602 0.000694987 0.0349845 -0.0492451 -0.0247575 0.0161021 0.0541012 0.052995 0.0519665 -0.0508133 0.0518954 0.0520269 -0.0501616 0.05185 0.0519139 0.0519248 -0.0502766 0.0518383 0.0518646 -0.0501693 0.051877 0.051845
internal_weight=78.2746 46.3123 45.0586 37.0115 8.04708 28.8937 9.52874 6.03915 8.11781 5.42336 4.56631 31.9623 1.03648 0.403589 3.48959 2.50663 19.365 0.632889 17.748 4.55876 0.496288 13.1893 3.3236 1.77726 0.162377 11.412 2.97584 0.118175 2.32864 2.12468
internal_count=24800 860 842 774 68 701 154 85 73 43 66 23940 371 75 69 57 547 296 508 124 292 384 94 50 72 334 86 65 67 62
is_linear=0
shrinkage=0.05


Tree=65
num_leaves=31
num_cat=0
split_feature=4 18 4 4 4 17 2 1 1 13 11 6 4 13 13 2 2 12 11 5 5 4 11 17 11 11 11 13 11 4
split_gain=45.1116 4.22909 2.12169 2.45328 1.22629 1.23744 1.21919 1.07009 0.969611 0.775947 0.685486 1.41766 0.250524 0.420501 0.567624 0.001546 0.000371483 0.000328075 0.000185574 4.26968e-05 8.00012e-05 2.97829e-05 6.52608e-06 5.06913e-06 4.02979e-06 2.69964e-06 2.05596e-06 1.7007e-06 1.42293e-06 8.70735e-07
threshold=0.36050541516245488 inf 0.51056338028169035 0.99628718642629199 0.71432308209708173 0.99999500000000008 69.500000000000014 66.500000000000014 61.500000000000007 0.50821000000000016 0.0042186910597995517 4.0500000000000009e-05 0.14328485885372114 0.082043000000000019 0.080742500000000009 34.500000000000007 25.500000000000004 0.24192039835948959 0.01730597239174415 120.50000000000001 96.500000000000014 0.64350460219812455 0.59975349465766403 0.99998500000000012 0.00044875724605205003 0.0079859630062239523 0.086344623382687571 0.099131500000000025 0.0022825307369929502 0.15184372372080812
decision_type=2 8 2 2 2 8 2 2 2 10 10 8 2 8 10 2 2 10 10 10 10 2 10 10 10 10 10 8 10 2
left_child=12 2 6 4 5 10 8 9 -2 -5 11 -4 -1 14 26 -12 -6 -15 -17 20 24 -20 27 28 -18 -25 29 -19 -21 -14
right_child=1 -3 3 7 16 -7 -8 -9 -10 -11 15 -13 13 17 -16 18 19 22 21 23 -22 -23 -24 25 -26 -27 -28 -29 -30 -31
leaf_value=-0.050062566637642684 0.015802047786362735 -0.062745498093523019 0.053521890516609993 0.020583279146070471 0.052679535115156634 -0.0025071247324511825 0.03908636710472245 0.040344059142775335 -0.025683715171389312 -0.016928324016066344 0.054551768128832716 -0.016855623326529751 -0.050372428193273748 -0.05301991373710651 0.070517083902965724 0.052953499612751788 0.051895139255352288 -0.050376802792058334 0.052346891040442628 0.051800316138634409 0.052291896295884113 0.05195080374669675 -0.050774756620076113 0.051894625892436021 0.051775686152128714 0.051769384781690325 -0.050550230792012943 -0.050087461841982719 0.051739625708807635 -0.050076112279013076
leaf_weight=29.419406502507631 2.9976776391267759 1.2061637630686153 1.5605236962437641 2.6097255125641805 1.3078047949820781 2.2690641060471544 2.361405935138464 2.4708367250859737 2.6566619016230106 2.9223745763301849 1.175326883792877 1.321524880826473 0.032466444303280606 0.13032367499545217 0.2144144281046465 1.0217974409461024 1.0167277418077021 0.05886167474091053 0.83120386861264695 1.07092719338834 1.1764309499412773 1.1062229536473749 0.042781735537573695 0.94491760805249281 2.3104859851300716 0.79003256559371948 0.040839105960913002 0.37018773576710373 9.8375514354556781 0.10488620772957802
leaf_count=23569 24 18 28 26 33 17 24 29 20 18 20 16 8 4 3 21 29 22 21 32 29 31 4 27 70 24 6 250 303 74
internal_value=-0.00219665 0.029615 0.0321608 0.0373745 0.0444103 0.0295899 0.00891187 0.0129864 -0.00368982 0.000767485 0.0399697 0.0212512 -0.0492281 -0.0245499 0.0157098 0.0530176 0.0518673 -0.0507992 0.0524083 0.0518053 0.0519375 0.0521207 -0.0501859 0.0517582 0.0518122 0.0518376 -0.0502388 -0.0501272 0.0517456 -0.0501462
internal_weight=75.3796 44.9654 43.7592 35.7435 27.7405 9.28566 8.01575 8.00294 5.65434 5.5321 7.0166 2.88205 30.4142 0.994761 0.392606 4.13455 18.4549 0.602155 2.95922 17.1471 4.50364 1.93743 0.471831 12.6434 3.32721 1.73495 0.178192 0.429049 10.9085 0.137353
internal_count=24800 860 842 774 701 154 68 73 44 44 137 44 23940 371 91 93 547 280 73 514 128 52 276 386 99 51 88 272 335 82
is_linear=0
shrinkage=0.05


Tree=66
num_leaves=31
num_cat=1
split_feature=4 18 17 17 17 7 4 7 2 5 4 2 5 7 17 14 0 15 4 4 4 4 4 4 4 4 4 4 4 4
split_gain=42.6177 3.77091 1.87882 4.63552 2.9614 1.91331 1.80267 2.19599 2.03303 2.03821 1.70336 1.23975 0.834302 0.811712 0.713511 2.21294 1.75911 3.01335 0.380704 0.0444766 0.0409899 0.021048 0.00503638 0.00493061 0.0049123 0.00475116 0.0046675 0.00235622 0.00332739 0.000877886
threshold=0.46813506261180676 inf 6.3598000000000021e-14 6.0299500000000012e-26 3.1047500000000005e-24 1982864.0000000002 0.14328485885372114 49706872.000000007 54.500000000000007 269.50000000000006 0.71432308209708173 21.500000000000004 11471.000000000002 47408374.000000007 0.0036026500000000002 0.082500000000000018 0 0.5415000000000002 0.84752043057434057 0.57641196013289042 0.99628718642629199 0.57641196013289042 0.99628718642629199 0.73590618877067915 0.40010890280424721 0.89059663604125217 0.6658887592376509 0.99628718642629199 0.7219242814777862 0.40010890280424721
decision_type=2 8 8 8 10 10 2 10 2 8 2 2 10 10 10 8 9 10 2 2 2 2 2 2 2 2 2 2 2 2
left_child=6 2 3 20 -5 -4 -1 8 29 -10 -6 -7 25 -11 21 19 -17 -18 -19 -16 23 -13 26 -2 -9 -12 -23 28 -21 -8
right_child=1 -3 5 4 10 11 7 24 9 13 12 14 -14 -15 15 16 17 18 -20 27 -22 22 -24 -25 -26 -27 -28 -29 -30 -31
leaf_value=-0.050059515592781378 0.056202154393317362 -0.063668040233054377 -0.021863472996062176 -0.068785948280773654 -0.032344591697327542 -0.0057807959619162125 -0.052373511241935601 -0.051686368233536152 0.11006187868623059 -0.05374218789736205 0.051742801828437303 0.058558525003829243 -0.010232057880419271 0.067286991847706062 0.064035410363632736 0.052657315591914812 -0.044119495965820155 0.054414839695795081 0.014106989298746576 0.054121604520352057 0.064672695748968764 0.054784394603184697 0.055541178815745496 0.051756364065522413 -0.057077471607416976 0.057042138466527774 0.051865543214770084 0.055085666180231335 0.051714590904966419 -0.056234627423302964
leaf_weight=27.986268688924614 1.0607553217560028 1.0150272250175465 1.2015689164400125 1.7249709144234664 1.4964042827486994 1.2711615040898347 0.27004105015657787 0.79337078332900979 0.7735419420059767 0.40163710212800663 1.02711065299809 1.9777797870337988 0.7138938084244727 0.21148166432976723 0.96442514657973966 2.2204681374132633 2.1793149635195741 1.3680198080837729 1.0244984552264211 1.9795059747993926 1.2338144630193713 1.709937194362279 1.5521733611822135 1.5134754311293361 0.90400750655680895 0.71906394883990277 6.8817572128027678 0.90259237587451924 5.227088550105691 0.32366213575005531
leaf_count=23569 16 7 16 12 19 15 68 235 32 55 32 21 14 2 7 56 32 29 11 34 8 28 20 47 12 14 209 12 164 4
internal_value=-0.00217019 0.0315033 0.0339214 0.0144946 -0.0141155 0.0399735 -0.0457347 -0.0128248 0.0229446 0.0560935 0.00972011 0.042513 0.0353071 -0.0119959 0.0447064 0.0377284 0.0161457 -0.00158735 0.0371546 0.0538846 0.0571797 0.05384 0.05292 0.0535883 -0.0545576 0.053925 0.0524465 0.0526774 0.0523757 -0.0544784
internal_weight=72.6288 40.9648 39.9498 9.48949 5.68144 30.4603 31.664 3.67774 1.98036 1.38666 3.95647 29.2587 2.46007 0.613119 27.9876 15.8659 6.7923 4.57183 2.39252 9.07361 3.80805 12.1216 10.1439 2.57423 1.69738 1.74617 8.59169 8.10919 7.20659 0.593703
internal_count=24800 823 816 162 91 654 23977 408 161 89 79 638 60 57 623 345 128 72 40 217 71 278 257 63 247 46 237 210 198 72
cat_boundaries=0 1
cat_threshold=2
is_linear=0
shrinkage=0.05


Tree=67
num_leaves=31
num_cat=0
split_feature=4 18 4 4 10 11 4 5 5 6 6 4 14 11 17 2 2 12 5 5 11 11 11 13 6 13 15 6 14 17
split_gain=40.2851 3.7052 2.016 2.41438 1.58155 2.64049 1.27613 1.25984 2.30731 1.1925 0.923962 0.230881 0.381468 0.405229 0.00393311 0.000535524 0.000292931 0.000249159 3.00859e-05 5.6469e-05 5.26826e-06 3.66306e-06 3.22472e-06 3.11303e-06 1.17793e-06 9.63168e-07 5.83839e-07 1.09083e-06 1.04913e-06 1.0426e-06
threshold=0.36050541516245488 inf 0.51056338028169035 0.99628718642629199 507.50000000000006 0.018698998018438152 0.71432308209708173 1448.5000000000002 492.50000000000006 3.190330000000001e-05 5.2655850000000008e-05 0.14328485885372114 0.029500000000000002 0.19849856688470727 0.9969300000000002 45.500000000000007 25.500000000000004 0.24192039835948959 120.50000000000001 96.500000000000014 0.59975349465766403 0.00044875724605205003 0.0031115034170180003 0.14270500000000005 1.0435950000000001e-05 0.57413500000000017 0.44250000000000006 9.5000000000000022e-06 0.038500000000000006 4.6796000000000005e-15
decision_type=2 8 2 2 10 10 2 10 10 10 10 2 8 10 8 2 2 10 10 10 10 10 10 8 10 8 8 10 10 8
left_child=11 2 9 6 -5 -6 7 8 10 -2 -4 -1 13 24 15 -9 -8 -14 19 21 -19 -18 23 -20 -13 -23 27 -24 -29 -28
right_child=1 -3 3 4 5 -7 16 14 -10 -11 -12 12 17 -15 -16 -17 18 20 22 -21 -22 25 26 -25 -26 -27 29 28 -30 -31
leaf_value=-0.050056606525132309 -0.010136999443824011 -0.061356837647500675 0.055204437463249739 0.045421903676207749 -0.045284951371670351 0.026247277935439385 0.052447524971233006 0.053514616120238279 -0.039650609070023352 0.029069674272633895 0.0083582088486742374 -0.050363921528389602 -0.052725935128374472 0.057542798499614682 0.05662206246589499 0.05196435988107926 0.051727638335509835 -0.050088099591783147 0.051740740569013559 0.052067299372041354 -0.050699200381732791 0.051586775142846847 0.051648723431006953 0.051605327824386538 -0.050074376557195967 0.05166105314782124 0.051610634996121146 0.051558453999919124 0.051628721698751059 0.05156580812610867
leaf_weight=26.622869854909371 4.183402966707944 1.1171525917015959 2.2235774118453282 2.400317881256341 2.2075818926095963 3.1041011586785316 1.2065836843103195 1.0104711372405297 1.4729336835443971 3.6157275177538395 1.9986286312341688 0.082906029885633781 0.11868429044261575 0.22143302299082279 0.86769722402095784 1.2415286023169754 0.93198103271424715 0.39782484376337379 0.71105064824223396 1.0714688599109647 0.038698766147717834 1.4872069358825686 0.95533437468111282 1.052915571257472 0.06094869936350733 0.61771135963499535 1.7779402974992997 1.4063451103866103 0.853629795834422 4.7964380979537964
leaf_count=23569 34 18 38 26 13 34 33 22 19 34 28 25 4 4 11 36 29 288 22 29 4 50 31 35 46 20 59 48 28 163
internal_value=-0.00214397 0.0284913 0.0309279 0.0362732 0.011739 -0.00348214 0.0436401 0.0282223 0.0142321 0.00803947 0.0330292 -0.0492054 -0.0245863 0.0150961 0.053762 0.05266 0.0516968 -0.0506946 0.051639 0.0517552 -0.0501423 0.0516451 0.0515977 0.0516599 -0.0502412 0.0516086 0.0515865 0.0516039 0.051585 0.0515779
internal_weight=69.8551 42.3117 41.1946 33.3954 7.712 5.31168 25.6834 8.81484 5.69514 7.79913 4.22221 27.5434 0.920496 0.365288 3.1197 2.252 16.8686 0.555208 15.662 4.10837 0.436524 3.0369 11.5537 1.76397 0.143855 2.10492 9.78969 3.21531 2.25997 6.57438
internal_count=24800 860 842 774 73 47 701 154 85 68 66 23940 371 75 69 58 547 296 514 128 292 99 386 57 71 70 329 107 76 222
is_linear=0
shrinkage=0.05


Tree=68
num_leaves=31
num_cat=0
split_feature=4 18 4 4 10 11 4 17 7 15 11 6 4 4 2 2 11 5 5 4 11 11 11 13 13 4 7 15 6 14
split_gain=38.0259 3.46042 1.97924 2.3666 1.47541 2.3802 1.29996 1.24189 1.10235 1.08276 0.708817 1.31308 0.22463 0.364272 0.00121072 0.000252573 0.000185635 2.57887e-05 4.83888e-05 1.57663e-05 4.9078e-06 3.13724e-06 2.76285e-06 2.66685e-06 8.25648e-07 6.42003e-07 7.07705e-07 5.00141e-07 9.34545e-07 8.9885e-07
threshold=0.36050541516245488 inf 0.51056338028169035 0.99628718642629199 378.50000000000006 0.018698998018438152 0.71432308209708173 0.99999500000000008 38749790.500000007 0.64150000000000007 0.0042186910597995517 5.0500000000000008e-05 0.14328485885372114 0.14650062145672924 34.500000000000007 25.500000000000004 0.015888292696492053 120.50000000000001 96.500000000000014 0.64350460219812455 0.99725696730305036 0.00044875724605205003 0.0031115034170180003 0.14270500000000005 0.58728500000000017 0.29849904580353842 153932044.00000003 0.44250000000000006 9.5000000000000022e-06 0.038500000000000006
decision_type=2 8 2 2 8 10 2 8 10 10 10 10 2 2 2 2 10 10 10 2 10 10 10 8 10 2 10 8 10 10
left_child=12 2 8 6 -5 -6 7 10 -2 -10 11 -4 -1 -14 -12 -8 -16 18 21 -18 25 -17 23 -19 -23 -15 -27 28 -24 -30
right_child=1 -3 3 4 5 -7 15 -9 9 -11 14 -13 13 20 16 17 19 22 -20 -21 -22 24 27 -25 -26 26 -28 -29 29 -31
leaf_value=-0.05005384485293584 0.03514318717065408 -0.060748897970340068 0.053084612595317743 0.044434044623130699 -0.042544398868461425 0.025429208386605819 0.052325455901571109 -0.0050719001671275347 -0.027719954695445161 0.017397358070053638 0.054163678925115158 -0.016731329070860036 0.01565763245795421 -0.050079492305948561 0.052774013634767747 0.051640571241712743 0.052050746566607832 0.051652998429105458 0.051962667338095452 0.051751759866706541 -0.050651880566022323 0.051507006154866766 0.051565744904909561 0.051524594852758836 0.051577463413160878 -0.050117577270965066 -0.050415475127431303 0.051498614536056503 0.051480141378792005 0.051546777724644277
leaf_weight=25.32581867265981 2.4830032419413319 1.0730331516824652 1.3825160264968883 2.3327304981648913 2.2316530123353004 3.0452841594815254 1.1503478456288601 2.180841527879239 2.6647899374365807 2.6544265784323215 1.0656819809228184 1.3131649754941461 0.34549004770815273 0.40786855784244835 0.85805237852036986 0.88798475079238404 0.7732466273009776 0.6774922367185342 1.0212131701409815 1.0259570330381391 0.044840468559414148 1.4168106112629177 0.91016757674515014 1.0030939988791943 0.58851346187293518 0.052437418606132269 0.032166876597329974 6.2631308566778907 1.3397405110299589 0.81325603462755669
leaf_count=23569 25 18 28 26 13 34 33 17 19 24 20 16 9 313 19 29 22 22 29 32 4 50 31 35 20 35 10 222 48 28
internal_value=-0.0021148 0.0278629 0.030235 0.0356973 0.0113208 -0.0033173 0.0432161 0.0275256 0.00763537 -0.00520525 0.0386012 0.0190747 -0.0491896 -0.0243965 0.0527399 0.0516116 0.0521689 0.0515565 0.0516668 0.0518803 -0.0501511 0.0515623 0.0515173 0.0515764 0.0515277 -0.0501055 -0.0502308 0.0515067 0.0515233 0.0515053
internal_weight=67.3648 41.1561 40.0831 32.2809 7.60967 5.27694 24.6712 8.59946 7.80222 5.31922 6.41862 2.69568 26.2086 0.882803 3.72294 16.0718 2.65726 14.9214 3.91452 1.7992 0.537313 2.89331 11.0069 1.68059 2.00532 0.492473 0.0846043 9.32629 3.06316 2.153
internal_count=24800 860 842 774 73 47 701 154 68 43 137 44 23940 371 93 547 73 514 128 54 362 99 386 57 70 358 45 329 107 76
is_linear=0
shrinkage=0.05


Tree=69
num_leaves=31
num_cat=0
split_feature=4 17 17 17 4 4 7 2 5 7 2 15 5 17 17 15 7 7 11 11 4 7 4 4 4 4 4 15 4 4
split_gain=35.9133 1.71826 4.64677 2.26313 1.73642 1.69524 1.9585 1.85044 1.77812 1.64771 1.53916 1.76659 0.859974 0.800951 1.74974 2.3899 0.738088 0.632953 0.43751 1.06721 0.407819 0.0907654 0.0359665 0.0278624 0.0186888 0.00413093 0.00393962 0.00370655 0.00331994 0.0025433
threshold=0.46813506261180676 6.3598000000000021e-14 6.0299500000000012e-26 3.1047500000000005e-24 0.71432308209708173 0.14328485885372114 49706872.000000007 54.500000000000007 269.50000000000006 1982864.0000000002 26.500000000000004 0.21450000000000002 11471.000000000002 0.0036026500000000002 0.34208000000000005 0.5415000000000002 47408374.000000007 72809463.500000015 0.0011729035862521003 0.00081786215733005007 0.90310315213354275 169979261.50000003 0.57641196013289042 0.99628718642629199 0.57641196013289042 0.73590618877067915 0.40010890280424721 0.52350000000000019 0.89059663604125217 0.99628718642629199
decision_type=2 8 8 10 2 2 10 2 8 10 2 10 10 10 10 10 10 10 10 8 2 10 2 2 2 2 2 10 2 2
left_child=5 2 23 -4 -5 -1 7 -7 -9 -3 11 -11 28 24 15 -15 -10 -13 19 -16 -17 22 -20 25 -12 -2 -8 -26 -6 -29
right_child=1 9 3 4 12 6 26 8 16 10 13 17 -14 14 18 20 -18 -19 21 -21 -22 -23 -24 -25 27 -27 -28 29 -30 -31
leaf_value=-0.050051210009441363 0.055808475502510793 -0.021552611074614567 -0.065748209590965404 -0.035411617046623725 0.051492733100620539 -0.054613765540371742 -0.051686927706983424 0.10111899664509282 -0.053865031215783343 -0.048860775736826345 0.058517616085921487 0.053417443259661537 -0.014276879250582328 -0.04500745507620009 0.052444660744113795 0.0533595697553517 0.064585904771307059 0.001136788021328237 0.063100314635896451 -0.016525358824976633 0.010906984186148916 0.035111400532253846 0.052437640262819302 0.062893086042187699 0.054826474131275942 0.051504385125506716 -0.056704327947595695 0.051790734104287042 0.056223537601641255 0.054740230123458501
leaf_weight=24.091899417107928 0.97110696323215728 1.1947455350309635 1.6918259970843799 1.6313657369464638 0.88819593936204932 0.57733594335149918 0.72146405349485554 0.78820740547962453 0.38879172015003871 1.0022531785070925 1.6110998895019317 1.3163352776318791 0.67619216442108143 1.4247340802103274 1.5634340289980158 1.4558568820357325 0.19874006137251854 1.0334557536989448 0.91444850713014592 0.87466087006032456 0.9252504240721463 0.71205682866275299 5.8522812873125076 1.1465246230363848 1.5835271049290875 1.3088139761239288 0.85474336985498667 6.0876620020717382 0.63669362291693687 0.83059256523847569
leaf_count=23569 16 16 12 20 32 72 235 32 55 8 18 30 14 25 43 40 2 15 7 11 8 21 173 8 30 47 12 203 14 12
internal_value=-0.00208669 0.0298925 0.0107912 -0.0175815 0.00368161 -0.0453102 -0.0129466 0.0205142 0.052042 0.0359164 0.0384418 0.00671805 0.0326562 0.0429032 0.0350349 0.00621464 -0.0137975 0.030424 0.0460954 0.0277018 0.0368633 0.0520918 0.0538786 0.056535 0.05358 0.0533377 -0.0544078 0.0526443 0.053468 0.0521448
internal_weight=64.9543 37.3331 8.95072 5.52427 3.83245 27.6212 3.52928 1.95308 1.37574 28.3824 27.1876 3.35204 2.20108 23.8356 13.7227 3.80584 0.587532 2.34979 9.91688 2.43809 2.38111 7.47879 6.76673 3.42645 10.1129 2.27992 1.57621 8.50178 1.52489 6.91825
internal_count=24800 823 163 92 80 23977 408 161 89 660 644 53 60 591 328 73 57 45 255 54 48 201 180 71 263 63 247 245 46 215
is_linear=0
shrinkage=0.05


Tree=70
num_leaves=31
num_cat=1
split_feature=4 18 4 4 5 11 1 4 5 5 6 6 4 14 13 17 2 2 12 5 5 11 11 15 14 14 0 13 17 11
split_gain=33.9418 3.14339 1.86965 2.30062 1.95219 3.28628 2.28065 1.33824 1.26693 2.08649 1.0624 0.902441 0.215816 0.345002 0.352283 0.00358699 0.00045794 0.000255606 0.000192345 1.80272e-05 2.87559e-05 3.78507e-06 2.44404e-06 2.08606e-06 3.2061e-06 2.00985e-06 1.60998e-06 1.48856e-06 1.43916e-06 1.06151e-06
threshold=0.36050541516245488 inf 0.51056338028169035 0.99628718642629199 257.50000000000006 0.0084122604638494514 60.500000000000007 0.71432308209708173 1448.5000000000002 492.50000000000006 3.190330000000001e-05 5.2655850000000008e-05 0.14328485885372114 0.029500000000000002 0.080742500000000009 0.9969300000000002 43.500000000000007 25.500000000000004 0.24192039835948959 129.50000000000003 96.500000000000014 0.59975349465766403 0.00044875724605205003 0.44250000000000006 0.038500000000000006 0.5415000000000002 0 0.76297500000000007 0.99821500000000007 0.054723516157602757
decision_type=2 8 2 2 10 10 2 2 10 10 10 10 2 8 10 8 2 2 10 10 10 10 10 8 10 10 9 10 10 10
left_child=12 2 10 7 -5 -6 -7 8 9 11 -2 -4 -1 14 29 16 -10 -9 -15 20 22 -20 -19 24 -21 -25 -26 -27 -28 -14
right_child=1 -3 3 4 5 6 -8 17 15 -11 -12 -13 13 18 -16 -17 -18 19 21 23 -22 -23 -24 25 26 27 28 -29 -30 -31
leaf_value=-0.050048711875437427 -0.010409379452208826 -0.060017144887839317 0.054710192419428344 0.058280180683658783 -0.061081974416922341 0.058193047492096632 -0.017743621256691069 0.052220032002984564 0.053295852369564668 -0.038788450649887736 0.02714193178245888 0.0066899675876399573 -0.050138022419825803 -0.052513724625448704 0.055267170610695228 0.056346035765092034 0.051757050630238811 0.051493659218278059 -0.050082042613373172 0.051363895372577219 0.051726247101122586 -0.050632184048017531 0.051389398828330712 0.051346177413085448 0.051520106847882198 0.051476494135785422 0.051367171384726532 0.051379832693641318 0.051481867653725803 -0.050460502376719688
leaf_weight=22.918039040407169 4.0911280978471032 1.0165755241177965 1.9914521723985728 1.6432675719261158 1.7298184409737585 2.0477869361639027 1.9119510762393472 1.0688490793108929 0.82085625082254443 1.4675038363784549 3.490632176399231 1.9232804346829651 0.092689119570421918 0.10853300103917718 0.20755633618682623 0.80323301628231991 1.1763639058917759 0.81116832047700871 0.35134841949911788 1.7022511474788165 1.0940258316695688 0.034319502534344792 1.8305908702313898 4.4367076344788083 0.68345596641302109 0.55178605951368798 0.56883794441819169 1.4317690357565878 0.52675840817391872 0.035213607654441148
leaf_count=23569 34 18 38 21 10 21 21 33 20 19 34 28 65 4 3 11 38 29 288 66 35 4 70 174 24 20 22 55 19 7
internal_value=-0.00205715 0.0267463 0.0290795 0.0346489 0.0102759 -0.0035888 0.0215272 0.0424572 0.0262493 0.0120577 0.00687919 0.0311182 -0.0491418 -0.02409 0.0150448 0.0535243 0.0523895 0.0514755 -0.0506543 0.0514171 0.0515107 -0.050131 0.0514214 0.0513818 0.0514129 0.0513649 0.0514599 0.0514067 0.0514223 -0.0502268
internal_weight=62.5677 38.82 37.8035 30.2217 7.33282 5.68956 3.95974 22.8889 8.18269 5.38224 7.58176 3.91473 23.7477 0.82966 0.335459 2.80045 1.99722 14.7062 0.494201 13.6374 3.73579 0.385668 2.64176 9.90157 3.4813 6.42026 1.77905 1.98356 1.0956 0.127903
internal_count=24800 860 842 774 73 52 42 701 154 85 68 66 23940 371 75 69 58 547 296 514 134 292 99 380 131 249 65 75 41 72
cat_boundaries=0 1
cat_threshold=4
is_linear=0
shrinkage=0.05


Tree=71
num_leaves=31
num_cat=1
split_feature=4 18 4 4 4 10 11 5 5 2 6 4 14 12 17 2 2 12 5 5 11 11 15 14 14 0 13 17 6 6
split_gain=32.0501 2.93766 1.83254 2.22925 1.35761 1.32317 1.90721 1.23884 1.89682 1.00946 0.882729 0.209755 0.328534 0.337226 0.0030771 0.000395026 0.000220476 0.000165308 1.54633e-05 2.46596e-05 3.25636e-06 2.09469e-06 1.78823e-06 2.74848e-06 1.72385e-06 1.37956e-06 1.27652e-06 1.23402e-06 8.83707e-07 7.99619e-07
threshold=0.36050541516245488 inf 0.51056338028169035 0.99628718642629199 0.71432308209708173 507.50000000000006 0.018698998018438152 1448.5000000000002 492.50000000000006 60.500000000000007 5.2655850000000008e-05 0.14328485885372114 0.029500000000000002 0.48375892220063216 0.9969300000000002 43.500000000000007 25.500000000000004 0.24192039835948959 129.50000000000003 96.500000000000014 0.59975349465766403 0.00044875724605205003 0.44250000000000006 0.038500000000000006 0.5415000000000002 0 0.76297500000000007 0.99821500000000007 1.7500000000000002e-05 1.0435950000000001e-05
decision_type=2 8 2 2 2 10 10 10 10 2 10 2 8 10 8 2 2 10 10 10 10 10 8 10 10 9 10 10 10 10
left_child=11 2 9 4 7 -5 -7 8 10 -2 -4 -1 13 -13 15 -9 -6 -14 19 21 -19 -18 23 28 -24 -25 -26 -27 -20 -15
right_child=1 -3 3 5 16 6 -8 14 -10 -11 -12 12 17 29 -16 -17 18 20 22 -21 -22 -23 24 25 26 27 -28 -29 -30 -31
leaf_value=-0.050046336450264822 -0.0069879696974073612 -0.059485953087442756 0.054486538590683344 0.04288158082009158 0.052109934775663107 -0.038984968876319019 0.022950019146432857 0.053132417449846162 -0.035949170235456733 0.031138684170173781 0.0063879987303890415 0.0546577441547757 -0.052387345722962268 -0.050325018866204045 0.056019388240478911 0.051668833822858057 0.051418724627880545 -0.050078042189266647 0.051350097089491523 0.051639406863204187 -0.050601089661021642 0.051319827990416303 0.051278805788041552 0.051443796522949739 0.051402459414215756 0.051298723979836806 0.051310743922983029 0.051407546447951341 0.051270605703343408 -0.050068689376136288
leaf_weight=21.801322262792386 4.8955617100000373 0.975412602070718 1.901907311752445 2.1447901539504519 1.0188145712018002 2.199459120631218 2.8583164177834988 0.78316377103328738 1.5032745376229284 2.6900557149201632 1.9137369412928817 0.20138432551175256 0.10348255420103669 0.069888003810774535 0.76840134151279915 1.1208542492240665 0.77270329184830178 0.33423897944157943 0.51014374941587215 1.0423754453659055 0.032665275735780597 1.7436129059642551 4.2257317192852506 0.65106345526874065 0.52561203576624382 0.54179914854466893 1.3637283798307178 0.50177422165870667 1.1111885495483873 0.053880878025665879
leaf_count=23569 39 18 38 26 33 13 34 20 19 29 28 3 4 25 11 38 29 288 20 35 4 70 174 24 20 22 55 19 46 47
internal_value=-0.00202609 0.0261576 0.0284283 0.0341159 0.0420204 0.00997208 -0.00398346 0.0255754 0.0116211 0.00653273 0.0303627 -0.0491261 -0.023908 0.0147388 0.0533487 0.0522708 0.0514017 -0.0506224 0.0513461 0.0514349 -0.0501246 0.0513502 0.0513126 0.0513422 0.0512966 0.0513867 0.0513363 0.051351 0.0512956 -0.0502134
internal_weight=60.3603 37.7635 36.7881 29.2025 21.9999 7.20257 5.05778 7.99134 5.31892 7.58562 3.81564 22.5969 0.79554 0.325153 2.67242 1.90402 14.0085 0.470387 12.9897 3.55869 0.366904 2.51632 9.43104 3.31597 6.11507 1.69464 1.88934 1.04357 1.62133 0.123769
internal_count=24800 860 842 774 701 73 47 154 85 68 66 23940 371 75 69 58 547 296 514 134 292 99 380 131 249 65 75 41 66 72
cat_boundaries=0 1
cat_threshold=4
is_linear=0
shrinkage=0.05


Tree=72
num_leaves=31
num_cat=0
split_feature=4 18 17 17 17 10 7 4 7 18 5 1 18 2 17 14 18 17 4 4 4 4 4 4 4 4 11 4 4 4
split_gain=30.268 2.65204 1.78966 4.16473 2.10455 2.2237 1.69503 1.58125 1.80357 1.68921 1.39091 1.34489 1.44431 1.21687 0.784247 2.24567 1.73752 0.881679 0.030706 0.0179296 0.0135538 0.00482333 0.00363785 0.00321355 0.00290155 0.00219457 0.00192236 0.00191503 0.00190456 0.000900839
threshold=0.46813506261180676 inf 6.3598000000000021e-14 6.0299500000000012e-26 8.4312500000000021e-25 170.50000000000003 1982864.0000000002 0.14328485885372114 49706872.000000007 2.0000000000000004 11471.000000000002 44.500000000000007 1.0000000180025095e-35 21.500000000000004 0.0036026500000000002 0.085500000000000007 1.0000000180025095e-35 0.031880500000000006 0.57641196013289042 0.99628718642629199 0.57641196013289042 0.70299970299970316 0.40010890280424721 0.99628718642629199 0.6658887592376509 0.70622756144711418 0.015491684654896452 0.99628718642629199 0.7219242814777862 0.36050541516245488
decision_type=2 8 8 8 10 10 10 2 10 8 10 2 10 2 10 10 10 10 2 2 2 2 2 2 2 2 10 2 2 2
left_child=7 2 3 19 -5 -6 -4 -1 9 11 26 -9 -13 -8 20 18 17 -17 -16 21 -15 -2 -10 24 -22 -19 -7 28 -20 -11
right_child=1 -3 6 4 5 10 13 8 22 29 -12 12 -14 14 15 16 -18 25 27 -21 23 -23 -24 -25 -26 -27 -28 -29 -30 -31
leaf_value=-0.05004407617352398 0.05656902527249405 -0.060071845807819019 -0.021304001475391934 -0.077838441604849137 -0.055892205449305545 0.054873234565710916 -0.0098952573586357992 0.11513751574120575 -0.051674500364690783 -0.05009934539386815 -0.019879370396347625 -0.054199442647174169 0.076414029051312837 0.057322207219135994 0.062234321579496765 0.0038104407359811753 -0.023395556567345318 0.054779982593656254 0.05330820678707851 0.061211641490069274 0.053977269682657807 0.051434014452051584 -0.056658351075710968 0.054691884759687184 0.051440079927183524 0.051602035087936038 0.051431970076543203 0.054510091169081593 0.051262949819081499 -0.05498397707017269
leaf_weight=20.738972366030797 0.69575276225805049 0.82864727452397247 1.1841003224253679 1.1290778070688254 1.2422726657241585 0.95483081787824653 1.1636232677847171 0.49364690505899467 0.65523792745079823 0.12027575686806757 1.0609556939452884 0.42206377652473748 0.42455473484005779 1.7256519794464127 0.86430915445089151 1.5540545098483565 2.2037944160401821 1.0259134769439699 1.6044978313148019 1.0620687380433085 1.4373436141759155 1.3343283850699661 0.82988626603037119 1.3164599686861036 5.2163228839635849 1.1546674463897941 0.70580917224287987 0.77589748427271832 3.9170753937214613 0.43856371473520994
leaf_count=23569 10 7 16 5 21 21 15 20 235 90 17 40 4 21 7 30 38 18 34 8 28 53 12 20 209 42 27 12 164 7
internal_value=-0.00199585 0.0282854 0.0304822 0.0101751 -0.0176154 -0.000461337 0.0370929 -0.0448729 -0.0131833 0.0190952 0.0248401 0.0495451 0.0112994 0.0399789 0.0425247 0.0345462 0.0118121 0.032588 0.053397 0.0559478 0.0533046 0.0531939 -0.0544595 0.0524348 0.0519882 0.0530972 0.0534106 0.0521841 0.0518573 -0.0539327
internal_weight=58.2807 34.1575 33.3288 8.1851 5.09295 3.96387 25.1437 24.1232 3.38423 1.8991 2.7216 1.34027 0.846619 23.9596 22.796 13.1002 5.93843 3.73464 7.16178 3.09215 9.69578 2.03008 1.48512 7.97013 6.65367 2.18058 1.66064 6.29747 5.52157 0.558839
internal_count=24800 823 816 162 91 86 654 23977 408 161 65 64 44 638 623 345 128 90 217 71 278 63 247 257 237 60 48 210 198 97
is_linear=0
shrinkage=0.05


Tree=73
num_leaves=31
num_cat=0
split_feature=4 18 19 17 2 1 4 17 8 10 10 15 4 7 1 4 4 15 15 17 15 4 4 11 4 4 2 11 4 11
split_gain=28.6227 2.57035 1.80572 2.32283 3.00785 3.16263 2.20653 4.20377 2.90896 2.01884 1.63499 1.77623 0.513612 0.781687 0.258015 0.191695 0.294601 0.0646573 0.046243 0.0147835 0.00915535 0.0024345 0.0017206 0.000522915 0.000221984 2.51639e-05 2.16958e-05 5.33581e-06 4.20737e-06 2.64019e-06
threshold=0.36050541516245488 inf 1.0000000180025095e-35 1.6764500000000001e-13 39.500000000000007 41.500000000000007 0.66822160465819735 0.99999500000000008 747217.00000000012 313.50000000000006 284.50000000000006 0.49450000000000005 0.99628718642629199 64432530.500000007 54.500000000000007 0.14328485885372114 0.14650062145672924 1.3665000000000003 1.0675000000000001 1.4964500000000005e-20 0.48150000000000004 0.62284482758620696 0.7219242814777862 0.0049055190797046002 0.91882261464534398 0.76052569088015443 24.500000000000004 0.0034014908155810502 0.89361934419496769 0.99725696730305036
decision_type=2 8 8 10 2 2 2 8 8 10 10 10 2 10 2 2 2 10 8 10 10 2 2 10 2 2 2 10 2 10
left_child=15 2 3 4 -2 9 7 10 -8 -6 -5 -12 22 -14 -7 -1 -17 19 -16 -4 -21 -22 23 -10 25 -23 -24 28 -28 -18
right_child=1 -3 17 6 5 14 8 -9 12 -11 11 -13 13 -15 18 16 29 -19 -20 20 21 24 26 -25 -26 -27 27 -29 -30 -31
leaf_value=-0.050041921792023263 -0.04958662422213983 -0.058499434818663099 0.056629111602147446 0.055855974841963689 -0.079086198979132355 0.07946427140321112 -0.12601805582474798 -0.065889807285595764 0.053648293795019897 0.014229149378062959 -0.033136310684418316 0.038496278301728262 0.05476728673582381 0.0068803512149652607 0.037045089455121714 0.014531723153514614 -0.050091712460959809 0.037497759404079282 0.054473363075819042 0.045722598601459247 0.054925200191731506 0.051595385294164291 0.051536120343837623 0.051944757382474005 0.052511271662374119 0.051176418561158732 0.051225592642516277 0.051175666141134502 0.051366027445614373 -0.050537519077110071
leaf_weight=19.728348449629269 2.3124675173312452 0.89672665949910779 2.0970441922545424 2.7583242803812054 0.9242235962301496 0.96279178000986609 0.2513089217245551 1.5090873576700685 1.0621279384940843 1.5544709526002405 1.6568922251462939 1.811618812382221 1.5870696268975746 1.8404381610453127 0.70665835216641393 0.29582103155553241 0.39924408058868721 0.7309457343071698 0.82490122318267833 0.60510301031172309 0.75635216012597117 0.54937044158577952 0.53989269025623787 0.78223606385290612 0.52204829640686501 1.0309556070715187 1.9477002099156382 4.7005337122827768 0.73445090651512135 0.036224346840754151
leaf_count=23569 34 18 30 37 9 17 2 12 20 32 16 36 23 21 26 9 358 23 19 20 13 20 21 27 15 46 84 210 29 4
internal_value=-0.00196895 0.0250812 0.0272374 0.0218797 -0.00247355 0.019434 0.0302561 0.00898053 0.0424968 -0.0205651 0.0271255 0.00427771 0.0457065 0.0290539 0.0591821 -0.0491101 -0.0239723 0.0514782 0.046432 0.0533158 0.0513099 0.0524925 0.0515504 0.0529258 0.0516174 0.0513221 0.0512302 0.0512078 0.051264 -0.0501288
internal_weight=56.1154 35.6557 34.759 28.4672 7.28551 4.97305 21.1817 7.73592 13.4458 2.47869 6.22684 3.46851 13.1944 3.42751 2.49435 20.4596 0.731289 6.29182 1.53156 5.56087 3.46383 2.85873 9.76694 1.84436 2.10237 1.58033 7.92258 7.38268 2.68215 0.435468
internal_count=24800 860 842 675 137 103 538 101 437 41 89 52 435 44 62 23940 371 167 45 144 114 94 391 47 81 66 344 323 113 362
is_linear=0
shrinkage=0.05


Tree=74
num_leaves=31
num_cat=0
split_feature=4 18 19 17 2 1 4 17 5 10 15 7 4 6 1 4 14 11 15 5 17 17 4 4 11 13 12 2 4 11
split_gain=27.0391 2.40573 1.75302 2.19801 2.70223 2.96262 2.13488 3.83493 1.76443 1.54614 1.62421 1.42844 0.568928 0.830486 0.243097 0.193145 0.292149 0.291685 0.0684143 0.0496917 0.0142415 0.00683272 0.00230989 0.00147679 0.000446532 0.000133117 0.000127085 1.87619e-05 5.13543e-06 4.69849e-06
threshold=0.36050541516245488 inf 1.0000000180025095e-35 1.6764500000000001e-13 39.500000000000007 41.500000000000007 0.66822160465819735 0.99999500000000008 330.50000000000006 284.50000000000006 0.49450000000000005 1787199.0000000002 0.99628718642629199 1.0551650000000001e-05 54.500000000000007 0.14328485885372114 0.029500000000000002 0.19849856688470727 1.3665000000000003 3945.5000000000005 0.10951500000000002 1.4964500000000005e-20 0.62284482758620696 0.7219242814777862 0.0045671601752385006 0.70318500000000006 0.24192039835948959 24.500000000000004 0.77785000039496754 0.0034014908155810502
decision_type=2 8 8 10 2 2 2 8 10 10 10 10 2 10 2 2 8 10 10 8 10 10 2 2 8 8 10 2 2 10
left_child=15 2 3 4 -2 8 7 9 -6 -5 -11 -8 23 -14 -7 -1 17 -17 20 -16 21 -4 -23 24 -13 28 -18 -25 -24 -29
right_child=1 -3 18 6 5 14 11 -9 -10 10 -12 12 13 -15 19 16 26 -19 -20 -21 -22 22 25 27 -26 -27 -28 29 -30 -31
leaf_value=-0.050039877025248473 -0.046531010586235405 -0.058054125513176229 0.056279932475452946 0.05484665315649935 -0.07296315858221307 0.078455622420139121 -0.046532571942067391 -0.062827680769634187 0.013605841411542065 -0.031371998810277114 0.03744866949924313 0.053460567484043056 0.0041621185891332442 0.055428392581271996 0.052806039149490482 -0.050195573163107202 -0.052198781716243217 0.052539993667813159 0.036554207334122464 0.033798691535610874 0.046635824461056873 0.054935763976825196 0.051312481990491168 0.051459751312324199 0.05184851593014627 0.052062992836082483 -0.050112065965853096 0.051200921022017246 0.051104640482955925 0.051115848426812771
leaf_weight=18.766933083767075 2.3403650913387564 0.85936998575925727 2.0068330001085988 2.670867724344137 0.9509692415595058 0.9273138735443357 0.43926539830863376 1.5036492794752119 1.5446569956839082 1.6624238584190609 1.7702526729553936 1.0137854199856497 1.7719946056604379 1.4254364073276518 0.93183026462793317 0.10980649862904002 0.094535279553383589 0.18632227042689919 0.71279145777225483 0.54495576210320007 0.74412143416702736 0.65924452804029021 0.50702485628426031 0.51430473290383805 0.74543227627873432 0.68005947768688213 0.31976363802095875 2.554407300427556 0.71817430481314659 4.451141269877553
leaf_count=23569 34 18 30 37 9 17 5 12 32 16 36 20 23 19 30 71 4 4 23 15 25 11 21 21 27 23 292 113 34 209
internal_value=-0.0019359 0.0245591 0.0266601 0.0213534 -0.00233296 0.0187783 0.0297095 0.00869669 -0.0193817 0.0263172 0.00411925 0.0420857 0.0452058 0.027017 0.0583911 -0.0490711 -0.0234803 0.014445 0.0511 0.045792 0.0530505 0.0540947 0.0523847 0.0514734 0.0527775 0.051502 -0.0505882 0.0511683 0.0511907 0.0511469
internal_weight=54.128 34.6507 33.7913 27.7631 7.24009 4.89973 20.523 7.60719 2.49563 6.10354 3.43268 12.9158 12.4765 3.19743 2.4041 19.4774 0.710428 0.296129 6.02825 1.47679 5.31546 4.57134 2.5645 9.27907 1.75922 1.90526 0.414299 7.51985 1.2252 7.00555
internal_count=24800 860 842 675 137 103 538 101 41 89 52 437 432 42 62 23940 371 75 167 45 144 119 89 390 47 78 296 343 55 322
is_linear=0
shrinkage=0.05


Tree=75
num_leaves=31
num_cat=1
split_feature=4 18 19 17 17 17 7 4 7 2 5 0 15 14 4 5 7 4 11 11 4 4 17 4 4 4 4 4 5 4
split_gain=25.5681 2.18645 1.66466 2.80432 2.56369 1.65157 1.56415 1.44479 1.54541 1.43028 1.34092 1.25466 2.88253 4.92478 1.15919 0.780995 0.753219 0.585351 0.32146 1.07647 0.0161351 0.0129955 0.00729812 0.00425103 0.00305098 0.0025053 0.00228839 0.00215925 0.0020751 0.00148146
threshold=0.46813506261180676 inf 1.0000000180025095e-35 1.6764500000000001e-13 6.0299500000000012e-26 3.1047500000000005e-24 1982864.0000000002 0.14328485885372114 49706872.000000007 54.500000000000007 269.50000000000006 0 0.45150000000000007 0.085500000000000007 0.71432308209708173 6227.5000000000009 90529612.500000015 0.14650062145672924 0.0037336898812398503 0.0026447223075474501 0.57641196013289042 0.99628718642629199 1.4990000000000003e-30 0.71432308209708173 0.51056338028169035 0.60357142857142876 0.99628718642629199 0.40010890280424721 1687.5000000000002 0.7219242814777862
decision_type=2 8 8 10 10 10 10 2 10 2 8 9 10 10 2 10 10 2 10 8 2 2 10 2 2 2 2 2 8 2
left_child=7 2 3 4 16 -6 -5 -1 9 -9 -11 12 13 23 -7 -16 28 -12 19 -14 -13 25 -4 -8 -24 -20 29 -10 -2 -22
right_child=1 -3 22 6 5 14 11 8 27 10 17 20 18 -15 15 -17 -18 -19 21 -21 26 -23 24 -25 -26 -27 -28 -29 -30 -31
leaf_value=-0.050037927777764959 0.057340272474382593 -0.058516874051345147 0.056202925640814319 -0.024397203768293917 -0.071754381423536739 -0.040441722991591142 0.057572677549915866 -0.054365589358781143 -0.051778033356738057 0.085246240673492651 0.058902004434947954 0.05961264651062035 0.052027160386735473 -0.062969031244098903 0.053695568550428313 -0.019344736116211687 -0.0043266489103309779 -0.053970808551028628 0.054552425184439438 -0.032608410067817895 0.052890966140671396 0.058543759920471498 0.055414132648277936 0.052408516333716307 0.051648651705125809 0.051287872467069055 0.054070114140117503 -0.055792125870230663 0.053768115712650055 0.051093402944494749
leaf_weight=17.852336424984973 0.91076065227389613 0.73290801420808094 1.6649942267686153 1.0974024962633873 1.4251633062958715 1.2939002159982922 0.71670186892151855 0.51275921147316639 0.60954025358660124 0.79045916860923138 0.16919146850705158 0.82067535817623216 1.3682921249419446 1.9795883633196352 0.89966410398483254 0.61696845479309559 0.76420296728610981 0.35770374326966703 0.75528717786073718 0.51789294555783283 1.7257465105503795 0.98105992004275311 0.64186121895909343 0.89758892171084881 3.322729267179966 2.6485892757773399 1.2662292420864103 0.74386455584317446 0.73436548747122299 3.4131630901247263
leaf_count=23569 20 7 25 13 9 16 8 72 235 32 2 9 47 24 29 13 23 55 14 14 43 11 8 32 131 121 21 12 21 164
internal_value=-0.00190344 0.0268232 0.0288764 0.0233114 -0.00448668 -0.0279096 0.0334673 -0.0445044 -0.0134742 0.0164839 0.0440609 0.0371828 0.0255884 -0.0101141 -0.00567674 0.0239827 0.0366917 -0.0177262 0.046049 0.0287886 0.0530119 0.0534736 0.0534249 0.0547013 0.0522583 0.0520122 0.0521662 -0.0539843 0.0557457 0.0516971
internal_weight=52.2316 31.1957 30.4628 24.8332 6.64503 4.2357 18.1882 21.0359 3.18352 1.83011 1.31735 17.0908 9.865 3.59388 2.81053 1.51663 2.40933 0.526895 6.27112 1.88619 7.22581 4.38494 5.62958 1.61429 3.96459 3.40388 6.40514 1.3534 1.64513 5.13891
internal_count=24800 823 816 652 131 67 521 23977 408 161 89 508 271 64 58 42 64 57 207 61 237 146 164 40 139 135 228 247 41 207
cat_boundaries=0 1
cat_threshold=4
is_linear=0
shrinkage=0.05


Tree=76
num_leaves=31
num_cat=0
split_feature=4 18 19 17 2 14 4 17 10 15 7 4 14 2 4 6 4 14 13 15 5 16 17 14 4 11 13 12 4 2
split_gain=24.1917 2.11692 1.65526 1.95503 2.43646 2.17029 1.97246 3.3846 1.38016 1.37579 1.29161 1.15555 2.40842 0.678182 0.610647 0.806803 0.178395 0.26447 0.267649 0.0680645 0.0659752 0.0141548 0.00475657 0.00179526 0.00110738 0.000340139 9.72553e-05 9.4132e-05 2.76842e-05 1.14157e-05
threshold=0.36050541516245488 inf 1.0000000180025095e-35 1.6764500000000001e-13 27.500000000000004 0.58650000000000013 0.66822160465819735 0.99999500000000008 284.50000000000006 0.49450000000000005 1787199.0000000002 0.99628718642629199 0.57550000000000001 59.500000000000007 0.99628718642629199 1.0551650000000001e-05 0.14328485885372114 0.029500000000000002 0.080742500000000009 1.3665000000000003 2130.5000000000005 5389.0000000000009 1.4964500000000005e-20 0.17950000000000002 0.7219242814777862 0.0049055190797046002 0.74350500000000008 0.24192039835948959 0.77785000039496754 25.500000000000004
decision_type=2 8 8 10 2 8 2 10 10 10 10 2 10 2 2 10 2 8 10 10 10 8 10 10 2 10 10 10 2 2
left_child=16 2 3 4 -2 11 7 8 -5 -10 -8 12 20 -7 24 -16 -1 18 -18 21 -6 -4 -23 -24 25 -12 28 -19 -25 -26
right_child=1 -3 19 6 5 13 10 -9 9 -11 14 -13 -14 -15 15 -17 17 27 -20 -21 -22 22 23 26 29 -27 -28 -29 -30 -31
leaf_value=-0.050036078131046172 -0.07514209883531385 -0.057214289875483632 0.046174732585553026 0.053245455496744656 0.051730265489122476 0.019006227316533647 -0.041325534898353597 -0.059723871970727684 -0.028324104762495368 0.036231320331585243 0.053142008512469752 -0.05776775181272608 -0.071483268653163734 0.067569961202827697 0.0027120817585614574 0.054871821212346919 -0.050204043885804434 -0.051984843161972528 0.051454891399004013 0.035527028121572247 0.028182884863088425 0.055638805729739761 0.055045964972158301 0.051500808136000054 0.051288372022753152 0.051668988650428294 0.051971829579867158 -0.05010437592750161 0.050997400517854799 0.05104601375074283
leaf_weight=16.982279753428887 0.98162924870848911 0.79004543880000611 0.72648848593235271 2.509522961452606 0.87806669250130676 1.5824685841798785 0.45619076304137607 1.4658727329224346 1.645680829882622 1.6556525733321903 0.93144098669290343 1.1873839646577837 0.68849295191466797 1.3173327334225176 1.7219425812363618 1.3018986806273458 0.10307526332326133 0.085900386795401573 0.17411773465573788 0.66278660856187332 0.44986709393560886 1.8365530874580143 0.45154938474297557 0.50570833310484864 0.52619415149092663 0.67656926997005939 0.73513613082468499 0.29542257118737325 0.59377049654722214 6.3418164663016796
leaf_count=23569 11 18 29 37 33 29 5 12 16 36 20 6 10 30 23 19 72 4 3 23 18 30 8 20 24 27 26 292 31 319
internal_value=-0.00187536 0.0236343 0.025641 0.0204229 -0.00202955 0.00972896 0.0286943 0.00816949 0.0252966 0.0040511 0.0411861 -0.0186363 0.00440653 0.0410679 0.0444593 0.0251692 -0.049046 -0.0235121 0.0136526 0.0505558 0.0437531 0.05261 0.0537439 0.0522217 0.0513411 0.0525222 0.0515266 -0.050528 0.0512289 0.0510646
internal_weight=50.2609 32.6201 31.83 26.318 7.08524 6.10361 19.2328 7.27673 5.81086 3.30133 11.9561 3.20381 2.01643 2.8998 11.4999 3.02384 17.6408 0.658516 0.277193 5.51199 1.32793 4.84921 4.12272 2.28616 8.47602 1.60801 1.83461 0.381323 1.09948 6.86801
internal_count=24800 860 842 675 137 126 538 101 89 52 437 67 61 59 432 42 23940 371 75 167 51 144 115 85 390 47 77 296 51 343
is_linear=0
shrinkage=0.05


Tree=77
num_leaves=31
num_cat=0
split_feature=4 4 7 2 17 17 17 5 2 17 14 10 11 4 15 5 11 6 4 18 14 4 17 4 4 17 4 4 4 4
split_gain=22.8813 1.3534 1.39002 1.28009 1.27996 3.40031 1.5841 2.45528 2.03856 1.5279 1.5204 1.80538 2.84591 2.23496 1.97129 1.17032 0.733345 1.00866 0.536188 0.359966 0.0711094 0.0290115 0.0134319 0.00824756 0.00505199 0.00363822 0.00239286 0.00227053 0.00169656 0.0016586
threshold=0.46813506261180676 0.14328485885372114 49706872.000000007 54.500000000000007 6.3598000000000021e-14 6.0299500000000012e-26 8.4312500000000021e-25 101.50000000000001 30.500000000000004 0.0031299000000000006 0.059500000000000004 165.50000000000003 0.025979923956329753 0.69563998830181328 0.44550000000000006 269.50000000000006 0.0025901346973941004 1.0435950000000001e-05 0.14650062145672924 1.0000000180025095e-35 0.59950000000000003 0.57641196013289042 0.70817000000000008 0.99628718642629199 0.51056338028169035 2.6097500000000002e-16 0.99628718642629199 0.72881554307116125 0.99628718642629199 0.38080925261899745
decision_type=2 2 10 2 8 10 10 10 2 8 8 8 10 2 10 8 10 8 2 8 10 2 10 2 2 10 2 2 2 2
left_child=1 -1 3 -3 5 23 -7 -8 -9 20 16 22 13 -13 -15 -5 17 -11 -17 -14 24 -18 -12 27 -6 -10 -26 -2 -23 -4
right_child=4 2 29 15 9 6 7 8 25 10 11 12 19 14 -16 18 21 -19 -20 -21 -22 28 -24 -25 26 -27 -28 -29 -30 -31
leaf_value=-0.050034317369684424 0.054822058211804574 -0.054229932753754664 -0.05078840068559342 0.079127558306118381 0.055589908234435326 -0.071293458555177464 -0.059125995703759676 -0.043070751264282142 0.051446298732999544 -0.015825396302877201 0.0538957998429207 -0.078092290559438143 0.052987919674369811 0.051882536606456489 -0.03912872769117666 0.057299898401132435 0.062042725534226274 0.052201742270504586 -0.053894091592685205 0.012949985717399866 0.036597567592105362 0.051536985436240051 0.044928661595788288 0.058509590125868365 0.051331736209837622 0.05584533799487415 0.054079906115455156 0.051091354589661755 0.054795161559725837 -0.054829023621889399
leaf_weight=16.154598216642629 0.67047988250851931 0.48575853958027382 0.35195655719144248 0.78537805785890635 1.0565142873674656 1.0306234806776045 1.2575854156166317 0.76543630473315749 0.91323447972536065 1.0846985690295672 1.3242412824183691 1.5096698887646209 1.5503194890916348 1.0301517602056267 1.4084440972656009 0.15867172786965977 0.96461465209722552 1.0949716493487356 0.34230362891685218 0.8800569847226144 0.79620439745485772 2.4887246098369364 0.60996805131435383 0.87974897027015675 4.5169916804879904 0.96845137514173985 0.96051333472132672 1.0411282405257223 0.47594837844371785 0.91225276840850711
leaf_count=23569 12 72 229 32 15 5 17 12 36 27 35 10 51 40 21 2 8 37 55 21 27 115 21 8 209 22 16 51 7 18
internal_value=-0.0018448 -0.0442778 -0.0136504 0.0149235 0.0259682 0.00819602 -0.0161559 -0.00160265 0.0257253 0.0321177 0.0226702 0.00875316 -0.00407804 -0.030281 -0.000682253 0.0410375 0.0416081 0.0183485 -0.0186761 0.0384899 0.0507052 0.0545107 0.0510679 0.0545751 0.0524242 0.0537104 0.0518136 0.0525528 0.0520601 -0.0537041
internal_weight=48.4696 19.1909 3.03632 1.77211 29.2787 7.52669 4.93533 3.90471 2.64712 21.752 14.4218 8.31285 6.37864 3.94827 2.4386 1.28635 6.10896 2.17967 0.500975 2.43038 7.33022 3.92929 1.93421 2.59136 6.53402 1.88169 5.47751 1.71161 2.96467 1.26421
internal_count=24800 23977 408 161 823 163 92 87 70 660 393 199 143 71 61 89 194 64 57 72 267 130 56 71 240 58 225 63 122 247
is_linear=0
shrinkage=0.05


Tree=78
num_leaves=31
num_cat=0
split_feature=4 18 19 17 2 11 4 17 1 10 4 15 1 4 11 15 14 17 17 14 4 11 13 4 7 2 11 4 7 10
split_gain=21.6561 1.93434 1.56921 1.73856 2.06192 1.98668 1.85327 2.95123 1.83758 1.24738 1.24297 1.19759 0.662138 0.164344 0.245899 0.0672885 0.0523409 0.0146122 0.00378567 0.00124443 0.000837369 0.00025273 7.76249e-05 2.38744e-05 9.69047e-06 7.77057e-06 3.15308e-06 2.53921e-06 1.6106e-06 9.43442e-07
threshold=0.36050541516245488 inf 1.0000000180025095e-35 1.6764500000000001e-13 27.500000000000004 0.0084122604638494514 0.66822160465819735 0.99999500000000008 42.500000000000007 284.50000000000006 0.99628718642629199 0.49450000000000005 60.500000000000007 0.14328485885372114 0.19849856688470727 1.3665000000000003 0.58050000000000013 0.14213000000000001 1.4964500000000005e-20 0.21550000000000002 0.7219242814777862 0.0049055190797046002 0.70318500000000006 0.76911215303140967 216989211.50000003 25.500000000000004 0.0034014908155810502 0.89361934419496769 11198456.500000002 92.500000000000014
decision_type=2 8 8 10 2 10 2 10 2 10 2 10 2 2 10 10 8 10 10 10 2 10 8 2 10 2 10 2 10 10
left_child=13 2 3 4 -2 8 7 9 -6 -5 20 -11 -12 -1 24 17 -7 18 -4 -20 21 -8 23 -21 -15 -22 27 29 -28 -27
right_child=1 -3 15 6 5 16 10 -9 -10 11 12 -13 -14 14 -16 -17 -18 -19 19 22 25 -23 -24 -25 -26 26 28 -29 -30 -31
leaf_value=-0.050032643089485199 -0.068498865759264588 -0.056740351534213279 0.055112677611927542 0.051730440604197625 -0.046963360127608156 0.037735575731253475 0.052855726320847264 -0.05668035329631646 0.02314347526548681 -0.026424733587527789 0.033451247811685354 0.03503836539048865 -0.0120706593682809 -0.050097530442599597 0.014264132428982888 0.034683868051461196 0.054231770447328465 0.044844415144312949 0.054378403342859621 0.051384876696743492 0.051169986370375224 0.051528095357162476 0.051790363118240659 0.050907068972965402 -0.051054769202084932 0.050936508858502531 0.051030784253151086 0.05109744582752989 0.050922016508341467 0.051014653518955802
leaf_weight=15.367231226293367 0.99357596412301319 0.74656911706552165 1.6931242030113964 2.3378093149513033 1.8974547535181048 0.74642777070403132 0.85655061341821948 1.4261903297156093 1.8421108666807411 1.6226927861571314 1.9288926497101786 1.5491612292826173 1.3634801432490347 0.33009580022189844 0.25203509628772736 0.62297295220196236 1.3515016101300714 0.58237737417221058 0.42761440016329322 0.44785190746188119 0.48064947873353947 0.61643356457352638 0.67370778508484375 0.62808516062796116 0.028740968322381377 0.7725632041692736 0.37890987843275103 0.59088872000575055 3.3446881696581841 0.77239403314888477
leaf_count=23569 11 18 30 37 25 31 20 12 32 16 25 36 20 345 18 23 38 24 9 19 24 27 26 36 8 43 20 29 189 40
internal_value=-0.00181565 0.0227574 0.0247392 0.0195689 -0.00191414 0.00941897 0.0277031 0.00742515 -0.0124287 0.024019 0.0403676 0.00359438 0.0145991 -0.0490216 -0.0235881 0.050075 0.0483625 0.0522283 0.0533394 0.0519604 0.0512262 0.0523001 0.0513695 0.051106 -0.0501742 0.0509767 0.0509609 0.0510093 0.0509331 0.0509756
internal_weight=46.6728 30.6947 29.9481 24.8724 6.83107 5.8375 18.0413 6.93585 3.73957 5.50966 11.1055 3.17185 3.29237 15.9781 0.610872 5.07573 2.09793 4.45276 3.87038 2.17726 7.81308 1.47298 1.74964 1.07594 0.358837 6.34009 5.85944 2.13585 3.7236 1.54496
internal_count=24800 860 842 675 137 126 538 101 57 89 437 52 45 23940 371 167 69 144 120 90 392 47 81 55 353 345 321 112 209 83
is_linear=0
shrinkage=0.05


Tree=79
num_leaves=31
num_cat=0
split_feature=4 18 19 17 2 1 4 17 6 10 15 10 4 7 11 4 14 13 15 1 17 17 14 4 11 12 13 4 2 11
split_gain=20.4565 1.81092 1.52064 1.6339 1.8961 2.34404 1.78074 2.69113 1.25654 1.17816 1.09446 0.815316 0.608496 0.853115 0.1878 0.165455 0.238777 0.234789 0.0712927 0.0525761 0.0155607 0.00323886 0.00106811 0.000727037 0.000207393 7.00674e-05 6.68194e-05 2.05181e-05 7.18062e-06 2.39231e-06
threshold=0.36050541516245488 inf 1.0000000180025095e-35 1.6764500000000001e-13 39.500000000000007 41.500000000000007 0.66822160465819735 0.99999500000000008 0.015659500000000003 284.50000000000006 0.49450000000000005 257.50000000000006 0.99628718642629199 64432530.500000007 0.0017727733058291503 0.14328485885372114 0.029500000000000002 0.080742500000000009 1.3665000000000003 68.500000000000014 0.14213000000000001 1.4964500000000005e-20 0.21550000000000002 0.7219242814777862 0.0049055190797046002 0.24192039835948959 0.74350500000000008 0.76911215303140967 25.500000000000004 0.0034014908155810502
decision_type=2 8 8 10 2 2 2 10 10 10 10 10 2 10 10 2 8 10 10 2 10 10 10 2 10 10 10 2 2 10
left_child=15 2 3 4 -2 11 7 9 12 -5 -11 -6 23 -14 -7 -1 17 -17 20 -16 21 -4 -23 24 -8 -18 27 -24 -25 -30
right_child=1 -3 18 6 5 14 8 -9 -10 10 -12 -13 13 -15 19 16 25 -19 -20 -21 -22 22 26 28 -26 -27 -28 -29 29 -31
leaf_value=-0.050031049748012327 -0.038616367820678621 -0.056392360341792236 0.054847632681025472 0.050746947877143372 -0.058619476064792432 0.075763499591201156 0.052710390018972431 -0.054070118399809602 -0.042065270299312035 -0.025043457821877637 0.033988297055351467 0.0037977276541664275 0.053869510986261498 -0.00024347571384814755 0.033129684491705252 -0.050187863609266664 -0.051809404773185269 0.049904603427809162 0.033705657626230394 0.05315688612149283 0.044236237443237549 0.054154866471257383 0.051315963189220895 0.051121597708397359 0.051464659944068708 -0.05009806953098344 0.05170163907335127 0.050862054045955764 0.050955957852855727 0.050887162534644773
leaf_weight=14.618215598689854 2.3058736696839359 0.7144299191422786 1.6181354941800266 2.2658054772764471 0.78279094770550761 0.75347147136926684 0.81696594692766289 1.420438641682267 0.44844350405037481 1.6264833863824608 1.5179800540208814 1.5775855854153631 1.329899348318577 1.6102662589401004 0.57461954094469525 0.091900496336166593 0.077459664549678564 0.16163518093526363 0.60935322567820538 0.7626558244228363 0.56140059046447266 0.40839594416320357 0.42656757868826367 0.44111835956573475 0.56528912577778101 0.2625215751468204 0.64192266017198552 0.59796851500868797 1.973811089992523 3.5124697061255574
leaf_count=23569 34 18 30 37 8 13 20 12 9 16 36 33 23 20 24 72 4 3 23 25 24 9 19 23 26 292 26 36 109 207
internal_value=-0.001785 0.0222546 0.0241822 0.0190715 -0.00181693 0.0172468 0.0271236 0.00717938 0.0398577 0.0232601 0.00345394 -0.0169022 0.0434419 0.024233 0.0557997 -0.0489803 -0.0231011 0.0136235 0.0497009 0.0445513 0.0519919 0.0531709 0.0518633 0.0511683 0.0522009 -0.050488 0.0513017 0.051051 0.0509275 0.0509119
internal_weight=45.0759 29.8641 29.1497 24.286 6.757 4.45112 17.529 6.83071 10.6983 5.41027 3.14446 2.36038 10.2498 2.94017 2.09075 15.2117 0.593517 0.253536 4.86374 1.33728 4.25439 3.69299 2.07485 7.30965 1.38226 0.339981 1.66646 1.02454 5.9274 5.48628
internal_count=24800 860 842 675 137 103 538 101 437 89 52 41 428 43 62 23940 371 75 167 49 144 120 90 385 46 296 81 55 339 316
is_linear=0
shrinkage=0.05


Tree=80
num_leaves=31
num_cat=0
split_feature=4 4 7 11 10 14 1 1 10 17 2 5 1 6 4 17 17 17 6 4 4 4 4 4 4 4 5 4 4 4
split_gain=19.3761 1.22002 1.20953 1.18943 2.71711 2.06311 1.32081 3.26001 1.54537 1.18686 1.13052 1.01106 0.587426 0.574 0.488312 0.424992 0.0685875 0.0553581 0.0180766 0.0161612 0.00638128 0.00865494 0.004587 0.00269395 0.00213659 0.00121731 0.000743007 0.000717816 0.000450913 0.000444957
threshold=0.46813506261180676 0.14328485885372114 49706872.000000007 0.0041207524358655009 496.50000000000006 0.56150000000000022 60.500000000000007 66.500000000000014 41031.500000000007 0.99999500000000008 54.500000000000007 269.50000000000006 97.500000000000014 0.00067500000000000014 0.14650062145672924 8.4312500000000021e-25 0.99954500000000013 0.99947500000000011 0.00046050000000000003 0.51056338028169035 0.99628718642629199 0.51056338028169035 0.57641196013289042 0.99628718642629199 0.99628718642629199 0.38080925261899745 62.500000000000007 0.68623857328805038 0.69563998830181328 0.7219242814777862
decision_type=2 2 10 10 10 10 2 2 10 10 2 8 2 10 2 8 10 10 10 2 2 2 2 2 2 2 10 2 2 2
left_child=1 -1 10 4 5 9 15 -8 12 13 26 -12 17 16 -13 -5 22 19 20 -9 21 -17 -2 29 27 -4 -3 -21 -23 -24
right_child=3 2 25 6 -6 -7 7 8 -10 -11 11 14 -14 -15 -16 18 -18 -19 -20 24 -22 28 23 -25 -26 -27 -28 -29 -30 -31
leaf_value=-0.050029537970498722 0.056318624045585734 -0.05759075810322916 -0.050787809202341452 0.021307880957504893 -0.04294694137491642 -0.022744720364356544 -0.039217473800493841 0.060066975461025997 -0.039446028851730805 -0.0043181412559748552 0.073193519312170413 0.055880748996407298 -0.00067881482475422089 -0.0063438777465504598 -0.053875493284553627 0.056435567232261577 0.033726583258003512 0.035841655836705455 0.045345390285678681 0.052805381888547498 0.056482181996380547 0.052090501076806961 0.052232609116866426 0.054657409878621936 0.054418103754430541 -0.054422867967184846 -0.053036743087717164 0.050915845494936343 0.050917257852836031 0.050970160913197282
leaf_weight=13.905686926678756 0.75174451991915869 0.12195659469580222 0.31628710374934577 1.3310860758647294 1.8696659663692106 1.9223693981766699 1.8596212323755015 0.83219937235116948 0.59296497981995333 1.4778848420828579 0.76402794732712176 0.14696723688393842 0.60015205573290575 0.4798254258930682 0.32641488587250933 1.0194662548601634 0.52785104047507037 0.4766316208988427 0.855480596423149 0.72035648580640632 1.1387661099433897 1.1639791401103141 1.0516244163736708 0.79314736835658539 0.84113911725580681 0.84728859318420291 0.33723510906565934 1.6629009833559392 2.762777179479599 2.0753939002752304
leaf_count=23569 10 7 229 29 32 31 36 9 8 37 32 2 16 14 55 13 18 24 32 21 17 41 31 15 14 18 65 97 162 116
internal_value=-0.00175191 -0.0439125 -0.0141726 0.0246165 0.0119419 0.0232442 0.0333683 0.0183001 0.0369788 0.0355961 0.0127545 0.0376179 0.0458068 0.0459821 -0.0198003 0.0471875 0.0508107 0.051961 0.0521509 0.0538549 0.0531076 0.0523307 0.0527409 0.0520548 0.0522516 -0.0534348 -0.0542462 0.051487 0.051265 0.0513947
internal_weight=43.5729 16.7659 2.86018 26.807 10.9495 9.07984 15.8575 7.58597 5.72634 7.15747 1.6966 1.23741 5.13338 5.67959 0.473382 8.27156 5.19976 4.53323 6.94047 4.0566 6.08499 4.94622 4.67191 3.92017 3.2244 1.16358 0.459192 2.38326 3.92676 3.12702
internal_count=24800 23977 408 823 304 272 519 225 189 241 161 89 181 204 57 294 190 165 265 141 233 216 172 162 132 247 72 118 203 147
is_linear=0
shrinkage=0.05


Tree=81
num_leaves=31
num_cat=0
split_feature=4 18 19 17 7 4 17 8 4 4 10 17 1 1 4 12 15 17 17 17 14 4 11 13 4 2 11 17 10 7
split_gain=18.2732 1.67521 1.48838 1.5202 1.75478 1.69193 2.34027 1.64257 2.80539 1.28249 1.07988 0.991257 0.93203 0.596039 0.152179 0.221236 0.070723 0.0159342 0.00278285 0.00273297 0.000894363 0.000605924 0.000183971 5.06755e-05 1.49582e-05 6.67857e-06 3.23123e-06 2.30926e-06 1.43343e-06 9.79078e-07
threshold=0.36050541516245488 inf 1.0000000180025095e-35 1.6764500000000001e-13 53784244.000000007 0.66822160465819735 0.99999500000000008 60616349.000000007 0.72881554307116125 0.99628718642629199 284.50000000000006 0.0066234500000000012 42.500000000000007 60.500000000000007 0.14328485885372114 0.33383349690081193 1.3665000000000003 0.14213000000000001 3.0038500000000009e-17 1.4964500000000005e-20 0.21550000000000002 0.7219242814777862 0.0049055190797046002 0.74350500000000008 0.76911215303140967 25.500000000000004 0.0035543972361845003 0.99999500000000008 96.500000000000014 11198456.500000002
decision_type=2 8 8 10 10 2 8 10 2 2 10 10 2 2 2 10 10 10 10 10 10 2 10 10 2 2 10 10 10 10
left_child=14 2 3 4 12 6 10 -6 -9 21 -5 -12 -2 -11 -1 -16 17 19 -10 -4 -21 22 -7 24 -22 -23 27 28 -27 -28
right_child=1 -3 16 5 7 9 -8 8 18 13 11 -13 -14 -15 15 -17 -18 -19 -20 20 23 25 -24 -25 -26 26 29 -29 -30 -31
leaf_value=-0.050028095734582126 0.00071558007465071275 -0.056057711553603555 0.054564810601367843 0.049350796712831158 -0.072838738787757706 0.052553666676411287 -0.050957739478152603 -0.048416900135735387 0.051174909768585089 0.031275586910120633 0.038189737365009642 -0.02037855907778512 0.059829383656581192 -0.012908432034736081 0.014124200577913325 -0.050106126999233905 0.033046375175134673 0.043597769201102345 0.056019420291931438 0.053899133371655195 0.051192645977694295 0.051047526639610097 0.051349888359146806 0.051547877061454507 0.050786963549946766 0.050808939647458785 0.050893105377906069 0.050975997514895358 0.050911977829288108 0.050802248296277046
leaf_weight=13.227869976370126 1.394249279052022 0.68415568303317087 1.5267761163413558 2.1151088597252992 1.1812708210200074 0.7649722583591918 1.4008647631853817 1.4998407475650313 0.76298512518405892 1.7911761552095415 1.1946397637948396 1.8277267273515461 1.277986238710582 1.3300676271319387 0.23068182193674225 0.32009274745360017 0.57944456674158562 0.52016804553568352 0.48478265572339296 0.37867126148194064 0.38855156395584323 0.43033605813980091 0.54246289096772671 0.58751004841178656 0.54723522532731295 0.71753816679120042 0.33063540700823102 0.58896984811872233 0.63735200557857752 2.8728734767064452
leaf_count=23569 31 18 30 37 9 20 12 15 38 25 27 25 34 20 9 362 23 24 10 9 19 24 27 26 36 46 20 32 37 186
internal_value=-0.00171886 0.0212325 0.0231432 0.0180143 -0.00227206 0.0261083 0.0063279 -0.0235327 -0.00233465 0.0390332 0.0219483 0.00277152 0.0289865 0.0124473 -0.0489559 -0.0232044 0.0493586 0.0517522 0.0530571 0.0529893 0.0517245 0.0510854 0.0520542 0.0511839 0.0509554 0.0508583 0.0508425 0.0508933 0.0508574 0.0508116
internal_weight=42.137 28.3584 27.6742 23.1458 6.60111 16.5447 6.53834 3.92888 2.74761 10.0064 5.13748 3.02237 2.67224 3.12124 13.7786 0.550775 4.52836 3.94891 1.24777 3.42874 1.90197 6.88514 1.30744 1.5233 0.935787 5.5777 5.14737 1.94386 1.35489 3.20351
internal_count=24800 860 842 675 137 538 101 72 63 437 89 52 65 45 23940 371 167 144 48 120 90 392 47 81 55 345 321 115 83 206
is_linear=0
shrinkage=0.05


Tree=82
num_leaves=31
num_cat=0
split_feature=4 11 10 7 2 4 14 19 14 15 4 7 2 5 1 13 4 4 7 7 4 4 6 4 4 4 4 5 7 2
split_gain=17.2989 1.17265 2.00915 1.8822 1.54274 1.37245 1.6304 1.56008 1.82691 2.74372 1.14179 1.09766 1.03255 0.885385 0.798022 1.30269 1.68783 0.456698 0.151775 0.0805963 0.0647411 0.0217295 0.0410042 0.0126028 0.00259904 0.00257379 0.000966297 0.000766501 0.000331904 0.000125912
threshold=0.46813506261180676 0.025979923956329753 5989.5000000000009 1982864.0000000002 27.500000000000004 0.71432308209708173 0.075500000000000012 1.0000000180025095e-35 0.57550000000000001 0.49450000000000005 0.14328485885372114 49706872.000000007 54.500000000000007 269.50000000000006 43.500000000000007 0.50821000000000016 0.99628718642629199 0.14650062145672924 24515760.500000004 96509771.500000015 0.79198717948717967 0.51056338028169035 0.00037350000000000008 0.99628718642629199 0.99628718642629199 0.99628718642629199 0.38080925261899745 62.500000000000007 471393.50000000006 28.500000000000004
decision_type=2 10 8 10 2 2 8 8 8 10 2 10 2 8 2 10 2 2 10 10 2 2 10 2 2 2 2 10 10 2
left_child=10 2 3 -2 -3 6 -5 8 9 -8 -1 12 27 -14 15 20 19 -15 -16 -17 -7 -6 24 -20 -23 -22 -13 -12 -19 -29
right_child=1 4 -4 5 21 14 7 -9 -10 -11 11 26 13 17 18 16 -18 28 23 -21 25 22 -24 -25 -26 -27 -28 29 -30 -31
leaf_value=-0.050026722543785568 -0.056176938069813602 -0.0023065297737900939 -0.05576760164516717 0.055363122008152327 0.05848357649557645 0.03124630294786275 -0.047962282691222956 0.042489651185826809 -0.069290771183478192 0.05266183812880202 -0.057554601122219287 -0.050794402611923209 0.068941064624888845 0.054990655160623764 0.027534583837080323 0.051085194166369301 -0.052184468927041608 -0.056089099603710682 0.050915260668035804 0.020859399792640683 0.050821473384734708 0.051008670002877676 0.034090090001904189 0.056547082162013887 0.053790957381606878 0.054974132874013405 -0.054146332426654259 -0.05394615113495832 -0.052558918235406649 -0.051947404464671193
leaf_weight=12.583075943344737 0.76470074895770324 1.6904239645227779 0.91147843934595485 1.3730447255075002 1.0002004243433473 0.47044257540255641 1.3516740286722781 1.2724955240264533 1.3184641301631925 1.3581268601119516 0.12080301047535558 0.29495175968622767 0.74755929375532981 0.14053669990971696 0.68825914803892363 0.59054373111575853 1.0591787919402122 0.09677569568157196 3.088355990126729 0.35200849361717701 1.0346649941056965 3.5614840844646096 0.35735839884728182 1.4643783736973999 1.0981764830648897 0.58359116688370694 0.79331185622140765 0.14685926615493372 0.21340821037301794 0.17000657512107864
leaf_count=23569 9 32 10 26 11 23 15 28 9 38 7 229 32 2 31 32 7 1 189 17 66 209 17 24 21 9 18 13 54 52
internal_value=-0.00168961 0.0236224 0.0165278 0.0204572 0.0398977 0.0241186 0.00680551 -0.00577227 -0.0210178 0.00246959 -0.0436728 -0.0143243 0.0115618 0.0355686 0.0365009 0.0199498 -0.0088733 -0.0197825 0.0494184 0.039797 0.0475728 0.0517542 0.0504126 0.0527267 0.0516644 0.052319 -0.0532379 -0.0541657 -0.0536603 -0.0528738
internal_weight=40.6963 25.3891 17.6814 16.7699 7.70764 16.0052 6.67381 5.30076 4.02827 2.7098 15.3073 2.72421 1.63595 1.19828 9.33142 4.09043 2.00173 0.450721 5.24099 0.942552 2.0887 6.01722 5.01702 4.55273 4.65966 1.61826 1.08826 0.437669 0.310184 0.316866
internal_count=24800 823 533 523 290 514 116 90 62 53 23977 408 161 89 398 154 56 57 244 49 98 258 247 213 230 75 247 72 55 65
is_linear=0
shrinkage=0.05


Tree=83
num_leaves=31
num_cat=0
split_feature=4 18 19 17 7 4 17 7 4 4 10 15 1 1 4 11 15 17 17 17 14 4 11 13 4 2 7 11 17 10
split_gain=16.3488 1.58061 1.42183 1.35946 1.58533 1.56019 2.01746 1.46207 2.46124 1.2855 0.988973 0.876811 0.852732 0.556045 0.145091 0.206051 0.0705407 0.016287 0.00230958 0.0020455 0.000674627 0.000476436 0.000160506 3.68766e-05 1.21786e-05 6.00001e-06 5.46902e-06 2.84262e-06 2.26659e-06 1.03389e-06
threshold=0.36050541516245488 inf 1.0000000180025095e-35 1.6764500000000001e-13 53784244.000000007 0.66822160465819735 0.99999500000000008 60800978.500000007 0.72881554307116125 0.99628718642629199 284.50000000000006 0.49450000000000005 42.500000000000007 60.500000000000007 0.14328485885372114 0.19849856688470727 1.3665000000000003 0.14213000000000001 1.4964500000000005e-20 3.0038500000000009e-17 0.21550000000000002 0.7219242814777862 0.0044608234654607507 0.74350500000000008 0.76911215303140967 26.500000000000004 216989211.50000003 0.0035543972361845003 0.99999500000000008 96.500000000000014
decision_type=2 8 8 10 10 2 10 10 2 2 10 10 2 2 2 10 10 10 10 10 10 2 10 10 2 2 10 10 8 10
left_child=14 2 3 4 12 6 10 -6 -9 21 -5 -12 -2 -11 -1 26 17 18 -4 -10 -20 22 -7 24 -22 -23 -16 28 29 -27
right_child=1 -3 16 5 7 9 -8 8 19 13 11 -13 -14 -15 15 -17 -18 -19 20 -21 23 25 -24 -25 -26 27 -28 -29 -30 -31
leaf_value=-0.050025421416133344 0.00092272979812734162 -0.055917537291222869 0.054284524397823775 0.048072012693922916 -0.070615648177494925 0.052389454985418617 -0.047691703162486714 -0.044612955065337856 0.05107012143695229 0.030046261248334694 -0.023057920920768873 0.032011464990584194 0.058616819561717083 -0.01322902739146677 -0.050089566237586258 0.013579968737947598 0.032232845777903578 0.04291818779020707 0.05353712233209889 0.055410547926168632 0.051095661969474876 0.050956518685147889 0.051225295833795093 0.051401371508229626 0.050712387455956444 0.050734200821353048 -0.050881399357503902 0.050734223169770193 0.050900103308263861 0.050825953576573574
leaf_weight=11.969695593172215 1.3664838587865262 0.66222762805409985 1.4274897472932968 1.9870532685890783 1.1276331301778557 0.68590978160500327 1.3734638672322033 1.5048566535115244 0.69581565912812926 1.7161798700690272 1.569074083119631 1.3401846019551156 1.2054295055568216 1.3080374188721178 0.27414236933691505 0.2208714687731117 0.54676345176994789 0.48087128438055504 0.34849377814680327 0.4450599942356348 0.35561224538832881 0.4485998274758457 0.52094879280775785 0.53665859624743462 0.49682234413921833 0.65322482585906938 0.023690749891102314 2.8647536681964993 0.54085860494524252 0.57931435480713844
leaf_count=23569 31 18 30 37 9 19 12 15 38 25 16 36 34 20 345 18 23 24 9 10 19 27 28 26 36 46 8 203 32 37
internal_value=-0.00165773 0.0203681 0.0223018 0.0172019 -0.00230863 0.0251441 0.00585994 -0.0229419 -0.00262298 0.03812 0.0208817 0.00231045 0.0279634 0.0113288 -0.0489035 -0.0230144 0.0489803 0.0514918 0.0527944 0.0527633 0.0515702 0.0509938 0.0518869 0.0510767 0.0508723 0.0507819 -0.0501526 0.050765 0.0508148 0.0507773
internal_weight=39.2762 26.7878 26.1256 21.9329 6.34528 15.5876 6.26978 3.77337 2.64573 9.31783 4.89631 2.90926 2.57191 3.02422 12.4884 0.518705 4.19271 3.64595 3.16508 1.14088 1.73759 6.29361 1.20686 1.38909 0.852435 5.08675 0.297833 4.63815 1.7734 1.23254
internal_count=24800 860 842 675 137 538 101 72 63 437 89 52 65 45 23940 371 167 144 120 48 90 392 47 81 55 345 353 318 115 83
is_linear=0
shrinkage=0.05


Tree=84
num_leaves=31
num_cat=0
split_feature=4 18 19 17 17 17 2 5 17 13 10 11 15 17 4 7 2 5 7 4 4 17 17 4 4 4 4 4 4 4
split_gain=15.4836 1.46184 1.42104 1.78777 1.90051 1.28087 2.14208 2.08808 1.25708 2.47671 1.21657 1.74741 1.66435 1.71213 1.06215 0.991233 0.939278 0.792507 0.596045 0.430386 0.00792154 0.00252645 0.00228637 0.00214927 0.00174376 0.00126708 0.00118281 0.00103165 0.000852735 0.000773384
threshold=0.46813506261180676 inf 1.0000000180025095e-35 1.6764500000000001e-13 6.0299500000000012e-26 3.1047500000000005e-24 28.500000000000004 103.50000000000001 0.0031299000000000006 0.12902000000000002 170.50000000000003 0.0037336898812398503 0.51550000000000018 0.34208000000000005 0.14328485885372114 49706872.000000007 54.500000000000007 269.50000000000006 1982864.0000000002 0.14650062145672924 0.62284482758620696 2.6097500000000002e-16 1.4990000000000003e-30 0.89361934419496769 0.51056338028169035 0.99628718642629199 0.6658887592376509 0.51056338028169035 0.43154493343989836 0.38080925261899745
decision_type=2 8 8 10 8 8 2 10 8 8 10 10 10 8 2 10 2 8 10 2 2 10 10 2 2 2 2 2 2 2
left_child=14 2 3 4 23 -6 -7 -8 24 18 -11 -12 13 -13 -1 16 28 -18 -10 -19 -20 -9 -4 -2 -5 -26 -22 -24 -16 -17
right_child=1 -3 22 8 5 6 7 21 9 10 11 12 -14 -15 15 29 17 19 20 -21 26 -23 27 -25 25 -27 -28 -29 -30 -31
leaf_value=-0.050024178852784373 0.051745576074017252 -0.056170544004130789 0.054190802272753573 0.054171482218310529 -0.062219610390462671 -0.072364255753134252 -0.041477377086578227 0.051977947929743522 0.0049378902153480149 0.051367900575875682 -0.067564724737963752 -0.081560624086390476 0.055245239595633003 0.015791295386179505 -0.052692047596317508 -0.050795694733605401 0.065207624379404708 0.054151885612819556 0.057707816752590471 -0.053575868494097248 0.054141681635630302 0.056012847671691651 0.053688542902626646 0.056186054569263157 0.050998854589572484 0.053283868165101493 0.051244031225960711 0.051101176800929828 -0.057735872656786064 -0.053900018114885442
leaf_weight=11.386202005203812 0.69312821328640228 0.57259591668844478 1.1711691813543468 0.77376658841967305 1.2309146914631126 0.82987013459205661 0.89157757721841369 1.0234634876251218 0.78709086216986079 0.77748956531286317 1.2009443147107957 0.76306807249784481 1.0286380806937812 1.1065845862030983 0.30162914702668731 0.27483147726161383 0.72797771904151853 0.13435612339526426 0.62803667411208186 0.29913078353274614 0.3998255226761106 0.62479742616415013 0.46530268713831935 0.44904652703553438 2.5672769919037823 0.79442866519093502 2.9552212981507182 2.2396555468440056 0.11603468656539917 0.74313867441378534
leaf_count=23569 33 7 25 14 9 8 12 43 10 38 14 10 35 36 71 229 32 2 7 55 9 13 8 13 162 16 170 131 1 18
internal_value=-0.00162867 0.0227604 0.0246917 0.0192019 -0.00423654 -0.0185684 -0.00262308 0.0201642 0.0289682 0.0190814 -0.00597491 -0.016851 0.00416295 -0.0239413 -0.0434429 -0.014589 0.0102122 0.0333365 0.0446973 -0.0201864 0.0525541 0.0535074 0.0523453 0.0534914 0.0520314 0.0515388 0.0515893 0.0515463 -0.0540933 -0.0530619
internal_weight=37.9572 23.9739 23.4013 19.5252 5.7428 4.60062 3.36971 2.53984 13.7824 9.6469 4.87672 4.09924 2.89829 1.86965 13.9833 2.5971 1.57913 1.16146 4.77017 0.433487 3.98308 1.64826 3.87613 1.14217 4.13547 3.36171 3.35505 2.70496 0.417664 1.01797
internal_count=24800 823 816 652 131 85 76 68 521 329 133 95 81 46 23977 408 161 89 196 57 186 56 164 46 192 178 179 139 72 247
is_linear=0
shrinkage=0.05


Tree=85
num_leaves=31
num_cat=0
split_feature=4 18 19 14 13 17 17 5 14 14 6 18 11 4 17 4 11 2 4 14 13 17 2 4 4 1 4 4 17 4
split_gain=14.6497 1.39702 1.32382 1.2679 1.42465 1.97261 1.87873 1.35986 2.01364 1.32293 1.13408 0.859863 0.674212 1.58013 0.551745 0.839637 0.881117 0.164225 0.138279 0.194284 0.1879 0.0807708 0.0779841 0.0708956 0.0219503 0.021652 0.0117936 0.00630018 0.0018204 0.00104215
threshold=0.36050541516245488 inf 1.0000000180025095e-35 0.061500000000000006 0.27484000000000003 1.6764500000000001e-13 0.34208000000000005 103.50000000000001 0.50350000000000017 0.093500000000000014 1.0551650000000001e-05 2.0000000000000004 0.0025901346973941004 0.66822160465819735 7.7715500000000019e-05 0.46813506261180676 0.0039322517042124508 36.500000000000007 0.14328485885372114 0.029500000000000002 0.080742500000000009 1.4406000000000005e-17 35.500000000000007 0.51056338028169035 0.62284482758620696 56.500000000000007 0.51056338028169035 0.99628718642629199 1.4990000000000003e-30 0.99628718642629199
decision_type=2 8 8 8 10 10 8 10 10 10 10 10 10 2 10 2 10 2 2 8 10 10 2 2 2 2 2 2 10 2
left_child=18 2 3 12 6 7 -5 -6 -9 10 -8 21 13 -2 26 -16 -17 -12 -1 20 -20 25 -14 -4 -24 -10 -7 -18 -25 -28
right_child=1 -3 23 4 5 14 9 8 11 -11 17 -13 22 -15 15 16 27 -19 19 -21 -22 -23 24 28 -26 -27 29 -29 -30 -31
leaf_value=-0.050022998695505638 -0.045665774728983866 -0.055311523950105516 0.034777668194786115 -0.065311497633266699 -0.051165079848885853 0.058475577777214793 0.042398300382088999 -0.036033357206976001 0.051633096809556814 0.052360621154837819 -0.05198611552533508 -0.0097042972130647383 0.035171854557211883 0.051439368980004729 -0.054859973700231136 -0.017376554695617396 0.051189945234389939 -0.021696910853689761 -0.050166260230386443 -0.050420356480873091 0.048148871404703648 0.06859268174120968 0.061212198285273092 0.053686506652525869 0.051843471477487996 0.03721591539460381 0.050863711224727028 0.057843202602032878 0.05104723613368875 0.053174720642535304
leaf_weight=10.831139597401485 0.69001101795584219 0.60689894296229141 0.75738551467657389 1.2711784029379476 1.134711324237285 0.79698420688509974 0.64898800384253341 1.4693705355748532 0.82217712141573451 1.0582392280921338 0.77565544564276923 0.70961865782737721 0.58865929860621724 1.0663976818323133 0.3119299411773685 0.61368165072053704 0.90249330457299926 1.0578045677393673 0.075431340141222658 0.27691289264475927 0.13662159303203225 0.68318013288080681 0.9835772626101974 0.94189335033297572 1.7158833369612692 0.38115003425627947 1.8152795424684884 0.58740297332406044 2.1326206475496292 0.66709835268557061
leaf_count=23569 12 18 13 20 17 10 29 22 37 37 13 10 25 55 4 20 54 27 72 296 3 11 9 23 97 20 125 7 131 14
internal_value=-0.00160264 0.0196291 0.0214791 0.0164932 0.0094891 0.0194965 -0.0131697 -0.00276772 0.0107403 0.00555024 -0.0144045 0.0372136 0.0383016 0.0132913 0.0398268 0.021693 0.0330447 -0.0345109 -0.0488488 -0.02284 0.0131763 0.054862 0.0516613 0.0484803 0.0552571 0.0470665 0.0531837 0.053813 0.0518558 0.0514848
internal_weight=36.5104 25.1903 24.5834 20.7515 15.7069 10.8951 4.81187 5.20021 4.0655 3.54069 2.48245 2.59613 5.04453 1.75641 5.69487 2.41551 2.10358 1.83346 11.3201 0.488966 0.212053 1.88651 3.28812 3.8319 2.69946 1.20333 3.27936 1.4899 3.07451 2.48238
internal_count=24800 860 842 675 477 351 126 117 100 106 69 78 198 67 234 85 81 40 23940 371 75 68 131 167 106 57 149 61 154 139
is_linear=0
shrinkage=0.05


Tree=86
num_leaves=31
num_cat=0
split_feature=4 11 10 7 2 4 7 7 17 4 7 2 11 1 13 4 5 4 7 7 2 4 6 4 4 4 4 4 4 7
split_gain=13.8697 1.07126 1.59362 1.66585 1.39858 1.2239 1.41645 1.9168 1.58624 0.987461 0.882718 0.858913 0.831816 0.735977 1.16743 1.43872 0.689389 0.390598 0.13722 0.0719566 0.0517677 0.0163138 0.0372788 0.00774893 0.00272747 0.00189157 0.00162737 0.000645217 0.000570152 0.000211903
threshold=0.46813506261180676 0.025979923956329753 5989.5000000000009 1982864.0000000002 27.500000000000004 0.71432308209708173 38749790.500000007 47408374.000000007 2.4121500000000004e-14 0.14328485885372114 49706872.000000007 54.500000000000007 0.00097275453497910013 43.500000000000007 0.50821000000000016 0.99628718642629199 269.50000000000006 0.14650062145672924 24515760.500000004 96509771.500000015 33.500000000000007 0.51056338028169035 0.00037350000000000008 0.99628718642629199 0.51056338028169035 0.99628718642629199 0.99628718642629199 0.43154493343989836 0.38080925261899745 471393.50000000006
decision_type=2 8 10 8 2 2 10 10 10 2 8 2 10 2 10 2 8 2 10 10 2 2 10 2 2 2 2 2 2 10
left_child=9 2 3 -2 -3 6 -5 -8 -9 -1 11 27 -10 14 20 19 -13 -18 -15 -16 -7 -6 26 -20 -14 -22 -23 -11 -12 -19
right_child=1 4 -4 5 21 13 7 8 12 10 28 16 24 18 15 -17 17 29 23 -21 25 22 -24 -25 -26 -27 -28 -29 -30 -31
leaf_value=-0.050021877109233615 -0.053105826689523121 -0.0024668680536726168 -0.050950209223307869 0.053697113804326083 0.057618579183024335 0.032191641017249757 -0.064848391836677441 -0.030878740829296248 -0.014327454117507936 -0.052637950703771544 -0.050763977275179173 0.061596652878921923 0.055831628348604702 0.02665266361733163 0.05097850793566229 -0.050344809263129231 0.052963293057436779 -0.055333390248834172 0.050776922342455816 0.020267142646636468 0.05069161913907784 0.050861656965831517 0.033273584257771972 0.05552224018865607 0.051831315891285069 0.054692869745729435 0.053238560104083232 -0.057145163892519973 -0.053541331770936812 -0.052359493405358982
leaf_weight=10.303124126337933 0.76521114818751712 1.5735813425853837 0.86769385263323862 1.2278463644906885 0.87785862758755673 0.43733850773423766 1.0888203177601097 1.4371428638696673 0.60976916272193227 0.2895579434698442 0.2533250334963667 0.70329958572983708 0.7645298223942516 0.59976306278258551 0.50710436049848773 0.98977591097354889 0.12537750927731406 0.087096124887466431 2.5960463574156165 0.30570606421679258 0.91613373905420281 3.0047238403931265 0.30444613657891739 1.286701297387481 0.96258434467017651 0.43591797724366188 0.94710440933704365 0.10940147191286087 0.68297700327821076 0.19182821156573482
leaf_count=23569 9 32 10 32 11 21 9 15 12 71 229 32 11 31 32 7 2 1 189 17 70 209 17 24 37 7 21 1 18 54
internal_value=-0.00157054 0.0220317 0.0149235 0.0187519 0.0387728 0.0226336 0.00571149 -0.00640466 0.0104566 -0.0432453 -0.0146643 0.00903014 0.0358771 0.0353983 0.0185351 -0.0098652 0.0316883 -0.0203386 0.0489112 0.0394277 0.0471449 0.0514125 0.0501325 0.0523495 0.0536021 0.0519817 0.0514313 -0.0538739 -0.0527899 -0.0532881
internal_weight=35.2518 22.5058 15.7981 14.9304 6.70771 14.1652 6.09069 4.86285 3.77403 12.746 2.44286 1.50656 2.33688 8.07449 3.59198 1.80259 1.1076 0.404302 4.48251 0.81281 1.78939 5.13413 4.25627 3.88275 1.72711 1.35205 3.95183 0.398959 0.936302 0.278924
internal_count=24800 823 533 523 290 514 116 84 75 23977 408 161 60 398 154 56 89 57 244 49 98 258 247 213 48 77 230 72 247 55
is_linear=0
shrinkage=0.05


Tree=87
num_leaves=31
num_cat=0
split_feature=4 18 19 8 4 4 7 1 6 17 5 5 15 2 4 12 15 17 17 14 17 2 2 13 4 1 11 7 14 14
split_gain=13.1264 1.30476 1.27888 1.36908 1.3363 2.42058 1.498 1.44131 1.58647 1.49365 1.36734 1.32053 0.382188 0.342816 0.126632 0.179776 0.0725544 0.0171364 0.00162556 0.000387402 4.25015e-05 2.76449e-05 2.15484e-05 1.98969e-05 7.50953e-06 6.67069e-06 3.08086e-06 2.41005e-06 8.28397e-07 1.33211e-06
threshold=0.36050541516245488 inf 1.0000000180025095e-35 980567.00000000012 0.71432308209708173 0.99628718642629199 53784244.000000007 39.500000000000007 6.226760000000002e-05 2.4121500000000004e-14 396.50000000000006 1448.5000000000002 0.24650000000000002 58.500000000000007 0.14328485885372114 0.33383349690081193 1.3665000000000003 0.14213000000000001 1.4964500000000005e-20 0.20150000000000004 4.6796000000000005e-15 25.500000000000004 37.500000000000007 0.74350500000000008 0.76911215303140967 35.500000000000007 0.0039322517042124508 37250945.500000007 0.24350000000000002 0.071500000000000008
decision_type=2 8 8 10 2 2 10 2 10 8 10 10 10 2 2 10 10 10 10 8 8 2 2 10 2 2 10 8 10 8
left_child=14 2 3 -2 7 20 -7 13 9 -9 -11 -12 -10 -5 -1 -16 17 18 -4 -20 22 -22 -6 24 -21 -24 27 -23 29 -28
right_child=1 -3 16 4 5 6 -8 8 12 10 11 -13 -14 -15 15 -17 -18 -19 19 23 21 26 25 -25 -26 -27 28 -29 -30 -31
leaf_value=-0.050020807647471847 -0.079319832586485256 -0.055140773595384773 0.053764791319609255 0.051728342218666817 0.051297502803314465 0.040289507468328684 -0.021563255694773381 -0.076013282764382475 0.00062228498962918152 0.045757491830397012 -0.074225624415046182 0.0039400282469890619 0.040915541613060588 0.014909427983268109 0.013494801821577055 -0.050097234908154736 0.030065249230070364 0.041431731600695965 0.052922553252027972 0.050913354930449045 0.051069092031877039 0.050795804180122466 0.051034073257739093 0.051148691369555722 0.050582511555826909 0.050750100745112159 0.050595905421583626 0.050661625090181434 0.050573360554573378 0.050689513271712408
leaf_weight=9.8008385715074802 0.3719671349972512 0.58127374108881014 1.2495376467704811 1.4328695777803679 0.43316261284053126 1.5460693426430223 2.6683640796691179 1.1437890203669665 1.0291690444573762 0.82946514151990447 0.94524181820452247 1.2613403676077721 1.3744656993076203 1.1314016049727795 0.19351996667683202 0.26107592799235135 0.47770603466778983 0.40657510142773379 0.29340724926441875 0.29577206540852785 0.42598795145750035 0.4633194878697392 0.3472232548519969 0.44475859776139259 0.40827452391386032 0.51137405447661877 0.95800744835287344 1.2050789538770914 0.91730661131441582 0.62999470531940471
leaf_count=23569 4 18 30 29 19 28 30 12 17 22 9 34 25 24 9 362 23 24 9 19 26 32 19 26 36 37 83 95 82 48
internal_value=-0.00154023 0.0188491 0.0207028 0.0156919 0.0175275 0.0300599 0.0011275 0.0036824 -0.00870406 -0.0273169 -0.00897127 -0.0295441 0.0236631 0.0354832 -0.0488242 -0.0230263 0.048203 0.0509996 0.0524447 0.051301 0.0507566 0.0506854 0.05101 0.0508869 0.0507215 0.0508649 0.0506462 0.0506989 0.0506112 0.050633
internal_weight=34.0383 23.7829 23.2016 19.6256 19.2536 10.1059 4.21443 9.14774 6.58347 4.17984 3.03605 2.20658 2.40363 2.56427 10.2554 0.454596 3.57603 3.09833 2.69175 1.44221 5.89146 4.5997 1.29176 1.14881 0.704047 0.858597 4.17371 1.6684 2.50531 1.588
internal_count=24800 860 842 675 671 499 58 172 119 77 65 43 42 53 23940 371 167 144 120 90 441 366 75 81 55 56 340 127 213 131
is_linear=0
shrinkage=0.05


Tree=88
num_leaves=31
num_cat=0
split_feature=4 11 10 7 2 4 14 19 14 15 4 7 2 1 13 4 5 4 7 7 2 19 17 4 4 4 4 4 4 7
split_gain=12.4305 0.997258 1.42892 1.43382 1.37201 1.1251 1.32801 1.18887 1.19748 2.0973 0.913672 0.825776 0.814362 0.725776 1.11652 1.28728 0.589034 0.359955 0.138211 0.0703036 0.0524044 0.0146494 0.0258324 0.00924482 0.00677295 0.00164161 0.00106985 0.00062151 0.000502715 0.000134627
threshold=0.46813506261180676 0.025979923956329753 5989.5000000000009 1982864.0000000002 27.500000000000004 0.71432308209708173 0.075500000000000012 1.0000000180025095e-35 0.57550000000000001 0.49450000000000005 0.14328485885372114 49706872.000000007 54.500000000000007 43.500000000000007 0.50821000000000016 0.99628718642629199 269.50000000000006 0.14650062145672924 24515760.500000004 96509771.500000015 33.500000000000007 2.0000000000000004 0.00053218500000000001 0.51056338028169035 0.99628718642629199 0.99628718642629199 0.99628718642629199 0.43154493343989836 0.38080925261899745 471393.50000000006
decision_type=2 8 10 8 2 2 8 8 8 10 2 8 2 2 10 2 8 2 10 10 2 8 10 2 2 2 2 2 2 10
left_child=10 2 3 -2 -3 6 -5 8 9 -8 -1 12 27 14 20 19 -14 -18 -15 -16 -7 23 -23 -6 -20 -22 -25 -12 -13 -19
right_child=1 4 -4 5 21 13 7 -9 -10 -11 11 28 16 18 15 -17 17 29 24 -21 25 22 -24 26 -26 -27 -28 -29 -30 -31
leaf_value=-0.050019795533221258 -0.048222708124077716 -0.0032482522548720966 -0.048392795597652812 0.054192658877011496 0.057444335330010726 0.031317377379344445 -0.041874849988321028 0.041438474383904439 -0.05764949766164526 0.052187541781675485 -0.052559547707892076 -0.050771752498877679 0.058862280620617893 0.025661405347616975 0.050885595520326038 -0.04826229931337802 0.052215836792089146 -0.05466148099259998 0.050702605363626474 0.019419842354114283 0.050625090653727979 0.051472061167226205 0.033258429512492672 0.050816320660690528 0.055285293673641003 0.054476182744481176 0.053049124911969836 -0.057030134910952296 -0.053457750060838805 -0.052166483366623245
leaf_weight=9.3230303915333916 0.7724493807181706 1.5292252730578173 0.85923282895237285 1.1258079400286076 0.76540245488286052 0.41095429472625289 1.2783424891531474 1.0243358509615061 1.3189661391079424 1.1047449018806217 0.27699855461833012 0.23688616242725391 0.68012478994205561 0.56492361053824414 0.46017852891236521 0.98263030499219894 0.11973313009366404 0.07800661027431488 2.3534887917339802 0.28900240175426006 0.83009764458984114 0.57921542320400465 0.29323207680135965 2.4232259737327699 1.2264098990708592 0.41509919986128807 0.68903828412294377 0.10807490348815918 0.6583029564935714 0.17617588653229177
leaf_count=23569 9 32 10 26 10 21 15 28 9 38 71 229 32 31 32 7 2 1 189 17 70 34 16 181 24 7 17 1 18 54
internal_value=-0.00150926 0.0212111 0.0142143 0.018014 0.0379433 0.0218366 0.00538998 -0.00623463 -0.0194255 0.00173033 -0.0430155 -0.0150408 0.00841406 0.0346139 0.0174475 -0.0106219 0.031148 -0.0192623 0.0486456 0.0387474 0.0467994 0.0512043 0.0453504 0.0525214 0.0522726 0.0519089 0.0513107 -0.0538143 -0.052747 -0.0529322
internal_weight=32.9533 21.296 15.0167 14.1574 6.27934 13.385 5.8522 4.72639 3.70205 2.38309 11.6573 2.3343 1.43911 7.53278 3.38796 1.73181 1.05404 0.373916 4.14482 0.749181 1.65615 4.75011 0.872448 3.87767 3.5799 1.2452 3.11226 0.385073 0.895189 0.254182
internal_count=24800 823 533 523 290 514 116 90 62 53 23977 408 161 398 154 56 89 57 244 49 98 258 50 208 213 77 198 72 247 55
is_linear=0
shrinkage=0.05


Tree=89
num_leaves=31
num_cat=0
split_feature=4 18 19 14 13 17 17 7 6 7 6 4 5 17 14 6 4 4 4 5 4 17 7 4 4 5 4 4 4 2
split_gain=11.7479 1.23354 1.22109 1.15096 1.23183 1.78465 1.46161 1.49687 1.1937 1.22427 0.86962 0.617519 0.587271 0.518071 0.756822 0.246398 0.120382 0.168216 0.074304 0.042154 0.00652598 0.0014059 0.00103597 0.000828058 0.000720073 0.000287309 0.000124278 0.000168079 6.10959e-05 5.72895e-05
threshold=0.36050541516245488 inf 1.0000000180025095e-35 0.061500000000000006 0.26870000000000005 1.6764500000000001e-13 0.34208000000000005 47077824.000000007 5.6500000000000011e-05 44333128.500000007 2.3746200000000003e-05 0.65360989230155575 11471.000000000002 7.7715500000000019e-05 0.28250000000000003 0.00013750000000000001 0.14328485885372114 0.14650062145672924 0.51056338028169035 2130.5000000000005 0.51056338028169035 1.4990000000000003e-30 7649275.5000000009 0.99628718642629199 0.90310315213354275 540.50000000000011 0.7219242814777862 0.96659078680740584 0.73590618877067915 31.500000000000004
decision_type=2 8 8 8 8 10 10 10 10 10 10 2 10 10 10 8 2 2 2 10 2 10 10 2 2 10 2 2 2 2
left_child=16 2 3 11 6 8 -5 -8 9 -6 12 -2 -11 20 24 -10 -1 -18 -4 25 -7 -20 -13 -22 28 -9 -24 -28 -15 -23
right_child=1 -3 18 4 5 13 7 19 15 10 -12 22 -14 14 -16 -17 17 -19 21 -21 23 29 26 -25 -26 -27 27 -29 -30 -31
leaf_value=-0.050018826141358025 0.012823634845676357 -0.055023382548868842 0.03324420433852824 -0.061225923323011966 0.029810433610702465 0.056967338084471845 -0.032363450502293022 0.051280030404925861 0.055221717983282639 0.018579162439898114 -0.063054864001343844 0.053311522275458711 -0.038914291907411781 0.051515329408538313 -0.0077109347379282576 0.014053277247514354 0.013131024327903563 -0.050097898751137696 0.053377961165715339 0.030639836520852805 0.050728823446027797 0.051527061518310505 0.051670888654638258 0.052922206564568912 0.053942732011337848 0.053150318455595216 0.050561540062168536 0.051926734917096741 0.050568454750014952 0.050766941880401206
leaf_weight=8.868508094426943 1.6360887670889521 0.56337285530753689 0.68999454565346541 1.2365275602787709 1.0716346437111495 0.68318832293152842 1.2544662151485684 0.51116669923067071 0.78916402533650365 0.91233627498149894 1.3137565674260256 0.62577201519161496 0.86554456502199173 0.34147542808204923 1.1427935482934115 0.67375282291322958 0.18457208410836834 0.24457852670457214 0.83277067728340659 0.31528954301029444 1.5223929686471822 0.29698052257299412 0.5248358836397532 0.59984471276402462 0.31214849650859833 0.34320819936692715 1.3669745381921528 0.26998586952686299 0.3399668438360095 1.4994799494743345
leaf_count=23569 22 18 13 20 34 10 27 29 22 31 18 19 12 17 26 20 9 362 23 17 125 15 21 14 11 13 126 10 31 116
internal_value=-0.0014788 0.0180319 0.0199051 0.0149327 0.00800736 0.0166659 -0.0169892 0.00557554 -0.00259092 -0.0162431 -0.0322063 0.0372081 -0.00941099 0.0385896 0.020038 0.0362614 -0.0487673 -0.022904 0.0478474 0.0462651 0.052717 0.0516798 0.05152 0.0513488 0.0519539 0.0520313 0.0510014 0.0507867 0.0510429 0.0508926
internal_weight=31.8326 22.5349 21.9715 18.6523 14.2287 10.568 3.66066 2.42413 5.62619 4.16327 3.09164 4.42366 1.77788 4.94181 2.13638 1.46292 9.29766 0.429151 3.31923 1.16966 2.80543 2.62923 2.78757 2.12224 0.993591 0.854375 2.1618 1.63696 0.681442 1.79646
internal_count=24800 860 842 675 477 371 106 86 137 95 61 198 43 234 85 42 23940 371 167 59 149 154 176 139 59 42 157 136 48 131
is_linear=0
shrinkage=0.05


Tree=90
num_leaves=31
num_cat=0
split_feature=4 18 19 13 4 4 6 6 4 17 7 2 2 15 5 4 4 4 17 4 7 4 4 4 7 4 2 2 17 1
split_gain=11.1414 1.1497 1.26656 1.37114 1.04639 1.80145 1.22717 1.65615 0.847287 0.831243 0.755411 0.744305 0.606353 0.563607 0.535411 0.337893 0.0105907 0.00131375 0.00131271 0.000727278 0.000696712 0.00057555 0.000450571 0.000403692 0.000100809 9.55448e-05 9.48211e-05 4.93528e-05 3.12651e-05 2.75976e-05
threshold=0.46813506261180676 inf 1.0000000180025095e-35 0.12902000000000002 0.51056338028169035 0.99628718642629199 3.5500000000000002e-05 5.6500000000000011e-05 0.14328485885372114 0.98920500000000011 49706872.000000007 54.500000000000007 49.500000000000007 0.087500000000000008 269.50000000000006 0.14650062145672924 0.62284482758620696 0.64350460219812455 1.4990000000000003e-30 0.70622756144711418 6946234.0000000009 0.51056338028169035 0.43154493343989836 0.38080925261899745 471393.50000000006 0.7219242814777862 28.500000000000004 31.500000000000004 4.6796000000000005e-15 99.500000000000014
decision_type=2 8 8 8 2 2 10 10 2 10 8 2 2 10 8 2 2 2 10 2 10 2 2 2 10 2 2 2 8 2
left_child=8 2 3 13 -5 6 17 -8 -1 19 11 22 -7 -2 -13 -16 -15 -6 -4 -9 -18 -20 26 29 -17 -22 -10 -23 -19 -12
right_child=1 -3 18 4 5 12 7 9 10 -11 23 14 -14 16 15 24 20 28 21 -21 25 27 -24 -25 -26 -27 -28 -29 -30 -31
leaf_value=-0.050017908682226699 0.006692899503818738 -0.055200702873721433 0.053479770655087161 -0.023046291661081589 0.053060822323792549 -0.040504610442888778 -0.038146648886350554 0.052970473144642032 -0.053474047949128134 -0.029789486593902171 -0.050503264767626399 0.056255648967657279 0.0018493436876506294 0.058355852007441068 0.051161251062455261 -0.054379619290662151 0.052945431631826217 0.0510047974944077 0.052992569228598567 0.050765210183513577 0.051423298823857558 0.05145214812339835 -0.056428959640966447 -0.053258186876181703 -0.05217047434195389 0.050628447832392356 -0.051588042099390413 0.050729254081387343 0.050639872562011912 -0.051923308334591661
leaf_weight=8.4361364359501767 0.84232998453080954 0.49039988219738262 0.9530923618003756 2.1290054731070986 0.79679146502166842 1.2537003494799139 1.1932170670479538 0.57302624918520484 0.12998489395249579 0.38823436480015505 0.17941425761091512 0.65733275958336856 2.5924460422247648 0.69053308293223414 0.11471577873453509 0.074051514267921448 0.51105443853884969 0.85294901300221715 0.38325923867523704 1.0757193658500908 0.5320115080103277 0.28289754223078478 0.10095003247261047 0.62358707142993808 0.17063085944391787 1.3066183654591439 0.13676209506229497 1.427382390014827 1.8819847498089073 0.042276429361663759
leaf_count=23569 28 7 25 24 27 13 34 17 14 5 224 32 36 8 2 1 16 51 8 84 24 15 1 18 54 120 57 116 165 5
internal_value=-0.00144751 0.0204197 0.0223054 0.0168726 0.00894353 0.0153638 0.0309034 0.00863107 -0.0427729 0.0360324 -0.0153612 0.00737943 -0.0119565 0.0428848 0.0294266 -0.0196433 0.0529122 0.0512742 0.0519416 0.0515317 0.0513124 0.0512413 -0.0535838 -0.0526067 -0.0528391 0.0508584 -0.0525071 0.0508488 0.0507537 -0.0507741
internal_weight=30.8225 20.1567 19.6663 16.6196 12.7371 10.6081 6.76192 3.2302 10.6658 2.03698 2.22971 1.38443 3.84615 3.88255 1.01673 0.359398 3.04022 3.53173 3.04663 1.64875 2.34968 2.09354 0.367697 0.845278 0.244682 1.83863 0.266747 1.71028 2.73493 0.221691
internal_count=24800 823 816 652 456 432 383 140 23977 106 408 161 49 196 89 57 168 243 164 101 160 139 72 247 55 144 71 131 216 229
is_linear=0
shrinkage=0.05


Tree=91
num_leaves=31
num_cat=0
split_feature=4 18 8 4 4 17 11 7 2 5 11 17 17 15 6 4 11 14 17 2 2 5 8 7 13 14 10 14 6 14
split_gain=10.515 1.08795 1.2761 1.10725 2.00566 1.15614 1.36763 1.12269 0.907676 0.607142 0.592793 0.953363 0.272514 0.742413 0.152458 0.114394 0.159663 0.0317724 2.77685e-05 2.12679e-05 1.1916e-05 6.58912e-06 3.10115e-06 2.30726e-06 1.08924e-06 1.91267e-06 1.01219e-06 4.24896e-07 4.04343e-07 3.9756e-07
threshold=0.36050541516245488 inf 980567.00000000012 0.71432308209708173 0.99628718642629199 0.99999500000000008 0.00097275453497910013 53784244.000000007 21.500000000000004 2186.0000000000005 0.0039322517042124508 2.4121500000000004e-14 0.21204500000000001 0.50250000000000006 6.8500000000000012e-05 0.14328485885372114 0.19849856688470727 0.30050000000000004 4.6796000000000005e-15 25.500000000000004 37.500000000000007 174.50000000000003 7832190.0000000009 216989211.50000003 0.33911500000000006 0.038500000000000006 3827.5000000000005 0.11950000000000001 9.5000000000000022e-06 0.19450000000000003
decision_type=2 8 10 2 2 10 10 10 2 10 10 8 10 8 10 2 10 8 8 2 2 10 10 10 10 8 10 8 10 8
left_child=15 2 -2 5 18 6 -4 -6 -8 -9 -10 -12 13 -13 17 -1 23 -15 20 -20 -5 -22 -21 -17 25 28 -23 -27 -24 -29
right_child=1 -3 3 4 7 -7 8 9 10 -11 11 12 -14 14 -16 16 -18 -19 19 22 21 26 24 -25 -26 27 -28 29 -30 -31
leaf_value=-0.050017035792601999 -0.074189823655042106 -0.054513609227512819 -0.026413673675758059 0.051037564102021697 0.040196931760828912 -0.033695154604799736 -0.025697846378087683 0.011656787310612622 0.058295565500028526 -0.033933353762699757 -0.018194764206151331 -0.034456400866525329 0.056084950546866477 0.037410024600737529 0.015664856474693092 -0.050087567843095239 0.013201867026988509 0.052701472862591373 0.050919270852336357 0.050703929146989984 0.050918390346338251 0.050571478519770008 0.050550059503893942 -0.050680682261758758 0.050495707910174353 0.050562930710697979 0.050694088384066596 0.050653916107965949 0.050478330158746754 0.050570165949183669
leaf_weight=8.0248377915122546 0.36097183451056736 0.51567366719246166 1.5825790408998726 0.44369074702262679 1.6118737533688543 1.3885480361059315 0.77984273806214321 1.4206994995474818 1.5505429506301878 1.5027140732854603 1.0940374294295905 0.42032076790928918 1.0860247844830153 0.53959552850574222 0.52752525266259898 0.21282162639545354 0.17504624434513971 0.91696749255061161 0.39934591110795725 0.26299968548119057 0.30555119551718235 0.30629050731658936 0.26640029996633596 0.01776559156132862 1.6592955654487012 0.7255081050097939 0.37369920220226049 0.35097840428352367 0.74845109414309263 0.23764460906386375
leaf_count=23569 4 18 26 25 32 16 8 25 35 15 25 5 31 22 18 345 18 34 28 22 19 28 25 8 173 67 29 28 80 22
internal_value=-0.00141842 0.0172304 0.0190038 0.0206447 0.0318584 0.0086038 0.0155158 0.0066944 0.025112 -0.0117778 0.0315706 0.0225318 0.0352971 0.0259077 0.0386956 -0.0487076 -0.0228017 0.0470366 0.0506296 0.0505704 0.0508224 0.0507255 0.0505376 -0.0501333 0.0505267 0.0505487 0.0506389 0.0505885 0.0504972 0.0506201
internal_weight=29.8082 21.3778 20.8621 20.5011 10.6151 9.88598 8.49744 4.53529 6.91486 2.92341 6.13501 4.58447 3.49043 2.40441 1.98409 8.43047 0.405633 1.45656 6.07986 4.65062 1.42923 0.985541 4.25128 0.230587 3.98828 2.32898 0.67999 1.31413 1.01485 0.588623
internal_count=24800 860 842 838 618 220 204 72 178 40 170 135 110 79 74 23940 371 56 546 445 101 76 417 353 395 222 57 117 105 50
is_linear=0
shrinkage=0.05


Tree=92
num_leaves=31
num_cat=0
split_feature=4 11 2 11 7 17 17 1 1 4 7 2 17 5 6 6 4 19 13 19 17 4 10 11 4 4 15 4 4 4
split_gain=9.96001 0.924652 1.29897 1.16762 1.30887 1.49687 1.84474 0.844799 1.08152 0.785801 0.699638 0.674803 0.49965 0.46083 0.317536 0.674777 0.313212 0.158591 0.283731 0.0134296 0.0232634 0.00628976 0.00558126 0.00115798 0.000861265 0.000740502 0.000544682 0.000543668 0.000353868 0.000334563
threshold=0.46813506261180676 0.025979923956329753 27.500000000000004 0.021163737104077304 1982864.0000000002 2.4121500000000004e-14 6.0299500000000012e-26 48.500000000000007 40.500000000000007 0.14328485885372114 49706872.000000007 54.500000000000007 3.1047500000000005e-24 301.50000000000006 1.6500000000000005e-05 1.0431700000000002e-05 0.14650062145672924 2.0000000000000004 0.24645500000000004 2.0000000000000004 0.00053218500000000001 0.51056338028169035 2530.0000000000005 0.015491684654896452 0.99628718642629199 0.64350460219812455 0.90650000000000019 0.99628718642629199 0.43154493343989836 0.38080925261899745
decision_type=2 8 2 10 8 8 10 2 2 2 8 2 10 10 10 8 2 8 8 8 10 2 10 10 2 2 10 2 2 2
left_child=9 3 -3 4 -2 6 26 8 14 -1 11 28 -8 -13 15 -7 -15 22 -19 21 -21 -4 25 -16 -23 -9 -6 -27 -11 -12
right_child=1 2 19 -5 5 7 12 17 -10 10 29 13 -14 16 23 -17 -18 18 -20 20 -22 24 -24 -25 -26 27 -28 -29 -30 -31
leaf_value=-0.050016201619676716 -0.046768377536807321 -0.0043548502942245913 0.056534761115825893 -0.036329761189256224 0.051858055466815559 0.051273391117999625 -0.05393355665113525 0.053156912858053497 -0.017556762493224416 -0.052323015753644841 -0.050735254229853338 0.053646551688178924 -0.0088933058043738893 0.050461873925794869 0.051325618313978985 -0.029488422172619218 -0.052561108764969978 -0.0066593863851405052 0.051409629180247378 0.051245283506139085 0.032493663233834791 0.050711238370923645 0.057376876125900957 0.054652921084416245 0.052827309327915684 0.050854136546356205 0.054270849539247462 0.052710676370461923 -0.055917828763168247 -0.053080760444679555
leaf_weight=7.6335859826358519 0.75756227504462081 1.4282687595114101 0.69620627537369761 1.1218735836446274 0.4764072243124241 0.58655776269733961 1.1268227165564897 0.66293162759393531 1.5059050573036072 0.24752847224590391 0.20479348930530239 0.62912646145559847 1.3576149381697176 0.10955070843920112 1.0262921275570986 0.46262381039559852 0.22591218625893816 0.34452272579073895 0.54017441067844629 0.48467736691236485 0.25108535122126341 2.0672675715759401 0.50361444149166334 0.35089736338704813 0.62660993076860894 1.8005654755979779 0.45952304918318987 0.50491468049585808 0.0946306511759758 0.59016293287277222
leaf_count=23569 9 32 10 31 28 37 10 18 34 71 229 32 37 2 68 15 55 13 35 34 16 181 9 12 17 150 14 13 1 18
internal_value=-0.00138645 0.019554 0.0367425 0.0125285 0.0169252 0.021046 -0.00678377 0.0325297 0.0157279 -0.0425625 -0.0154899 0.00701086 -0.0293214 0.0284104 0.0363858 0.0156625 -0.0189173 0.0476945 0.0287961 0.0509694 0.0448461 0.0522983 0.0525099 0.0521734 0.0512034 0.0516842 0.0530427 0.0512607 -0.0533172 -0.0524765
internal_weight=28.8782 19.1429 5.55412 13.5888 12.4669 11.7094 3.42037 8.289 3.93228 9.73529 2.1017 1.30675 2.48444 0.964589 2.42637 1.04918 0.335463 4.35672 0.884697 4.12585 0.735763 3.39008 3.47203 1.37719 2.69388 2.96841 0.93593 2.30548 0.342159 0.794956
internal_count=24800 823 290 533 502 493 89 404 166 23977 408 161 47 89 132 52 57 238 48 258 50 208 190 80 198 181 42 163 72 247
is_linear=0
shrinkage=0.05


Tree=93
num_leaves=31
num_cat=0
split_feature=4 7 2 11 10 14 17 5 1 18 16 11 8 11 7 4 11 4 14 13 2 4 17 4 1 4 4 4 4 4
split_gain=9.41492 1.07908 1.05353 1.03622 1.74856 1.88818 1.3624 0.824079 1.37382 1.10077 0.621516 0.389219 0.38735 0.483687 0.682025 0.262305 0.13679 0.108625 0.14963 0.14529 0.0987867 0.0999193 0.0494967 0.0442571 0.0265763 0.00357143 0.00166722 0.00136364 0.00113507 0.000979735
threshold=0.36050541516245488 1125128.5000000002 83.500000000000014 0.0041207524358655009 400.50000000000006 0.56150000000000022 0.99999500000000008 6106.5000000000009 63.500000000000007 1.0000000180025095e-35 1.0000000180025095e-35 0.00018351032804170002 43190995.500000007 0.025979923956329753 32204345.500000004 0.46813506261180676 0.027512746181584256 0.14328485885372114 0.029500000000000002 0.080742500000000009 26.500000000000004 0.46813506261180676 0.00043117500000000006 0.51056338028169035 60.500000000000007 0.99628718642629199 0.57641196013289042 0.57641196013289042 0.99628718642629199 0.99628718642629199
decision_type=2 10 2 10 10 10 10 8 2 8 10 10 10 8 10 2 10 2 8 10 2 2 10 2 2 2 2 2 2 2
left_child=17 -2 3 4 5 6 11 10 16 -10 -5 -3 13 14 -12 -4 -9 -1 19 -19 -13 -22 -18 -14 -15 26 -17 -23 -25 -29
right_child=1 2 15 7 -6 -7 -8 8 9 -11 12 20 23 24 -16 25 22 18 -20 -21 21 27 -24 28 -26 -27 -28 29 -30 -31
leaf_value=-0.05001541195790337 -0.07010670532001026 -0.010793547437876706 0.011368654752306369 -0.018558134163571726 -0.048094106842714722 -0.040180115844352722 -0.022133015999521749 0.009990424546569324 0.018051192682415885 -0.064906773705834891 0.03651665162245666 0.021427037519805348 0.035474764418109699 0.040405634305300524 -0.038772499699804494 0.054381287624938046 0.052774034675382511 -0.050148979913123941 -0.050357260273098836 0.046927639037536745 0.019364769346539489 0.054452607977116166 0.031362237234552635 0.051189160925389311 0.057438028577304248 0.056382394884397592 0.050902910960835261 0.05098450496057462 0.053393681911509241 0.053502497009661247
leaf_weight=7.2614035331644144 0.35371229425072925 0.32810765132308661 0.45438675628974978 0.49949535215273222 1.5334824873134492 1.3680286556482313 1.1073420463362706 0.35303089162334922 0.71287965029478073 0.91070250328630187 0.65437126625329278 0.35690389852970872 0.48296656878665123 0.41158861853182305 0.55670016724616289 0.4584026746451858 0.78480724617838837 0.059666227782145032 0.21509262488689274 0.10887309536337852 0.25539803435094688 0.49355519376695189 0.41138463746756315 2.3564738291315739 0.51633535325527191 0.54246307536959637 1.386316906660795 1.7275856370106342 0.77623555622994889 0.49757981859147538
leaf_count=23569 4 13 7 12 34 26 34 7 28 18 37 14 10 21 13 8 40 72 296 3 3 9 25 185 19 10 123 131 16 13
internal_value=-0.001357 0.0164606 0.0179964 0.0133103 -0.000338934 0.0115987 0.0264598 0.0244127 0.00365729 -0.0284817 0.0349421 0.0411652 0.0395859 0.0227203 0.00190805 0.0461883 0.0373389 -0.0486455 -0.0227158 0.0125606 0.0462832 0.049266 0.0454103 0.0495634 0.0498832 0.052816 0.0517673 0.0520749 0.0517354 0.0515476
internal_weight=27.9353 20.2902 19.9365 17.095 7.66798 6.1345 4.76647 9.42697 3.1728 1.62358 6.25417 3.65913 5.75467 2.139 1.21107 2.84157 1.54922 7.64504 0.383632 0.168539 3.33102 2.97412 1.19619 3.61568 0.927924 2.38718 1.84472 2.71872 3.13271 2.22517
internal_count=24800 860 856 708 277 243 217 431 118 46 313 183 301 90 50 148 72 23940 371 75 170 156 65 211 40 141 131 153 201 144
is_linear=0
shrinkage=0.05


Tree=94
num_leaves=31
num_cat=0
split_feature=4 18 19 13 4 4 6 6 14 4 18 7 2 7 5 4 4 4 17 4 4 4 4 4 4 4 2 7 4 17
split_gain=8.91079 0.963844 1.21926 1.26496 0.905816 1.53602 1.16942 1.46614 0.913465 0.734083 0.706361 0.655599 0.634483 0.555087 0.411639 0.283794 0.0027848 0.00100812 0.000964631 0.000869981 0.000322963 0.000288177 0.000259603 0.000129769 0.000103893 0.000141721 6.37491e-05 3.8549e-05 3.08388e-05 2.45527e-05
threshold=0.46813506261180676 inf 1.0000000180025095e-35 0.12902000000000002 0.51056338028169035 0.99628718642629199 3.5500000000000002e-05 5.6500000000000011e-05 0.087500000000000008 0.14328485885372114 2.0000000000000004 49706872.000000007 54.500000000000007 1982864.0000000002 301.50000000000006 0.14650062145672924 0.6658887592376509 0.66084751292855803 1.4964500000000005e-20 0.64350460219812455 0.43154493343989836 0.38080925261899745 0.51056338028169035 0.71751918158567796 0.7219242814777862 0.99628718642629199 28.500000000000004 471393.50000000006 0.95463130673238605 4.6796000000000005e-15
decision_type=2 8 8 8 2 2 10 10 8 2 10 10 2 10 10 2 2 2 10 2 2 2 2 2 2 2 2 10 2 8
left_child=9 2 3 13 -5 6 19 -8 -9 -1 -7 12 20 -2 -14 -16 -15 -10 -4 -6 26 -13 -20 -19 -18 -26 -11 -17 -24 -21
right_child=1 -3 18 4 5 10 7 8 17 11 -12 21 14 16 15 27 24 23 22 29 -22 -23 28 -25 25 -27 -28 -29 -30 -31
leaf_value=-0.050014662653214283 0.0019778790348876085 -0.05452712339819521 0.052905271319433178 -0.023379484546404337 0.052680330325226732 0.0059905567675190589 -0.037272250100958214 -0.040002664872770453 0.053959414045137072 -0.053047772073154822 -0.038860424651170872 -0.050708832820891052 0.051853409593143121 0.054460536961383525 0.049430176227278147 -0.053406633577482911 0.051521502262282332 0.051769449702039394 0.052368753019550532 0.050895573510902181 -0.055705421219955226 -0.052961252252342564 0.050565415681553365 0.050593753379185293 0.050465441845249176 0.051777841805308256 -0.051399325965623105 -0.051902803742626541 0.051212606988862 0.050546063570944481
leaf_weight=6.9073616692621744 0.70011225063353721 0.43787711486220615 1.0785041465424012 2.0064283702522525 0.6886924477294073 2.1913745980709791 1.1505367392674091 0.33248929586261478 0.37207899615168583 0.11529553178115726 1.464544650167227 0.18969532509800036 0.60831945622339845 0.75216716900467906 0.10203783819451928 0.059717949479818344 0.48788695922121394 0.3373888377100227 0.2732658740133046 0.73541255574673448 0.091931156814098358 0.56482845498248935 1.090110635384917 0.77115752501413226 1.2505120015703139 0.24620304256677616 0.11937335916445591 0.14879003350506537 0.22145837638527144 1.5864512664265928
leaf_count=23569 10 7 36 24 27 35 34 10 8 14 14 229 32 16 2 1 22 14 7 51 1 18 109 74 140 8 57 54 12 165
internal_value=-0.00132279 0.0187556 0.0205648 0.0150543 0.00718253 0.0135501 0.0291711 0.00687524 0.0348896 -0.042291 -0.0119765 -0.0156156 0.00666601 0.0417065 0.0279423 -0.0188964 0.0518698 0.0517074 0.0517518 0.0511197 -0.0531933 -0.052395 0.0509668 0.0509516 0.0508879 0.0506813 -0.0522092 -0.0523335 0.0506747 0.0506568
internal_weight=27.082 18.1747 17.7368 15.0734 11.6366 9.63013 5.97421 2.96365 1.81311 8.90735 3.65592 1.99999 1.24547 3.43688 0.918865 0.310546 2.73677 1.48063 2.66334 3.01056 0.3266 0.754524 1.58483 1.10855 1.9846 1.49672 0.234669 0.208508 1.31157 2.32186
internal_count=24800 823 816 652 456 432 383 140 106 23977 49 408 161 196 89 57 186 96 164 243 72 247 128 88 170 148 71 55 121 216
is_linear=0
shrinkage=0.05


Tree=95
num_leaves=31
num_cat=0
split_feature=4 7 2 11 10 14 17 6 1 2 14 11 4 6 4 4 14 10 4 12 5 19 7 1 4 4 4 4 4 4
split_gain=8.43704 0.945117 1.00503 0.969198 1.59054 1.69966 1.25215 0.783506 1.25499 1.08959 0.542049 0.452899 0.437439 0.373046 0.257351 0.122917 0.115461 0.23031 0.0990146 0.139665 0.049138 0.0183324 0.00538496 0.00377195 0.00320474 0.00133774 0.00107983 0.000782124 0.000467775 0.000467064
threshold=0.36050541516245488 1125128.5000000002 83.500000000000014 0.0041207524358655009 400.50000000000006 0.56150000000000022 0.99999500000000008 4.0500000000000009e-05 61.500000000000007 54.500000000000007 0.14150000000000001 0.0084122604638494514 0.46813506261180676 0.00058900000000000011 0.46813506261180676 0.63550352129022059 0.092500000000000013 72.500000000000014 0.14328485885372114 0.33383349690081193 49716.000000000007 2.0000000000000004 12351804.500000002 89.500000000000014 0.99628718642629199 0.57641196013289042 0.99628718642629199 0.99628718642629199 0.64350460219812455 0.99628718642629199
decision_type=2 10 2 10 10 10 10 10 2 2 10 10 2 10 2 2 8 10 2 10 10 8 10 2 2 2 2 2 2 2
left_child=18 -2 3 4 5 6 13 8 11 10 -10 -5 -9 16 -4 -11 17 -3 -1 -20 26 23 -18 28 25 -16 -13 -24 -14 -30
right_child=1 2 14 7 -6 -7 -8 12 9 15 -12 20 21 -15 24 -17 22 -19 19 -21 -22 -23 27 -25 -26 -27 -28 -29 29 -31
leaf_value=-0.050013942211074927 -0.065999719949997676 -0.0052341771983548105 0.010942895512130475 0.00028424299240921278 -0.046468597457730083 -0.038300077600016219 -0.021440029524116711 -0.0085327962889942613 0.0086377482789625672 0.011680787606746722 -0.044601073898475757 0.050841423041291536 0.053251016595727167 -0.00253115130727014 0.054043625722360968 0.051611270097963818 0.0590986884049189 0.051513886207256145 0.013028254111660531 -0.050094082602278413 0.031115369358781904 0.042647187465253145 0.051097647247913061 0.057100562397429028 0.056136506597805204 0.050819984049893907 0.053503090379556043 0.053471747697001262 0.050818666198313524 0.052975656909902913
leaf_weight=6.5705775756214306 0.34752083010971802 0.28798372251913651 0.44302080967463497 0.63687856867909287 1.5181902243057264 1.3465841468423603 1.0712526789866386 0.34965856256894801 0.69983216840773899 0.28850555885583151 1.5090145091526208 1.240493828430772 0.46371557563543353 0.43908028490841378 0.43176872655749354 0.58053270727396011 0.27699331473559174 0.47155677247792482 0.15352911374066014 0.20416678735637106 0.34757694136351336 0.54131909506395492 1.4964637083467094 0.43392999423667777 0.51736396923661221 1.2638488807715473 0.55000591278076161 0.45160092972218979 0.93564737029373624 0.34296149201691151
leaf_count=23569 4 13 7 24 34 26 34 9 29 11 36 106 13 18 8 39 4 33 9 362 14 32 104 13 10 123 12 11 85 8
internal_value=-0.00129365 0.0157099 0.0172095 0.0125568 -0.000874158 0.0109757 0.0257376 0.0236383 0.0129108 -0.00907334 -0.0277333 0.0372948 0.0441082 0.0404993 0.0457281 0.038355 0.0468297 0.0299976 -0.0486193 -0.0230009 0.0483193 0.0508813 0.0525755 0.0529294 0.0526919 0.0516408 0.051659 0.051648 0.0518906 0.0513972
internal_weight=26.2116 19.2833 18.9358 16.2798 7.35971 5.84152 4.49493 8.92007 5.85284 3.07788 2.20885 2.77496 3.06723 3.42368 2.656 0.869038 2.9846 0.75954 6.92827 0.357696 2.13808 2.71757 2.22506 2.17625 2.21298 1.69562 1.7905 1.94806 1.74232 1.27861
internal_count=24800 860 856 708 277 243 217 431 271 115 65 156 160 183 148 50 165 46 23940 371 132 151 119 119 141 131 118 115 106 93
is_linear=0
shrinkage=0.05


Tree=96
num_leaves=31
num_cat=0
split_feature=4 18 19 14 13 17 17 7 2 11 1 4 17 14 4 11 16 5 14 2 4 17 7 4 4 4 4 4 4 4
split_gain=7.97528 0.896024 1.09791 0.954921 0.929314 1.49562 1.1145 1.17061 0.973973 1.17097 0.81661 0.600956 0.496758 0.661436 0.0995376 0.135252 0.0754766 0.0350209 0.017488 0.00914916 0.00277862 0.000761704 0.000564971 0.000487634 0.000467868 0.000158389 0.000114545 7.47e-05 0.00011272 4.11252e-05
threshold=0.36050541516245488 inf 1.0000000180025095e-35 0.061500000000000006 0.26870000000000005 1.6764500000000001e-13 0.34208000000000005 47077824.000000007 27.500000000000004 0.013005946294864601 42.500000000000007 0.65360989230155575 7.7715500000000019e-05 0.28250000000000003 0.14328485885372114 0.19849856688470727 14599.500000000002 1889.5000000000002 0.15150000000000002 76.500000000000014 0.51056338028169035 1.4964500000000005e-20 7649275.5000000009 0.99628718642629199 0.90985140368741502 0.62284482758620696 0.80968744157246875 0.7219242814777862 0.99628718642629199 0.73590618877067915
decision_type=2 8 8 8 8 10 8 8 2 10 2 2 10 8 2 10 10 10 8 2 2 10 10 2 2 2 2 2 2 2
left_child=14 2 3 11 6 8 -5 -8 -6 10 -10 -2 20 24 -1 -16 18 26 -4 -11 -7 -20 -13 -22 29 -23 -9 -24 -29 -14
right_child=1 -3 16 4 5 12 7 17 9 19 -12 22 13 -15 15 -17 -18 -19 21 -21 23 25 27 -25 -26 -27 -28 28 -30 -31
leaf_value=-0.050013263049232606 0.0090855252804551753 -0.05384282402359232 0.038676383164397282 -0.057785318727509721 -0.053001014617318543 0.055175297607062516 -0.029839185589290836 0.052265143006415916 -0.034491333503053209 0.052793340159383889 0.017701106959358354 0.052725755417760256 0.0512996665115273 -0.0092986157005489362 -0.050120973834257544 0.012726025380724064 0.023435087063045035 0.030563155538645938 0.05289119116336162 0.042874656508932907 0.050563781363784421 0.051897532636278977 0.051391399582992318 0.052433312661916878 0.053530778107745973 0.050552397127076855 0.050926512951954106 0.050424785584413406 0.051765258966027218 0.050430332357204913
leaf_weight=6.2502095938252777 1.3808974046260112 0.45698111143429088 0.28724059509113598 1.1242732545360916 0.86174322757869948 0.57448033243417773 1.1502284519374373 0.38685664534568776 1.6375051429495218 0.75973310507833935 1.3819097327068446 0.50565321091562543 0.2721583396196362 1.0349049535579979 0.1949466845835558 0.15263665362726897 0.29701096285134543 0.27842692378908396 0.95199215132743154 0.33501743990927935 1.1405372163280842 0.30849889200180747 0.42378918081521977 0.50245022028684605 0.23599683772772551 0.75301796430721879 0.27228548703715205 1.0612654816359279 0.18402154743671406 0.27201112126931548
leaf_count=23569 22 18 22 20 11 10 27 18 29 39 35 19 17 26 353 18 20 19 30 23 125 12 21 14 9 83 22 130 6 33
internal_value=-0.00125891 0.0153158 0.0170358 0.0120762 0.00544078 0.0136741 -0.01765 0.00396274 -0.0046663 0.00545778 -0.0106042 0.0348817 0.036305 0.016908 -0.048565 -0.0225225 0.0471557 0.0454316 0.0502178 0.049758 0.0521821 0.0518643 0.0512616 0.0511355 0.0516715 0.0509433 0.0517122 0.050818 0.0506229 0.0508651
internal_weight=25.4287 18.8309 18.3739 15.7761 12.2205 9.00845 3.21207 2.0878 4.97591 4.11417 3.01941 3.55563 4.03254 1.81507 6.59779 0.347583 2.59776 0.937569 2.30075 1.09475 2.21747 2.01351 2.17473 1.64299 0.780166 1.06152 0.659142 1.66908 1.24529 0.544169
internal_count=24800 860 842 675 477 371 106 86 137 126 64 198 234 85 23940 371 167 59 147 62 149 125 176 139 59 95 40 157 136 50
is_linear=0
shrinkage=0.05


Tree=97
num_leaves=31
num_cat=1
split_feature=4 18 19 14 13 17 0 2 6 7 17 6 4 17 14 5 14 4 14 13 16 14 4 7 17 7 4 4 4 4
split_gain=7.54058 0.841054 1.0517 0.895719 0.854785 1.40741 1.01138 1.27512 0.94687 0.870367 0.643224 0.615511 0.598797 0.492123 0.631935 0.442827 0.202183 0.100064 0.134681 0.126467 0.0783371 0.0189349 0.00239619 0.00235188 0.000654028 0.000486222 0.000418866 0.000402123 0.000136151 6.4209e-05
threshold=0.36050541516245488 inf 1.0000000180025095e-35 0.061500000000000006 0.26870000000000005 1.6764500000000001e-13 0 86.500000000000014 5.6500000000000011e-05 44333128.500000007 0.34208000000000005 2.3746200000000003e-05 0.65360989230155575 7.7715500000000019e-05 0.28250000000000003 11471.000000000002 0.51150000000000018 0.14328485885372114 0.029500000000000002 0.080742500000000009 14599.500000000002 0.15150000000000002 0.51056338028169035 100828235.50000001 1.4964500000000005e-20 7649275.5000000009 0.99628718642629199 0.90985140368741502 0.62284482758620696 0.7219242814777862
decision_type=2 8 8 8 8 10 9 2 10 10 8 10 2 10 8 10 10 2 8 10 10 8 2 10 10 10 2 2 2 2
left_child=17 2 3 12 6 8 7 23 9 -6 -8 15 -2 22 27 -11 -10 -1 19 -19 21 -4 -7 -5 -23 -14 -24 -15 -26 -27
right_child=1 -3 20 4 5 13 10 -9 16 11 -12 -13 25 14 -16 -17 -18 18 -20 -21 -22 24 26 -25 28 29 -28 -29 -30 -31
leaf_value=-0.05001262185891367 0.0086563226803531065 -0.053648949650617887 0.037834848780243853 0.051592842069491163 0.025973738086920595 0.054919133947199161 -0.070934623962048388 -0.054607143185967127 0.011790189190070438 0.016339943873745731 -0.011727563033056056 -0.057517009216649123 0.052590361274283438 0.050822658562604539 -0.0088099978762657179 -0.036736242571360947 0.052250262531633285 -0.05013897138001458 -0.050343583506414796 0.046327427669921331 0.022512296905400343 0.052745963991887246 0.050536169081204042 0.046214771678979645 0.051803138744290204 0.051322316867011511 0.052311187303463097 0.053353333886989568 0.05052532949970067 0.050592172462004953
leaf_weight=5.9454579082957961 1.3770001232624047 0.43622507073451089 0.27915623225271868 0.59911805624142289 0.88608756475150618 0.54894707538187582 0.90929640177637239 0.43202377948909998 0.58042805688455679 0.78569926554337166 0.9257642598822714 1.2219219245016573 0.48219927400350604 0.51805149298161235 1.0376161448657513 0.78623683471232653 0.65970976883545518 0.05177594264387142 0.18733782177150715 0.098824381828308105 0.29381022136658419 0.90799329383298744 1.0854903943836687 0.30768094537779689 0.29397445265203692 0.40364967379719008 0.47903306409716595 0.22521488275378942 0.71666690381243825 1.1852542269043622
leaf_count=23569 22 18 22 32 34 10 7 9 17 31 34 18 19 50 26 12 25 72 296 3 20 30 125 24 12 21 14 9 83 136
internal_value=-0.00122867 0.0149482 0.0166173 0.011752 0.00529255 0.0133041 -0.016957 0.0160873 -0.00447107 -0.0172044 -0.0410654 -0.0308986 0.03421 0.0357611 0.0163982 -0.0102072 0.0333135 -0.0485083 -0.0220424 0.0131626 0.0467602 0.0500018 0.0520769 0.049768 0.051772 0.0511997 0.0510797 0.0515895 0.050897 0.0507777
internal_weight=24.6476 18.3642 17.928 15.4364 11.9883 8.81444 3.17388 1.33882 4.92008 3.67995 1.83506 2.79386 3.4481 3.89435 1.78088 1.57194 1.24014 6.2834 0.337938 0.1506 2.4916 2.19779 2.11347 0.906799 1.91863 2.0711 1.56452 0.743266 1.01064 1.5889
internal_count=24800 860 842 675 477 371 106 65 137 95 41 61 198 234 85 43 42 23940 371 75 167 147 149 56 125 176 139 59 95 157
cat_boundaries=0 1
cat_threshold=2
is_linear=0
shrinkage=0.05


Tree=98
num_leaves=31
num_cat=1
split_feature=4 11 2 1 1 10 11 5 0 7 7 6 4 7 7 4 5 18 19 17 4 4 17 4 14 4 4 17 4 4
split_gain=7.1687 0.815083 1.13449 1.01162 1.46823 1.40102 1.25629 1.15961 1.42135 1.14853 0.750515 0.706477 0.641086 0.584889 0.577624 0.373756 0.19458 0.140525 0.0149199 0.0268928 0.0037937 0.00207768 0.000984708 0.000541544 0.000496239 0.000349348 0.000468349 0.000215942 0.000212548 0.000138627
threshold=0.46813506261180676 0.025979923956329753 27.500000000000004 69.500000000000014 60.500000000000007 2787.5000000000005 0.0084122604638494514 88.500000000000014 0 44333128.500000007 72809463.500000015 9.5000000000000022e-06 0.14328485885372114 49706872.000000007 44333128.500000007 0.40010890280424721 185.50000000000003 2.0000000000000004 2.0000000000000004 0.0018903000000000004 0.51056338028169035 0.99628718642629199 0.99999500000000008 0.99628718642629199 0.11950000000000001 0.6658887592376509 0.99628718642629199 1.0462000000000001e-12 0.36050541516245488 0.36050541516245488
decision_type=2 8 2 2 2 10 10 10 9 10 10 10 2 10 10 2 8 8 8 10 2 2 8 2 10 2 2 10 2 2
left_child=12 3 -3 4 6 25 7 17 9 -9 -11 -6 -1 14 15 29 -12 27 20 -20 -4 22 -8 -22 -10 -5 -27 -2 -15 -14
right_child=1 2 18 5 11 -7 21 8 24 10 16 -13 13 28 -16 -17 -18 -19 19 -21 23 -23 -24 -25 -26 26 -28 -29 -30 -31
leaf_value=-0.050012004415344619 0.052615223599471787 -0.0052069999994104367 0.055544062162077426 0.052742891621724089 -0.066011358074933413 -0.047185751505735535 0.050760556602121955 0.027190932234058843 0.050857378019410981 -0.066476525538880296 -0.035574635547584166 -0.0069080980090474005 -0.05009436276826798 -0.050439299963974782 0.063648445918495319 0.015008617090334152 0.0062977062222490795 0.016835069514203077 0.050935458075505161 0.028177356375889941 0.050580218362655173 0.055510546890396577 0.054409702170036989 0.052421721282755934 0.053525666161103984 0.050789963903259121 0.052569869323247115 0.051083016658218211 -0.052692367348354578 -0.052272779348403797
leaf_weight=5.6555624884495073 0.37329530576243997 1.2605867478996504 0.5921043157577518 0.52776422817260016 0.97153252363204989 0.42285216320306052 0.73828001553192713 0.78714472241699729 0.42408057907596219 1.3976879171095791 0.48671002080664005 1.0542849237099288 0.097276275380863586 0.1282187823235289 0.31324940975173377 0.45360240573063493 0.64530943147838127 0.41224682889878905 0.37975132931023869 0.19722517486661673 1.6406746003776791 0.55006794631481171 0.24662586860358715 0.52762525156140316 0.29577579349279404 1.3317978759296236 0.51154484227299679 0.5988588728941977 0.57010030071251094 0.29301345068961382
leaf_count=23569 13 32 10 16 16 7 74 34 36 17 15 37 135 225 12 6 26 23 35 15 181 8 11 17 13 129 16 42 22 8
internal_value=-0.00120103 0.0173515 0.0352044 0.0103807 0.00220719 0.0366566 0.0131166 0.00180981 -0.0117327 -0.0255546 -0.0419669 -0.0352526 -0.0416451 -0.0161421 0.00566583 -0.0158571 -0.0117052 0.0412978 0.0504685 0.0431562 0.0519969 0.0530491 0.0516743 0.0510283 0.0519537 0.0516086 0.0512839 0.0516714 -0.0522787 -0.0517298
internal_weight=23.8849 16.3738 4.59797 11.7759 8.9819 2.79396 6.95608 5.42111 4.03671 3.31685 2.52971 2.02582 7.51102 1.85546 1.15714 0.843892 1.13202 1.3844 3.33738 0.576977 2.7604 1.53497 0.984906 2.1683 0.719856 2.37111 1.84334 0.972154 0.698319 0.39029
internal_count=24800 823 290 533 365 168 312 219 141 92 58 53 23977 408 161 149 41 78 258 50 208 93 85 198 49 161 145 55 247 143
cat_boundaries=0 1
cat_threshold=4
is_linear=0
shrinkage=0.05


Tree=99
num_leaves=31
num_cat=0
split_feature=4 7 2 6 4 1 1 6 13 13 11 1 4 5 4 17 1 4 14 12 19 19 8 4 4 4 4 13 13 4
split_gain=6.76123 0.791575 0.918925 0.84213 0.696138 1.10591 1.44713 1.61389 0.900968 1.00638 0.683511 0.516921 0.508243 0.249889 0.242209 0.218175 0.147149 0.0907017 0.120912 0.113443 0.0556713 0.0239994 0.00298894 0.00252861 0.000872962 0.000675329 0.00109185 0.000427428 0.000358192 0.00034513
threshold=0.36050541516245488 1125128.5000000002 83.500000000000014 5.6500000000000011e-05 0.51056338028169035 69.500000000000014 63.500000000000007 5.2655850000000008e-05 0.50821000000000016 0.63055000000000005 0.0018762112935582502 54.500000000000007 0.46813506261180676 117.50000000000001 0.46813506261180676 8.4312500000000021e-25 25.500000000000004 0.14328485885372114 0.029500000000000002 0.48375892220063216 2.0000000000000004 2.0000000000000004 2022943.5000000002 0.99628718642629199 0.57641196013289042 0.99628718642629199 0.64350460219812455 0.037225000000000001 0.86756000000000022 0.92349498327759216
decision_type=2 10 2 10 2 2 2 8 8 10 10 2 2 10 2 8 2 2 8 10 8 8 10 2 2 2 2 10 10 2
left_child=17 -2 3 4 11 6 7 8 20 -10 13 -3 -12 -5 -4 -7 -11 -1 19 -19 27 22 -14 24 -16 26 -24 -6 -17 -18
right_child=1 2 14 10 5 15 -8 -9 9 16 12 -13 21 -15 23 28 29 18 -20 -21 -22 -23 25 -25 -26 -27 -28 -29 -30 -31
leaf_value=-0.050011418021348036 -0.061907019808190966 0.0027320496199215731 0.010284076964952342 0.025501488777863918 0.053049837718715499 0.010337164758192333 -0.049763294310583635 -0.069774160717670106 -0.024433637835349385 0.0099605362599010858 -0.011793955181037359 -0.042623850922114896 0.058662487801153018 -0.023120813330800405 0.05349729904361103 0.050854590984255633 0.050648179695820354 0.045311996088200079 -0.050311468520439842 -0.050114456753012585 0.026187656311125213 0.03914185954173531 0.053561584356931626 0.055670330306605002 0.050701139367983622 0.053659257194560751 0.050666502610754276 0.050976053963268902 0.052968624449395554 0.052929244609059338
leaf_weight=5.3797989730082945 0.33429699763655918 1.2985434756847127 0.41417340573389028 0.44623028533533105 0.3048444651067258 0.41036820365116033 1.1687136706896124 0.53686568466946472 1.4628325989469888 0.29919725330546476 0.37159740435890887 1.2168980077840386 0.19179042801260981 0.64796905033290386 0.37676313146948803 1.3819895558990536 0.50981468381360173 0.090864316560327896 0.1705985185544705 0.047386390084284358 0.25342195341363338 0.38276631943881545 0.47802646132186088 0.46246794797480095 1.0772021352313457 0.53437373414635647 1.0218273713253436 1.3436379921622572 0.23434671666473139 0.24576059868559241
leaf_count=23569 4 21 7 24 20 16 32 7 33 20 10 20 2 17 8 126 50 3 296 72 19 29 12 10 123 11 108 111 9 11
internal_value=-0.00117545 0.0142901 0.0157822 0.0111698 0.003784 0.0108793 0.000285775 0.0120873 0.0220316 0.00240981 0.0305059 -0.0192098 0.0429143 -0.00329194 0.0449567 0.042895 0.0396382 -0.0484987 -0.0221485 0.0126039 0.0480055 0.0507069 0.0526956 0.05245 0.0514257 0.052133 0.0515892 0.0513595 0.0511611 0.0513901
internal_weight=23.0954 17.4067 17.0724 14.7418 10.6672 8.15179 6.12509 4.95638 4.41951 2.51761 4.07458 2.51544 2.98038 1.0942 2.33061 2.0267 1.05477 5.68865 0.308849 0.138251 1.9019 2.60878 2.22602 1.91643 1.45397 2.03423 1.49985 1.64848 1.61634 0.755575
internal_count=24800 860 856 708 495 454 303 271 264 114 213 41 172 41 148 151 81 23940 371 75 150 162 133 141 131 131 120 131 135 61
is_linear=0
shrinkage=0.05


Tree=100
num_leaves=31
num_cat=1
split_feature=4 18 19 14 1 1 2 17 15 17 0 15 15 4 4 14 13 16 15 7 4 15 17 13 4 5 1 15 17 4
split_gain=6.39803 0.757674 1.00434 0.803341 0.750012 1.37561 1.232 1.00748 1.20499 0.929031 0.801457 0.779556 0.620515 0.570824 0.0876105 0.115157 0.108573 0.0726955 0.0700498 0.0884374 0.0184558 0.0180233 0.0140174 0.018596 0.00190881 0.00171296 0.00102275 0.000559174 0.00047059 0.000380287
threshold=0.36050541516245488 inf 1.0000000180025095e-35 0.061500000000000006 39.500000000000007 42.500000000000007 27.500000000000004 0.0036026500000000002 0.41650000000000004 8.4312500000000021e-25 0 0.20950000000000002 0.51550000000000018 0.65360989230155575 0.14328485885372114 0.029500000000000002 0.080742500000000009 14599.500000000002 0.82250000000000012 82965847.000000015 0.51056338028169035 0.5355000000000002 7.7715500000000019e-05 0.41979000000000005 0.51056338028169035 650.50000000000011 49.500000000000007 0.58450000000000013 1.4964500000000005e-20 0.99628718642629199
decision_type=2 8 8 8 2 2 2 10 10 8 9 8 8 2 2 8 10 10 8 10 2 8 10 10 2 10 2 10 10 2
left_child=14 2 3 13 9 -6 -7 10 25 -5 18 -11 -10 -2 -1 16 -16 21 19 -8 -20 -4 24 -24 -13 -9 -22 -26 -23 -28
right_child=1 -3 17 4 5 6 7 8 12 11 -12 22 -14 -15 15 -17 -18 -19 20 -21 26 28 23 -25 27 -27 29 -29 -30 -31
leaf_value=-0.050010860612202057 0.007817622832048161 -0.053289727029336133 0.037654742562023669 -0.019004690535116529 -0.061664617257540605 -0.03728380248555728 0.012316618039155302 0.05120883972635433 -0.062504766979789725 -0.039522150007104455 -0.0086766080593789555 0.055974544318808821 -0.0031801926521800583 0.051055265095808017 -0.050127468807008295 -0.05029661251279674 0.044972193646663751 0.022299511279257837 0.065633032724863899 0.05107257004428245 0.054496242361268737 0.052537899947163673 0.050859639481495016 0.033812321963909493 0.054040555896479353 0.045936367727543302 0.050590419749149101 0.051356301441015856 0.05088777709635265 0.052771609792917486
leaf_weight=5.1174786699994028 1.308516290970146 0.40900929761119442 0.26394886476919155 0.90310272574424777 0.91443314962089051 1.4563836194574831 0.25797563884407315 0.38180000707507167 0.82924960972741213 0.27109326142817769 0.82302111899480257 0.43284344114363227 0.94092009169980895 1.8321509454399345 0.045633872461621539 0.162325055222027 0.08767587598413229 0.27265393128618587 0.29859603568911541 0.34278494818136096 0.29279217403382052 0.83221061713993549 0.4306738432496785 0.25451060896739364 0.25811114395037271 0.25824693683534861 0.77540642535313942 0.78131565405055881 0.89859922043979168 0.2692104633897543
leaf_count=23569 22 18 26 21 15 31 21 25 15 5 28 6 35 176 72 296 3 20 3 30 11 30 38 13 7 18 86 61 91 8
internal_value=-0.00114389 0.0139387 0.0155971 0.0106992 0.00441877 -0.00402581 0.00358376 0.0144647 -0.00971278 0.0242926 0.0335095 0.0403935 -0.0309712 0.0330409 -0.048482 -0.0220168 0.0124182 0.0465153 0.0490319 0.0344302 0.0543939 0.0498252 0.0504352 0.0445274 0.0531846 0.0490815 0.0518846 0.0520229 0.0516812 0.0511525
internal_weight=22.4027 16.9896 16.5806 14.3131 11.1725 7.84082 6.92639 5.47 2.41022 3.33165 3.05979 2.42855 1.77017 3.14067 5.41311 0.295635 0.13331 2.26741 2.23677 0.600761 1.63601 1.99476 2.15745 0.685184 1.47227 0.640047 1.33741 1.03943 1.73081 1.04462
internal_count=24800 860 842 675 477 326 311 280 93 151 187 130 50 198 23940 371 75 167 159 51 108 147 125 51 74 43 105 68 121 94
cat_boundaries=0 1
cat_threshold=4
is_linear=0
shrinkage=0.05


Tree=101
num_leaves=31
num_cat=0
split_feature=4 4 4 11 2 10 18 14 5 4 7 2 5 15 1 4 19 5 19 15 4 4 4 2 11 17 6 5 1 15
split_gain=6.07107 0.755552 1.5696 1.12349 0.801445 0.776107 0.701199 0.603771 1.37599 0.588742 0.532619 0.5585 0.346222 0.336644 0.232448 0.224321 0.0883812 0.164686 0.021013 0.000662151 0.000478393 0.000259036 0.000166677 4.89354e-05 2.91841e-05 2.60596e-05 1.15289e-05 9.82721e-06 8.23563e-06 7.15925e-06
threshold=0.46813506261180676 0.99628718642629199 0.7219242814777862 0.0041207524358655009 27.500000000000004 507.50000000000006 2.0000000000000004 0.56150000000000022 250.50000000000003 0.14328485885372114 49706872.000000007 54.500000000000007 301.50000000000006 0.21550000000000002 89.500000000000014 0.14650062145672924 2.0000000000000004 120.50000000000001 1.0000000180025095e-35 0.16950000000000004 0.51056338028169035 0.43154493343989836 0.36050541516245488 28.500000000000004 0.014754097082205103 4.6796000000000005e-15 6.3500000000000012e-05 294.50000000000006 90.500000000000014 1.3665000000000003
decision_type=2 2 2 10 2 10 10 10 8 2 10 2 10 8 2 2 8 10 8 10 2 2 2 2 10 8 10 10 2 10
left_child=9 2 3 7 -5 -3 -7 8 13 -1 11 21 -13 -2 18 -14 25 -18 19 -6 -21 23 29 -11 -22 27 -17 -4 -25 -12
right_child=1 5 16 4 14 6 -8 -9 -10 10 22 12 15 -15 -16 26 17 -19 -20 20 24 -23 -24 28 -26 -27 -28 -29 -30 -31
leaf_value=-0.050010328790919871 -0.0022481572740340227 0.036301676230758931 0.050953178825813919 -0.0098572923964264231 0.054121348298831286 0.0058117923696245841 -0.04356866877276603 -0.044725901410044538 -0.046249000675378869 -0.052861919330878464 -0.050146495345191215 0.049988347172314949 0.048230290007878381 0.04977578924323315 0.012436362172276658 -0.051552897823030491 0.0050483163106337988 0.050368055413848568 0.03915725907984189 0.052811412689920227 0.051300171263767673 -0.055345420479922802 -0.05250180545752077 -0.051023611122768146 0.050662757939027726 0.050401291937648321 -0.052360740384067073 0.050596234243457494 -0.051954641698493301 -0.051063090376861422
leaf_weight=4.8679464989108991 0.46469534095376608 0.96565472241491024 0.29646135354414616 1.0226305034011605 0.36403815355151903 1.6756120389327407 1.2591146379709244 1.0163949634879825 0.91426354646682728 0.10710356415074762 0.083430702929035649 0.5359339959686622 0.081504921428859234 0.93993499781936418 0.51804921869188536 0.083105644735042006 0.33275687601417292 0.50418628286570311 0.37505583046004232 0.57169800065457799 0.28661765158176422 0.087254628539085388 0.53382146125659347 0.069053005572641268 0.48082403559237719 2.5648748534731567 0.094253876697621308 0.55161249311640859 0.036206644028425217 0.0286086268897634
leaf_count=23569 14 26 20 16 8 34 13 12 11 14 202 32 2 39 10 33 26 74 27 15 17 1 22 56 47 360 22 54 1 23
internal_value=-0.00111499 0.0163728 0.0229708 0.00834094 0.0276343 -0.00258045 -0.0153744 -0.0125931 0.00149102 -0.041087 -0.0161265 0.00512295 0.0270533 0.0325647 0.0424016 -0.0204297 0.0469101 0.0323496 0.0498712 0.0522305 0.0517165 -0.0530519 -0.0521338 -0.0521095 0.0509008 0.0504807 -0.0519822 0.050721 -0.0513439 -0.0503805
internal_weight=21.7127 15.1045 11.2041 6.9542 3.61891 3.90038 2.93473 3.33529 2.31889 6.60822 1.74028 1.09442 0.794798 1.40463 2.59628 0.258864 4.24989 0.836943 2.07823 1.70318 1.33914 0.299618 0.645861 0.212363 0.767442 3.41295 0.17736 0.848074 0.10526 0.112039
internal_count=24800 823 750 216 140 73 47 76 64 23977 408 161 89 53 124 57 534 100 114 87 79 72 247 71 64 434 55 74 57 225
is_linear=0
shrinkage=0.05


Tree=102
num_leaves=31
num_cat=0
split_feature=4 18 19 14 4 4 4 6 4 18 4 4 16 17 4 10 7 17 4 4 13 17 5 17 13 2 2 15 15 11
split_gain=5.73955 0.707091 0.967019 0.756774 0.694242 1.38989 0.996943 1.03496 0.552647 0.514919 0.0797429 0.106105 0.0704624 0.0174282 0.000443173 0.000347632 0.000280059 0.000192265 4.71325e-05 5.68631e-05 2.2445e-05 1.59303e-05 8.52781e-06 4.81456e-06 3.79802e-06 3.76632e-06 2.75712e-06 1.46474e-06 7.45551e-07 2.97241e-07
threshold=0.36050541516245488 inf 1.0000000180025095e-35 0.061500000000000006 0.51056338028169035 0.99628718642629199 0.71432308209708173 3.5500000000000002e-05 0.65360989230155575 2.0000000000000004 0.14328485885372114 0.14650062145672924 14599.500000000002 0.10951500000000002 0.60357142857142876 65.500000000000014 7649275.5000000009 8.3375999999999994e-22 0.7219242814777862 0.99628718642629199 0.41979000000000005 4.6796000000000005e-15 277.50000000000006 0.99864000000000008 0.74350500000000008 44.500000000000007 25.500000000000004 0.5675 0.41950000000000004 0.0049055190797046002
decision_type=2 8 8 8 2 2 2 10 2 8 2 2 10 10 2 10 10 10 2 2 10 8 10 10 10 2 2 10 10 10
left_child=10 2 3 8 -5 6 7 15 -2 -7 -1 -12 13 14 -4 -6 -10 -16 -18 -20 -17 22 -8 26 -19 -24 -23 28 -28 -29
right_child=1 -3 12 4 5 9 21 -9 16 -11 11 -13 -14 -15 17 20 18 24 19 -21 -22 23 25 -25 -26 -27 27 29 -30 -31
leaf_value=-0.050009828718834984 0.0073939553053732447 -0.053125017887943451 0.052770956926578495 -0.018540675160665217 0.053216411463101236 0.0020273748624769568 0.050906193009357753 -0.01734644201403673 0.052179674659807433 -0.039000132277850874 0.012348523865317353 -0.050078717323443225 0.022003790587267771 0.037643161422030412 0.051790890753755793 0.051268612602413145 0.051169074331692446 0.050328875555306511 0.050322930433722449 0.051396085472835744 0.050639815710908156 0.050584233619438847 0.050721485386081566 0.050681199525886955 0.050582638341977265 0.050453137234208967 0.050387530406604819 0.050362894082451731 0.05052153464201467 0.050300564992085475
leaf_weight=4.6305792758212219 1.2669159229844802 0.39107175020035434 0.54357843287289087 2.6165904328227052 0.24306279420852517 1.8743104031309485 0.28225648216903243 1.6511633181944487 0.40211756341159333 1.2918895948678255 0.12253529636654992 0.15312023829028476 0.26247286982834328 0.25939509086310852 0.45736704347655155 0.28607957996428013 0.34594553755596258 0.35646854713559151 0.80493352469056845 0.14579492621123791 0.2816286045126617 0.15541204717010249 0.22654193127527833 0.1515455450862645 0.25146340532228351 0.30924670165404677 0.30693028261885025 0.29316377500072122 0.15683283098042011 0.55038720835000277
leaf_count=23569 22 18 14 39 8 35 20 36 19 13 9 362 20 25 23 18 21 57 130 6 27 16 18 14 28 37 42 43 17 94
internal_value=-0.00108751 0.0132892 0.0149358 0.0100433 0.00383684 0.0111011 0.0278007 0.00537043 0.0323874 -0.0147129 -0.0484546 -0.0223284 0.0462621 0.0496702 0.0516092 0.0516341 0.0510268 0.0510165 0.0506693 0.0504875 0.0509567 0.050504 0.0506838 0.0504129 0.0504338 0.0505666 0.0503851 0.0503615 0.0504328 0.0503222
internal_weight=21.0708 16.1646 15.7735 13.6427 10.677 8.06045 4.89425 2.46193 2.96571 3.1662 4.90623 0.275656 2.13075 1.86827 1.60888 0.810771 1.69879 1.0653 1.29667 0.950728 0.567708 2.43232 0.818045 1.61427 0.607932 0.535789 1.46273 1.30731 0.463763 0.843551
internal_count=24800 860 842 675 477 438 390 89 198 48 23940 371 167 147 122 53 176 108 157 136 45 301 75 226 85 55 212 196 59 137
is_linear=0
shrinkage=0.05


Tree=103
num_leaves=31
num_cat=0
split_feature=4 11 10 13 11 11 7 4 14 17 2 4 4 17 2 6 17 4 14 11 16 4 19 6 4 4 4 7 4 4
split_gain=5.4249 0.673608 0.831298 1.00429 0.951993 0.954325 0.912582 0.84781 0.991845 0.806855 0.755224 0.818908 0.650249 0.61714 0.476417 0.176465 0.0898148 0.0801353 0.103804 0.0981618 0.0494006 0.0202009 0.0186735 0.0356724 0.0169395 0.00413045 0.00155223 0.00151944 0.00120651 0.000471497
threshold=0.36050541516245488 0.025979923956329753 250.50000000000003 0.63055000000000005 0.0037336898812398503 0.021163737104077304 1530270.5000000002 0.74655719578933388 0.56150000000000022 5.1752500000000016e-16 27.500000000000004 0.43154493343989836 0.46813506261180676 0.99997500000000017 67.500000000000014 5.6500000000000011e-05 0.99999500000000008 0.14328485885372114 0.029500000000000002 0.19849856688470727 829.00000000000011 0.64350460219812455 2.0000000000000004 3.5500000000000002e-05 0.51056338028169035 0.51056338028169035 0.99628718642629199 37823030.500000007 0.99628718642629199 0.99628718642629199
decision_type=2 10 8 10 10 8 10 2 10 10 2 2 2 10 2 8 10 2 8 10 8 2 8 10 2 2 2 10 2 2
left_child=17 2 7 4 14 6 -6 8 13 -8 -3 -12 -11 15 -4 27 28 -1 19 -19 -13 -5 25 -24 -14 -22 -26 -2 -9 -27
right_child=1 10 3 21 5 -7 9 16 -10 12 11 20 24 -15 -16 -17 -18 18 -20 -21 22 -23 23 -25 26 29 -28 -29 -30 -31
leaf_value=-0.05000935146536524 0.05507364675144806 -0.0046809616655743456 -0.015417480877346526 0.033299492590568767 -0.077608378341300563 -0.043775515123844311 -0.035203041722993468 0.05046572521977593 -0.029771868364749134 -0.052445791806711162 -0.052548457705239998 0.022928889718461656 0.036114056718382519 -0.019803778805705691 -0.06600509898868645 0.01743459459299608 0.022346827087937615 -0.050109843355000475 -0.050277138551089354 0.044504684567685589 0.055654014703004656 0.051068857592492314 0.0507637004501994 0.021564562519391164 0.05118254357786043 0.050497125603738729 0.054422722332524459 0.051188708717093391 0.053306171377038608 0.052425826969930381
leaf_weight=4.4047843415028209 0.38157842494547145 1.1777214305475343 0.86025086778681803 0.22205500165000547 0.22918894886970598 0.85615844698622812 0.42206710530445013 1.0959424837492404 1.2524604462087152 0.16739743296056975 0.21324063884094391 0.17308066459372673 0.17266227677464474 0.55172086600214232 1.0140191093087194 0.52720236685127031 0.31575498031452287 0.041619889074354322 0.14609648991608992 0.08031358866719529 0.65727776475250754 0.57181834895163774 0.32940827729180489 0.15326885506510735 0.81203702976927139 1.2627339004538951 0.67842711322009563 0.73934150021523237 0.56740455701947201 0.42303304653614748
leaf_count=23569 12 32 32 8 1 22 14 150 16 6 7 17 5 17 17 19 26 71 296 4 11 52 37 13 92 168 12 43 17 14
internal_value=-0.00105705 0.0129187 0.00652831 -0.00629037 -0.0142698 0.00174252 0.0174452 0.0207033 0.00574636 0.0271164 0.0295687 0.0421267 0.0414855 0.0259683 -0.0427864 0.0412909 0.0467939 -0.0483942 -0.0218504 0.0122096 0.0488589 0.0460986 0.0504471 0.0414918 0.0509399 0.052292 0.0526574 0.0525112 0.0514347 0.0509811
internal_weight=20.5001 15.8273 11.4375 6.00608 5.21221 3.33794 2.48178 5.43141 3.4523 2.25259 4.38976 3.21204 1.83052 2.19984 1.87427 1.64812 1.9791 4.67281 0.26803 0.121933 2.9988 0.793873 2.82572 0.482677 1.66313 2.34304 1.49046 1.12092 1.66335 1.68577
internal_count=24800 860 561 261 201 152 130 300 107 129 299 267 115 91 49 74 193 23940 371 75 260 60 243 50 109 193 104 55 167 182
is_linear=0
shrinkage=0.05


Tree=104
num_leaves=31
num_cat=0
split_feature=4 18 19 14 1 1 2 5 4 17 17 15 4 7 1 15 4 15 4 14 13 4 13 17 1 17 4 11 15 4
split_gain=5.137 0.656766 0.911662 0.71076 0.64484 1.10611 1.06185 1.33276 1.22152 1.10222 0.806728 0.712769 0.538684 0.524434 1.13801 0.0871942 0.140503 0.0783506 0.077389 0.0988698 0.0939683 0.0220432 0.0194197 0.013804 0.0236911 0.00129918 0.00123181 0.000645511 0.000421898 0.000379366
threshold=0.36050541516245488 inf 1.0000000180025095e-35 0.061500000000000006 39.500000000000007 42.500000000000007 47.500000000000007 5376.0000000000009 0.69563998830181328 0.0036026500000000002 8.4312500000000021e-25 0.20950000000000002 0.65360989230155575 39361368.000000007 47.500000000000007 0.82250000000000012 0.70622756144711418 1.4055000000000002 0.14328485885372114 0.029500000000000002 0.080742500000000009 0.46813506261180676 0.25016500000000003 7.7715500000000019e-05 22.500000000000004 0.039747000000000005 0.51056338028169035 0.0027054219082336003 0.58450000000000013 0.60357142857142876
decision_type=2 8 8 8 2 2 2 8 2 10 8 8 2 8 2 8 2 10 2 8 10 2 8 10 2 10 2 10 10 2
left_child=18 2 3 12 10 -6 7 8 -7 15 -5 -12 -2 -11 -15 16 -8 22 -1 20 -20 -17 -4 26 -25 -16 -13 -23 -28 -24
right_child=1 -3 17 4 5 6 9 -9 -10 13 11 23 -14 14 25 21 -18 -19 19 -21 -22 27 29 24 -26 -27 28 -29 -30 -31
leaf_value=-0.050008893592847763 0.006841825432349985 -0.052979706986513567 0.035707443563473454 -0.017795889965636837 -0.05756376957753942 -0.031369878051956311 0.00041899067242774727 -0.066815994303342049 0.050754712241333461 -0.044965028797155228 -0.038871413601469805 0.055197831177984193 0.05096753842215504 -0.053196241352508611 0.055508407482626414 0.069844847754372316 0.051223826645222473 0.018404663315330482 -0.050119918862268201 -0.050263875964611363 0.044183815426657468 0.053621018916591705 0.052594460008330748 0.030242717346550166 0.051011884222120489 0.051056049913951296 0.053667133060263494 0.051020342143980928 0.051187494377689061 0.050923624083367973
leaf_weight=4.1899978465517078 1.2266242960467928 0.37230303662363162 0.22368827462196228 0.87075492227450046 0.87163750175386656 1.0232483851723375 0.22436927165836107 0.99819318205118168 0.81217063637450326 0.62050208356231418 0.25680453423410687 0.387497369199991 1.5858948472887275 0.40601350227370858 0.29044975945726037 0.20339910686016094 0.34586341818794608 0.22965808352455486 0.040081356724840478 0.13900702397222631 0.077477984828874469 0.35857906425371744 0.51031631603837024 0.21255843713879574 0.38782978849485517 0.37587390234693885 0.23090753611177206 0.71310006827116013 0.66722872853279114 1.0162950651720164
leaf_count=23569 22 18 24 21 15 21 9 13 82 15 5 6 176 7 10 1 35 17 72 296 3 15 14 16 35 32 7 71 61 112
internal_value=-0.00102895 0.0126228 0.0142457 0.00945586 0.00335009 -0.00473633 0.0024903 -0.0203179 0.00497015 0.0207568 0.0227865 0.0392775 0.031723 -0.00838015 0.0127895 0.0474862 0.0312337 0.0458633 -0.0483766 -0.02172 0.0120314 0.0547546 0.0494661 0.0499184 0.0436589 0.0529968 0.0528416 0.0518905 0.051825 0.0514822
internal_weight=19.8683 15.4218 15.0495 13.0695 10.257 7.2434 6.37176 2.83361 1.83542 3.53815 3.01358 2.14283 2.81252 1.69284 1.07234 1.84531 0.570233 1.97996 4.44656 0.256566 0.117559 1.27508 1.7503 1.88602 0.600388 0.666324 1.28563 1.07168 0.898136 1.52661
internal_count=24800 860 842 675 477 326 311 116 103 195 151 130 198 64 49 131 44 167 23940 371 75 87 150 125 51 42 74 86 68 126
is_linear=0
shrinkage=0.05


Tree=105
num_leaves=31
num_cat=0
split_feature=4 11 10 13 11 11 7 4 14 17 2 4 4 17 2 6 17 4 4 1 19 6 7 4 6 7 4 4 1 10
split_gain=4.86744 0.645818 0.749291 0.907996 0.825986 0.830378 0.809861 0.787062 0.885787 0.737899 0.694348 0.747736 0.617933 0.567492 0.430138 0.171901 0.0890434 0.0747427 0.0943406 0.0532445 0.0199132 0.0336679 0.0190945 0.0169925 0.00357421 0.00127499 0.00114905 0.000893304 0.000485179 0.000298534
threshold=0.36050541516245488 0.025979923956329753 250.50000000000003 0.63055000000000005 0.0037336898812398503 0.021163737104077304 1530270.5000000002 0.74655719578933388 0.56150000000000022 5.1752500000000016e-16 27.500000000000004 0.43154493343989836 0.46813506261180676 0.99997500000000017 67.500000000000014 5.6500000000000011e-05 0.99999500000000008 0.14328485885372114 0.14650062145672924 18.500000000000004 2.0000000000000004 3.5500000000000002e-05 49920526.000000007 0.51056338028169035 0.00061164300000000015 25524786.000000004 0.99628718642629199 0.99628718642629199 28.500000000000004 4575.5000000000009
decision_type=2 10 8 10 10 10 10 2 10 10 2 2 2 10 2 8 10 2 2 2 8 10 10 2 8 10 2 2 2 10
left_child=17 2 7 4 14 6 -6 8 13 -8 -3 -12 -11 15 -4 25 27 -1 -19 -13 24 -22 -5 -14 28 -2 29 -9 -21 -25
right_child=1 10 3 22 5 -7 9 16 -10 12 11 19 23 -15 -16 -17 -18 18 -20 20 21 -23 -24 26 -26 -27 -28 -29 -30 -31
leaf_value=-0.050008458864575944 0.054753258965236286 -0.0039048654592326922 -0.014444373725494295 0.03408591335003755 -0.074423504228099166 -0.04126466477057588 -0.033729682335180804 0.050422963325538007 -0.028429702754009457 -0.052341018028168464 -0.052298546429326409 0.020108990749822316 0.035442313252913665 -0.019140026483350073 -0.063030213773512672 0.016933165209519714 0.021383132000181247 0.012125328074160001 -0.050071359645312542 0.052712096396017954 0.050701936937163274 0.02079585237754698 0.051187427380730899 0.050620647785011345 0.056918831706059318 0.051016068942683047 0.054024671730499019 0.052984480972399453 0.050838972396463823 0.053126149262554094
leaf_weight=3.9856830365170053 0.33959108125418203 1.1437413408420969 0.8412635370623327 0.24490113137289871 0.2204741835594185 0.83852120582014311 0.41207452304661307 0.99574606819078304 1.2222151160240171 0.16097919258754689 0.1966761376243088 0.15508473524823818 0.16455479897558678 0.53710557962767769 0.99354108877014369 0.51673492463305604 0.29768900992348779 0.1124751156894489 0.13313599345565308 0.45610794750973616 0.26725600985810194 0.14526240713894367 0.48939884046558291 0.59704187419265486 0.33198699494823802 0.69589461828581989 0.62635403871536255 0.51712891738861799 1.4282556339167056 0.14845133852213621
leaf_count=23569 10 32 32 21 1 22 14 150 16 6 7 14 5 17 17 19 26 9 362 24 33 13 39 84 12 45 12 17 164 8
internal_value=-0.00100292 0.0123698 0.00597268 -0.00643663 -0.0140567 0.00140301 0.0167587 0.019873 0.00538059 0.0262888 0.0292136 0.0419219 0.0408596 0.025159 -0.0407535 0.0404875 0.0463799 -0.0483588 -0.021589 0.0485783 0.0502577 0.0401709 0.0454838 0.0506248 0.0521351 0.0522417 0.052446 0.0512985 0.0512924 0.0511196
internal_weight=19.2153 14.984 10.8597 5.73756 5.00326 3.16845 2.32993 5.12211 3.31154 2.10946 4.12437 2.98063 1.69738 2.08933 1.8348 1.55222 1.81056 4.23129 0.245611 2.78395 2.62887 0.412518 0.7343 1.5364 2.21635 1.03549 1.37185 1.51287 1.88436 0.745493
internal_count=24800 860 561 261 201 152 130 300 107 129 299 267 115 91 49 74 193 23940 371 260 246 46 60 109 200 55 104 167 188 92
is_linear=0
shrinkage=0.05


Tree=106
num_leaves=31
num_cat=0
split_feature=4 18 19 14 1 1 2 5 17 17 17 15 4 11 4 7 1 15 4 4 15 4 14 12 4 14 17 1 4 17
split_gain=4.60576 0.612898 0.852974 0.660328 0.578998 0.963073 0.975689 1.20523 1.13557 1.01599 0.725957 0.666593 0.664224 0.527113 1.33745 0.451679 1.00564 0.0848382 0.144048 0.0814941 0.0767894 0.0750691 0.093628 0.0876045 0.019898 0.0197571 0.0149127 0.0264393 0.00191157 0.000959529
threshold=0.36050541516245488 inf 1.0000000180025095e-35 0.061500000000000006 39.500000000000007 42.500000000000007 47.500000000000007 5998.5000000000009 0.99999500000000008 0.0036026500000000002 8.4312500000000021e-25 0.20950000000000002 0.57641196013289042 0.0025901346973941004 0.66084751292855803 39361368.000000007 47.500000000000007 0.82250000000000012 0.67809350017379222 0.46813506261180676 1.4055000000000002 0.14328485885372114 0.029500000000000002 0.48375892220063216 0.46813506261180676 0.15150000000000002 7.7715500000000019e-05 22.500000000000004 0.65360989230155575 0.039747000000000005
decision_type=2 8 8 8 2 2 2 10 8 10 8 8 2 10 2 8 2 8 2 2 10 2 8 10 2 8 10 2 2 10
left_child=21 2 3 13 10 -6 7 8 12 17 -5 -12 -7 14 -2 -11 -17 18 -8 -15 25 -1 23 -23 -19 -4 -13 -28 -21 -18
right_child=1 -3 20 4 5 6 9 -9 -10 15 11 26 -14 19 -16 16 29 24 -20 28 -22 22 -24 -25 -26 -27 27 -29 -30 -31
leaf_value=-0.050008046662136853 -0.065784257273198241 -0.052845162727862972 0.034867885427815902 -0.016715114344695095 -0.0547525656683618 -0.034977503234861339 -0.002465390587017694 -0.064753079998537327 -0.057407219187297812 -0.042539637488498733 -0.037793001624723183 0.052592012135874937 0.051040882287142667 0.017484068980882377 0.050829395110365418 -0.049063001926297811 0.054973560968984564 0.069039760483455531 0.051096157655739931 0.054667830901373532 0.017919060177558361 0.044016509822712685 -0.050261121392223787 -0.0501011662122565 0.051722158293748779 0.051373905336849393 0.028326876922407332 0.05092534233486206 0.050974076723484897 0.050974180734417424
leaf_weight=3.7913292229786775 0.41890427283942633 0.3546591572230654 0.20804596971720335 0.8511611791327599 0.84860143344849337 0.29419825598597527 0.20339652337133896 0.97049909690394986 0.51958193676546227 0.59962682425975766 0.25064640026539531 1.1838373779319225 0.94629372376948595 0.18818264640867699 0.59528305334970355 0.40310288267210126 0.26599242864176631 0.19972522556781769 0.32788823172450066 0.58044523652642943 0.2224373691715299 0.073815454030409344 0.12797223569941707 0.037176443467615172 0.9786121379584074 1.4097626674920321 0.20377779658883821 0.35474590631201863 0.88325546402484179 0.34383528213948011
leaf_count=23569 7 18 22 21 15 5 8 13 8 15 5 74 90 3 60 7 10 1 36 12 17 3 296 72 86 128 16 35 116 32
internal_value=-0.000975416 0.0120812 0.0136969 0.00898683 0.00295472 -0.00486906 0.00212465 -0.0200182 0.00464844 0.0203244 0.0219391 0.0384472 0.0306405 0.0310365 0.00266279 -0.00814611 0.0122139 0.0471784 0.0305907 0.0484568 0.045464 -0.0482949 -0.0211141 0.012492 0.0546574 0.0492513 0.0494147 0.0426803 0.0524389 0.0527186
internal_weight=18.6368 14.6065 14.2518 12.4116 9.74552 6.90135 6.05275 2.73057 1.76007 3.32218 2.84417 1.99301 1.24049 2.66607 1.01419 1.61256 1.01293 1.70962 0.531285 1.65188 1.84025 4.03029 0.238964 0.110992 1.17834 1.61781 1.74236 0.558524 1.4637 0.609828
internal_count=24800 860 842 675 477 326 311 116 103 195 151 130 95 198 67 64 49 131 44 131 167 23940 371 75 87 150 125 51 128 42
is_linear=0
shrinkage=0.05


Tree=107
num_leaves=31
num_cat=0
split_feature=4 11 10 13 4 14 11 1 17 11 5 2 7 17 2 4 6 4 4 8 4 14 13 7 19 13 8 2 7 4
split_gain=4.36749 0.604462 0.663903 0.813165 0.73076 0.791214 0.689251 0.710911 0.733501 0.701954 0.649423 0.807445 0.635349 0.507659 0.38931 0.383997 0.22678 0.18613 0.100122 0.0906043 0.0724791 0.0891598 0.0834944 0.0200332 0.0193589 0.0119101 0.00139272 0.000844232 0.000798687 0.000595691
threshold=0.36050541516245488 0.025979923956329753 250.50000000000003 0.63055000000000005 0.74655719578933388 0.56150000000000022 0.0037336898812398503 60.500000000000007 8.4312500000000021e-25 0.021163737104077304 11471.000000000002 29.500000000000004 13901183.000000002 0.99997500000000017 67.500000000000014 0.62284482758620696 6.3500000000000012e-05 0.51056338028169035 0.46813506261180676 23333940.500000004 0.14328485885372114 0.029500000000000002 0.080742500000000009 49920526.000000007 2.0000000000000004 0.040376000000000002 1621265.0000000002 79.500000000000014 59309403.000000007 0.99628718642629199
decision_type=2 10 8 10 2 10 10 2 8 10 10 2 8 10 2 2 8 2 2 10 2 8 10 10 8 8 8 2 10 2
left_child=20 2 4 6 5 13 14 8 -8 12 18 -12 -9 16 -4 -14 28 -13 -3 -6 -1 22 -22 -5 26 -10 -20 -27 -2 -21
right_child=1 10 3 23 19 -7 7 9 25 -11 11 17 15 -15 -16 -17 -18 -19 24 29 21 -23 -24 -25 -26 27 -28 -29 -30 -31
leaf_value=-0.050007650806720219 0.053513421334820399 0.012473113459994734 -0.012935843800973566 0.032929281812685104 0.019809698857441233 -0.027183586359210178 -0.038197974354919853 -0.051391242639676676 0.038217310286346146 -0.060490467020693099 -0.035994423751400099 0.0030432659924791309 -0.035422253677189625 -0.018310109823644432 -0.059725530797054276 0.051582703086619934 0.0086300090410581943 0.050762204954469418 0.055836246664577628 0.05037737595273567 -0.050113190684434608 -0.050248606801512941 0.043556819228812271 0.051013843426078009 0.038960825113161866 0.05168593760330327 0.051269672017794338 0.055004243150508982 0.050722738826412719 0.05251498939393117
leaf_weight=3.6064517835475303 0.5498364316299531 0.20014364784583438 0.82344484433997489 0.23311748402193178 0.27592284372076381 1.1911903875879941 0.30674612103030097 0.33739727735519376 0.16473374934867036 0.6595172001980244 0.6967769358307121 0.30327382124960423 0.1642660350771622 0.51240071281790722 0.9662052805069834 0.55628348793834448 0.42024772102013241 0.62647849088534713 0.1879996908828615 0.85488428315147735 0.035698792242328525 0.12176050718699116 0.071315738139674067 0.44632848456967622 0.35706204734742653 0.49621398188173771 1.492209603311494 0.31231836182996631 0.48039238923229277 0.52671807259321213
leaf_count=23569 21 5 32 21 29 16 7 6 17 7 11 8 8 17 17 50 18 74 4 144 72 296 3 39 38 44 159 13 35 20
internal_value=-0.000952087 0.0118819 0.00554386 -0.0063782 0.0190888 0.00496319 -0.0136433 0.00101648 0.0292222 -0.020005 0.0287412 0.00469975 0.00523341 0.0244718 -0.0381969 0.0317479 0.0395851 0.0351969 0.0462186 0.0459682 -0.0482765 -0.0209856 0.0123096 0.044809 0.0495338 0.0504711 0.0517806 0.0529677 0.0522121 0.0511923
internal_weight=17.9773 14.1421 10.2782 5.46657 4.81159 3.15407 4.78713 2.99748 1.28001 1.71746 3.86394 1.62653 1.05795 1.96288 1.78965 0.72055 1.45048 0.929752 2.23741 1.65753 3.83523 0.228775 0.107015 0.679446 2.03727 0.973266 1.68021 0.808532 1.03023 1.3816
internal_count=24800 860 561 261 300 107 201 152 81 71 299 93 64 91 49 58 74 82 206 193 23940 371 75 60 201 74 163 57 56 164
is_linear=0
shrinkage=0.05


Tree=108
num_leaves=31
num_cat=0
split_feature=4 7 8 11 10 11 11 7 4 2 14 17 15 17 10 17 6 14 19 6 4 13 13 4 4 19 4 18 4 4
split_gain=4.13727 0.576468 0.714753 0.707004 0.863505 0.641844 1.28036 0.599473 0.640226 0.642393 1.21504 0.926123 0.560059 0.439665 0.40938 0.312198 0.255471 0.183583 0.146732 0.134844 0.0699984 0.0855641 0.104352 0.0687663 0.0411623 0.0205944 0.0299146 0.0166007 0.00106361 0.000790365
threshold=0.36050541516245488 153932044.00000003 154303116.00000003 0.025979923956329753 826.50000000000011 0.0040141411054321011 0.021163737104077304 1125128.5000000002 0.7219242814777862 68.500000000000014 0.56150000000000022 0.99997500000000017 1.4375000000000002 8.4312500000000021e-25 26958.500000000004 8.4312500000000021e-25 6.3500000000000012e-05 0.33250000000000007 1.0000000180025095e-35 2.3746200000000003e-05 0.14328485885372114 0.082043000000000019 0.080742500000000009 0.46813506261180676 0.64350460219812455 1.0000000180025095e-35 0.71432308209708173 1.0000000180025095e-35 0.51056338028169035 0.99628718642629199
decision_type=2 10 10 10 10 10 10 10 2 2 10 10 10 8 10 8 8 10 8 10 2 8 10 2 2 8 2 8 2 2
left_child=20 2 3 4 7 -6 15 -2 9 10 11 16 14 -10 23 -7 -9 -11 -15 -20 -1 22 -22 -5 -17 28 -27 -3 -25 -26
right_child=1 27 -4 12 5 6 -8 8 13 17 -12 -13 -14 18 -16 24 -18 -19 19 -21 21 -23 -24 25 29 26 -28 -29 -30 -31
leaf_value=-0.050007278202283983 -0.070639191231099546 0.051322321513425084 -0.063308568045295249 0.017798024687284263 -0.056439060145949772 -0.01766024751510761 -0.058889581977377703 0.052386927532719466 -0.006439149666298165 0.0089016333809342537 -0.061139135422569414 -0.040941004450991948 -0.017207981782058041 0.051070508173170451 -0.0043555308948916077 0.027011929120938895 0.0091465137895578343 0.057491169263328958 -0.007826005678444381 0.050407700156329116 -0.050097889062922375 -0.0502446923255081 0.052988058816695452 0.054040871771640721 0.050538288119735181 0.021843129745408862 0.050866028756192373 0.034870464178179759 0.051168897623380262 0.054212327394760312
leaf_weight=3.4305880461761293 0.20680983364581518 0.80933721899054945 0.3350364379584797 0.18326462549157474 0.85740172397345338 0.25673410180024769 0.64666996151208866 0.79786905669607278 0.5239764712750915 0.3007734705461188 0.80511569930240501 0.58795850875321765 0.52573965932242561 1.7199096281547099 0.45811830740421999 0.2164032617583872 0.59730933536775421 0.5496398713439703 0.22776328655891132 0.17639807029627264 0.040511506085749605 0.11623786234122235 0.062306948166224174 0.41614410281181347 0.27237179991789162 0.15169271035119902 0.2140948767773807 0.18917256989516396 1.430665736319497 0.31644473969936371
leaf_count=23569 1 78 3 4 14 13 10 35 20 21 10 13 30 201 22 6 20 22 20 29 88 280 3 9 43 13 27 27 163 6
internal_value=-0.000925129 0.0116174 0.00875751 0.0106985 0.00341786 -0.0211382 -0.00342394 0.0131216 0.015877 0.00226521 -0.0093372 0.0116934 0.0302148 0.034581 0.0389506 0.0303515 0.0338747 0.0403061 0.0447 0.0175904 -0.0482575 -0.0208547 0.0123712 0.0472313 0.0456594 0.0496692 0.0388302 0.0482054 0.051816 0.0525128
internal_weight=17.4225 13.7728 12.7743 12.4393 9.05955 2.56603 1.70862 6.49352 6.28671 3.63867 2.78825 1.98314 3.37972 2.64805 2.85398 1.06195 1.39518 0.850413 2.12407 0.404161 3.64964 0.219056 0.102818 2.39586 0.80522 2.2126 0.365788 0.99851 1.84681 0.588817
internal_count=24800 860 755 752 484 92 78 392 391 121 78 68 268 270 238 68 55 43 250 49 23940 371 91 216 55 212 40 105 172 49
is_linear=0
shrinkage=0.05


Tree=109
num_leaves=31
num_cat=0
split_feature=4 18 19 13 15 4 4 1 1 1 17 4 18 5 4 4 13 13 17 7 4 4 17 2 12 2 4 2 4 14
split_gain=3.92141 0.562591 0.774929 0.605047 0.532162 0.606503 1.33637 0.981417 0.864486 0.896075 0.575607 0.504744 0.27275 0.163297 0.0724869 0.0667977 0.0813899 0.0989689 0.000221332 0.000124525 3.52061e-05 2.30144e-05 9.47849e-06 9.13519e-06 3.85466e-06 3.215e-06 2.44424e-06 1.5893e-06 1.26966e-06 1.08415e-06
threshold=0.36050541516245488 inf 1.0000000180025095e-35 0.12242500000000002 0.20950000000000002 0.99628718642629199 0.71432308209708173 39.500000000000007 42.500000000000007 61.500000000000007 2.2663000000000002e-15 0.65360989230155575 2.0000000000000004 1786.5000000000002 0.51056338028169035 0.14328485885372114 0.082043000000000019 0.080742500000000009 1.4990000000000003e-30 6946234.0000000009 0.71751918158567796 0.99628718642629199 4.6796000000000005e-15 30.500000000000004 0.19355751402111793 46.500000000000007 0.93267893039276684 25.500000000000004 0.73319015934998921 0.040500000000000008
decision_type=2 8 8 8 8 2 2 2 2 2 10 2 10 10 2 2 8 10 10 10 2 2 8 2 10 2 2 2 2 10
left_child=15 2 3 11 -5 6 7 -6 -9 -10 -11 -2 -7 -12 -4 -1 17 -17 -16 -13 -21 29 25 -20 -18 -8 28 -24 -25 -22
right_child=1 -3 14 4 5 12 22 8 9 10 13 19 -14 -15 18 16 24 -19 23 20 21 -23 27 26 -26 -27 -28 -29 -30 -31
leaf_value=-0.050006926118286901 0.0049224472806023867 -0.052679507611518253 0.026836764310139361 -0.051932928515053871 0.042851307490374718 -0.00043410766772553788 0.050636636977975019 -0.063266568982559473 0.049364213642011656 -0.055827753237135937 0.023478297468368828 0.051739947021560651 -0.032118969324225484 -0.016846019082556164 0.051826628546611166 -0.050093123331088243 -0.050834244946590459 0.052747075229516896 0.050826417235277956 0.05104842353875684 0.050258311672237835 0.051063242940887238 0.050463509160258782 0.050405002953288924 -0.050088023286274631 0.050411603697980069 0.050550556115618143 0.050271638453630668 0.050250980824186456 0.050429899407370998
leaf_weight=3.2632986610551629 1.0748440553434186 0.33421062573324789 0.41714191157370528 0.42966264858841796 0.94221428548917208 1.5693050976842642 0.34330040030181375 0.72344615403562818 0.64589536562562022 0.6707002231851219 0.5192116054240612 0.28930969489738334 1.1974820327013731 0.4861297719180584 0.4329000264406202 0.038539311033673473 0.021476213762070984 0.059532173560000956 0.12207517540082335 0.28245801432058193 0.5599085995927453 0.11119605507701635 0.12071299413219105 0.22081741550937295 0.089117895302479155 0.29519809409976006 0.13237982522696257 1.01892280485481 0.33954668138176203 0.110171128064394
leaf_count=23569 21 18 13 5 37 35 32 8 28 11 23 16 14 18 23 88 3 3 11 21 119 6 16 32 277 43 16 206 72 16
internal_value=-0.000901343 0.0113776 0.0130174 0.00836009 0.00236206 0.00509613 0.0143305 -0.0017438 -0.0155411 -0.0006713 -0.0199535 0.0305009 -0.0141475 0.0039796 0.0448805 -0.0482532 -0.020827 0.0123338 0.050913 0.0508202 0.05057 0.0503971 0.0503784 0.0504276 -0.0502329 0.0505326 0.0503573 0.050292 0.0503117 0.0502865
internal_weight=16.8611 13.3891 13.0549 11.3901 8.96218 8.53252 5.76573 3.9876 3.04538 2.32194 1.67604 2.42789 2.76679 1.00534 1.66486 3.47196 0.208666 0.0980715 1.24772 1.35304 1.06373 0.781276 1.77813 0.814819 0.110594 0.638498 0.692744 1.13964 0.560364 0.67008
internal_count=24800 860 842 675 476 471 422 125 88 80 52 199 49 41 167 23940 371 91 154 178 162 141 297 131 280 75 120 222 104 135
is_linear=0
shrinkage=0.05


Tree=110
num_leaves=31
num_cat=0
split_feature=4 17 17 1 1 2 7 10 5 18 7 7 17 5 4 11 1 11 4 4 7 17 11 19 10 4 4 4 4 4
split_gain=3.74334 0.615541 1.35809 0.722877 1.39683 1.01693 0.977265 0.56928 0.632858 0.467888 0.562015 0.478845 0.414019 0.356681 0.484944 0.287811 0.260743 0.137722 0.086628 0.0694437 0.0928465 0.0604569 0.0846675 0.0331487 0.000727871 0.000681048 0.000353984 0.00034111 0.000331781 0.000290478
threshold=0.46813506261180676 6.0299500000000012e-26 3.1047500000000005e-24 39.500000000000007 43.500000000000007 27.500000000000004 1982864.0000000002 2787.5000000000005 7175.0000000000009 2.0000000000000004 49706872.000000007 33975302.000000007 6.3598000000000021e-14 6227.5000000000009 0.57641196013289042 0.0012116535238739002 29.500000000000004 0.0021859990598447504 0.40010890280424721 0.36050541516245488 49063947.000000007 0.99999500000000008 0.0014315469826354503 2.0000000000000004 2126.5000000000005 0.38080925261899745 0.99628718642629199 0.57641196013289042 0.64350460219812455 0.36050541516245488
decision_type=2 8 8 2 2 2 10 10 10 8 10 10 10 10 2 10 2 10 2 2 10 10 10 8 8 2 2 2 2 2
left_child=9 26 -3 15 -5 12 -7 21 13 10 11 16 -6 14 -9 -4 18 -14 -1 20 -13 24 -23 28 27 -11 -2 -8 -17 -12
right_child=1 2 3 4 5 6 7 8 -10 25 29 19 17 -15 -16 23 -18 -19 -20 -21 -22 22 -24 -25 -26 -27 -28 -29 -30 -31
leaf_value=-0.050020525360103596 0.051141587467665665 -0.05009257265080426 0.0082403458426950939 -0.042412476073160427 -0.048683900148718734 -0.027847553339033083 0.052264002928641029 -0.05773069081861576 0.051412618849493601 -0.050024929687707609 -0.050015758061632366 -0.050023672804393238 -0.019305225390266904 -0.066232798311101002 0.050455515196934156 0.052541486756445835 -0.051347321100253987 0.021976120612009677 0.056240905189822492 0.06305157008475587 0.05319783506068812 0.0050146454529526197 0.051176469560787523 0.031150286333107444 0.054426689248717346 -0.05274010236958257 0.053137135313422817 0.050872968846845237 0.050983414134115959 -0.052225051817102054
leaf_weight=0.023808748897863552 0.64530250546522161 0.85120340203866263 0.56652117543853853 1.1596709261648355 0.65632848255336262 0.67090401425957669 0.57764973491430405 0.17487183585762955 0.494637610623613 2.871382728801112 0.24507885532511864 0.035457470075925812 0.35046290373429656 0.27954983431845903 0.25408854940906167 0.48729446670040499 0.29182033106917515 0.47706271521747112 0.098653644323348999 0.30053616315126419 0.056498665362596512 0.1791107803583144 0.22301162336952984 0.22942351480014589 0.18862147140316654 0.25115354213630769 0.33895841427147388 1.8591507046949116 1.1433884704019872 0.37864706898108125
leaf_count=150 63 12 36 37 7 11 18 2 53 21082 1766 226 12 5 43 18 725 28 1 2 1 12 29 34 13 13 8 245 137 11
internal_value=-0.000879742 0.0139721 0.0105294 0.0157042 0.00806958 0.0172377 0.0282163 0.0371069 0.00801227 -0.0393945 -0.0157135 0.0118427 -0.0190278 -0.0222871 0.00635186 0.0394424 -0.025651 0.00449318 0.0355819 0.051418 0.0133965 0.0486691 0.0306154 0.0489454 0.0514343 -0.0502433 0.0518288 0.0512027 0.051449 -0.051357
internal_weight=16.3603 11.8072 10.823 9.97175 7.54512 6.38545 4.9016 4.23069 1.20315 4.55304 1.4305 0.806775 1.48385 0.70851 0.42896 2.42663 0.414283 0.827526 0.122462 0.392492 0.0919561 3.02754 0.402122 1.86011 2.62542 3.12254 0.984261 2.4368 1.63068 0.623726
internal_count=24800 823 752 740 515 478 431 420 103 23977 2882 1105 47 50 45 225 876 40 151 229 227 317 41 189 276 21095 71 263 155 1777
is_linear=0
shrinkage=0.05


Tree=111
num_leaves=31
num_cat=0
split_feature=4 17 17 1 1 18 1 2 14 1 18 7 7 1 10 11 1 4 4 7 19 6 4 4 4 4 4 4 4 4
split_gain=3.5412 0.591099 1.26164 0.680831 1.2787 0.975485 1.39855 0.760924 0.589515 1.07869 0.447453 0.533905 0.451555 0.345502 0.407203 0.286295 0.24757 0.0819686 0.0643692 0.0881375 0.0353027 0.0160073 0.00123679 0.00065524 0.0005863 0.000303432 0.000284877 0.000249269 0.000185045 0.000152184
threshold=0.46813506261180676 6.0299500000000012e-26 3.1047500000000005e-24 39.500000000000007 43.500000000000007 2.0000000000000004 69.500000000000014 21.500000000000004 0.065500000000000017 67.500000000000014 2.0000000000000004 49706872.000000007 33975302.000000007 98.500000000000014 26958.500000000004 0.0012116535238739002 29.500000000000004 0.40010890280424721 0.36050541516245488 49063947.000000007 2.0000000000000004 8.5000000000000016e-06 0.57641196013289042 0.99628718642629199 0.38080925261899745 0.99628718642629199 0.64350460219812455 0.36050541516245488 0.99628718642629199 0.70622756144711418
decision_type=2 8 8 2 2 8 2 2 10 2 8 10 10 2 10 10 2 2 2 10 8 10 2 2 2 2 2 2 2 2
left_child=10 25 -3 15 -5 7 8 -6 9 -7 11 12 16 14 23 -4 17 -1 19 -14 26 -8 -23 -9 -12 29 -17 -13 -28 -2
right_child=1 2 3 4 5 6 21 13 -10 -11 24 27 18 -15 -16 20 -18 -19 -20 -21 -22 22 -24 -25 -26 -27 28 -29 -30 -31
leaf_value=-0.050019523112899394 0.051989197243699603 -0.048878393663033003 0.0078466471005980455 -0.040283267262088959 -0.026375188200867868 0.051849493161797461 0.035189549140862302 0.05073746688040557 -0.056317136310595511 -0.068976664164361559 -0.050023740014231537 -0.050014989833615478 -0.050022522543772235 -0.022900508797269438 -0.025620264570733964 0.052415144685257389 -0.05128200548763269 0.055899600386669038 0.062281797563020595 0.053032163763703788 0.030187908754654397 0.056219267816263532 0.051323007190140969 0.052525103890566617 -0.052603750315235676 0.052978899011242843 0.050499152377843581 -0.052112515596461406 0.051908457930097011 0.050400645521465018
leaf_weight=0.022648024751106277 0.26537628052755913 0.82929426617920299 0.56523258402012322 1.159912029514089 0.46256041573360596 0.44699154002592001 0.1635692985728382 2.1262584838550551 1.0117045457009224 0.31481932918541133 2.7314070105639998 0.23312970596452942 0.033728944734320976 0.19116656179539848 0.18398336065001775 0.46461792429909121 0.27793272189592244 0.094400703907012939 0.28932224214076996 0.053906843066215515 0.22501515364274349 0.18409814685583115 0.43075530976057053 0.67544117290526617 0.23950825899373729 0.32336590997874737 0.75096151907928266 0.36093839770182967 0.33764459565281868 0.34909729147329926
leaf_count=150 11 12 36 37 10 43 21 287 20 4 21082 1766 226 10 9 18 725 1 2 1 34 2 46 26 13 8 124 11 13 52
internal_value=-0.000858439 0.0137027 0.0103132 0.0153765 0.00789527 0.0169212 -0.00677985 0.0335403 -0.0313024 0.00191793 -0.0393416 -0.0156567 0.0117655 0.0422642 0.0464366 0.0388443 -0.0255932 0.0354051 0.0509104 0.0133688 0.0486972 0.0490909 0.052789 0.0511684 -0.0502317 0.0517391 0.0513786 -0.0512894 0.0509363 0.0510867
internal_weight=15.7988 11.4619 10.524 9.69473 7.35126 6.19135 2.55194 3.63941 1.77352 0.761811 4.33692 1.36601 0.771939 3.17685 2.98568 2.34347 0.394981 0.117049 0.376958 0.0876358 1.77824 0.778423 0.614853 2.8017 2.97092 0.937839 1.55322 0.594068 1.08861 0.614474
internal_count=24800 823 752 740 515 478 136 342 67 47 23977 2882 1105 332 322 225 876 151 229 227 189 69 48 313 21095 71 155 1777 137 63
is_linear=0
shrinkage=0.05


Tree=112
num_leaves=31
num_cat=0
split_feature=4 17 17 17 13 2 10 11 15 15 4 6 2 18 7 8 17 1 4 2 6 4 11 14 11 4 4 4 4 4
split_gain=3.35211 0.566795 1.18543 0.892559 0.644124 0.682657 0.529986 0.657043 0.671637 0.602359 0.795619 0.472719 0.574084 0.427788 0.507236 0.427121 0.399473 0.758209 0.454776 0.5602 0.267398 0.150885 0.0489543 0.0314846 0.00553426 0.00123732 0.000540242 0.000504728 0.000260482 0.000213937
threshold=0.46813506261180676 6.0299500000000012e-26 6.3598000000000021e-14 0.0031299000000000006 0.12902000000000002 20.500000000000004 170.50000000000003 0.0037336898812398503 0.5415000000000002 0.44550000000000006 0.62284482758620696 8.5000000000000016e-06 69.500000000000014 2.0000000000000004 49706872.000000007 9129486.5000000019 8.4312500000000021e-25 39.500000000000007 0.71432308209708173 28.500000000000004 1.7500000000000002e-05 0.14328485885372114 0.00058212193764990011 0.59950000000000003 0.0007941631213734501 0.64350460219812455 0.99628718642629199 0.38080925261899745 0.99628718642629199 0.36050541516245488
decision_type=2 8 8 8 10 2 10 10 10 10 2 10 2 8 10 10 10 2 2 2 10 2 10 10 10 2 2 2 2 2
left_child=13 28 16 23 5 -5 24 -8 9 10 -9 12 -7 14 15 -1 -3 -18 -19 -20 -17 -22 -13 -4 -6 -24 -10 -15 -2 -16
right_child=1 2 3 4 6 11 7 8 26 -11 -12 22 -14 27 29 20 17 18 19 -21 21 -23 25 -25 -26 -27 -28 -29 -30 -31
leaf_value=-0.051429822169329668 0.051033282401552874 -0.057570004909251363 0.050803940494678568 -0.06584409855893858 0.038998969623238462 0.051464328223816441 -0.049434477633797318 -0.058743344791552292 0.050537671630507541 -0.058907148672627835 0.051225090976329692 0.023593835837711533 -0.034135317884270017 -0.0500226122548088 -0.050014267451023268 -0.050535077032115509 0.043549895092435363 -0.051674709313123714 -0.046249042570522689 0.051014053516600336 -0.050005952277646482 0.057318175299149537 0.053624094509494617 0.031743544556940943 0.050800431840368067 0.050721456347525055 0.053831411975326093 -0.052474316543799228 0.052828895118147007 -0.052005862324517864
leaf_weight=0.19662659399182303 0.58510158793069145 0.54937819391488973 1.7607186967507016 0.18272745609283481 0.16309856157749925 0.34247127198614213 0.88792426185682449 0.2533677816390989 0.23260954441502679 0.49625995522364974 0.46882448857650161 0.17017964110709716 0.4575750611256808 2.5982519637764212 0.22176297390979016 0.078809563136019278 0.50289357337169338 0.83341006143018581 0.27791934460401535 0.3167917812243104 0.035465521759761032 0.42748031410155818 0.60025327140465357 0.24705889960750926 0.2541233457159251 0.9453913695178926 0.26784906908869743 0.22837507672375057 0.30844650976359844 0.34402155503630638
leaf_count=439 63 5 240 1 23 35 15 2 39 10 47 12 25 21082 1766 347 33 11 5 38 298 21 15 27 25 138 6 13 8 11
internal_value=-0.000837732 0.0134668 0.0101252 0.0197753 0.00971192 0.0274694 -0.00613445 -0.0145085 0.00353298 -0.0164974 0.0126447 0.0342468 0.00250683 -0.0392912 -0.0156028 0.0116928 -0.0199507 -0.00924795 -0.02784 0.00556124 0.0346028 0.0490962 0.0490463 0.0484585 0.0461871 0.0518487 0.0523005 -0.0502207 0.0516531 -0.0512252
internal_weight=15.2352 11.1044 10.2108 7.73043 5.72266 2.6986 3.02406 2.60684 1.71891 1.21845 0.722192 2.51587 0.800046 4.13079 1.30417 0.738382 2.48039 1.93101 1.42812 0.594711 0.541755 0.462946 1.71582 2.00778 0.417222 1.54564 0.500459 2.82663 0.893548 0.565785
internal_count=24800 823 752 660 393 226 167 119 104 59 49 225 60 23977 2882 1105 92 87 54 43 666 319 165 267 48 153 45 21095 71 1777
is_linear=0
shrinkage=0.05


Tree=113
num_leaves=31
num_cat=0
split_feature=4 17 17 17 13 10 11 15 15 4 18 7 6 8 7 2 17 1 4 2 19 6 4 18 11 4 4 4 4 4
split_gain=3.1755 0.542181 1.10977 0.852131 0.60466 0.497129 0.596269 0.635549 0.553839 0.753501 0.409482 0.481951 0.408356 0.403935 0.399516 0.640171 0.381806 0.703657 0.415536 0.521832 0.257859 0.252029 0.14188 0.0338796 0.0060642 0.00106034 0.000463963 0.000434504 0.000224545 0.00022337
threshold=0.46813506261180676 6.0299500000000012e-26 6.3598000000000021e-14 0.0031299000000000006 0.12902000000000002 170.50000000000003 0.0037336898812398503 0.5415000000000002 0.44550000000000006 0.62284482758620696 2.0000000000000004 49706872.000000007 4.1695350000000004e-05 9129486.5000000019 1982864.0000000002 20.500000000000004 8.4312500000000021e-25 39.500000000000007 0.71432308209708173 28.500000000000004 1.0000000180025095e-35 1.7500000000000002e-05 0.14328485885372114 2.0000000000000004 0.0007941631213734501 0.57641196013289042 0.99628718642629199 0.38080925261899745 0.64350460219812455 0.99628718642629199
decision_type=2 8 8 8 10 10 8 10 10 2 8 10 10 10 8 2 10 2 2 2 8 10 2 8 10 2 2 2 2 2
left_child=10 29 16 23 12 24 -7 8 9 -8 11 13 14 -1 -5 -16 -3 -18 -19 -20 28 -15 -23 -4 -6 -14 -9 -12 -17 -2
right_child=1 2 3 4 5 6 7 26 -10 -11 27 -13 25 21 15 20 17 18 19 -21 -22 22 -24 -25 -26 -27 -28 -29 -30 -31
leaf_value=-0.051359837494275445 0.050983537163613327 -0.057150747067242859 0.050664717461975699 -0.039869490945887674 0.038176401642258835 -0.047458849282208622 -0.058244528914676019 0.050511557491642378 -0.057046534855129449 0.051165781739678978 -0.050021535989573075 -0.051164350040282892 0.054653464665294728 -0.050509590813520799 -0.06483446136353653 0.052182565070740476 0.042838355339273007 -0.049864475479035525 -0.044087234841716762 0.050965361514103226 -0.0063342550219933139 -0.050005663005335134 0.05665468603776147 0.030028953107748686 0.050761231476164376 0.050958573047116443 0.053638228792207115 -0.052351434812664743 0.050441348844312221 0.052686670754444304
leaf_weight=0.1872854385001117 0.55709520168602189 0.52632118016481344 1.6929633743129671 0.30766971968114387 0.15840300847776267 0.87887859251350198 0.24302254617214181 0.22137655341066409 0.48706071777269244 0.44646354694850743 2.4715856344337244 0.53881502130388981 0.26177926175296284 0.075002849065640476 0.1764533817768098 0.27322495635598898 0.48611389379948367 0.8208088739775119 0.27699391078203917 0.30162230879068375 0.25510337529703953 0.033736038429196924 0.4112738145631738 0.22538055921904798 0.24191157286986709 0.75182033306919038 0.25568036362528801 0.21773413202026848 0.57443120796233416 0.2941754087805748
leaf_count=439 63 5 251 5 23 15 2 39 10 47 21082 1777 4 347 1 10 33 11 5 38 7 298 21 16 25 96 6 13 103 8
internal_value=-0.000821059 0.0132868 0.00998253 0.0195242 0.00956851 -0.00599546 -0.0141799 0.00350756 -0.0162307 0.012602 -0.0392315 -0.0155378 0.0271214 0.0116023 0.0112862 0.0235899 -0.019497 -0.00898655 -0.0269888 0.00546199 0.0377388 0.0342785 0.0485688 0.0482403 0.0457815 0.0519128 0.0521873 -0.0502102 0.0510026 0.0515721
internal_weight=14.6502 10.7148 9.86348 7.45162 5.53328 2.9328 2.53248 1.6536 1.17655 0.689486 3.93543 1.24611 2.60048 0.707298 1.58688 1.27921 2.41186 1.88554 1.39943 0.578616 1.10276 0.520013 0.44501 1.91834 0.400315 1.0136 0.477057 2.68932 0.847656 0.851271
internal_count=24800 823 752 660 393 167 119 104 59 49 23977 2882 226 1105 126 121 92 87 54 43 120 666 319 267 48 100 45 21095 113 71
is_linear=0
shrinkage=0.05


Tree=114
num_leaves=31
num_cat=0
split_feature=4 18 19 14 4 4 4 4 6 18 4 4 13 13 10 7 10 17 4 4 17 17 2 15 4 12 2 4 1 15
split_gain=3.01505 0.501567 0.656855 0.476051 0.436142 0.427079 0.907825 0.681161 0.608375 0.227772 0.0621116 0.0513957 0.0633784 0.0759916 0.000186815 8.25327e-05 4.67329e-05 3.55905e-05 2.13611e-05 1.2738e-05 5.99587e-06 6.93264e-06 4.13839e-06 3.59113e-06 2.10001e-06 1.81112e-06 1.56213e-06 1.2413e-06 1.18407e-06 5.59105e-07
threshold=0.36050541516245488 inf 1.0000000180025095e-35 0.061500000000000006 0.65360989230155575 0.51056338028169035 0.99628718642629199 0.71432308209708173 3.2500000000000011e-05 2.0000000000000004 0.51056338028169035 0.14328485885372114 0.082043000000000019 0.080742500000000009 30484.000000000004 7649275.5000000009 97.500000000000014 8.3375999999999994e-22 0.71751918158567796 0.99628718642629199 0.99989500000000009 4.6796000000000005e-15 37.500000000000007 0.8005000000000001 0.94475978385142823 0.19355751402111793 23.500000000000004 0.73319015934998921 35.500000000000007 0.5675
decision_type=2 8 8 8 2 2 2 2 8 10 2 2 8 10 10 10 10 10 2 2 10 8 2 10 2 10 2 2 2 10
left_child=11 2 3 4 -2 -5 7 8 16 -8 -4 -1 13 -13 17 -6 -7 -12 -17 -20 21 22 -9 -18 27 -14 -23 -19 -24 -28
right_child=1 -3 10 5 15 6 9 20 -10 -11 14 12 25 -15 -16 18 23 24 19 -21 -22 26 28 -25 -26 -27 29 -29 -30 -31
leaf_value=-0.050005390568533918 0.0042488532685096203 -0.052468003064119174 0.02639386827540878 -0.018191215784485452 0.051481142886383585 0.051565228386525358 -0.0011440384494386675 0.050646269823341174 -0.013531442851478982 -0.032265584748279667 0.050977676964366406 -0.050072497476616865 -0.050644806175124513 0.051886242611750649 0.052573167707878836 0.050887650111932449 0.050747805535000225 0.050365446080945779 0.050216405861352134 0.050860203556686648 0.050730822758047384 0.050450572760458383 0.050465619957276157 0.050416831687334143 0.050512203624584362 -0.050069793186593062 0.050272956164267038 0.050200524862144116 0.050273094324715384 0.050188093173089733
leaf_weight=2.5408194931733319 0.94171693548560087 0.30799059092532743 0.34950278606265506 1.9607007866725332 0.26511960802599766 0.18242705753073107 1.3593219835311174 0.20410217856988278 1.2805532109923661 1.0359996622428298 0.31402930524200179 0.03000846855866246 0.016975842649117112 0.046738356904825196 0.13069485872983932 0.2208241717889905 0.15097180777229369 0.19744654884561896 0.51277822745032609 0.090373022016137838 0.097762122284620889 0.081406797748059145 0.14383811643347144 0.17928065732121468 0.11083780718035996 0.070834864542121068 0.31646616733632982 0.2702670709695667 0.17955614207312465 0.50189946009777486
leaf_count=23569 22 18 13 39 19 11 35 19 36 13 29 88 3 3 6 19 15 33 132 6 9 11 19 27 14 277 65 72 37 141
internal_value=-0.000804183 0.0104697 0.0122195 0.00764046 0.0291673 0.00194389 0.00885355 0.0257869 0.00489586 -0.0146044 0.044592 -0.0482515 -0.0211716 0.0120198 0.0508076 0.0507138 0.0509229 0.0505491 0.0504669 0.0503129 0.050352 0.0503261 0.05047 0.0505681 0.0503165 -0.050181 0.0502417 0.0502701 0.0503587 0.0502209
internal_weight=14.0912 11.3859 11.0779 9.7051 2.03081 7.67429 5.71359 3.31826 1.79323 2.39532 1.37278 2.70538 0.164558 0.0767468 1.02328 1.0891 0.51268 0.892581 0.823975 0.603151 1.52503 1.42727 0.527496 0.330252 0.578551 0.0878107 0.899772 0.467714 0.323394 0.818366
internal_count=24800 860 842 675 198 477 438 390 89 48 167 23940 371 91 154 176 53 148 157 138 301 292 75 42 119 280 217 105 56 206
is_linear=0
shrinkage=0.05


Tree=115
num_leaves=31
num_cat=0
split_feature=4 18 19 14 4 4 4 4 6 18 4 4 13 13 10 7 10 17 4 4 17 17 2 15 4 12 2 4 1 15
split_gain=2.85465 0.471403 0.625573 0.443843 0.429103 0.389535 0.842139 0.663572 0.574041 0.206284 0.0656277 0.0490216 0.0602897 0.0721072 0.000160708 7.10281e-05 4.02325e-05 3.06264e-05 1.8373e-05 1.09512e-05 5.15814e-06 5.96391e-06 3.55853e-06 3.09063e-06 1.80632e-06 1.55793e-06 1.34381e-06 1.06805e-06 1.01871e-06 4.81049e-07
threshold=0.36050541516245488 inf 1.0000000180025095e-35 0.061500000000000006 0.65360989230155575 0.51056338028169035 0.99628718642629199 0.71432308209708173 3.2500000000000011e-05 2.0000000000000004 0.51056338028169035 0.14328485885372114 0.082043000000000019 0.080742500000000009 30484.000000000004 7649275.5000000009 97.500000000000014 8.3375999999999994e-22 0.71751918158567796 0.99628718642629199 0.99989500000000009 4.6796000000000005e-15 37.500000000000007 0.8005000000000001 0.94475978385142823 0.19355751402111793 23.500000000000004 0.73319015934998921 35.500000000000007 0.5675
decision_type=2 8 8 8 2 2 2 2 8 10 2 2 8 10 10 10 10 10 2 2 10 8 2 10 2 10 2 2 2 10
left_child=11 2 3 4 -2 -5 7 8 16 -8 -4 -1 13 -13 17 -6 -7 -12 -17 -20 21 22 -9 -18 27 -14 -23 -19 -24 -28
right_child=1 -3 10 5 15 6 9 20 -10 -11 14 12 25 -15 -16 18 23 24 19 -21 -22 26 28 -25 -26 -27 29 -29 -30 -31
leaf_value=-0.050005127787725027 0.0040406661618352935 -0.052344196878054389 0.02539621477734777 -0.017335363648274271 0.051408182660903606 0.051488344268755593 -0.0010865240507213518 0.050614471678524245 -0.012831966122060515 -0.030720004802199413 0.050929644089569903 -0.050068966502226413 -0.050613068650733499 0.051687387373977538 0.052445027172120719 0.050843913841598365 0.050711135175254746 0.050347542937937806 0.050205822502464963 0.050817650937237835 0.050694889241336576 0.050428456927613434 0.050442784724367785 0.050396405819469914 0.050487050937061365 -0.050066397292847446 0.050259589997477032 0.050190712335406708 0.050259720127011458 0.050178889881528334
leaf_weight=2.4169146504209507 0.94075075630098481 0.29364516079658542 0.3451839415356488 1.954782601445914 0.2525384558830408 0.17378256912343215 1.3597027035430074 0.19426689110696282 1.2827805718407035 1.0337755465880036 0.29898852994665504 0.028546900932269526 0.01615779084386304 0.044625659807934426 0.12461687950417399 0.21023058006539941 0.14371005352586508 0.18788206903263927 0.48786996910348535 0.086035643704235554 0.093058461323380359 0.077469645766541473 0.13688342832028866 0.17060441384091973 0.10548338433727622 0.067384662070253398 0.30110996612347662 0.25713498471304774 0.17084339051507413 0.47750689019449055
leaf_count=23569 22 18 13 39 19 11 35 19 36 13 29 88 3 3 6 19 15 33 132 6 9 11 19 27 14 277 65 72 37 141
internal_value=-0.000778383 0.010168 0.0118572 0.00739785 0.028491 0.00188813 0.00857992 0.0252685 0.00472801 -0.0138856 0.0441298 -0.048248 -0.0211482 0.0119891 0.0507682 0.0506789 0.0508778 0.0505223 0.050444 0.0502975 0.0503348 0.0503101 0.0504469 0.0505403 0.050301 -0.0501721 0.0502299 0.0502569 0.0503412 0.0502101
internal_weight=13.7343 11.1606 10.867 9.5477 1.97743 7.57028 5.61549 3.22202 1.77088 2.39348 1.31929 2.57363 0.156715 0.0731726 0.974106 1.03667 0.488097 0.849489 0.784136 0.573906 1.45114 1.35808 0.501994 0.314314 0.5505 0.0835425 0.856087 0.445017 0.307727 0.778617
internal_count=24800 860 842 675 198 477 438 390 89 48 167 23940 371 91 154 176 53 148 157 138 301 292 75 42 119 280 217 105 56 206
is_linear=0
shrinkage=0.05


Tree=116
num_leaves=31
num_cat=1
split_feature=4 11 5 2 10 11 11 7 4 7 1 2 17 17 1 0 4 19 6 4 17 4 13 13 19 7 7 11 4 4
split_gain=2.70281 0.464412 0.523757 0.584989 0.492676 0.531582 0.85928 0.412507 0.619103 0.447349 0.485479 0.850277 0.314531 0.197381 0.182474 0.136261 0.135349 0.127773 0.0991707 0.0851806 0.0473681 0.0467571 0.0573523 0.0684211 0.0148176 0.000846567 0.00037397 0.000267569 0.000265956 9.83856e-05
threshold=0.36050541516245488 0.025979923956329753 11471.000000000002 29.500000000000004 826.50000000000011 0.0040141411054321011 0.021163737104077304 1125128.5000000002 0.7219242814777862 44333128.500000007 42.500000000000007 38.500000000000007 8.4312500000000021e-25 8.4312500000000021e-25 47.500000000000007 0 0.51056338028169035 2.0000000000000004 2.3746200000000003e-05 0.46813506261180676 7.7715500000000019e-05 0.14328485885372114 0.082043000000000019 0.080742500000000009 2.0000000000000004 1530270.5000000002 75908661.000000015 0.026785960962616505 0.99628718642629199 0.66084751292855803
decision_type=2 10 10 2 10 10 10 10 2 10 2 2 8 8 2 9 2 8 10 2 8 2 8 10 8 10 10 10 2 2
left_child=21 4 19 -4 7 -6 13 -2 9 14 -11 -12 -10 -7 -9 29 -15 28 -19 -3 -13 -1 23 -23 25 -21 -18 -27 -14 -5
right_child=1 2 3 15 5 6 -8 8 12 10 11 20 17 16 -16 -17 26 18 -20 24 -22 22 -24 -25 -26 27 -28 -29 -30 -31
leaf_value=-0.050004879785469275 -0.064315304583541524 0.011097345595457143 -0.034314060448076007 0.052143496360643166 -0.048438861788872238 -0.01067574647431674 -0.046489555681533401 0.052167672951355104 -0.0022973736888055544 -0.035133826400901916 -0.041166889184664657 0.056850670798046926 0.050294383005869962 -0.0037855738120961243 0.0077572863902829262 0.0046511805657811585 0.053129937932114693 -0.0057462315172731376 0.050283318876246458 0.055447461072371279 0.031712570075713778 -0.050065605858768493 -0.05016373039556421 0.051488641787321737 0.038043633313120356 0.053231554082247369 0.050675451566054824 0.05075004119290142 0.051715294195555296 0.050534623851282684
leaf_weight=2.2990515513010918 0.17303819954395105 0.16248199529945795 0.57813455443829276 0.14115563407540321 0.8061883547343317 0.22899541305378057 0.5851899404078722 0.45895714266225729 0.45763374958187375 1.1176244745729493 0.48661644710227825 0.35742391552776098 0.89196292893029749 0.13158932147780433 0.46629300341010094 0.24954563472419977 0.3388699337374419 0.20067087700590458 0.13022596132941544 0.11937170289456855 0.39393572782864794 0.027156428499438223 0.079481006017886102 0.042608990173903294 0.24731633183546331 0.12182872625999142 0.28629945358261466 1.0025383217725901 0.52206985745579004 0.29074829653836787
leaf_count=23569 1 5 11 9 16 14 14 25 27 32 13 17 211 6 23 20 17 23 31 2 23 88 280 3 38 4 45 157 23 53
internal_value=-0.000752858 0.00986891 0.0269713 0.00268004 0.0036673 -0.0154331 0.0015051 0.0116942 0.0140929 0.000327198 -0.011244 0.0103233 0.0345976 0.029997 0.0297864 0.0340654 0.0423046 0.0442739 0.0163045 0.0454751 0.0436708 -0.0482444 -0.0211247 0.0119583 0.0492213 0.051444 0.0520059 0.0510189 0.050819 0.0510604
internal_weight=13.395 10.9467 2.91312 1.25958 8.03358 2.37713 1.57094 5.65645 5.48341 3.28085 2.3556 1.23798 2.20256 0.985754 0.92525 0.68145 0.756759 1.74493 0.330897 1.65354 0.75136 2.4483 0.149246 0.0697654 1.49106 1.24374 0.625169 1.12437 1.41403 0.431904
internal_count=24800 860 299 93 561 112 96 449 448 133 85 53 315 82 48 82 68 288 54 206 40 23940 371 91 201 163 62 161 234 62
cat_boundaries=0 1
cat_threshold=4
is_linear=0
shrinkage=0.05


Tree=117
num_leaves=31
num_cat=1
split_feature=18 4 19 17 17 17 13 15 0 2 17 2 5 16 1 15 6 4 12 1 4 4 4 4 18 4 17 13 7 4
split_gain=2.56741 0.672648 0.715149 0.594539 0.813992 0.72039 0.822859 0.449908 0.447564 0.516074 0.373801 0.579934 0.794428 0.321385 0.383953 0.257015 0.204377 0.156257 0.127422 0.0217075 0.0758482 0.000784075 0.000500435 0.000271866 0.000185648 0.000155574 0.000125804 8.06457e-05 5.94422e-05 4.64635e-05
threshold=inf 0.46813506261180676 1.0000000180025095e-35 1.6764500000000001e-13 6.0299500000000012e-26 0.0036026500000000002 0.12902000000000002 0.087500000000000008 0 88.500000000000014 3.1047500000000005e-24 27.500000000000004 103.50000000000001 9953.5000000000018 43.500000000000007 0.55850000000000011 0.0027015000000000003 0.43154493343989836 0.32225711883383396 42.500000000000007 0.40010890280424721 0.62284482758620696 0.51056338028169035 0.36050541516245488 1.0000000180025095e-35 0.60357142857142876 2.6097500000000002e-16 0.35260000000000008 6946234.0000000009 0.68623857328805038
decision_type=8 2 8 10 8 10 10 10 9 2 8 2 10 10 2 10 8 2 10 2 2 2 2 2 10 2 10 10 10 2
left_child=1 13 3 4 24 27 7 -7 15 -10 -6 -12 -13 16 19 -8 18 -18 -1 20 -15 -9 -2 -20 -3 -4 29 -5 -23 -14
right_child=22 2 25 5 10 6 8 21 9 -11 11 12 26 14 -16 -17 17 -19 23 -21 -22 28 -24 -25 -26 -27 -28 -29 -30 -31
leaf_value=0.029616829983495154 -0.050025024683591379 0.050809999578952214 0.051748267171938214 0.051965260725834732 -0.052733451009120552 -0.0064660082417296698 -0.038407539393023854 0.053477887372598822 0.050963724920577373 -0.044042515083505221 -0.051987782128871896 -0.031310102878765206 0.051559898627311244 -0.050009476478468318 -0.051089679807683822 0.0019759568461322247 -0.051679181526230022 0.055865264636519696 -0.050010318131900017 0.061991164300994661 0.054895769949098706 0.051302436378479616 -0.052466759654154371 -0.051904499727619249 0.052837590971963333 0.050512345419224149 0.052306323948330048 0.050682348883388996 0.05037042016328111 0.05035708418506734
leaf_weight=0.051748843310632453 1.9404978626043896 0.23879314376972649 0.37822532723657498 0.13668357185088087 0.67869211919605765 0.46567955496720959 1.1086648039054123 0.33055308554321505 0.49415307282470178 0.2011112067848444 0.5329000437632202 0.56664516311138846 0.1337160742841661 0.021869037656870094 0.14291894811321981 0.61120314919389795 0.052728364491486102 0.09396670013666153 0.29128583345300285 0.16203960874554468 0.081229373812675476 0.23336779302917421 0.23528440482914437 0.54173810826614499 0.21412544301711023 0.77913057780824602 0.25840280600823462 1.1802815934643147 0.64090883755125105 0.20094389631412923
leaf_count=57 20172 34 17 8 9 28 30 8 61 7 7 12 8 216 495 35 135 1 2871 11 1 16 6 19 12 147 13 184 144 36
internal_value=-0.000728684 0.00923395 0.0141158 0.00893872 -0.00965201 0.018657 0.00829109 0.0352715 -0.0103708 0.0234823 -0.0213834 -0.00881277 0.0110267 -0.0225908 0.0149705 -0.0240561 -0.0374503 0.0172093 -0.0465129 0.0505794 0.0326435 0.0514035 -0.0502891 -0.0512422 0.0517686 0.0509162 0.0514776 0.0508155 0.0506192 0.0508377
internal_weight=12.9995 10.8237 9.38418 8.22683 2.82422 5.40261 4.08564 1.67051 2.41513 0.695264 2.3713 1.69261 1.15971 1.43952 0.408057 1.71987 1.03147 0.146695 0.884773 0.265138 0.103098 1.20483 2.17578 0.833024 0.452919 1.15736 0.593063 1.31697 0.874277 0.33466
internal_count=24800 4622 816 652 131 521 329 196 133 68 85 76 69 3806 723 65 3083 136 2947 228 217 168 20178 2890 46 164 57 192 160 44
cat_boundaries=0 1
cat_threshold=4
is_linear=0
shrinkage=0.05


Tree=118
num_leaves=31
num_cat=0
split_feature=18 4 19 6 2 7 17 4 17 17 11 6 2 16 1 6 4 12 1 4 8 4 4 4 4 4 4 13 4 4
split_gain=2.43681 0.632182 0.686398 0.570552 0.729324 0.563083 0.500374 0.765976 0.543904 1.26943 0.425709 0.339456 0.431921 0.30473 0.362779 0.193816 0.147972 0.121886 0.019822 0.0718604 0.00057797 0.00046116 0.00042995 0.000233589 0.000204531 0.000147511 0.000133785 6.1433e-05 6.0605e-05 4.8505e-05
threshold=inf 0.46813506261180676 1.0000000180025095e-35 5.6500000000000011e-05 83.500000000000014 1125128.5000000002 0.34208000000000005 0.64350460219812455 0.0036026500000000002 1.6764500000000001e-13 0.0018762112935582502 1.7500000000000002e-05 39.500000000000007 9953.5000000000018 43.500000000000007 0.0027015000000000003 0.43154493343989836 0.32225711883383396 42.500000000000007 0.40010890280424721 1409122.5000000002 0.99628718642629199 0.51056338028169035 0.36050541516245488 0.64350460219812455 0.99628718642629199 0.60357142857142876 0.39701000000000003 0.57641196013289042 0.71432308209708173
decision_type=8 2 8 10 2 10 10 2 10 10 10 8 2 10 2 10 2 10 2 2 10 2 2 2 2 2 2 10 2 2
left_child=1 13 3 4 6 -5 8 -8 9 11 -7 12 -3 15 18 17 -17 -1 19 -15 -12 28 -2 -19 -22 29 -4 -11 -6 -26
right_child=22 2 26 5 21 10 7 -9 -10 27 20 -13 -14 14 -16 16 -18 23 -20 -21 24 -23 -24 -25 25 -27 -28 -29 -30 -31
leaf_value=0.028553828129560921 -0.050023840242801536 -0.033092261256617038 0.051661898880480173 -0.057108086079849442 0.051538914445059286 0.0018355313075334848 -0.027464238614734994 0.050619764086244981 -0.047569958623660036 0.051772083209349853 0.055308150655691495 -0.049260625087484002 0.027093692546254468 -0.050009013846518624 -0.051036796476510271 -0.051596191485671829 0.055546586712998995 -0.050009814412872292 0.061168094510469541 0.054634253532145918 0.052343282667565008 0.053514510451736441 -0.052341988249690635 -0.051809474998673249 0.051133707978576387 0.051904262601915274 0.050487508930204705 0.050576969876404025 0.050220774422646081 0.050275326069685981
leaf_weight=0.051010874507481985 1.8459013217216136 0.70977556426078192 0.36036536702886024 0.17129207216203246 0.13898217398673285 0.6049180258996788 0.51025919057428815 0.81687098694965243 0.96114807412959624 0.12925893487408746 0.098128821700811275 0.82855743798427273 0.51394203887321055 0.020802659266337287 0.13608602026943117 0.050235410453751683 0.089883707463741302 0.27708237213664688 0.15615814868215239 0.077628262341022491 0.37029843078926195 0.24199198372662067 0.22432949393987645 0.51623851526528597 0.25591895962133981 0.29864274058490992 0.74148732610046864 0.63960825512185693 0.23405560059472919 0.46109501738101244
leaf_count=57 20172 18 17 2 6 32 9 134 34 9 2 22 38 216 495 135 1 2871 11 1 13 8 6 19 20 11 147 109 66 119
internal_value=-0.000711379 0.00909659 0.013878 0.00877312 0.000374602 0.0300433 -0.00581732 0.0205978 -0.0150859 -0.00401869 0.0371895 -0.0245478 -0.00781511 -0.0224985 0.0148649 -0.0373259 0.0171338 -0.0463637 0.0500915 0.0325187 0.0515999 0.0518146 -0.050275 -0.0511809 0.0513373 0.0509706 0.0508716 0.0507779 0.0507119 0.0505817
internal_weight=12.532 10.4617 9.0866 7.98474 5.72445 2.26029 5.10942 1.32713 3.78229 2.82114 2.089 2.05228 1.22372 1.37513 0.390675 0.984451 0.140119 0.844332 0.254589 0.0984309 1.48408 0.61503 2.07023 0.793321 1.38596 1.01566 1.10185 0.768867 0.373038 0.717014
internal_count=24800 4622 816 652 453 199 373 143 230 196 197 78 56 3806 723 3083 136 2947 228 217 165 80 20178 2890 163 150 164 118 72 139
is_linear=0
shrinkage=0.05


Tree=119
num_leaves=31
num_cat=0
split_feature=18 4 19 6 2 7 17 4 7 17 17 11 16 1 6 6 4 4 12 4 8 4 4 4 4 4 4 4 13 4
split_gain=2.31251 0.593615 0.659314 0.534803 0.690417 0.526213 0.46376 0.724606 0.529187 0.565847 1.09625 0.419729 0.288922 0.342885 0.183772 0.183634 0.140161 0.133973 0.116684 0.0905246 0.000493868 0.000396393 0.000369429 0.000200719 0.00017548 0.00012669 0.000115053 5.20987e-05 4.96343e-05 4.17369e-05
threshold=inf 0.46813506261180676 1.0000000180025095e-35 5.6500000000000011e-05 83.500000000000014 1125128.5000000002 0.34208000000000005 0.64350460219812455 32204345.500000004 0.0031299000000000006 6.3598000000000021e-14 0.0018762112935582502 9953.5000000000018 43.500000000000007 0.0027015000000000003 2.3746200000000003e-05 0.43154493343989836 0.99628718642629199 0.32225711883383396 0.36050541516245488 1409122.5000000002 0.99628718642629199 0.51056338028169035 0.36050541516245488 0.64350460219812455 0.99628718642629199 0.60357142857142876 0.57641196013289042 0.39701000000000003 0.71432308209708173
decision_type=8 2 8 8 2 10 10 2 10 8 8 10 10 2 10 10 2 2 10 2 10 2 2 2 2 2 2 2 10 2
left_child=1 12 3 4 6 -5 8 -8 -3 10 15 -7 14 19 18 17 -16 -10 -1 -14 -13 27 -2 -20 -22 29 -4 -6 -12 -26
right_child=22 2 26 5 21 11 7 -9 9 -11 28 20 13 -15 16 -17 -18 -19 23 -21 24 -23 -24 -25 25 -27 -28 -29 -30 -31
leaf_value=0.027500599263295646 -0.050022703843110555 0.0507704264875148 0.051579850965761759 -0.055920320738601037 0.051462449793799159 0.0017445672488658097 -0.026102165368004471 0.050589644451628668 0.0023282443291139979 -0.050007015798132229 0.05168371977630333 0.055025799537722908 -0.0500084083810921 -0.0509864675693249 -0.051517348455464934 -0.048161779354088621 0.05524689297966856 -0.032860250347461047 -0.050009337134999436 0.058925345651184173 0.052225376116947358 0.053338199053523917 -0.052223741157238227 -0.051719297400656075 0.051077992413855404 0.051809144018183789 0.050463870114009504 0.050209989457005902 0.050562267544606902 0.050261905404484698
leaf_weight=0.050334000508881926 1.75591444370366 0.28551630419679019 0.34332165005616644 0.16631123144179616 0.13239540811628092 0.60464309831149909 0.51004741527140118 0.77748267445713282 0.57226331508718498 1.0806908321101216 0.12315981020219613 0.09380986914038647 0.020850497392530087 0.12957358649146045 0.047856685661827214 0.63471767306327809 0.085952088236808777 0.51294679939746857 0.26357135779107921 0.22350479662418365 0.35301391221582867 0.23093157913535833 0.21385977789759625 0.49189588148146868 0.2436964891385287 0.28458615019917488 0.70564663060940802 0.22268719226121902 0.49607026111334562 0.43872131174430251
leaf_count=57 20172 46 17 2 6 32 9 134 37 30 9 2 226 495 135 17 1 6 2871 2 13 8 6 19 20 11 147 66 85 119
internal_value=-0.000693071 0.00894914 0.0136229 0.0085959 0.00038365 0.0295661 -0.00564235 0.0202086 -0.014625 -0.0200847 -0.0062606 0.0366098 -0.0224076 0.0147646 -0.0372007 -0.026799 0.0170627 -0.0143043 -0.0462115 0.0496302 0.0515204 0.0517257 -0.0502617 -0.0511227 0.0512712 0.0509229 0.0508291 0.050677 0.0507853 0.0505533
internal_weight=12.096 10.1262 8.81266 7.76369 5.57891 2.18478 4.9929 1.28753 3.70536 3.41985 2.33916 2.01847 1.31354 0.373929 0.93961 1.71993 0.133809 1.08521 0.805801 0.244355 1.41383 0.586014 1.96977 0.755467 1.32002 0.967004 1.04897 0.355083 0.61923 0.682418
internal_count=24800 4622 816 652 453 199 373 143 230 184 154 197 3806 723 3083 60 136 43 2947 228 165 80 20178 2890 163 150 164 72 94 139
is_linear=0
shrinkage=0.05


Tree=120
num_leaves=31
num_cat=0
split_feature=18 4 19 6 2 7 17 4 7 17 17 11 16 1 6 6 4 4 12 2 4 8 4 4 4 4 4 4 4 13
split_gain=2.19463 0.557448 0.633207 0.501004 0.65369 0.491596 0.429825 0.685863 0.49524 0.518966 1.02392 0.413623 0.273899 0.324412 0.174219 0.171975 0.132792 0.122155 0.111797 0.0168936 0.0645987 0.000422157 0.000340738 0.000317453 0.000172489 0.00015058 0.00010882 9.89488e-05 4.47893e-05 4.26401e-05
threshold=inf 0.46813506261180676 1.0000000180025095e-35 5.6500000000000011e-05 83.500000000000014 1125128.5000000002 0.34208000000000005 0.64350460219812455 32204345.500000004 0.0031299000000000006 1.6764500000000001e-13 0.0018762112935582502 9953.5000000000018 43.500000000000007 0.0027015000000000003 2.3746200000000003e-05 0.43154493343989836 0.99628718642629199 0.32225711883383396 95.500000000000014 0.40010890280424721 1409122.5000000002 0.99628718642629199 0.51056338028169035 0.36050541516245488 0.64350460219812455 0.99628718642629199 0.60357142857142876 0.57641196013289042 0.39701000000000003
decision_type=8 2 8 10 2 10 10 2 10 8 10 10 10 2 10 10 2 2 10 2 2 10 2 2 2 2 2 2 2 10
left_child=1 12 3 4 6 -5 8 -8 -3 10 15 -7 14 19 18 17 -16 -10 -1 20 -14 -13 28 -2 -20 -23 -27 -4 -6 -12
right_child=23 2 27 5 22 11 7 -9 9 -11 29 21 13 -15 16 -17 -18 -19 24 -21 -22 25 -24 -25 -26 26 -28 -29 -30 -31
leaf_value=0.026460012173740551 -0.050021624958490142 0.050733544856372929 0.051501902502358546 -0.05475228606290003 0.051389854135630679 0.0016580716655761687 -0.024803256136269963 0.050560984545897608 0.0022130316525296122 -0.04831964143510814 0.051599854652234427 0.054759618694900494 -0.050008175064818222 -0.050938566330842178 -0.051442442351975037 -0.046622782472676177 0.054964877040398423 -0.031458522818654681 -0.050008881114234585 0.05980408169640216 0.054136770376112656 0.052113574547420875 0.053170940241601773 -0.052111659533337899 -0.051633706400127849 0.050526351943123618 0.051718883644796071 0.050441371384805395 0.050199731623114453 0.050534833466961165
leaf_weight=0.049714043118000317 1.6703125964340877 0.27178396866656873 0.32705946150235643 0.16148957982659373 0.12611183151602734 0.6043828548863529 0.50992353353649356 0.73997304076328874 0.57196114282123811 1.062968243146315 0.11733883735723782 0.089657491538673528 0.018871192347432952 0.12336718945152825 0.045587301552586723 0.62318498454987992 0.082169033586978912 0.50911329686641693 0.25071905663935468 0.14474462219368434 0.070574350655078888 0.33649943349882938 0.22034245915710926 0.20385620370507229 0.46866187918931246 0.64947378379292786 0.27116723358631134 0.67152368137612939 0.21186880161985755 0.47212633723393083
leaf_count=57 20172 46 17 2 6 32 9 134 37 30 9 2 215 495 135 17 1 6 2871 12 1 13 8 6 19 139 11 147 66 85
internal_value=-0.000674851 0.00880351 0.0133712 0.00842182 0.000392417 0.0290845 -0.00547293 0.0198144 -0.0141836 -0.0194398 -0.00605622 0.0360233 -0.0223221 0.0146805 -0.0370744 -0.0257031 0.0169955 -0.013644 -0.0460561 0.0492475 0.0321643 0.0514448 0.0516411 -0.050249 -0.0510674 0.0512084 0.0508776 0.0507887 0.0506438 0.0507468
internal_weight=11.6765 9.80236 8.54795 7.54937 5.4367 2.11267 4.87837 1.2499 3.62848 3.35669 2.29372 1.95118 1.25441 0.357557 0.896851 1.70426 0.127756 1.08107 0.769095 0.23419 0.0894455 1.3468 0.558323 1.87417 0.719381 1.25714 0.920641 0.998583 0.337981 0.589465
internal_count=24800 4622 816 652 453 199 373 143 230 184 154 197 3806 723 3083 60 136 43 2947 228 216 165 80 20178 2890 163 150 164 72 94
is_linear=0
shrinkage=0.05


Tree=121
num_leaves=31
num_cat=1
split_feature=18 4 19 1 1 11 0 10 7 7 6 1 16 1 6 4 7 12 4 7 6 4 4 4 4 4 17 13 4 4
split_gain=2.08269 0.523319 0.608211 0.485911 0.855351 1.28961 0.823107 0.561351 0.485221 0.455458 0.350679 0.294324 0.25965 0.306818 0.165133 0.125838 0.11583 0.107205 0.0809898 0.0716466 0.000324316 0.000272814 0.00021242 0.00019676 0.000148242 8.51023e-05 4.52136e-05 3.86189e-05 2.07482e-05 2.06373e-05
threshold=inf 0.46813506261180676 1.0000000180025095e-35 68.500000000000014 60.500000000000007 0.0084122604638494514 0 24042.500000000004 44333128.500000007 65284810.000000007 8.5000000000000016e-06 95.500000000000014 9953.5000000000018 43.500000000000007 0.0027015000000000003 0.43154493343989836 89571937.000000015 0.32225711883383396 0.36050541516245488 33975302.000000007 0.00040450000000000007 0.51056338028169035 0.99628718642629199 0.64350460219812455 0.36050541516245488 0.60357142857142876 0.00016909500000000005 0.94768000000000019 0.36050541516245488 0.67809350017379222
decision_type=8 2 8 2 2 10 9 8 10 8 8 2 10 2 10 2 10 10 2 10 8 2 2 2 2 2 10 10 2 2
left_child=1 12 3 4 5 6 8 11 -3 -10 -6 20 14 18 17 -16 -11 -1 -14 -12 27 -2 23 -7 -19 -4 -8 29 -15 -5
right_child=21 2 25 7 10 22 26 -9 9 16 19 -13 13 28 15 -17 -18 24 -20 -21 -22 -23 -24 -25 -26 -27 -28 -29 -30 -31
leaf_value=0.025434731844493519 -0.050020592694227053 0.024355091172027797 0.051427844810031889 0.050905547805890274 -0.053805814569758886 0.05174231579392008 0.051580586105621856 -0.044201181201320189 -0.056038405890495718 -0.027984423751490795 -0.02693024117688831 0.0025324078264480814 -0.050007615499812398 -0.050011729426282764 -0.051371277367443326 0.054699349895718688 0.014009530513942589 -0.050008448549636646 0.057957851920968674 0.0093371507142579399 0.052583112497149337 -0.052005402441281524 0.05224404533170899 0.050295438109901835 -0.051552461664276676 0.050419957723812442 0.050484962744925879 0.051433940361551078 -0.051394119362540486 0.050386985197027383
leaf_weight=0.049147004370751146 1.5888824204303098 0.44850568519905243 0.31154528842307438 0.28644647169858128 0.82698897179216113 0.40390950394794323 0.12878150516189713 0.22688485099934053 0.98244042578153279 0.27464668732136499 0.2106912429444493 0.40988095500506472 0.018972856516484171 0.042578499131195713 0.043422540817118715 0.078531421720981598 0.40835061366669834 0.23849335390696069 0.20561181008815765 0.38504194654524326 0.28928851638920616 0.19430022127926339 0.42317821411415935 0.56178122712299228 0.44648981187492609 0.63903753575868905 0.35030621010810137 0.14726420026272535 0.074874462559819221 0.58105678239371628
leaf_count=57 20172 32 17 22 22 24 8 6 19 8 8 33 226 492 135 1 38 2871 2 37 16 6 16 152 19 147 66 13 3 132
internal_value=-0.000656548 0.00865558 0.0131167 0.00824646 0.000540092 0.0124299 -0.00839489 0.0297064 -0.0218057 -0.0342369 -0.032737 0.0394901 -0.0222338 0.0145905 -0.0369465 0.0169322 -0.00287707 -0.0458969 0.048837 -0.00348943 0.0511063 -0.0502369 0.0513099 0.0509006 -0.0510149 0.0507503 0.0507795 0.0506853 -0.050893 0.0505582
internal_weight=11.2773 9.49415 8.29603 7.34544 5.40462 3.9819 2.59303 1.94082 2.11394 1.66544 1.42272 1.71394 1.19812 0.342038 0.856084 0.121954 0.682997 0.73413 0.224585 0.595733 1.30406 1.78318 1.38887 0.965691 0.684983 0.950583 0.479088 1.01477 0.117453 0.867503
internal_count=24800 4622 816 652 430 363 171 222 97 65 67 216 3806 723 3083 136 46 2947 228 45 183 20178 192 176 2890 164 74 167 495 154
cat_boundaries=0 1
cat_threshold=4
is_linear=0
shrinkage=0.05


Tree=122
num_leaves=31
num_cat=0
split_feature=18 4 19 13 15 7 4 4 1 17 15 8 2 5 4 6 7 4 4 4 4 4 4 4 4 17 4 4 17 4
split_gain=1.97662 0.491634 0.583775 0.461456 0.439557 0.438198 0.435818 0.766495 0.672001 0.631499 0.437719 0.246347 0.292501 0.222735 0.152456 0.124847 0.117006 0.000246738 0.000234469 7.51452e-05 7.31964e-05 6.89732e-05 2.41589e-05 1.82231e-05 1.51091e-05 1.51076e-05 1.29105e-05 5.63508e-06 5.16925e-06 4.8966e-06
threshold=inf 0.46813506261180676 1.0000000180025095e-35 0.12902000000000002 0.20950000000000002 1982864.0000000002 0.99628718642629199 0.71432308209708173 39.500000000000007 2.4121500000000004e-14 0.52350000000000019 49578832.500000007 54.500000000000007 269.50000000000006 0.36050541516245488 1.0551650000000001e-05 49063947.000000007 0.6658887592376509 0.51056338028169035 0.36050541516245488 0.60357142857142876 0.43154493343989836 0.36050541516245488 0.51056338028169035 0.36050541516245488 8.3375999999999994e-22 0.71751918158567796 0.46813506261180676 4.6796000000000005e-15 0.99628718642629199
decision_type=8 2 8 8 8 10 2 2 2 10 10 10 2 10 2 10 10 2 2 2 2 2 2 2 2 10 2 2 8 2
left_child=1 11 3 5 -5 -3 7 8 -6 -10 -11 12 21 14 -14 -8 24 -7 27 -13 -4 22 -1 -12 -15 -22 -19 -2 -9 -28
right_child=18 2 20 4 6 17 15 28 9 10 23 19 13 16 -16 -17 -18 26 -20 -21 25 -23 -24 -25 -26 -27 29 -29 -30 -31
leaf_value=-0.050004048168212425 -0.050009146659766794 -0.011114532168963479 0.051357479269654664 -0.060348809271576848 0.051429082851088118 0.052008978438742831 -0.023895381210052941 0.050404934070890417 -0.045279387324394495 -0.017454848812914234 0.051132194627326669 -0.05001292761842252 -0.050021042282355481 -0.05000643447574863 0.056675149102623584 0.0011163428327862679 0.051707911682736356 0.050734466696494521 -0.051904647118316362 -0.05133701760202778 0.05072313252081391 -0.052985938273216043 -0.051318411378445165 0.050482781866971853 -0.051142239788944381 0.050207620819150478 0.050169216351184445 -0.050910141163775097 0.050182365612234991 0.050594203918598493
leaf_weight=0.050504604565502431 1.4938628397940199 0.39439584221690882 0.29674683534540047 0.27136779576539982 0.49011951009742993 0.35328303510323145 1.1862713843584063 0.42878112324979123 0.87053443770855643 0.51425081538036466 0.21019927691668272 0.17419068301387597 0.038178348091605585 0.045180932705989107 0.27206133306026459 0.86106201075017441 0.03559637522266712 0.18171635048929602 0.18517379835247982 0.2784296371974051 0.22643817611970007 0.053177684545516968 0.11359798070043325 0.22223176527768373 0.083195999264717102 0.38167273194994777 0.40438657917547971 0.017557824030518421 0.66622669424396019 0.081424006726592779
leaf_count=675 20171 10 17 2 33 16 23 75 16 13 11 2200 318 585 3 26 2 20 6 13 29 1 5 36 4 118 142 1 221 8
internal_value=-0.000641935 0.00851658 0.01288 0.00808273 0.00175902 0.0336467 0.00485169 0.0158201 -0.00052884 -0.0145424 0.0137223 -0.0221503 -0.00337954 0.0186326 0.043545 -0.013376 -0.0285019 0.0509404 -0.0502254 -0.0508274 0.0507137 -0.051421 -0.0509139 0.0507985 -0.0507425 0.0503996 0.0503749 -0.0500196 0.0502695 0.0502404
internal_weight=10.8818 9.18522 8.04111 7.13625 5.72104 1.41521 5.44968 3.40234 2.30734 1.81722 0.946682 1.14411 0.691493 0.474213 0.31024 2.04733 0.163973 1.02081 1.69659 0.45262 0.904858 0.21728 0.164103 0.432431 0.128377 0.608111 0.667527 1.51142 1.09501 0.485811
internal_count=24800 4622 816 652 456 196 454 405 109 76 60 3806 1593 912 321 49 591 186 20178 2213 164 681 680 47 589 147 170 20172 296 150
is_linear=0
shrinkage=0.05


Tree=123
num_leaves=31
num_cat=1
split_feature=18 4 19 1 1 11 0 10 7 7 13 6 8 2 5 4 7 7 7 4 4 4 4 4 4 4 4 17 4 17
split_gain=1.87538 0.46115 0.561336 0.449824 0.778273 1.20198 0.748435 0.520784 0.433087 0.412782 0.32992 0.30816 0.2344 0.277652 0.210811 0.144162 0.111174 0.0970476 0.0659382 0.00020868 0.000201535 0.000144556 6.45618e-05 6.29746e-05 5.90331e-05 5.86701e-05 5.36238e-05 3.72972e-05 2.07559e-05 1.30005e-05
threshold=inf 0.46813506261180676 1.0000000180025095e-35 68.500000000000014 60.500000000000007 0.0084122604638494514 0 2787.5000000000005 44333128.500000007 71417402.000000015 0.22656000000000001 8.5000000000000016e-06 49578832.500000007 54.500000000000007 269.50000000000006 0.36050541516245488 49063947.000000007 89571937.000000015 33975302.000000007 0.99628718642629199 0.51056338028169035 0.64350460219812455 0.36050541516245488 0.60357142857142876 0.43154493343989836 0.70622756144711418 0.99628718642629199 0.00016909500000000005 0.36050541516245488 8.3375999999999994e-22
decision_type=8 2 8 2 2 10 9 8 10 10 10 8 10 2 10 2 10 10 10 2 2 2 2 2 2 2 2 10 2 10
left_child=1 12 3 4 5 6 8 25 -3 -10 -9 -6 13 24 15 -15 -16 -11 -13 21 -2 -7 -14 -4 28 -5 -27 -8 -1 -25
right_child=20 2 23 7 11 19 27 10 9 17 -12 18 22 14 16 -17 -18 -19 -20 -21 -22 -23 -24 29 -26 26 -28 -29 -30 -31
leaf_value=-0.050003850619728001 -0.050018656336817763 0.023262968337118217 0.051290616268655435 0.051351891690213258 -0.051945653750887236 0.051572365619128639 0.051485244067308658 0.052049271796408447 -0.054587057069396608 -0.026218705944678924 -0.023804996798455061 -0.026541139854123937 -0.050012297545105867 -0.050020017115866726 -0.050705819651893538 0.056318791452345141 0.051589988437471257 0.01278788100150049 0.0086710041365353745 0.052184052799783921 -0.051809100920220341 0.050272873197341465 -0.051270366619292553 0.05068767661423617 -0.052831843219353081 0.050271174814818104 0.051235865119505786 0.05045075019689807 -0.051252730746961087 0.050197480207508652
leaf_weight=0.048041651491073756 1.4377345265238552 0.43168587703257832 0.28263301216065873 0.46971549920272038 0.79986730916425552 0.36766410595737375 0.11959508806467134 0.195689450018108 0.93433585762977578 0.26767682260833681 0.53592350019607693 0.207738173659891 0.16569733835785883 0.03631709410547046 0.12220201874879422 0.26038878783583641 0.033935772989934776 0.39442186034284532 0.36930215149186552 0.40801331261172891 0.17645941209048022 0.51206631353124976 0.26518607931211591 0.21554152073804289 0.05072798952460289 0.40604324662126601 0.22325884317979217 0.32094897318165749 0.10819272417575121 0.36312982649542391
leaf_count=675 20172 32 17 28 22 24 8 26 19 8 36 8 2200 318 589 3 2 38 37 16 6 152 13 29 1 118 14 66 5 118
internal_value=-0.000623366 0.00835488 0.0126002 0.0078906 0.00030194 0.0120889 -0.00833859 0.0291701 -0.0211697 -0.0331846 -0.00351574 -0.0318547 -0.0221034 -0.00337205 0.0185552 0.0433028 -0.0284723 -0.00298191 -0.00400559 0.0512494 -0.0502144 0.050816 -0.0507866 0.0506789 -0.0513499 0.050929 0.0506134 0.0507316 -0.0508687 0.0503801
internal_weight=10.5301 8.91594 7.82525 6.96395 5.13332 3.75641 2.46866 1.83063 2.02812 1.59643 0.731613 1.37691 1.09069 0.659806 0.452844 0.296706 0.156138 0.662099 0.57704 1.28774 1.61419 0.87973 0.430883 0.861304 0.206962 1.09902 0.629302 0.440544 0.156234 0.578671
internal_count=24800 4622 816 652 430 363 171 222 97 65 62 67 3806 1593 912 321 591 46 45 192 20178 176 2213 164 681 160 132 74 680 147
cat_boundaries=0 1
cat_threshold=4
is_linear=0
shrinkage=0.05


Tree=124
num_leaves=31
num_cat=0
split_feature=18 4 19 6 2 7 17 4 17 17 11 6 2 8 2 5 4 7 8 4 4 4 4 4 4 4 14 4 4 4
split_gain=1.78006 0.433553 0.538604 0.430849 0.572263 0.441302 0.373681 0.585349 0.38156 0.947741 0.361386 0.261773 0.346995 0.223029 0.263584 0.199579 0.136363 0.105638 0.000277271 0.000239261 0.000173233 7.969e-05 7.96313e-05 5.54736e-05 5.41814e-05 5.05399e-05 2.87611e-05 2.86533e-05 2.5239e-05 2.17104e-05
threshold=inf 0.46813506261180676 1.0000000180025095e-35 5.6500000000000011e-05 83.500000000000014 1125128.5000000002 0.34208000000000005 0.64350460219812455 0.0036026500000000002 1.6764500000000001e-13 0.0018762112935582502 2.3746200000000003e-05 39.500000000000007 49578832.500000007 54.500000000000007 269.50000000000006 0.36050541516245488 49063947.000000007 1409122.5000000002 0.99628718642629199 0.51056338028169035 0.64350460219812455 0.99628718642629199 0.36050541516245488 0.60357142857142876 0.43154493343989836 0.23350000000000004 0.57641196013289042 0.99628718642629199 0.71432308209708173
decision_type=8 2 8 10 2 10 10 2 10 10 10 10 2 10 2 10 2 10 10 2 2 2 2 2 2 2 10 2 2 2
left_child=1 13 3 4 6 -5 8 -8 9 11 -7 12 -3 14 25 16 -16 -17 -12 27 -2 -20 29 -15 -4 -1 -11 -6 -9 -23
right_child=20 2 24 5 19 10 7 28 -10 26 18 -13 -14 23 15 17 -18 -19 21 -21 -22 22 -24 -25 -26 -27 -28 -29 -30 -31
leaf_value=-0.050825771549517521 -0.050017769052216089 -0.030780227739999867 0.051227078050625076 -0.053816474230745828 0.051197963133219365 0.0018899529154654882 -0.023016818895865751 0.050276357347140976 -0.042530278905839727 0.051554673533320106 0.05410882085395733 -0.044913525580226543 0.025614598252292193 -0.0500117012368681 -0.05001904005198371 -0.050671470362802354 0.055983036845087722 0.051474911952795112 0.051762769833248935 0.052814047258391617 -0.051718471366558376 0.050874076055239595 0.051545206825956459 -0.051207107229534567 0.050361509069078408 -0.052686115139402648 0.050474464403820432 0.05016881483368657 0.050932248976061079 0.050223524309999171
leaf_weight=0.14873707663354963 1.3676391108674586 0.63169769197702474 0.26917388779111195 0.15052119269967068 0.10842456016689528 0.54465923341922451 0.46879610046744324 0.41315811406821012 0.86972241173498321 0.069717850536107906 0.079200181644409784 0.73335999273695041 0.48004155466333032 0.15761801627377281 0.03454654603410745 0.11631896607286762 0.24913735687732697 0.032351058936910704 0.28434166847728171 0.19785117730498314 0.16814009938389052 0.2007102343486622 0.2418799246661365 0.25255656614899635 0.55064692068845034 0.048384051769971848 0.53060216794256121 0.17976963217370212 0.22740047611296177 0.35521258879452944
leaf_count=680 20172 18 17 2 6 32 9 118 34 5 2 22 38 2200 318 589 3 2 13 8 6 20 11 13 147 1 113 66 16 119
internal_value=-0.000608109 0.00822142 0.0123708 0.00773387 -2.35677e-05 0.0282524 -0.00568087 0.0194382 -0.0140865 -0.00397043 0.0354934 -0.0217254 -0.00642932 -0.022059 -0.00336494 0.0184818 0.0430743 -0.0284441 0.0512531 0.0514752 -0.050204 0.0510441 0.0507879 -0.0507477 0.0506457 -0.0512824 0.0505999 0.050556 0.0505092 0.0504584
internal_weight=10.1623 8.62654 7.58689 6.76707 4.91054 1.85653 4.4245 1.10935 3.31514 2.44542 1.706 1.8451 1.11174 1.03965 0.629475 0.432354 0.283684 0.14867 1.16134 0.486045 1.53578 1.08214 0.797803 0.410175 0.819821 0.197121 0.60032 0.288194 0.640559 0.555923
internal_count=24800 4622 816 652 453 199 373 143 230 196 197 78 56 3806 1593 912 321 591 165 80 20178 163 150 2213 164 681 118 72 134 139
is_linear=0
shrinkage=0.05


Tree=125
num_leaves=31
num_cat=1
split_feature=18 4 19 1 1 11 0 10 7 7 13 6 8 2 5 4 7 7 7 4 4 4 4 4 4 4 4 17 4 17
split_gain=1.68945 0.407306 0.517092 0.418444 0.683358 1.11655 0.67813 0.486728 0.376191 0.3832 0.294453 0.284148 0.212207 0.250256 0.188991 0.129026 0.100382 0.0869178 0.058525 0.000153345 0.000148917 0.000116793 4.76689e-05 4.6979e-05 4.66064e-05 4.32525e-05 4.04829e-05 2.70939e-05 1.53287e-05 9.6377e-06
threshold=inf 0.46813506261180676 1.0000000180025095e-35 68.500000000000014 60.500000000000007 0.0084122604638494514 0 2787.5000000000005 44333128.500000007 65284810.000000007 0.22656000000000001 8.5000000000000016e-06 49578832.500000007 54.500000000000007 269.50000000000006 0.36050541516245488 49063947.000000007 89571937.000000015 33975302.000000007 0.99628718642629199 0.51056338028169035 0.64350460219812455 0.36050541516245488 0.70622756144711418 0.60357142857142876 0.43154493343989836 0.99628718642629199 0.00016909500000000005 0.36050541516245488 8.3375999999999994e-22
decision_type=8 2 8 2 2 10 9 8 10 8 10 8 10 2 10 2 10 10 10 2 2 2 2 2 2 2 2 10 2 10
left_child=1 12 3 4 5 6 8 23 -3 -10 -9 -6 13 25 15 -15 -16 -11 -13 21 -2 -7 -14 -5 -4 28 -25 -8 -1 -26
right_child=20 2 24 7 11 19 27 10 9 17 -12 18 22 14 16 -17 -18 -19 -20 -21 -22 -23 -24 26 29 -27 -28 -29 -30 -31
leaf_value=-0.05000348059138017 -0.050016919068334456 0.021357922638716553 0.051166697767289708 0.051249385264321906 -0.050197103814983525 0.051470242311719733 0.051341787266169794 0.051847917492054932 -0.053157595963852868 -0.0248821501495054 -0.022590308104781603 -0.025080818557696255 -0.050011132601343149 -0.050018113007354807 -0.050638789153723753 0.055666533616179896 0.0513621867361728 0.012579572031475861 0.0087007454651635858 0.0519881961462497 -0.0516324976883549 0.050254919028914102 -0.05114705891219154 0.050257367425430716 0.050622101002542608 -0.052548256295172284 0.051131812273124515 0.050419522352605654 -0.051131618056452048 0.050178631051768743
leaf_weight=0.043434476516265863 1.3009600818004408 0.42146436939947318 0.25634065316990007 0.43530639284290329 0.76949853403493729 0.34011741366703041 0.10910926130600329 0.17891046206932526 0.89319246681407061 0.25964418263174605 0.51603205257561058 0.19931236398406338 0.14993256004527211 0.032862285261217039 0.11071563179211807 0.23830011114478111 0.030839120809105225 0.38358262425754219 0.35939534311182797 0.37329408247023821 0.16019940469413985 0.47205910098273307 0.24051416525617242 0.3789992609526962 0.19533270294778049 0.046142026782035828 0.20338408416137099 0.29478900041431189 0.098157824948430061 0.32863689574878663
leaf_count=675 20172 32 17 28 22 24 8 26 19 8 36 8 2200 318 589 3 2 38 37 16 6 152 13 118 29 1 14 66 5 118
internal_value=-0.000590513 0.00807991 0.0121273 0.0075688 0.000100302 0.0115547 -0.00831939 0.0288298 -0.0204882 -0.0319673 -0.00342645 -0.0304911 -0.0220167 -0.0033582 0.0184123 0.0428586 -0.0284169 -0.00254218 -0.00335043 0.0511494 -0.050194 0.0507639 -0.0507109 0.0508564 0.0506142 -0.0512188 0.0505627 0.0506687 -0.0507856 0.050344
internal_weight=9.82046 8.3593 7.3684 6.58809 4.87546 3.54725 2.36178 1.71263 1.95788 1.53642 0.694943 1.32821 0.990898 0.600451 0.412717 0.271162 0.141555 0.643227 0.558708 1.18547 1.46116 0.812177 0.390447 1.01769 0.78031 0.187734 0.582383 0.403898 0.141592 0.52397
internal_count=24800 4622 816 652 430 363 171 222 97 65 62 67 3806 1593 912 321 591 46 45 192 20178 176 2213 160 164 681 132 74 680 147
cat_boundaries=0 1
cat_threshold=4
is_linear=0
shrinkage=0.05


Tree=126
num_leaves=31
num_cat=0
split_feature=18 4 19 1 1 11 5 10 15 10 2 6 15 16 1 5 4 6 6 4 12 7 1 4 8 4 4 4 4 4
split_gain=1.6036 0.382914 0.496105 0.393379 0.628425 1.0622 0.656833 0.469411 0.325896 0.345737 0.283744 0.264301 0.208944 0.201915 0.234268 0.183931 0.174749 0.150607 0.1266 0.096193 0.0840661 0.0530217 0.0108996 0.0469315 0.000173198 0.000131956 0.000128022 0.000100529 6.93515e-05 5.31251e-05
threshold=inf 0.46813506261180676 1.0000000180025095e-35 68.500000000000014 60.500000000000007 0.0084122604638494514 88.500000000000014 2787.5000000000005 1.1010000000000002 250.50000000000003 40.500000000000007 8.5000000000000016e-06 0.21450000000000002 9953.5000000000018 43.500000000000007 3831.5000000000005 0.67809350017379222 9.5000000000000022e-06 0.0027015000000000003 0.43154493343989836 0.32225711883383396 33975302.000000007 42.500000000000007 0.40010890280424721 2022943.5000000002 0.99628718642629199 0.51056338028169035 0.64350460219812455 0.36050541516245488 0.57641196013289042
decision_type=8 2 8 2 2 10 10 10 10 10 2 8 10 10 2 10 2 10 10 2 10 10 2 2 10 2 2 2 2 2
left_child=1 13 3 4 5 6 29 -5 9 12 -9 -6 -8 18 22 -12 -11 -18 20 -20 -1 -13 23 -15 -17 27 -2 -7 -22 -3
right_child=26 2 -4 7 11 25 8 10 -10 16 15 21 -14 14 -16 24 17 -19 19 -21 28 -23 -24 -25 -26 -27 -28 -29 -30 -31
leaf_value=0.024320719953245338 -0.050016109905241947 0.051573884298150699 0.050584240124065774 0.050814505892242096 -0.048591630960666737 0.051398063601314929 -0.021400120230634027 -0.038372410965379855 -0.050622726217402582 -0.056898920835114032 -0.022844316720640821 -0.023919609618103702 0.051339555458222198 -0.050006048455743947 -0.050693869743116918 0.053435905050947113 -0.044743018349628176 0.0094253685653704622 -0.051063986362161043 0.05355402823857508 -0.05000658168204597 0.0082901746519182737 0.056768751900829501 0.052954049176923972 0.050598510258179866 0.05189037062450437 -0.051550929351760005 0.050242508690633327 -0.051201957548765969 0.050399199548662114
leaf_weight=0.040039114646786333 1.2375310664974684 0.16990986838936883 0.74268303858116258 0.9688352379016576 0.75553813623264399 0.32397256582044043 0.14327132818289079 0.31276495987549424 0.60138473892584432 0.28582798689603806 0.12585577042773366 0.19855883112177264 0.31752403196878731 0.014012260420713574 0.091852176396059804 0.079720948822796345 0.19454881956335157 0.37694249302148819 0.034045182277623098 0.061959292739629745 0.1856990473352198 0.35836181836202741 0.11399473503843183 0.052673202008008957 0.16530027147382498 0.35574084706604481 0.15262141916900862 0.44914462731685489 0.35007027257233858 0.22201409738045186
leaf_count=57 20172 7 164 160 22 24 10 14 14 3 8 8 40 216 495 2 8 39 135 1 2871 37 11 1 38 16 6 152 19 50
internal_value=-0.000575466 0.0079468 0.0119001 0.00741471 0.000108293 0.0113381 -0.00807777 0.0284289 -0.0201216 -0.00620558 -0.00329518 -0.0293277 0.0287232 -0.0219765 0.0143233 0.0262859 -0.0249792 -0.0090148 -0.0367022 0.0164543 -0.0455649 -0.00319357 0.047376 0.0313196 0.0515217 0.0510934 -0.0501846 0.0507267 -0.0507876 0.0509085
internal_weight=9.4824 8.09225 7.1479 6.40522 4.75274 3.44028 2.31142 1.65248 1.9195 1.31811 0.683642 1.31246 0.460795 0.944345 0.272532 0.370877 0.857319 0.571491 0.671813 0.0960045 0.575808 0.556921 0.18068 0.0666855 0.245021 1.12886 1.39015 0.773117 0.535769 0.391924
internal_count=24800 4622 816 652 430 363 171 222 114 100 62 67 50 3806 723 48 50 47 3083 136 2947 45 228 217 40 192 20178 176 2890 57
is_linear=0
shrinkage=0.05


Tree=127
num_leaves=31
num_cat=0
split_feature=18 4 19 6 2 7 11 17 4 17 17 8 2 5 4 17 14 4 7 4 8 4 4 4 4 4 4 4 4 4
split_gain=1.52261 0.360324 0.475283 0.375287 0.50448 0.394679 0.333714 0.327667 0.513796 0.333927 0.805311 0.19292 0.226262 0.168268 0.133207 0.486394 0.487671 0.115621 0.0926023 0.0603026 0.000173083 0.000156347 0.000110065 7.88428e-05 4.65839e-05 5.61963e-05 3.52486e-05 3.45629e-05 3.19001e-05 1.97932e-05
threshold=inf 0.46813506261180676 1.0000000180025095e-35 5.6500000000000011e-05 83.500000000000014 673100.00000000012 0.0018762112935582502 0.34208000000000005 0.64350460219812455 0.0031299000000000006 6.3598000000000021e-14 49578832.500000007 54.500000000000007 269.50000000000006 0.51056338028169035 1.6066000000000005e-14 0.50350000000000017 0.36050541516245488 49063947.000000007 0.68623857328805038 1409122.5000000002 0.99628718642629199 0.51056338028169035 0.93935829307734731 0.64350460219812455 0.99628718642629199 0.36050541516245488 0.60357142857142876 0.43154493343989836 0.57641196013289042
decision_type=8 2 8 10 2 8 10 10 2 8 8 10 2 10 2 10 10 2 10 2 10 2 2 2 2 2 2 2 2 2
left_child=1 11 3 4 7 -5 -7 9 -9 10 14 12 28 17 -3 16 -16 -14 -15 -11 -8 29 -2 -18 -22 -26 -13 -4 -1 -6
right_child=22 2 27 5 21 6 20 8 -10 19 -12 26 13 18 15 -17 23 -19 -20 -21 24 -23 -24 -25 25 -27 -28 -29 -30 -31
leaf_value=-0.050709614773947323 -0.05001533697670224 -0.045215389696022838 0.051055321180545989 -0.052727297953611335 0.051059642984455644 0.0016197613134663837 0.053507245541564309 -0.021282152352427808 0.050458532670655587 -0.022888220627526181 0.050521937591228805 -0.050010791766490141 -0.050016382782266368 -0.050576862555887683 -0.02773147714338034 -0.062995394909344624 0.050413356824594885 0.055081720013112567 0.05122215663536947 -0.047440546485689385 0.051508293823801156 0.052430779612090576 -0.051473529041385892 0.051893121732898367 0.050421657830995052 0.051386741918835625 -0.051035839792987737 0.050311188954043379 -0.052297126691075384 0.050150498807650226
leaf_weight=0.12838882987489331 1.1771936985387581 0.4059965945780285 0.23255932284519065 0.14066008664667573 0.09568810649216164 0.50882172805722814 0.069083191920071618 0.44401588663458802 0.56991250556893647 0.43358679488301255 0.53707494377158571 0.13627999316668138 0.029740244684944628 0.1004333931596193 0.41587397246621527 0.32745668292045593 0.22102016862481833 0.21792374923825264 0.028730016856570728 0.59092231607064605 0.24717874242924154 0.17494407016783953 0.14539077784866083 0.15186624089255929 0.50090612750500441 0.21583586046472192 0.21806797827593982 0.47428709489759058 0.041995182633399963 0.15992432076018304
leaf_count=680 20172 4 17 2 6 32 2 9 134 14 118 2200 318 589 19 2 39 3 2 27 13 8 6 7 139 11 13 147 1 66
internal_value=-0.000559975 0.00783233 0.0117072 0.0072858 -0.000206026 0.0274495 0.034764 -0.00561567 0.0190421 -0.013723 -0.00211777 -0.0218992 -0.00328694 0.0183323 -0.0206904 -0.01177 0.0094964 0.0424612 -0.0279335 -0.0370497 0.0510897 0.0512791 -0.0501756 0.051016 0.0509164 0.0507123 -0.0506416 0.050556 -0.0511009 0.0504908
internal_weight=9.14176 7.81917 6.91761 6.21077 4.52828 1.68249 1.54183 4.09773 1.01393 3.0838 2.05929 0.901559 0.547211 0.376827 1.52221 1.11622 0.78876 0.247664 0.129163 1.02451 1.033 0.430556 1.32258 0.372886 0.963921 0.716742 0.354348 0.706846 0.170384 0.255612
internal_count=24800 4622 816 652 453 199 197 373 143 230 189 3806 1593 912 71 67 65 321 591 41 165 80 20178 46 163 150 2213 164 681 72
is_linear=0
shrinkage=0.05


Tree=128
num_leaves=31
num_cat=0
split_feature=18 4 19 1 1 11 5 10 7 7 13 5 11 6 1 8 2 5 4 7 2 4 4 4 4 4 4 4 4 4
split_gain=1.44569 0.339169 0.455462 0.358011 0.547735 0.978983 0.611844 0.442076 0.296308 0.334364 0.257133 0.244415 0.376144 0.240119 0.230042 0.183551 0.214878 0.159443 0.109488 0.0880024 0.0519054 9.46329e-05 9.25008e-05 8.43993e-05 4.60469e-05 3.67698e-05 3.32686e-05 3.02965e-05 2.97334e-05 2.73225e-05
threshold=inf 0.46813506261180676 1.0000000180025095e-35 68.500000000000014 60.500000000000007 0.0084122604638494514 88.500000000000014 2787.5000000000005 44333128.500000007 65284810.000000007 0.22656000000000001 99.500000000000014 0.00043410378932745005 8.5000000000000016e-06 24.500000000000004 49578832.500000007 54.500000000000007 269.50000000000006 0.36050541516245488 49063947.000000007 42.500000000000007 0.51056338028169035 0.99628718642629199 0.64350460219812455 0.57641196013289042 0.99628718642629199 0.70622756144711418 0.36050541516245488 0.60357142857142876 0.43154493343989836
decision_type=8 2 8 2 2 10 10 8 10 8 10 10 10 8 2 10 2 10 2 10 2 2 2 2 2 2 2 2 2 2
left_child=1 15 3 4 5 6 24 26 14 -10 -9 -11 -13 -6 -8 16 29 18 -18 -19 -15 -2 23 -7 -3 -14 -5 -17 -4 -1
right_child=21 2 28 7 13 22 8 10 9 11 -12 12 25 20 -16 27 17 19 -20 -21 -22 -23 -24 -25 -26 -27 -28 -29 -30 -31
leaf_value=-0.05067504655844627 -0.050014601137171988 0.05150770052654427 0.051003458603724385 0.051100139848172445 -0.046804933443722309 0.05132492312629211 -0.027830775321595409 0.05156309720502146 -0.050528779546561854 -0.051570598426374105 -0.021694047366257997 -0.04916488554101367 0.05037503859051639 -0.022649949248285828 0.051222094355754623 -0.050010266358119698 -0.050015584436151818 -0.050548778457633947 0.054816056086393609 0.051115338168739699 0.0094043145722664812 -0.051400075179548033 0.051707015104057952 0.050222071512048751 0.050380312203465276 0.051512161078970442 0.050483780232521883 -0.050984454928021984 0.050296067658275406 -0.05218007896784841
leaf_weight=0.12220844218973059 1.1197973161215484 0.16141691803932268 0.22143654082901765 0.3841745832469311 0.72130290372297134 0.30041068012360461 0.15423135925084341 0.15908073808532219 0.84167354740202394 0.1751453964971007 0.48490620823577046 0.13891727663576603 0.16660456615500152 0.20258586783893417 0.22817125043366104 0.12963486677108449 0.028290236161410576 0.095586939380154945 0.2082747183740139 0.027384515698940959 0.33535897941328585 0.13849263638257969 0.32433060556650162 0.41057014500256628 0.20636374957393855 0.12400510953739285 0.5089888604125008 0.20763646299019456 0.45128805399872363 0.040034398436546326
leaf_count=680 20172 7 17 28 22 24 13 26 17 4 36 2 43 13 29 2200 318 589 3 2 32 6 16 152 50 6 132 13 147 1
internal_value=-0.000543795 0.00771551 0.0115074 0.0071528 2.41788e-05 0.0109238 -0.00796918 0.0279805 -0.0198034 -0.0301522 -0.00359772 -0.00178894 0.0185102 -0.0279494 0.0193383 -0.021863 -0.00328128 0.018273 0.0422795 -0.0279092 -0.00266707 -0.0501671 0.0510073 0.0506881 0.0508751 0.0508603 0.0507489 -0.05061 0.0505289 -0.0510464
internal_weight=8.8183 7.56001 6.70096 6.02824 4.49109 3.23184 2.19653 1.53715 1.82875 1.44635 0.643987 0.604672 0.429527 1.25925 0.382403 0.859051 0.521779 0.359536 0.236565 0.122971 0.537945 1.25829 1.03531 0.710981 0.367781 0.29061 0.893163 0.337271 0.672725 0.162243
internal_count=24800 4622 816 652 430 363 171 222 114 72 62 55 51 67 42 3806 1593 912 321 591 45 20178 192 176 57 49 160 2213 164 681
is_linear=0
shrinkage=0.05


Tree=129
num_leaves=31
num_cat=0
split_feature=18 19 4 11 2 10 10 4 14 4 4 11 11 7 6 5 4 1 2 2 2 4 4 16 17 10 15 2 11 14
split_gain=1.37301 0.32358 0.277067 0.273772 0.478806 0.470894 0.411769 0.486316 0.335104 0.304223 0.290893 0.282925 0.299163 0.367382 0.27849 0.494255 0.252823 0.202803 0.313631 0.200954 0.156393 0.206898 0.152549 0.134454 0.101019 0.0989955 0.0907187 0.061233 0.079482 0.0589666
threshold=inf inf 0.46813506261180676 0.025979923956329753 27.500000000000004 5144.0000000000009 250.50000000000003 0.71432308209708173 0.57550000000000001 0.43154493343989836 0.46813506261180676 0.0037336898812398503 0.021163737104077304 36586694.000000007 7.1500000000000017e-05 269.50000000000006 0.46813506261180676 42.500000000000007 95.500000000000014 73.500000000000014 47.500000000000007 0.63550352129022059 0.46813506261180676 9953.5000000000018 2.8879500000000002e-22 389.50000000000006 0.24450000000000002 51.500000000000007 0.0031756182622506503 0.029500000000000002
decision_type=8 8 2 10 2 10 10 2 10 2 2 10 10 10 8 10 2 2 2 2 2 2 2 10 8 10 8 2 10 8
left_child=1 3 -3 6 5 -5 7 8 10 29 23 14 13 19 25 -16 -15 -10 -19 22 -14 -22 -13 -1 -18 -8 -12 28 -27 -6
right_child=-2 2 -4 4 9 -7 11 -9 17 -11 26 12 20 16 15 -17 24 18 -20 -21 21 -23 -24 -25 -26 27 -28 -29 -30 -31
leaf_value=-0.050889767956019571 -0.050158964233946716 -0.050610221107435821 0.050507490895087097 0.050268077239896604 0.024503538603527466 -0.052892377772415539 0.042784767647437161 0.050593604613931004 -0.060690354612588121 0.049026591594803992 0.01201164568445694 -0.050749030203883529 -0.055952064493320387 -0.050633062367944452 -0.056550979576771292 0.045180933533952625 -0.0049910001383096664 -0.057486115690859423 0.055225771671664509 -0.052272370840005661 -0.054819996091864734 0.050882347414284192 0.050613069409069102 0.041092166995584288 0.05128562229902988 0.026153599453139522 0.05101736337771634 -0.062178712643234484 -0.054678016805254984 -0.05065771857171171
leaf_weight=0.1770675331608802 1.197111411969672 0.075853400488995137 0.63365418429020792 0.16483872656317533 0.035380523819185217 0.3363204892448266 0.026741773555841175 0.66366214677691449 0.29030792668345384 1.0118066072463987 0.24549343797843903 0.054800163743493391 0.29985410828521697 0.079387753758055624 0.22532485793635726 0.25395510991802439 0.0922478191787377 0.11907957692892523 0.12812801156178466 0.25533280812669545 0.085568550723110093 0.10086287476588041 0.11504642711952329 0.051221674100816017 0.58821497997269034 0.048896888343733735 0.37950923340395093 0.57792395580327138 0.080447609809198184 0.099429895893990761
leaf_count=908 20178 466 160 36 97 53 44 170 23 210 15 168 27 544 24 310 9 52 3 83 60 16 20 79 95 145 32 222 25 526
internal_value=-0.000528386 0.00761449 0.039697 0.0041587 0.0218069 -0.0189614 -0.00172909 0.0153777 -0.0014266 0.0396257 0.0180527 -0.0139128 -0.000571 0.0129801 -0.0322913 -0.0026465 0.0338052 -0.0323495 0.000932601 -0.024237 -0.0335938 0.00236694 0.0179091 -0.0302516 0.0436564 -0.0516482 0.0356964 -0.0552187 -0.0241207 -0.0309319
internal_weight=8.49347 7.29636 0.709508 6.58685 1.64778 0.501159 4.93908 2.05447 1.39081 1.14662 0.853292 2.88461 1.67132 1.18503 1.21329 0.47928 0.759851 0.537516 0.247208 0.425179 0.486286 0.186431 0.169847 0.228289 0.680463 0.73401 0.625003 0.707268 0.129344 0.13481
internal_count=24800 4622 626 3996 922 89 3074 1282 1112 833 1034 1792 1022 919 770 334 648 78 55 271 103 76 188 987 104 436 47 392 170 623
is_linear=0
shrinkage=0.05


Tree=130
num_leaves=31
num_cat=0
split_feature=4 11 10 13 4 14 2 4 17 11 11 7 6 5 4 14 14 4 1 15 13 5 6 17 11 4 15 19 17 4
split_gain=1.30525 0.285542 0.343359 0.361718 0.351019 0.357126 0.340494 0.277153 0.251794 0.250171 0.264701 0.358314 0.215201 0.46186 0.151636 0.117995 0.11688 0.103649 0.0907426 0.0731583 0.0628371 0.0540955 0.0422411 0.040798 0.0191579 0.0188114 0.0175253 0.00768586 0.0135627 0.000162671
threshold=0.14328485885372114 0.025979923956329753 250.50000000000003 0.63055000000000005 0.74655719578933388 0.55350000000000021 27.500000000000004 0.43154493343989836 0.99999500000000008 0.0037336898812398503 0.021163737104077304 36586694.000000007 5.6500000000000011e-05 269.50000000000006 0.46813506261180676 0.42350000000000004 0.40650000000000003 0.51056338028169035 39.500000000000007 0.13700000000000004 0.082043000000000019 561.50000000000011 1.7500000000000002e-05 0.99999500000000008 0.00062464225738085015 0.57641196013289042 0.21150000000000002 2.0000000000000004 0.0040764000000000009 0.51056338028169035
decision_type=2 8 10 10 2 10 2 2 10 10 10 10 8 10 2 10 8 2 2 10 8 10 10 10 10 2 8 8 10 2
left_child=-1 2 4 9 5 8 -3 20 14 12 11 21 22 -14 15 -2 17 18 -13 -10 -8 -11 -4 -6 -16 -5 -9 29 -29 -28
right_child=1 6 3 25 23 -7 7 26 19 10 -12 16 13 -15 24 -17 -18 -19 -20 -21 -22 -23 -24 -25 -26 -27 27 28 -30 -31
leaf_value=-0.050002432606570571 -0.051234322681851532 -0.0072074877113576649 -0.062244298455324455 0.020092717223588158 0.050590435380891433 -0.025784850124356069 0.030119276882096813 0.025117188690365302 0.0056402132120894014 -0.049823471312644523 -0.034052992808824477 0.048266538982916454 -0.056028578947354017 0.049661843187248506 0.030433037501881335 0.050270279913080362 -0.021088699964235975 0.051249622943213696 -0.050848677492873119 -0.054727122590487134 -0.050719657103612273 -0.011381676573571045 -0.037380313314774025 0.017491354381763951 0.050848032935748994 0.050405282936080278 0.051997325779461784 0.050209392618615636 0.01818805214260576 0.050521596450878586
leaf_weight=1.1452253370553078 0.079362896565726482 0.57215348686077039 0.37578833932639155 0.066644951908528927 0.59462037647608657 0.64185767947128625 0.032133567139680852 0.081283096340484584 0.092720761058444623 0.15610236657812471 0.45868239985793469 0.041925494537281338 0.21551087266561819 0.19864171665903996 0.15182430599816144 0.044788706883991836 0.08449499945709249 0.48107638536021113 0.051407762617600383 0.10940887329707039 0.095427861848293105 0.22118621253684978 0.31317397403472569 0.11038180731702596 0.47274951171129942 0.22058913554064929 0.26758863124996424 0.090032634790986776 0.052263633930124342 0.61805459973402321
leaf_count=23569 75 37 20 37 167 26 14 25 28 9 24 21 6 56 19 10 14 88 38 15 70 36 25 26 55 55 11 36 14 174
internal_value=-0.00052195 0.00758264 0.00161322 -0.00987133 0.0160343 0.0030322 0.0246861 0.0394405 0.0224846 -0.0157579 -0.00242954 0.0115689 -0.0338198 -0.00533585 0.0358533 -0.0146157 0.0338178 0.0418944 -0.00632591 -0.0270355 -0.0303558 -0.0272869 -0.0509422 0.0454081 0.0458855 0.0433721 0.0474672 0.0492345 0.0384484 0.0509675
internal_weight=8.1371 6.99188 5.18294 2.88522 2.29771 1.59271 1.80894 1.23678 0.950855 2.59799 1.49488 1.03619 1.10311 0.414153 0.748725 0.124152 0.658905 0.57441 0.0933333 0.20213 0.127561 0.377289 0.688962 0.705002 0.624574 0.287234 1.10922 1.02794 0.142296 0.885643
internal_count=24800 1231 850 429 421 228 381 344 202 337 230 206 107 62 159 85 161 147 59 43 84 45 45 193 74 92 260 235 50 185
is_linear=0
shrinkage=0.05


Tree=131
num_leaves=31
num_cat=0
split_feature=18 19 4 4 1 1 17 17 5 5 1 11 15 14 4 15 4 2 17 15 4 15 14 14 2 4 11 4 4 1
split_gain=1.24835 0.303931 0.252976 0.239637 0.517365 0.378865 0.515815 0.27857 0.288351 0.280864 0.503179 0.271292 0.307217 0.380724 0.200656 0.168402 0.400396 0.386706 0.158534 0.116982 0.0889443 0.070171 0.0655651 0.215634 0.0275211 0.0018383 0.000891214 0.000504442 0.000312899 8.00921e-05
threshold=inf inf 0.46813506261180676 0.51056338028169035 68.500000000000014 39.500000000000007 8.4312500000000021e-25 4.6796000000000005e-15 96.500000000000014 1378.5000000000002 63.500000000000007 0.0010271337708847002 0.9275000000000001 0.059500000000000004 0.43154493343989836 1.0915000000000001 0.67809350017379222 98.500000000000014 8.4312500000000021e-25 1.7205000000000001 0.36050541516245488 0.38150000000000006 0.23050000000000004 0.26250000000000007 24.500000000000004 0.46813506261180676 0.031783438313766559 0.46813506261180676 0.46813506261180676 54.500000000000007
decision_type=8 8 2 2 2 2 8 8 10 8 2 8 10 8 2 8 2 2 8 10 2 10 10 10 2 2 10 2 2 2
left_child=1 3 -3 11 5 6 -5 -7 -9 15 29 19 13 14 21 16 -10 -18 -6 25 -14 -13 27 26 -25 -1 -24 -15 -26 -11
right_child=-2 2 -4 4 18 7 -8 8 9 10 -12 12 20 22 -16 -17 17 -19 -20 -21 -22 -23 23 24 28 -27 -28 -29 -30 -31
leaf_value=-0.050724574676026792 -0.050159044539370694 -0.050562757294285089 0.050482183352946602 -0.01885129777264747 -0.0087581319413099854 0.050895342003499357 0.05053765789350545 0.050716830001507202 -0.053690682326044507 0.05054319568194772 -0.0335487189018795 -0.050519793063629116 -0.050005991613133183 -0.050512013601499942 0.052033554129011922 -0.058543169827382974 0.050544447013044017 -0.058041370801471953 0.050594649557196274 0.050751640480539574 0.047975811679825175 0.041292793175865303 0.038225157676770628 0.037944665107196275 -0.050775628158854669 -0.058043909788301734 0.049735590109565291 -0.05481970293984334 -0.054826162088094224 0.05212974226995723
leaf_weight=0.13458558980710189 1.0905639380653154 0.069251614255335769 0.58689499495085329 0.42726142588071536 0.13007800735067565 0.17087646469008211 0.71773500239942234 0.15288123593200031 0.4334488774184132 0.15628030360676359 0.38637933519203216 0.086522576410061447 0.025045658643648494 0.094891566419391893 0.2420869548805058 0.46435738995205622 0.26194733998272568 0.11935069411993027 0.83289974206127226 0.027910913340747356 0.30788744054734707 0.027401915704103885 0.023291449619136984 0.0088007719932647888 0.11740883257516543 0.2365875318646431 0.060493256038171239 0.23947085440158844 0.080277927219867706 0.16201121488120407
leaf_count=1029 20178 466 160 20 17 28 172 29 8 38 20 598 487 755 9 9 71 1 193 2 13 32 53 24 347 2 17 3 1 18
internal_value=-0.00050616 0.00747543 0.0398176 0.00401254 0.0101704 0.00113142 0.0246448 -0.0105359 -0.0154488 -0.0205479 0.00479937 -0.0118633 -0.000894528 -0.0149837 0.026283 -0.034512 -0.0208156 0.0165558 0.0425773 -0.0479667 0.0406049 -0.0284364 -0.0385038 -0.0211178 -0.048569 -0.05539 0.0465358 -0.0535972 -0.0524205 0.0513508
internal_weight=7.87488 6.78432 0.656147 6.12817 4.41551 3.45253 1.145 2.30753 2.13666 1.98378 0.704671 1.71266 1.31358 0.980646 0.356011 1.2791 0.814747 0.381298 0.962978 0.399084 0.332933 0.113924 0.624635 0.290272 0.206488 0.371173 0.0837847 0.334362 0.197687 0.318292
internal_count=24800 4622 626 3996 624 414 192 222 194 165 76 3372 2339 1839 639 89 80 72 210 1033 500 630 1200 442 372 1031 70 758 348 56
is_linear=0
shrinkage=0.05


Tree=132
num_leaves=31
num_cat=0
split_feature=18 19 4 11 2 10 10 4 14 4 4 11 11 7 2 6 5 4 1 2 2 4 17 16 10 17 2 11 14 4
split_gain=1.18609 0.289872 0.240521 0.230642 0.42027 0.427426 0.35102 0.424808 0.278766 0.264198 0.25041 0.235595 0.246068 0.311196 0.283208 0.227435 0.422893 0.218944 0.185658 0.280805 0.179501 0.135436 0.119766 0.11603 0.0897201 0.0893613 0.0547231 0.075391 0.051991 0.0341229
threshold=inf inf 0.46813506261180676 0.025979923956329753 27.500000000000004 5144.0000000000009 250.50000000000003 0.71432308209708173 0.57550000000000001 0.43154493343989836 0.46813506261180676 0.0037336898812398503 0.021163737104077304 36586694.000000007 56.500000000000007 7.1500000000000017e-05 269.50000000000006 0.46813506261180676 42.500000000000007 95.500000000000014 73.500000000000014 0.46813506261180676 8.4312500000000021e-25 9953.5000000000018 389.50000000000006 0.99913500000000011 51.500000000000007 0.0031756182622506503 0.029500000000000002 0.72881554307116125
decision_type=8 8 2 10 2 10 10 2 10 2 2 10 10 10 2 8 10 2 2 2 2 2 8 10 10 10 2 10 8 2
left_child=1 3 -3 6 5 -5 7 8 10 28 23 15 13 20 -14 24 -17 -15 -10 -20 21 -13 -19 -1 -8 -12 27 29 -6 -26
right_child=-2 2 -4 4 9 -7 11 -9 18 -11 25 12 14 17 -16 16 -18 22 19 -21 -22 -23 -24 -25 26 -27 -28 -29 -30 -31
leaf_value=-0.050776989503113247 -0.050151609385340593 -0.050535352947409455 0.050458856880716142 0.050185014710755052 0.023240738946135389 -0.051768541907330878 0.042792563585229058 0.050512043639539164 -0.059254366385179093 0.048595027571385181 0.050968911489629787 -0.050651178849943829 -0.051722675288285003 -0.050564435690210831 0.04812090370118538 -0.055187372140768846 0.044602038435814645 -0.01756402565387016 -0.056507882122457033 0.054842358946134179 -0.050718632552901592 0.050560083721298249 0.051092364949483972 0.040027883090374063 -0.050092729791500472 0.0097499583169962656 -0.060069802937915029 -0.054233345282821747 -0.050581758510161751 0.050362910089192296
leaf_weight=0.15502340515376978 1.0375264538633926 0.065908994318306102 0.55852336494717747 0.15323149300093053 0.032817905852425389 0.31235585239483044 0.025385294098669076 0.57778287597466249 0.26351327540396596 0.89012471796013415 0.34002424648497254 0.048154340580367494 0.3570740105024014 0.070083421822346281 0.088658810556808021 0.20164037448557803 0.22423825285295607 0.072210900252684951 0.10698649366895552 0.12026558874276816 0.2345332836957823 0.10540289978962392 0.52777619380503893 0.045506717873649905 0.011050462955608964 0.21440255094785243 0.52167927423943183 0.073888945542421425 0.08728013708605431 0.03597130230627954
leaf_count=908 20178 466 160 36 97 53 44 170 23 210 31 168 34 544 69 24 310 7 52 3 83 20 97 79 139 16 222 25 526 6
internal_value=-0.000495795 0.00740411 0.0397989 0.00397387 0.0210889 -0.0182142 -0.00173912 0.0150763 -0.00135925 0.0392028 0.0177109 -0.0135428 -0.000701041 0.0124255 -0.0318632 -0.0311985 -0.00264516 0.0330611 -0.0306954 0.00242052 -0.0232036 0.018821 0.0428293 -0.0301705 -0.0494031 0.0350291 -0.0530452 -0.0227372 -0.0304091 0.0267551
internal_weight=7.55902 6.5215 0.624432 5.89706 1.47581 0.465587 4.42125 1.82351 1.24572 1.01022 0.754957 2.59775 1.50389 1.05816 0.445733 1.09385 0.425879 0.670071 0.490765 0.227252 0.388091 0.153557 0.599987 0.20053 0.667975 0.554427 0.64259 0.120911 0.120098 0.0470218
internal_count=24800 4622 626 3996 922 89 3074 1282 1112 833 1034 1792 1022 919 103 770 334 648 78 55 271 188 104 987 436 47 392 170 623 145
is_linear=0
shrinkage=0.05


Tree=133
num_leaves=31
num_cat=0
split_feature=18 19 4 4 1 1 17 17 5 5 1 11 15 14 4 15 4 2 17 15 4 15 14 14 2 4 11 4 4 1
split_gain=1.12713 0.276295 0.228685 0.219538 0.467598 0.337221 0.469896 0.250025 0.258917 0.247024 0.449844 0.240886 0.277689 0.347273 0.181947 0.148567 0.352395 0.350077 0.146589 0.104756 0.0807115 0.0648776 0.0598506 0.194251 0.024723 0.00132972 0.000929904 0.000395881 0.000230234 5.94778e-05
threshold=inf inf 0.46813506261180676 0.51056338028169035 68.500000000000014 39.500000000000007 8.4312500000000021e-25 4.6796000000000005e-15 92.500000000000014 1413.5000000000002 63.500000000000007 0.0010271337708847002 0.9275000000000001 0.059500000000000004 0.43154493343989836 1.0915000000000001 0.67809350017379222 98.500000000000014 8.4312500000000021e-25 1.7205000000000001 0.36050541516245488 0.38150000000000006 0.23050000000000004 0.26250000000000007 24.500000000000004 0.46813506261180676 0.031783438313766559 0.46813506261180676 0.46813506261180676 54.500000000000007
decision_type=8 8 2 2 2 2 8 8 8 10 2 8 10 8 2 8 2 2 8 10 2 10 10 10 2 2 10 2 2 2
left_child=1 3 -3 11 5 6 -5 -7 -9 15 29 19 13 14 21 16 -10 -18 -6 25 -14 -13 27 26 -25 -1 -24 -15 -26 -11
right_child=-2 2 -4 4 18 7 -8 8 9 10 -12 12 20 22 -16 -17 17 -19 -20 -21 -22 -23 23 24 28 -27 -28 -29 -30 -31
leaf_value=-0.050651906141295583 -0.050144509312661449 -0.050509282265971622 0.050436650471350722 -0.017834878005424375 -0.0079538591386912414 0.050810323504045143 0.050488112660719689 0.050652810095803136 -0.052007442304959718 0.050491246437017828 -0.032046571947420291 -0.050465524390620055 -0.050005745890785575 -0.05049644606215329 0.051837658585231997 -0.056989315501362103 0.050493883914118569 -0.057212674303798665 0.050540562686476803 0.050679023784929313 0.04728590017721318 0.040619575518408897 0.037309226669591751 0.036740139764012039 -0.05070013317129074 -0.057163036902165301 0.049553943242983484 -0.054454079568325091 -0.054338184606668033 0.051925078530242121
leaf_weight=0.12271203532145558 0.98706188767027914 0.06272612038446812 0.5315118741709739 0.40910164965316664 0.12472977570723731 0.15542370267212424 0.65389706008136284 0.13943985919468072 0.40448393160477247 0.14205535454675566 0.36901803920045495 0.079342761782754678 0.023051712727465201 0.088131749856984243 0.22110187169164419 0.43268497695680719 0.23931921704206616 0.11017471551895142 0.75799847638700157 0.025283767841756344 0.28325367625802755 0.025941573818272445 0.021584574362350395 0.0081709482656151522 0.10658233993672184 0.21721185743808746 0.055052165109373163 0.22325506806373596 0.073462896049022675 0.14734823978506029
leaf_count=1029 20178 466 160 20 17 28 172 29 8 38 20 598 487 755 9 9 71 1 193 2 13 32 53 24 347 2 17 3 1 18
internal_value=-0.000489535 0.00734739 0.0397811 0.0039421 0.0100545 0.00117452 0.0241936 -0.01026 -0.0150429 -0.0200077 0.0045531 -0.0119227 -0.00117232 -0.0151319 0.0260767 -0.0336354 -0.0202332 0.0165404 0.0422753 -0.0475092 0.039964 -0.0280226 -0.0384727 -0.0210004 -0.0483241 -0.0548125 0.0461052 -0.053334 -0.0521845 0.0512213
internal_weight=7.24111 6.25405 0.594238 5.65981 4.08567 3.20295 1.063 2.13995 1.98452 1.84508 0.658422 1.57414 1.20893 0.902626 0.326386 1.18666 0.753978 0.349494 0.882728 0.365208 0.306305 0.105284 0.57624 0.264853 0.188216 0.339924 0.0766367 0.311387 0.180045 0.289404
internal_count=24800 4622 626 3996 624 414 192 222 194 165 76 3372 2339 1839 639 89 80 72 210 1033 500 630 1200 442 372 1031 70 758 348 56
is_linear=0
shrinkage=0.05


Tree=134
num_leaves=31
num_cat=0
split_feature=18 19 4 11 2 10 10 4 14 4 17 11 11 7 6 5 4 4 1 2 2 2 4 4 17 4 13 10 4 14
split_gain=1.07091 0.263534 0.217437 0.211346 0.381336 0.387947 0.3188 0.385768 0.247938 0.242647 0.230658 0.211015 0.219896 0.281718 0.204016 0.38332 0.203658 0.19646 0.166069 0.252081 0.160835 0.126535 0.16861 0.122847 0.11264 0.102096 0.0921651 0.0798175 0.0515794 0.0479169
threshold=inf inf 0.46813506261180676 0.025979923956329753 27.500000000000004 5144.0000000000009 250.50000000000003 0.71432308209708173 0.57550000000000001 0.43154493343989836 0.99999500000000008 0.0037336898812398503 0.021163737104077304 36586694.000000007 7.1500000000000017e-05 269.50000000000006 0.46813506261180676 0.46813506261180676 42.500000000000007 95.500000000000014 73.500000000000014 47.500000000000007 0.63550352129022059 0.46813506261180676 8.4312500000000021e-25 0.69563998830181328 0.62515500000000013 389.50000000000006 0.66084751292855803 0.029500000000000002
decision_type=8 8 2 10 2 10 10 2 10 2 10 10 10 10 8 10 2 2 2 2 2 2 2 2 8 2 10 10 2 8
left_child=1 3 -3 6 5 -5 7 8 10 29 16 14 13 20 27 -16 26 -15 -10 -20 23 -14 -23 -13 -19 -12 -1 -8 -17 -6
right_child=-2 2 -4 4 9 -7 11 -9 18 -11 25 12 21 17 15 28 -18 24 19 -21 -22 22 -24 -25 -26 -27 -28 -29 -30 -31
leaf_value=-0.050758751722424916 -0.05013772560061483 -0.050484477067470217 0.05041551033190849 0.050065777689105653 0.022435908623082729 -0.050809929131717869 0.04211684822254471 0.050464053903584431 -0.058241205619832342 0.048347670054375319 -0.053116101230809842 -0.050588415334072462 -0.052684373580726113 -0.050510000929556646 -0.054448193506888135 -0.050002446398114492 0.050786589442605515 -0.016463577099121839 -0.055811546071127718 0.054374893791217585 -0.049543082081913284 -0.05374800980011013 0.050744061007947407 0.05050632976401051 0.050987503821642355 0.050749283364736768 0.039225917914863656 -0.052146851886319658 0.050680793668894511 -0.050544003238887594
leaf_weight=0.086956833529256761 0.9390461183284059 0.05969550826557668 0.50579639000352472 0.14159228883363517 0.031199840046610916 0.29158440134415287 0.023332635209953989 0.52529987099114794 0.24282666968429112 0.82078669988550246 0.13365967659046873 0.043668094280292058 0.25912052867715829 0.063566884535248391 0.18787378302658919 0.013611499849503161 0.40436373208649457 0.071031276951543987 0.09790992267880938 0.1104744525764545 0.22044574430037756 0.069525956649158616 0.08680938882753253 0.096361308358609676 0.48121273599099368 0.028748588636517525 0.042296918101783376 0.59831107108402648 0.19431059842463583 0.080584126288158586
leaf_count=691 20178 466 160 36 97 53 44 170 23 210 215 168 27 544 24 280 44 7 52 3 83 60 16 20 97 2 82 392 30 526
internal_value=-0.00047943 0.00727573 0.0397641 0.00390316 0.0209289 -0.0178367 -0.00179367 0.0149772 -0.00127169 0.0389355 0.0174434 -0.0134366 -0.00078433 0.0121807 -0.0307434 -0.00268366 0.0333227 0.0327302 -0.0301411 0.00260352 -0.0229248 -0.031251 0.00427401 0.01898 0.0423117 -0.0347304 -0.0213122 -0.0486088 0.0440896 -0.0301747
internal_weight=6.952 6.01296 0.565492 5.44747 1.36575 0.433177 4.08172 1.67254 1.14724 0.932571 0.696026 2.40918 1.39174 0.976286 1.01744 0.395796 0.533617 0.615811 0.451211 0.208384 0.360475 0.415456 0.156335 0.140029 0.552244 0.162408 0.129254 0.621644 0.207922 0.111784
internal_count=24800 4622 626 3996 922 89 3074 1282 1112 833 1034 1792 1022 919 770 334 817 648 78 55 271 103 76 188 104 217 773 436 310 623
is_linear=0
shrinkage=0.05


Tree=135
num_leaves=31
num_cat=0
split_feature=18 19 4 11 2 10 10 4 14 4 17 11 11 7 4 6 5 4 1 2 2 2 4 4 17 4 16 2 15 4
split_gain=1.0179 0.25106 0.206746 0.199317 0.360343 0.364636 0.300902 0.367114 0.234569 0.229732 0.218819 0.197697 0.206893 0.265973 0.193858 0.188496 0.362652 0.185834 0.15647 0.238572 0.150126 0.11738 0.160041 0.116794 0.108885 0.0968659 0.0872675 0.0752211 0.105981 0.0490334
threshold=inf inf 0.46813506261180676 0.025979923956329753 27.500000000000004 5144.0000000000009 250.50000000000003 0.71432308209708173 0.57550000000000001 0.43154493343989836 0.99999500000000008 0.0037336898812398503 0.021163737104077304 36586694.000000007 0.46813506261180676 7.1500000000000017e-05 269.50000000000006 0.46813506261180676 42.500000000000007 95.500000000000014 73.500000000000014 47.500000000000007 0.63550352129022059 0.46813506261180676 8.4312500000000021e-25 0.69563998830181328 9953.5000000000018 67.500000000000014 0.75750000000000017 0.66084751292855803
decision_type=8 8 2 10 2 10 10 2 10 2 10 10 10 10 2 10 10 2 2 2 2 2 2 2 8 2 10 2 8 2
left_child=1 3 -3 6 5 -5 7 8 10 -6 14 15 13 20 26 27 -17 -15 -10 -20 23 -14 -23 -13 -19 -12 -1 28 -8 -18
right_child=-2 2 -4 4 9 -7 11 -9 18 -11 25 12 21 17 -16 16 29 24 19 -21 -22 22 -24 -25 -26 -27 -28 -29 -30 -31
leaf_value=-0.050721784103653945 -0.050131250415060148 -0.05046087981802394 0.050395387282021011 0.049958456642842985 -0.029819699961361548 -0.049984825538794894 0.028800675023280743 0.05044182456962111 -0.057776330333689632 0.0480794079625365 -0.052962462155917323 -0.050559576266753219 -0.051765918680208522 -0.050485178250742363 0.05074809539815206 -0.053975878338879749 -0.050002326825372978 -0.015701968364137512 -0.055497769013978016 0.054141116189035249 -0.048671249801197143 -0.053552860820316565 0.050707686708489158 0.050481596072076529 0.050939820637611169 0.050712220863847093 0.03835809238729327 -0.059377489830275847 -0.050073566484150615 0.050647510758288994
leaf_weight=0.082805189427745285 0.89336080974680943 0.05681000895492605 0.48131568334065378 0.13496889985617577 0.10762002555929939 0.28182705955259735 0.067523748970416242 0.49989534873748187 0.23279523161181714 0.78500473039457574 0.12750052793489886 0.041561471520253468 0.25074606636189856 0.060495670411910396 0.38492709293495864 0.18023553450257168 0.01294768928346457 0.07075992226600647 0.093648035672231345 0.10552883329364704 0.21335621329490095 0.066370041651680367 0.082633384270593524 0.091705491533502936 0.45816139050293714 0.027365985326468945 0.041160008247970836 0.41934568713986664 0.1153329606349871 0.18495235836599022
leaf_count=694 20178 466 160 36 623 53 206 170 23 210 215 168 27 544 44 24 280 7 52 3 83 60 16 20 97 2 79 166 64 30
internal_value=-0.000472344 0.00723056 0.039748 0.00387912 0.0207642 -0.0176207 -0.00177301 0.0149345 -0.00126464 0.0386874 0.0173981 -0.0132832 -0.00076884 0.0120906 0.0332351 -0.030335 -0.00266679 0.0325295 -0.0299414 0.00259163 -0.022665 -0.03088 0.0042673 0.0189703 0.0420244 -0.0346424 -0.0211447 -0.0477084 -0.0209476 0.0440625
internal_weight=6.65266 5.7593 0.538126 5.22117 1.30942 0.416796 3.91175 1.59563 1.09573 0.892625 0.663759 2.31613 1.33579 0.93604 0.508892 0.980338 0.378136 0.589417 0.431972 0.199177 0.346623 0.399749 0.149003 0.133267 0.528921 0.154867 0.123965 0.602202 0.182857 0.1979
internal_count=24800 4622 626 3996 922 89 3074 1282 1112 833 1034 1792 1022 919 817 770 334 648 78 55 271 103 76 188 104 217 773 436 270 310
is_linear=0
shrinkage=0.05


Tree=136
num_leaves=31
num_cat=0
split_feature=18 19 4 4 4 4 5 17 1 11 15 14 4 7 15 4 15 14 14 2 11 4 4 4 4 11 4 4 4 4
split_gain=0.96751 0.239188 0.196585 0.188339 0.416478 0.45656 0.288357 0.268945 0.24593 0.203833 0.236331 0.301628 0.153442 0.142385 0.0889622 0.070343 0.0612251 0.0511731 0.166635 0.0210218 0.000945747 0.000820359 0.000246684 0.00014696 3.40307e-05 2.77198e-05 1.18491e-05 1.03689e-05 4.76273e-06 3.23544e-06
threshold=inf inf 0.46813506261180676 0.51056338028169035 0.99628718642629199 0.71432308209708173 1448.5000000000002 0.99999500000000008 42.500000000000007 0.0010271337708847002 0.9275000000000001 0.059500000000000004 0.43154493343989836 53784244.000000007 1.7205000000000001 0.36050541516245488 0.38150000000000006 0.23050000000000004 0.26250000000000007 24.500000000000004 0.031783438313766559 0.46813506261180676 0.46813506261180676 0.46813506261180676 0.51056338028169035 0.028152409873784354 0.43154493343989836 0.60357142857142876 0.40010890280424721 0.40010890280424721
decision_type=8 8 2 2 2 2 10 8 2 8 10 8 2 10 10 2 10 10 10 2 10 2 2 2 2 10 2 2 2 2
left_child=1 3 -3 9 5 6 7 8 -5 14 11 12 16 -6 21 -12 29 22 20 -20 -19 26 28 -21 -2 -8 -1 -4 -13 -11
right_child=24 2 27 4 13 -7 25 -9 -10 10 15 17 -14 -15 -16 -17 -18 18 19 23 -22 -23 -24 -25 -26 -27 -28 -29 -30 -31
leaf_value=-0.050130447445640908 -0.050009835062013411 -0.050438431718027338 0.050707617638241526 -0.013597359965846387 0.010124657857510287 0.05017221501716778 0.051283766440457748 -0.03841970732315432 0.050624643832266031 -0.050095067332370562 -0.050005705992378073 -0.05000365500855717 0.051585120900076421 -0.023271492920900937 0.050583238447092532 0.046389063408029847 0.040721119263758515 0.036157373796122903 0.035191644086453498 -0.050604382270766704 0.049316753235384439 -0.056036773313172639 -0.053798471488671534 -0.053714800116615995 -0.050993760281217139 0.050253917529834873 -0.051208755582071469 0.0502054426536402 -0.050801212688950152 -0.05078316320203341
leaf_weight=0.064321868208935151 0.75035632522121876 0.054062797298683907 0.1557695985538885 0.35385166376363497 0.49242788599804066 0.92369954858440895 0.11672453687060613 0.42244551051408064 0.25757803564192727 0.039223488671268569 0.020479501770751085 0.029683697568543721 0.1920035625807941 0.90706652076914907 0.021796174347400665 0.24946093745529652 0.025094689215620747 0.019108030406641774 0.0072522443806519723 0.092601742057013325 0.047830285166128306 0.19049845635890961 0.19505363330245018 0.064374975860118866 0.099536899477243423 0.1484282971941866 0.042184884659945965 0.30224174109753221 0.050672642420977354 0.030265243723988533
leaf_count=1027 20172 466 17 22 29 446 12 7 35 596 487 751 9 30 2 13 32 53 24 347 17 2 3 1 6 43 2 143 4 2
internal_value=-0.000465939 0.00718515 0.0397326 0.00385456 0.00984595 0.023299 0.00419028 -0.0077397 0.0134576 -0.0118499 -0.0013342 -0.0150871 0.0259068 -0.0115207 -0.0469167 0.0390759 -0.0262201 -0.0382787 -0.0209329 -0.0480349 0.0455603 -0.0540719 -0.052838 -0.0518799 -0.0501251 0.0507073 -0.0505575 0.0503762 -0.0505066 -0.0503948
internal_weight=6.3661 5.5162 0.512074 5.00413 3.62222 2.22273 1.29903 1.03388 0.61143 1.38191 1.0631 0.793164 0.286587 1.39949 0.318801 0.26994 0.0945834 0.506577 0.231167 0.164229 0.0669383 0.297005 0.27541 0.156977 0.849893 0.265153 0.106507 0.458011 0.0803563 0.0694887
internal_count=24800 4622 626 3996 624 565 119 64 57 3372 2339 1839 639 59 1033 500 630 1200 442 372 70 1031 758 348 20178 55 1029 160 755 598
is_linear=0
shrinkage=0.05


Tree=137
num_leaves=31
num_cat=0
split_feature=18 19 4 11 2 10 10 4 14 4 17 11 11 7 4 6 5 4 1 2 2 2 4 4 17 4 7 10 14 2
split_gain=0.918392 0.228775 0.186926 0.178825 0.330676 0.327468 0.282109 0.334902 0.220034 0.211506 0.194182 0.182863 0.182349 0.254348 0.176456 0.169618 0.332143 0.167739 0.142424 0.214553 0.140908 0.110227 0.147314 0.106463 0.1042 0.093742 0.0792769 0.0724732 0.0456881 0.0451838
threshold=inf inf 0.46813506261180676 0.025979923956329753 27.500000000000004 5144.0000000000009 250.50000000000003 0.71432308209708173 0.57550000000000001 0.43154493343989836 0.99999500000000008 0.0037336898812398503 0.021163737104077304 36586694.000000007 0.46813506261180676 7.1500000000000017e-05 269.50000000000006 0.46813506261180676 42.500000000000007 95.500000000000014 73.500000000000014 47.500000000000007 0.63550352129022059 0.46813506261180676 8.4312500000000021e-25 0.69563998830181328 9781577.0000000019 389.50000000000006 0.029500000000000002 51.500000000000007
decision_type=8 8 2 10 2 10 10 2 10 2 10 10 10 10 2 10 10 2 2 2 2 2 2 2 8 2 10 10 8 2
left_child=1 3 -3 6 5 -5 7 8 10 28 14 15 13 20 26 27 -17 -15 -10 -20 23 -14 -23 -13 -19 -12 -1 -8 -6 -29
right_child=-2 2 -4 4 9 -7 11 -9 18 -11 25 12 21 17 -16 16 -18 24 19 -21 -22 22 -24 -25 -26 -27 -28 29 -30 -31
leaf_value=0.037738853279033861 -0.050118979826328375 -0.050417072448371007 0.050357893504499353 0.04979575295662423 0.022864141920455289 -0.049120515567865064 0.041743016427687157 0.050426222054227199 -0.057130320114373072 0.047806339903529449 -0.05267308409210443 -0.050505474034237198 -0.050628117490364145 -0.050438295286254056 0.050699422691680984 -0.053369385499205682 0.044098554884473194 -0.015615257488862175 -0.054919534235925174 0.053743276715670585 -0.048136532196187382 -0.053192404266223618 0.050701602964919892 0.05045570201943668 0.050892555265810685 0.050703522290289987 -0.050651407224840628 -0.021066152384463573 -0.050496644563562655 -0.057621600631406235
leaf_weight=0.03825452864111889 0.80853913870305394 0.051447359783196478 0.43582850875100121 0.1225195167098716 0.030033699353225529 0.26387719305421342 0.022097688488429745 0.46175360254710529 0.21750264283400611 0.72332848259247839 0.11601477649674052 0.037682907463022053 0.23738300668628654 0.054870839157956652 0.35629327472997829 0.16840944485011278 0.18172053069429239 0.068333505187183619 0.085552989057759987 0.096855086034338456 0.20750664806837449 0.060433929280407028 0.078359749517403543 0.085031078197062016 0.42628946277545765 0.027040924876928329 0.075302316148736281 0.10455533375352388 0.07234920616610907 0.44138595250115031
leaf_count=109 20178 466 160 36 97 53 44 170 23 210 215 168 27 544 44 24 310 7 52 3 83 60 16 20 97 2 664 170 526 222
internal_value=-0.00045277 0.00705601 0.0397179 0.00378175 0.0204208 -0.0177559 -0.00174588 0.0151358 -0.000953406 0.0382858 0.0178716 -0.013196 -0.00079715 0.0116615 0.0334008 -0.0301555 -0.00278267 0.0325032 -0.0298047 0.00277827 -0.0230196 -0.0299325 0.00546379 0.0194526 0.0417043 -0.0331325 -0.0208749 -0.0470276 -0.0289765 -0.0506207
internal_weight=6.15655 5.34801 0.487276 4.86074 1.21211 0.386397 3.64863 1.47457 1.01282 0.825711 0.612906 2.17406 1.25589 0.879714 0.46985 0.918169 0.35013 0.549494 0.399911 0.182408 0.330221 0.376177 0.138794 0.122714 0.494623 0.143056 0.113557 0.568039 0.102383 0.545941
internal_count=24800 4622 626 3996 922 89 3074 1282 1112 833 1034 1792 1022 919 817 770 334 648 78 55 271 103 76 188 104 217 773 436 623 392
is_linear=0
shrinkage=0.05


Tree=138
num_leaves=31
num_cat=0
split_feature=4 8 11 5 2 10 6 7 4 4 2 14 17 11 11 11 4 17 4 2 4 14 4 5 17 4 11 18 4 17
split_gain=0.874636 0.19499 0.206406 0.270346 0.293253 0.262001 0.219993 0.274687 0.213336 0.200858 0.200589 0.304207 0.258197 0.195316 0.420803 0.193293 0.127636 0.0905344 0.0700138 0.069724 0.170936 0.0611334 0.124409 0.0504463 0.0260953 0.0205311 0.0113537 0.00851677 0.0111204 0.0078068
threshold=0.14328485885372114 155083767.50000003 0.025979923956329753 10008.500000000002 29.500000000000004 438.50000000000006 6.226760000000002e-05 1787199.0000000002 0.74655719578933388 0.46813506261180676 63.500000000000007 0.55350000000000021 0.99999500000000008 0.0084122604638494514 0.021163737104077304 0.00014937442776370003 0.46813506261180676 1.0317500000000001e-08 0.43154493343989836 67.500000000000014 0.99628718642629199 0.32650000000000007 0.46813506261180676 8001.5000000000009 0.99999500000000008 0.64350460219812455 0.0010848871413994003 1.0000000180025095e-35 0.80376652843434793 2.5530500000000003e-10
decision_type=2 8 10 10 2 10 8 10 2 2 2 10 10 10 10 10 2 8 2 2 2 8 2 10 10 2 10 8 2 8
left_child=-1 2 5 18 -5 8 13 -8 10 -6 11 12 16 19 29 -10 17 -2 23 20 -7 22 -12 -4 -17 -9 -18 -3 -29 -15
right_child=1 27 3 4 9 6 7 25 15 -11 21 -13 -14 14 -16 24 26 -19 -20 -21 -22 -23 -24 -25 -26 -27 -28 28 -30 -31
leaf_value=-0.050001653146815962 0.050239839705974898 0.050096146601074934 -0.050617427409987675 -0.040104546446561057 -0.050680244493434529 0.040283916076761794 -0.055939128771997131 0.01905419841308665 -0.042147861636147289 0.050571386113648226 -0.050568410543301447 -0.048658053002951743 -0.037594991205027795 0.025414964787497291 -0.042345883600947348 0.050488060593906196 0.03176258037904766 -0.050810373458101146 0.04866884065396504 -0.054654080062809265 -0.052770224009934086 0.049946702044227846 0.050241594874435573 0.047816925840650788 0.020954663720459142 0.050518116315100808 0.050736556882100159 0.0014238221257761765 0.050094632532079554 0.050388094281958951
leaf_weight=0.77355761138824153 0.032304949363606505 0.2492099454975687 0.032112662549479642 0.27663082431536168 0.060947491620026994 0.075475653855391567 0.09504135594397678 0.069211676887789508 0.071102967602200695 0.24946347903460264 0.054918208927119738 0.35522431171921198 0.20656952996432665 0.037185587003477849 0.30946009827312082 0.44873815128812566 0.11988351203035563 0.070621548653434729 0.61277572525432333 0.48032764948038675 0.14258498325943947 0.20832437274657423 0.06912749691400677 0.021887363680434646 0.089756193803623319 0.206657545408234 0.23030493222177029 0.022419877226638962 0.024628076935186982 0.19753411909550778
leaf_count=23569 14 100 44 11 25 60 3 44 5 74 47 20 29 22 15 171 19 44 179 27 3 41 20 7 25 50 28 24 16 64
internal_value=-0.000446839 0.00703954 0.0046216 0.0220741 -0.00266978 -0.00150729 -0.0164238 0.0173686 0.0107916 0.0306912 -0.000313269 -0.0113539 0.00873357 -0.0265109 -0.00405367 0.0353346 0.0298542 -0.0190943 0.0438591 -0.0440094 -0.0205621 0.0333997 0.00561043 -0.0107199 0.0455654 0.0426243 0.044241 0.0464127 0.0269014 0.0464317
internal_weight=5.89399 5.12043 4.82417 1.25382 0.587042 3.57035 1.61348 0.370911 1.95688 0.310411 1.34728 1.01491 0.659684 1.24257 0.54418 0.609597 0.453115 0.102926 0.666776 0.698388 0.218061 0.33237 0.124046 0.054 0.538494 0.275869 0.350188 0.296258 0.047048 0.23472
internal_count=24800 1231 1091 340 110 751 288 97 463 99 262 154 134 191 101 201 105 58 230 90 63 108 67 51 196 94 47 140 40 86
is_linear=0
shrinkage=0.05


Tree=139
num_leaves=31
num_cat=0
split_feature=18 19 4 4 4 4 5 17 7 11 15 14 4 13 15 13 15 4 14 14 2 11 4 4 4 4 11 4 4 1
split_gain=0.83692 0.210845 0.169481 0.163834 0.363303 0.403565 0.248775 0.22168 0.188621 0.172815 0.205082 0.260721 0.134237 0.125184 0.0765985 0.0622244 0.0541251 0.0527308 0.0434643 0.143544 0.0179318 0.000988404 0.000521686 0.000159488 9.69787e-05 2.55908e-05 1.74931e-05 7.59249e-06 6.43115e-06 3.9127e-06
threshold=inf inf 0.46813506261180676 0.51056338028169035 0.99628718642629199 0.71432308209708173 1448.5000000000002 0.99999500000000008 88902156.500000015 0.0010271337708847002 0.9275000000000001 0.059500000000000004 0.43154493343989836 0.50821000000000016 1.7205000000000001 0.97259000000000018 0.38150000000000006 0.36050541516245488 0.23050000000000004 0.26250000000000007 24.500000000000004 0.031783438313766559 0.46813506261180676 0.46813506261180676 0.46813506261180676 0.51056338028169035 0.028152409873784354 0.43154493343989836 0.60357142857142876 15.500000000000002
decision_type=8 8 2 2 2 2 10 8 10 8 10 8 2 10 10 10 10 2 10 10 2 10 2 2 2 2 10 2 2 2
left_child=1 3 -3 9 5 6 7 8 -5 14 11 12 16 -6 22 17 -11 -12 23 21 -21 -20 27 29 -22 -2 -8 -1 -4 -13
right_child=25 2 28 4 13 -7 26 -9 -10 10 15 18 -14 -15 -16 -17 -18 -19 19 20 24 -23 -24 -25 -26 -27 -28 -29 -30 -31
leaf_value=-0.050113231847973554 -0.050008991370332267 -0.050376673268071485 0.050608999255270265 0.050614653860390969 0.0079071325398022609 0.05015262428342776 0.051098420223648799 -0.036227440291769927 -0.0097676652396503291 -0.050336269729415989 -0.050006597203338478 -0.051054462846061126 0.051370922619476955 -0.02392489690666014 0.05050885628578046 -0.050536872178313756 0.039948371992531116 0.052065004161752949 0.034786667298984567 0.0336414933234278 -0.05052998045692389 0.049106505613853157 -0.055140593044987973 -0.053285816085018471 -0.053220006579860493 -0.050905780861268179 0.050223334354697752 -0.051037939012248124 0.050184809231175402 -0.050239449243486972
leaf_weight=0.056814458972439419 0.64658793718990626 0.046662305807330884 0.13501018704846501 0.20858078822493531 0.5165399715770036 0.8096217176062056 0.10216311481781304 0.38728359155356884 0.34040625812485814 0.061595096676683281 0.013479545050358865 0.0207448857545387 0.16721972823143005 0.76819263934157789 0.019002058543264866 0.018142553024517838 0.022724442344042473 0.20635349932126701 0.016975088052276988 0.0064519799016125026 0.081603270577033982 0.041535928394296207 0.1675170511007309 0.17192598804831505 0.056843012571334839 0.090710812713950872 0.1294993165647611 0.036432868801057339 0.26421821059193462 0.050755940907038166
leaf_count=1027 20172 466 17 32 36 446 12 7 25 598 349 9 9 23 2 139 32 12 53 24 347 17 2 3 1 6 43 2 143 746
internal_value=-0.000438015 0.00700061 0.0397895 0.00373599 0.00957497 0.0230238 0.00421791 -0.00726075 0.0131738 -0.0119273 -0.00162461 -0.0152841 0.0254337 -0.0111265 -0.0464095 0.0384613 -0.0260042 0.0458063 -0.0382056 -0.0211463 -0.0478373 0.0449521 -0.053472 -0.0524605 -0.0516344 -0.0501193 0.0506092 -0.0504745 0.0503283 -0.0504759
internal_weight=5.66159 4.9243 0.445891 4.4784 3.26229 1.97755 1.16793 0.936271 0.548987 1.21612 0.936351 0.698375 0.251539 1.28473 0.279766 0.237976 0.0843195 0.219833 0.446836 0.203409 0.144898 0.058511 0.260764 0.243427 0.138446 0.737299 0.231662 0.0932473 0.399228 0.0715008
internal_count=24800 4622 626 3996 624 565 119 64 57 3372 2339 1839 639 59 1033 500 630 361 1200 442 372 70 1031 758 348 20178 55 1029 160 755
is_linear=0
shrinkage=0.05


Tree=140
num_leaves=31
num_cat=0
split_feature=18 19 4 11 2 10 10 4 14 4 4 11 15 17 13 1 6 5 4 1 2 4 14 13 10 17 4 2 11 15
split_gain=0.794469 0.201639 0.161162 0.153744 0.293803 0.278239 0.252503 0.292594 0.199763 0.185153 0.169532 0.162857 0.156231 0.185938 0.168805 0.221682 0.141876 0.288666 0.135716 0.122388 0.183419 0.11035 0.108948 0.0785724 0.0632384 0.0610595 0.0420341 0.0402085 0.061214 0.0364258
threshold=inf inf 0.46813506261180676 0.025979923956329753 27.500000000000004 5144.0000000000009 250.50000000000003 0.71432308209708173 0.57550000000000001 0.46813506261180676 0.46813506261180676 0.0037336898812398503 0.9275000000000001 0.73689000000000016 0.27484000000000003 24.500000000000004 7.1500000000000017e-05 269.50000000000006 0.46813506261180676 42.500000000000007 95.500000000000014 0.46813506261180676 0.029500000000000002 0.62515500000000013 389.50000000000006 0.99913500000000011 0.66084751292855803 51.500000000000007 0.0031756182622506503 0.44550000000000006
decision_type=8 8 2 10 2 10 10 2 10 2 2 8 10 10 10 2 10 10 2 2 2 2 8 10 10 10 2 2 10 10
left_child=1 3 -3 6 5 -5 7 8 10 22 23 16 13 14 29 -16 24 -18 -17 -10 -21 -15 -6 -1 -8 -12 -19 28 -26 -13
right_child=-2 2 -4 4 9 -7 11 -9 19 -11 25 12 -14 21 15 18 17 26 -20 20 -22 -23 -24 -25 27 -27 -28 -29 -30 -31
leaf_value=-0.050515387088041333 -0.050113515604516427 -0.050358321728979666 0.050312259702289509 0.049598121164902281 0.038169061781516515 -0.047571965444189096 0.041295916885127876 0.050396406050057956 -0.056258300207344236 0.050559324471545354 0.050694329841150292 -0.025778488942025293 0.047582528802850868 -0.050346233847474713 -0.046350552668772291 -0.050529785398951345 -0.052606112213353762 -0.05000201896305452 0.050531213683244369 -0.054197276191668399 0.053199530215108627 0.050748381049819928 -0.050566533067465315 0.037231694533391493 0.028022480651512072 0.011135953794122772 0.050521023083384402 -0.056506777764715771 -0.053184268988877383 -0.055414403602154522
leaf_weight=0.10527201791956053 0.70141947502997926 0.044402325776900287 0.37987552280537784 0.10621866063229368 0.059848937828064663 0.24041629533894593 0.019943858122132618 0.40858158812625334 0.19589149619059754 0.58537841308861971 0.24198565253755078 0.20442100261243468 0.14571521833568113 0.032048121227489901 0.13319097841122129 0.039739097344863694 0.15233421313496365 0.011178925993590383 0.20251313020708039 0.075008234420238296 0.084590931546699721 0.17113642749609426 0.081964105220322381 0.033672263223706977 0.038796228123828769 0.16342732997145504 0.14914494811091572 0.39958067078987369 0.057750047270019422 0.21040221929797553
leaf_count=905 20178 466 160 36 98 53 44 170 23 208 31 107 184 399 36 165 24 280 48 52 3 52 527 82 145 16 30 222 25 31
internal_value=-0.00042517 0.00687463 0.0397767 0.00366563 0.0200845 -0.0177963 -0.0017157 0.0153073 -0.000625137 0.0381414 0.0184126 -0.0130341 -0.000765766 -0.00785729 -0.0188256 0.00546488 -0.029898 -0.00331904 0.0339531 -0.0297773 0.0027253 0.0348028 -0.0131177 -0.0292504 -0.0460007 0.0347478 0.0435118 -0.04951 -0.0205521 -0.0408101
internal_weight=5.47585 4.77443 0.424278 4.35015 1.07383 0.346635 3.27632 1.30843 0.899848 0.727191 0.544357 1.9679 1.13917 0.993451 0.790266 0.375443 0.828729 0.312658 0.242252 0.355491 0.159599 0.203185 0.141813 0.138944 0.516071 0.405413 0.160324 0.496127 0.0965463 0.414823
internal_count=24800 4622 626 3996 922 89 3074 1282 1112 833 1034 1792 1022 838 387 249 770 334 213 78 55 451 625 987 436 47 310 392 170 138
is_linear=0
shrinkage=0.05


Tree=141
num_leaves=31
num_cat=0
split_feature=18 19 4 4 1 1 11 10 11 11 15 14 7 11 4 17 6 4 11 15 4 15 14 14 2 11 4 4 4 4
split_gain=0.755064 0.19217 0.153254 0.150088 0.334732 0.25072 0.466301 0.322737 0.30498 0.153631 0.186229 0.23816 0.132819 0.312933 0.122565 0.111353 0.0910214 0.144677 0.191107 0.0688516 0.0566972 0.0493862 0.0397787 0.129144 0.0161528 0.00103868 0.000381318 0.000129842 7.22756e-05 3.206e-05
threshold=inf inf 0.46813506261180676 0.51056338028169035 68.500000000000014 60.500000000000007 0.0084122604638494514 250.50000000000003 0.0040141411054321011 0.0010271337708847002 0.9275000000000001 0.059500000000000004 2602857.0000000005 0.021163737104077304 0.43154493343989836 8.4312500000000021e-25 9.5000000000000022e-06 0.67809350017379222 0.0016438349820315002 1.7205000000000001 0.36050541516245488 0.38150000000000006 0.23050000000000004 0.26250000000000007 24.500000000000004 0.031783438313766559 0.46813506261180676 0.46813506261180676 0.46813506261180676 0.99628718642629199
decision_type=8 8 2 2 2 2 10 10 10 8 10 8 10 10 2 8 10 2 10 10 2 10 10 10 2 10 2 2 2 2
left_child=1 3 -3 9 5 6 7 8 -5 19 11 14 -7 -14 21 -6 -9 -18 -19 26 -12 -11 27 25 -25 -24 -1 -13 -26 -8
right_child=-2 2 -4 4 15 12 29 16 -10 10 20 22 13 -15 -16 -17 17 18 -20 -21 -22 -23 23 24 28 -27 -28 -29 -30 -31
leaf_value=-0.050427269932112155 -0.050108137048329698 -0.050340863312584166 0.050297106994864421 0.050563093932747105 -0.0078406147430142951 -0.056998859329269347 0.050273755102621602 -0.051057055789670347 -0.042335458086020294 -0.050301453037475796 -0.050005239867468868 -0.050429457395229395 0.050631231285075212 -0.033639222366128214 0.051242776272845403 0.050400515237176639 -0.048079708209092895 -0.039296782726191998 0.050485231424088908 0.050459916047791542 0.045487536753106239 0.039076617009622137 0.03364930956429367 0.03225227911049356 -0.050478734895828527 0.048911052203035162 -0.054603008465399984 -0.053074896240092151 -0.052911276988571947 0.051076842300837623
leaf_weight=0.085079496713660441 0.66728066562063748 0.042251077764376421 0.36145489278715104 0.33708669792395152 0.096729299519210943 0.20832376182079304 0.32663251069607202 0.26432949362788349 0.11972649389645085 0.056525251457060333 0.016851679423780297 0.065095103023850243 0.15290077449753881 0.39414167241193354 0.15269532334059477 0.54150665405904874 0.17561754677444696 0.10461448295973241 0.13674468651879579 0.01720643974840641 0.20029820036143064 0.021271811161568621 0.015824332542251796 0.006035249105480033 0.073989114673167933 0.037728830582636874 0.15296687185764313 0.16135788336396217 0.051994461566209793 0.20059207687154412
leaf_count=1029 20178 466 160 93 17 2 170 9 12 598 487 755 36 28 9 193 4 5 39 2 13 32 53 24 347 17 2 3 1 16
internal_value=-0.000419317 0.00682391 0.0397645 0.00363782 0.00936195 0.000869121 0.0117064 -0.00630117 0.0262152 -0.0120672 -0.00195353 -0.0154825 -0.0230236 -0.0100853 0.0252176 0.0415736 -0.0281033 -0.0135525 0.0115702 -0.0461289 0.0380769 -0.0258631 -0.0382507 -0.0210888 -0.0476547 0.0444014 -0.0531106 -0.0523145 -0.0514827 0.0505793
internal_weight=5.24485 4.57757 0.403706 4.17387 3.05895 2.42071 1.66534 1.13812 0.456813 1.11492 0.859667 0.642517 0.755366 0.547042 0.230492 0.638236 0.681306 0.416977 0.241359 0.255253 0.21715 0.0777971 0.412025 0.185572 0.132019 0.0535532 0.238046 0.226453 0.125984 0.527225
internal_count=24800 4622 626 3996 624 414 348 162 105 3372 2339 1839 66 64 639 210 57 48 44 1033 500 630 1200 442 372 70 1031 758 348 186
is_linear=0
shrinkage=0.05


Tree=142
num_leaves=31
num_cat=1
split_feature=18 19 4 14 4 11 17 17 1 15 1 4 5 2 15 8 0 4 15 4 4 17 14 4 4 15 10 15 4 1
split_gain=0.717608 0.183173 0.145736 0.14171 0.203204 0.310302 0.163664 0.305848 0.241294 0.210516 0.206642 0.503135 0.189575 0.134631 0.228997 0.182046 0.125673 0.109566 0.093523 0.0894348 0.0782272 0.0741408 0.2559 0.0568017 0.0512886 0.0406782 0.0224401 0.0167527 0.00950365 0.00351305
threshold=inf inf 0.46813506261180676 0.061500000000000006 0.65360989230155575 0.0036325431929383005 6.0299500000000012e-26 3.1047500000000005e-24 39.500000000000007 0.25450000000000006 66.500000000000014 0.57641196013289042 86.500000000000014 76.500000000000014 0.51550000000000018 43769096.500000007 0 0.40010890280424721 0.87750000000000006 0.51056338028169035 0.43154493343989836 0.0025822000000000002 0.57550000000000001 0.46813506261180676 0.60357142857142876 0.38150000000000006 72.500000000000014 0.18850000000000003 0.62284482758620696 61.500000000000007
decision_type=8 8 2 8 2 10 8 8 2 8 2 2 8 2 8 10 9 2 10 2 2 8 10 2 2 10 10 10 2 2
left_child=1 3 -3 4 5 26 19 29 9 27 12 18 -10 15 -15 -14 21 -11 -12 -5 25 22 -17 -20 -18 -7 28 -9 -1 -8
right_child=-2 2 -4 6 -6 20 7 8 10 17 11 -13 13 14 -16 16 24 -19 23 -21 -22 -23 -24 -25 -26 -27 -28 -29 -30 -31
leaf_value=-0.050009590085113957 -0.050103004974632749 -0.050324254848902163 0.050282686069397224 -0.050403460682333229 0.050259919130829049 -0.050278277063441096 -0.053197882044694646 -0.0084862606166437836 0.047634217818412122 -0.050220866075849649 -0.051943653825374948 0.050440691121495164 0.044378567284478178 -0.047091770563062962 0.049661586497581234 0.048561918255994527 -0.050444225081928362 0.050543356884984625 -0.050421302854973517 0.0507147096322247 0.051209317251828257 -0.054412021754742482 -0.046761282060319612 0.050380147873361973 0.050444604054910226 0.038806698879215895 -0.055447468144262137 -0.053304719021056102 0.050378028361374096 -0.042785301134609537
leaf_weight=0.0034496097578083917 0.63480037508634257 0.040203397926234063 0.34392265346832573 0.024502318628947584 0.36057798040565103 0.034064951778418617 0.20132831550290609 0.031602714072505811 0.10409384157901524 0.02874369789242337 0.21485392518843571 0.42128758237231523 0.075467834278242441 0.10325560393357602 0.14999266645463649 0.090558088344550924 0.016309699678458855 0.43907538033090532 0.020830474952163058 0.20330812904285267 0.18815997894853354 0.49087712499022018 0.3163956573298492 0.04246789775788784 0.055342438514344394 0.020541229587252019 0.16757499793129682 0.0612813736715907 0.0074475579895079136 0.13553770600265125
leaf_count=80 20178 466 160 159 177 395 30 25 122 510 634 138 152 67 123 80 150 125 226 46 13 91 23 6 16 33 474 62 1 38
internal_value=-0.000410949 0.0067696 0.039753 0.00360921 0.0227082 -0.00087593 -0.00101781 -0.00412106 0.00155834 0.0307008 -0.00621633 0.0159828 -0.0172889 -0.0224946 0.0102128 -0.0304214 -0.0362441 0.0443522 -0.036207 0.0398389 0.0359192 -0.0413296 -0.0255493 0.017208 0.02748 -0.0167671 -0.0509263 -0.0380558 0.0185993 -0.0490084
internal_weight=5.02786 4.39305 0.384126 4.00893 0.781816 0.421238 3.22711 2.9993 2.66244 0.560703 2.10173 0.69944 1.40229 1.2982 0.253248 1.04495 0.969483 0.467819 0.278152 0.22781 0.242766 0.897831 0.406954 0.0632984 0.0716521 0.0546062 0.178472 0.0928841 0.0108972 0.336866
internal_count=24800 4622 626 3996 1173 996 2823 2618 2550 722 1828 1004 824 702 190 512 360 635 866 205 441 194 103 232 166 428 555 87 81 68
cat_boundaries=0 1
cat_threshold=4
is_linear=0
shrinkage=0.05


Tree=143
num_leaves=31
num_cat=0
split_feature=18 19 4 4 4 4 1 1 7 11 15 14 4 7 15 13 4 15 14 14 2 11 4 4 4 4 2 4 4 1
split_gain=0.682231 0.17443 0.138588 0.136353 0.301073 0.343846 0.213651 0.141302 0.246956 0.138906 0.166861 0.215088 0.110422 0.10668 0.0620618 0.0543884 0.0456269 0.0443902 0.0359429 0.115954 0.014592 0.00110989 0.000285415 9.49645e-05 5.32908e-05 1.40983e-05 7.41691e-06 4.17864e-06 3.53591e-06 2.46836e-06
threshold=inf inf 0.46813506261180676 0.51056338028169035 0.99628718642629199 0.71432308209708173 39.500000000000007 62.500000000000007 6946234.0000000009 0.0010271337708847002 0.9275000000000001 0.059500000000000004 0.43154493343989836 53784244.000000007 1.7205000000000001 0.97259000000000018 0.36050541516245488 0.38150000000000006 0.23050000000000004 0.26250000000000007 24.500000000000004 0.031783438313766559 0.46813506261180676 0.46813506261180676 0.46813506261180676 0.51056338028169035 48.500000000000007 0.43154493343989836 0.60357142857142876 15.500000000000002
decision_type=8 8 2 2 2 2 2 2 10 8 10 8 2 10 10 10 2 10 10 10 2 10 2 2 2 2 2 2 2 2
left_child=1 3 -3 9 5 6 -5 -8 -9 14 11 12 17 -6 22 16 -12 -11 23 21 -21 -20 27 29 -22 -2 -10 -1 -4 -13
right_child=25 2 28 4 13 -7 7 8 26 10 15 18 -14 -15 -16 -17 -18 -19 19 20 24 -23 -24 -25 -26 -27 -28 -29 -30 -31
leaf_value=-0.050091749262636515 -0.050007369654253453 -0.050308453419736089 0.050498586824612696 0.050528840031921513 0.010187396704612545 0.050130792054291766 -0.025707549932081949 -0.034899677648701381 0.050889370454897921 -0.050272304898836676 -0.050005994471783666 -0.050898554595845517 0.051122660814387003 -0.021991171390599553 0.050415989772373708 -0.050488778281538554 0.051704260115800149 0.037469135706154809 0.032259276623582703 0.031019307675570509 -0.050431361531136691 0.048633697251813469 -0.054165934873835177 -0.052766967139598865 -0.052621475415460021 -0.050741322296801332 0.050296472112744101 -0.050846653459371866 0.050151320250405231 -0.05019579384905426
leaf_weight=0.04737759339332126 0.52923926040602953 0.038254363425949012 0.11085613910108805 0.19882645667530574 0.39682886656373739 0.67949293932179 0.45578995591495186 0.14057226211298257 0.11079946317477152 0.051080082419503126 0.011782218318330706 0.017768712217730354 0.13847706862725317 0.73394187376834452 0.01559813367202878 0.016163990105269477 0.17187130264937878 0.020082469342014519 0.014816236431215657 0.0056435735132254186 0.067215380993729923 0.034321663861192064 0.1407136395573616 0.14689504355192184 0.047335788607597351 0.07465906348079443 0.10067558428272605 0.029900101013481617 0.21638027438893914 0.042098315960174659
leaf_count=1027 20172 466 17 37 29 446 36 6 13 598 349 9 9 30 2 139 12 32 53 24 347 17 2 3 1 6 27 2 143 746
internal_value=-0.000405505 0.00673691 0.039742 0.00359227 0.00926235 0.0226485 0.00409813 -0.00732948 0.0164643 -0.0120799 -0.00201403 -0.0154734 0.0251092 -0.0106985 -0.0459312 0.0374401 0.0451791 -0.0255112 -0.0380947 -0.0210144 -0.0474695 0.0436964 -0.0528252 -0.0520829 -0.0513364 -0.0500981 0.0506071 -0.0503838 0.050269 -0.0504044
internal_weight=4.80546 4.20156 0.365491 3.83607 2.81693 1.68616 1.00666 0.807837 0.352047 1.01914 0.785552 0.585734 0.20964 1.13077 0.233589 0.199818 0.183654 0.0711626 0.376095 0.169333 0.120195 0.0491379 0.217991 0.206762 0.114551 0.603898 0.211475 0.0772777 0.327236 0.059867
internal_count=24800 4622 626 3996 624 565 119 82 46 3372 2339 1839 639 59 1033 500 361 630 1200 442 372 70 1031 758 348 20178 40 1029 160 755
is_linear=0
shrinkage=0.05


Tree=144
num_leaves=31
num_cat=0
split_feature=4 8 11 2 10 4 6 7 11 11 11 2 14 17 4 13 4 17 15 2 4 19 2 4 11 14 4 18 4 7
split_gain=0.64771 0.153081 0.161193 0.213119 0.210396 0.16398 0.163529 0.223957 0.154041 0.150028 0.327264 0.149359 0.231321 0.196851 0.139887 0.0959266 0.0947136 0.067607 0.0519916 0.0490821 0.13299 0.0217386 0.0308747 0.0156702 0.00927732 0.0090372 0.013318 0.00669957 0.00844468 0.00593006
threshold=0.14328485885372114 155083767.50000003 0.025979923956329753 27.500000000000004 438.50000000000006 0.74655719578933388 6.226760000000002e-05 1787199.0000000002 0.00014937442776370003 0.0084122604638494514 0.021163737104077304 63.500000000000007 0.55350000000000021 0.99999500000000008 0.46813506261180676 0.082043000000000019 0.46813506261180676 1.0317500000000001e-08 0.21450000000000002 67.500000000000014 0.99628718642629199 1.0000000180025095e-35 72.500000000000014 0.64350460219812455 0.0010848871413994003 0.33250000000000007 0.64350460219812455 1.0000000180025095e-35 0.80376652843434793 38371445.500000007
decision_type=2 8 10 2 10 2 8 10 10 8 10 2 10 10 2 8 2 8 10 2 2 8 2 2 10 10 2 8 2 10
left_child=-1 2 4 -4 5 11 9 -8 -7 19 29 12 13 16 15 -5 17 -2 -13 20 -6 -10 -23 -9 -18 26 -20 -3 -29 -11
right_child=1 27 3 14 6 8 7 23 21 10 -12 18 -14 -15 -16 -17 24 -19 25 -21 -22 22 -24 -25 -26 -27 -28 28 -30 -31
leaf_value=-0.050001235562223002 0.049661528964511703 0.049963256739308522 -0.011432121847297722 0.041689101720092603 0.039590037079324597 -0.041509970364949848 -0.05487601323111975 0.019886161708613348 0.050425873240855582 0.026619257559711885 -0.040446681401849677 -0.016821850848138354 -0.047283618655796056 -0.0352999673686843 0.048628985997215428 -0.050532491698115745 0.031263176264285313 -0.050597529811027567 0.0013336874866211397 -0.052748986450839024 -0.052229143878776543 0.050146757824665683 -0.016940960260487734 0.05041457786178092 0.050585398851380872 0.049884502238555173 0.050182053286116482 0.0017969209115453093 0.050073381272717925 0.050254362080899874
leaf_weight=0.57637860609975167 0.02468156610120853 0.19356498079650919 0.3252777030920696 0.048540585523369373 0.059781652735181878 0.057917655212804564 0.08106665283048653 0.056855425013054628 0.35471785056870431 0.032027009499870585 0.26131597906896786 0.042864407310844399 0.2815786300234322 0.16982771753828274 0.54444377805339172 0.06728314980318828 0.094625503581482917 0.052752739702555118 0.027195406819373602 0.39491249969978526 0.11587436869740486 0.037906218785792589 0.031319339002948254 0.16125236003426835 0.18085538048762828 0.15352702539530583 0.02865616453345865 0.01767142171775038 0.018585277488455176 0.15487497421236185
leaf_count=23569 14 100 32 13 60 5 3 44 154 16 15 34 20 29 233 62 19 44 28 27 3 30 12 50 28 33 13 24 16 70
internal_value=-0.000392539 0.00662984 0.00425868 0.0216943 -0.00175719 0.0108029 -0.0164183 0.0160826 0.034975 -0.0259624 -0.00431416 -0.000221105 -0.0107488 0.00893095 0.038014 -0.0118833 0.0302155 -0.0186408 0.0333482 -0.0429685 -0.02098 0.0454241 0.0197946 0.0424566 0.0439484 0.0436191 0.0263967 0.0462686 0.0265436 0.0462043
internal_weight=4.64813 4.07175 3.84193 0.985545 2.85639 1.53843 1.31796 0.299174 0.481861 1.01879 0.448218 1.05656 0.804322 0.522743 0.660268 0.115824 0.352915 0.0774343 0.252243 0.570569 0.175656 0.423943 0.0692256 0.218108 0.275481 0.209379 0.0558516 0.229822 0.0362567 0.186902
internal_count=24800 1231 1091 340 751 463 288 97 201 191 101 262 154 134 308 75 105 58 108 90 63 196 42 94 47 74 41 140 40 86
is_linear=0
shrinkage=0.05


Tree=145
num_leaves=31
num_cat=0
split_feature=18 19 14 4 11 4 1 4 6 1 15 11 4 17 4 17 4 15 17 17 10 2 4 11 4 4 4 4 4 4
split_gain=0.620386 0.162599 0.127105 0.182413 0.26684 0.144157 0.289177 0.226339 0.27693 0.265827 0.135029 0.201785 0.125881 0.0963749 0.0692913 0.0576007 0.0474172 0.0351133 0.0306409 0.0755266 0.0212888 0.0132865 0.00845727 0.00628888 0.000521158 0.000112023 3.47158e-05 1.17319e-05 9.63967e-06 4.79609e-06
threshold=inf inf 0.061500000000000006 0.65360989230155575 0.0036325431929383005 0.51056338028169035 66.500000000000014 0.99628718642629199 3.5500000000000002e-05 39.500000000000007 0.87750000000000006 0.0010271337708847002 0.46813506261180676 8.4312500000000021e-25 0.43154493343989836 0.10951500000000002 0.36050541516245488 0.38150000000000006 4.1435000000000006e-05 9.5596000000000008e-06 72.500000000000014 24.500000000000004 0.62284482758620696 0.00068777162457570008 0.63550352129022059 0.46813506261180676 0.46813506261180676 0.51056338028169035 0.57641196013289042 0.64350460219812455
decision_type=8 8 8 2 10 2 2 2 10 2 10 10 2 8 2 8 2 10 8 10 10 2 2 10 2 2 2 2 2 2
left_child=1 2 3 4 20 10 7 8 28 29 18 23 -3 -8 17 -11 -13 -6 19 21 22 -4 -1 -12 -22 -20 -23 -2 -7 -10
right_child=27 12 5 -5 14 6 13 -9 9 15 11 16 -14 -15 -16 -17 -18 -19 25 -21 24 26 -24 -25 -26 -27 -28 -29 -30 -31
leaf_value=-0.050008308684930426 -0.050007140016109508 -0.050278912738528171 0.029605082594128154 0.050242381639813906 -0.050241983887741537 0.050951094192285155 -0.0081595785015306631 -0.02314281924066848 0.050861330889786609 -0.0061088862991327195 -0.053955551074295983 -0.050005840219880429 0.050246909385528442 0.050400242017205846 0.051040959627383919 -0.043922088099482538 0.039851101962979585 0.037009465867799955 -0.050444470405309409 0.049053390502822806 -0.050278866034766313 -0.050145090693101385 0.050357465978438987 -0.033280243947961023 -0.056700250632085086 -0.05254566826123222 -0.0524588277468441 -0.050696832876211496 0.050163068088756785 0.050229731712505402
leaf_weight=0.0029890769856141253 0.47966903475753486 0.034733559015876714 0.0054242163405436852 0.32203450304223225 0.030104630241112318 0.045149408048019035 0.085784721130039432 0.82617197069339454 0.042601830326020718 0.17172292526811361 0.073090493213385344 0.015897898310868186 0.30116279277717695 0.38821614952757955 0.16416337713599205 0.24354737857356668 0.19189443939831108 0.018689688815356931 0.11856256350256444 0.029069475893265917 0.045347907129325904 0.025446380526773282 0.007048177532851696 0.074034798815773684 0.10420559346675873 0.13641856238245964 0.044674571603536606 0.070754121523350477 0.2763020153506659 0.10207147675100714
leaf_count=80 20172 466 28 177 395 4 17 30 3 38 77 525 160 141 13 11 16 33 1196 15 473 498 1 23 1 3 1 6 153 44
internal_value=-0.000383227 0.00658545 0.00347347 0.0226826 -0.00114036 -0.00113356 0.00525058 -0.00434051 0.0132838 -0.0079514 -0.0206258 0.00125292 0.039852 0.0398021 0.0354917 -0.0282855 0.0329763 -0.0168221 -0.0422198 -0.0194337 -0.0500222 -0.0457872 0.0204687 -0.0435515 -0.0547531 -0.0515686 -0.0516192 -0.0500958 0.0502738 0.0504157
internal_weight=4.47698 3.92656 3.59066 0.694583 0.372548 2.89608 2.18157 1.70757 0.881395 0.559944 0.714513 0.354918 0.335896 0.474001 0.212958 0.41527 0.207792 0.0487943 0.359596 0.104615 0.159591 0.0755452 0.0100373 0.147125 0.149554 0.254981 0.070121 0.550423 0.321451 0.144673
internal_count=24800 4622 3996 1173 996 2823 441 283 253 96 2382 641 626 158 441 49 541 428 1741 542 555 527 81 100 474 1199 499 20178 157 47
is_linear=0
shrinkage=0.05


Tree=146
num_leaves=31
num_cat=1
split_feature=18 19 14 4 11 17 17 1 15 1 4 5 4 2 17 8 0 4 4 15 4 17 14 4 4 15 10 15 4 1
split_gain=0.589177 0.155314 0.120805 0.173707 0.252826 0.14113 0.263463 0.209188 0.175848 0.171762 0.424336 0.159307 0.119712 0.113918 0.201401 0.160699 0.11548 0.0904129 0.080881 0.0766728 0.0660179 0.0639886 0.219288 0.048883 0.0430715 0.0331912 0.0201217 0.0143097 0.00804278 0.00330816
threshold=inf inf 0.061500000000000006 0.65360989230155575 0.0036325431929383005 6.0299500000000012e-26 3.1047500000000005e-24 39.500000000000007 0.25450000000000006 66.500000000000014 0.57641196013289042 86.500000000000014 0.46813506261180676 76.500000000000014 0.011168000000000003 43769096.500000007 0 0.40010890280424721 0.51056338028169035 0.87750000000000006 0.43154493343989836 0.0025822000000000002 0.57550000000000001 0.46813506261180676 0.60357142857142876 0.38150000000000006 72.500000000000014 0.18850000000000003 0.62284482758620696 61.500000000000007
decision_type=8 8 8 2 10 8 8 2 8 2 2 8 2 2 10 10 9 2 2 10 2 8 10 2 2 10 10 10 2 2
left_child=1 2 3 4 26 18 29 8 27 11 19 -9 -3 15 -15 -13 21 -10 -4 -11 25 22 -17 -21 -18 -6 28 -8 -1 -7
right_child=-2 12 5 -5 20 6 7 9 17 10 -12 13 -14 14 -16 16 24 -19 -20 23 -22 -23 -24 -25 -26 -27 -28 -29 -30 -31
leaf_value=-0.050007903363456764 -0.050091131611420904 -0.050265321353428052 -0.050388874053297755 0.050230591056080021 -0.050230220149208409 -0.052823778738673249 -0.0079510393388444803 0.047401564247977826 -0.05017953651105015 -0.051633525583890061 0.050385244168242388 0.044326116114212423 0.0502349115535492 0.049452924905098693 -0.046239070283891709 0.048401429272050434 -0.050362477420033226 0.050468197735823762 0.050662837321725586 -0.050386795700715165 0.05098955140288506 -0.053409507104359301 -0.045477707834238087 0.050316315153017724 0.050415325337228235 0.036092022354230105 -0.054499494649933415 -0.052724570788539663 0.050339908392648049 -0.042053516353051996
leaf_weight=0.0028433204606702622 0.52362623850240186 0.033048292114472466 0.02228650841789237 0.30639878625515848 0.028642947516345885 0.17839731190179042 0.027283922976494401 0.089984876602101971 0.023725518869468942 0.18157302572035394 0.35687457688618451 0.068468442719677114 0.28654160164296627 0.13367650810323539 0.093407869437214686 0.079559737700037658 0.013407932414338575 0.37484843865968287 0.17759094393113628 0.018199446623839322 0.15631050337105989 0.43402481196062581 0.28514317829467473 0.035668269731104374 0.050667861942201853 0.018218707491541863 0.14290449512009218 0.051585724473625305 0.0067067132331430912 0.11876080028378055
leaf_count=80 20178 466 159 177 395 30 25 122 510 634 138 152 160 115 75 80 150 125 46 226 13 91 23 6 16 33 474 62 1 38
internal_value=-0.000371536 0.00648551 0.00341964 0.0226378 -0.00113542 -0.00109983 -0.00419478 0.00148721 0.0309788 -0.00616254 0.0160111 -0.0166835 0.0398423 -0.0216619 0.0100914 -0.0294047 -0.0352557 0.044477 0.0393955 -0.0360922 0.0353838 -0.0404367 -0.024998 0.0162933 0.0293275 -0.0166702 -0.0498037 -0.0372358 0.0204635 -0.0485194
internal_weight=4.32038 3.79675 3.47716 0.662025 0.355627 2.81514 2.61526 2.3181 0.477444 1.84066 0.592315 1.24834 0.31959 1.15836 0.227084 0.931272 0.862804 0.398574 0.199877 0.235441 0.203172 0.798728 0.364703 0.0538677 0.0640758 0.0468617 0.152455 0.0788696 0.00955003 0.297158
internal_count=24800 4622 3996 1173 996 2823 2618 2550 722 1828 1004 824 626 702 190 512 360 635 205 866 441 194 103 232 166 428 555 87 81 68
cat_boundaries=0 1
cat_threshold=4
is_linear=0
shrinkage=0.05


Tree=147
num_leaves=31
num_cat=0
split_feature=18 19 6 2 2 11 12 4 10 11 7 6 4 4 15 7 17 4 2 8 2 4 4 5 6 4 2 4 14 6
split_gain=0.560146 0.147898 0.114925 0.195539 0.166561 0.124571 0.121791 0.170305 0.230221 0.276988 0.286551 0.245016 0.115441 0.113847 0.112181 0.146079 0.0991909 0.0906807 0.1083 0.0865002 0.0842125 0.0694775 0.0523742 0.0490597 0.0210393 0.037747 0.0150566 0.0320875 0.00132253 0.000105922
threshold=inf inf 5.6500000000000011e-05 96.500000000000014 87.500000000000014 0.00016099601359335003 0.43201493268734253 0.51056338028169035 423.50000000000006 0.0084122604638494514 58513143.000000007 5.2655850000000008e-05 0.66822160465819735 0.46813506261180676 1.4375000000000002 132672887.00000001 0.99999500000000008 0.46813506261180676 69.500000000000014 37349924.500000007 83.500000000000014 0.40010890280424721 0.46813506261180676 269.50000000000006 3.190330000000001e-05 0.46813506261180676 61.500000000000007 0.46813506261180676 0.032500000000000008 1.0551650000000001e-05
decision_type=8 8 10 2 2 10 10 2 8 8 10 10 2 2 8 10 10 2 2 10 2 2 2 10 10 2 2 2 10 10
left_child=1 2 4 5 6 -4 28 19 11 -10 -11 -9 16 -3 15 -12 17 18 -7 21 -18 -8 -6 -20 26 -26 -21 -28 -1 -30
right_child=-2 13 3 -5 22 12 7 8 9 10 14 -13 -14 -15 -16 -17 20 -19 23 24 -22 -23 -24 -25 25 -27 27 -29 29 -31
leaf_value=0.035939811943649647 -0.050086782474065596 -0.050252390637358473 -0.052454045774032954 -0.048209056061274944 -0.050059908297732242 -0.050441317750538596 -0.050117368335370033 0.050304121942612391 -0.041005086575457927 0.050572646406708527 0.050265117143518535 -0.036805045366887168 0.050357333810621109 0.050223495738283289 -0.046684858655289714 -0.030842672068413519 -0.053350449526875648 0.050616162871417028 0.050555575283535929 -0.052504358620337178 0.0476685868769606 0.050833905492748271 0.050703969699585218 -0.050257473338574332 -0.05032602128792335 0.050431739065526116 -0.050467796343752827 0.05031638210667462 0.046149485318290856 0.050006304401733141
leaf_weight=0.027043000998675182 0.49813082723449031 0.031444393087440736 0.048413984535727539 0.10037521988306253 0.013952139279353903 0.065548709517315729 0.02684648302238235 0.33517704327823561 0.50319389009382565 0.2488565358798952 0.10207166476175189 0.1063343706773594 0.37866808840772137 0.27262719813734293 0.18228160205762833 0.12170701933791861 0.083091587459421135 0.17893365444615483 0.074608890177842113 0.31574992821333581 0.027444659566754126 0.046675912570208311 0.17032574961194769 0.014396496982953977 0.023333956558417412 0.015450045932084322 0.024972535913548199 0.011550274677574635 0.026657492317099241 0.053589108472806402
leaf_count=21 20178 466 83 51 333 499 581 153 31 75 49 6 164 160 6 23 145 26 55 653 36 4 66 228 228 2 409 2 48 19
internal_value=-0.000366331 0.00645413 0.00340368 0.0178742 -0.00256372 0.0254888 -0.00643672 -0.00913633 -0.00139655 -0.0131085 0.00832536 0.0293246 0.0300756 0.0398332 -0.0175662 0.00615284 0.0127791 0.0263846 -0.00166932 -0.0357857 -0.0282688 0.0139718 0.0430749 0.0342492 -0.0451406 -0.010188 -0.0489887 -0.018595 0.0455025 0.0487251
internal_weight=4.12945 3.63132 3.32725 0.971481 2.35577 0.871106 2.17149 2.0642 1.59962 1.15811 0.654917 0.441511 0.822692 0.304072 0.40606 0.223779 0.444024 0.333488 0.154554 0.464579 0.110536 0.0735224 0.184278 0.0890054 0.391057 0.038784 0.352273 0.0365228 0.10729 0.0802466
internal_count=24800 4622 3996 1287 2709 1236 2310 2222 343 184 153 159 1153 626 78 72 989 808 782 1879 181 585 399 283 1294 230 1064 411 88 67
is_linear=0
shrinkage=0.05


Tree=148
num_leaves=31
num_cat=0
split_feature=18 19 6 2 2 11 12 4 10 11 7 6 4 4 15 18 17 4 2 8 2 4 4 5 6 4 2 4 12 12
split_gain=0.532451 0.140923 0.108984 0.18482 0.157928 0.118287 0.11458 0.162526 0.216346 0.256272 0.271549 0.232237 0.110012 0.10827 0.104717 0.141447 0.0941271 0.0863072 0.102795 0.0820676 0.079784 0.0660514 0.0497885 0.0464462 0.0199162 0.0358929 0.0142307 0.0305099 0.00192964 8.39976e-05
threshold=inf inf 5.6500000000000011e-05 96.500000000000014 87.500000000000014 0.00016099601359335003 0.43201493268734253 0.51056338028169035 496.50000000000006 0.0084122604638494514 58513143.000000007 5.2655850000000008e-05 0.66822160465819735 0.46813506261180676 1.4375000000000002 2.0000000000000004 0.99999500000000008 0.46813506261180676 69.500000000000014 37349924.500000007 83.500000000000014 0.40010890280424721 0.46813506261180676 269.50000000000006 3.190330000000001e-05 0.46813506261180676 61.500000000000007 0.46813506261180676 0.068656297733430752 0.12296272389430242
decision_type=8 8 8 2 2 10 10 2 10 8 10 10 2 2 8 10 10 2 2 10 2 2 2 10 10 2 2 2 10 10
left_child=1 2 4 5 6 -4 28 19 11 -10 -11 -9 16 -3 15 -12 17 18 -7 21 -18 -8 -6 -20 26 -26 -21 -28 -1 -30
right_child=-2 13 3 -5 22 12 7 8 9 10 14 -13 -14 -15 -16 -17 20 -19 23 24 -22 -23 -24 -25 25 -27 27 -29 29 -31
leaf_value=0.031988932422555238 -0.050082638608481535 -0.050240090004465943 -0.052329127204056303 -0.047595001252782654 -0.050056996793953104 -0.050419757965515635 -0.050111669650191204 0.050289370555270357 -0.039931695009751467 0.050544880212468481 0.050267629122096362 -0.035609982265876784 0.050339958978606152 0.050212632007560869 -0.045779226436110092 -0.030727092052409505 -0.053180153765262098 0.050586046310395129 0.050275060042538872 -0.052378021402358067 0.047348408117089423 0.050792766289413926 0.050670008426121182 -0.050244939581014551 -0.050310087060704424 0.050410530749214956 -0.050445036835523538 0.050300869710672061 0.050561772430421703 0.047292165105791442
leaf_weight=0.022131493733469232 0.4738749260814078 0.029917970281531203 0.046159964196703984 0.0966809140463738 0.013272437865452846 0.062377849333643098 0.025539995162034868 0.31892142916331057 0.49119431129656699 0.2368464184110054 0.098712604318279773 0.10445665568113327 0.36032141681062058 0.25938570342259482 0.17673551163170487 0.11874866799917072 0.079285871479441994 0.1703057328122668 0.071356284483044874 0.30105678669315239 0.026278324892700766 0.04443455464206636 0.16212471900507808 0.013697701682758634 0.022202798694706871 0.014702565036714077 0.023765057907439768 0.010990263894200325 0.033609609850827837 0.047271535633626627
leaf_count=30 20178 466 83 51 333 499 581 153 31 75 53 6 164 160 6 19 145 26 55 653 36 4 66 228 228 2 409 2 7 51
internal_value=-0.000357628 0.00640864 0.00338116 0.0178297 -0.00252431 0.0254525 -0.00634641 -0.00901032 -0.00135982 -0.0128497 0.00823051 0.0290961 0.0300343 0.0398244 -0.0171934 0.00603899 0.0127498 0.02634 -0.00166772 -0.0357213 -0.0281554 0.0139637 0.0430479 0.0340866 -0.0450492 -0.0101844 -0.0488808 -0.0185874 0.0450711 0.0486508
internal_weight=3.95636 3.48249 3.19318 0.926464 2.26672 0.829783 2.09132 1.98831 1.54562 1.12224 0.631043 0.423378 0.783623 0.289304 0.394197 0.217461 0.423302 0.317738 0.147432 0.442692 0.105564 0.0699745 0.175397 0.085054 0.372717 0.0369054 0.335812 0.0347553 0.103013 0.0808811
internal_count=24800 4622 3996 1287 2709 1236 2310 2222 343 184 153 159 1153 626 78 72 989 808 782 1879 181 585 399 283 1294 230 1064 411 88 58
is_linear=0
shrinkage=0.05


Tree=149
num_leaves=31
num_cat=1
split_feature=18 19 4 4 6 12 4 4 14 15 5 17 15 4 1 7 16 10 3 13 4 7 11 2 4 4 4 12 11 5
split_gain=0.506114 0.13429 0.105904 0.469567 0.130689 0.111509 0.102967 0.0850304 0.0935124 0.0877892 0.0799963 0.0687701 0.173102 0.110803 0.0737331 0.066247 0.0587725 0.056262 0.0479114 0.0470983 0.046883 0.0376116 0.0289935 0.020665 0.0253332 0.0126843 0.00635548 0.0168651 0.00497081 0.0344967
threshold=inf inf 0.99628718642629199 0.71432308209708173 6.226760000000002e-05 0.44814800501688107 0.46813506261180676 0.46813506261180676 0.64250000000000018 0.20950000000000002 5998.5000000000009 2.4121500000000004e-14 0.49450000000000005 0.64350460219812455 35.500000000000007 2939910.5000000005 70.500000000000014 72.500000000000014 0 1.0000000180025095e-35 0.40010890280424721 179041805.00000003 0.0039322517042124508 64.500000000000014 0.57641196013289042 0.57641196013289042 0.46813506261180676 0.31800317690468421 0.0055477045911004009 2314.5000000000005
decision_type=8 8 2 2 10 8 2 2 10 8 10 10 10 2 2 10 10 10 1 8 2 10 10 2 2 2 2 10 10 10
left_child=1 2 3 4 5 26 -3 8 19 -9 22 14 13 16 -7 -16 -13 25 21 -6 -14 28 -4 -17 -25 -18 27 -1 -19 -30
right_child=-2 6 10 -5 7 11 -8 9 -10 -11 -12 12 20 -15 15 23 17 18 -20 -21 -22 -23 -24 24 -26 -27 -28 -29 29 -31
leaf_value=-0.050054536556189279 -0.050078684375360276 -0.050228388622262359 -0.011631363655337928 0.050110108246268305 0.020395381894382274 0.042499093722013985 0.050202294938737436 -0.0023251219418195905 0.048883838140942326 0.05053216067836 -0.030794659740450189 0.04205100648468587 -0.05000363778753826 0.050206544583687784 0.050279600181274947 -0.050250478737434101 -0.050005200379870045 -0.053541868638194851 0.044158952313068156 -0.05035313990253433 0.044624175576766234 0.039974748829121685 0.010054599888607813 -0.050185513121957598 0.050175847670631546 0.050294290222788342 0.050477791790606352 0.048435480042987228 0.033621038882658737 -0.05152670607480369
leaf_weight=0.006267713077250491 0.45079845640248128 0.028465316196161772 0.28941857139579941 0.53403943785815489 0.030899633793524006 0.02817771445370465 0.24678483940078877 0.12362081615719944 0.046986435665530735 0.21548226341838017 0.32245380070526153 0.024905395634050365 0.014368755431860336 0.045128606434445828 0.018598128646772238 0.30795940233656438 0.0037018627263023509 0.22533080292669072 0.015338124923802043 0.09855141434854886 0.14700208842987195 0.012217263278216706 0.32971892738714814 0.013431459010462277 0.011822154046967626 0.021227296674624085 0.060681822535116225 0.014180286590999458 0.013695237830688711 0.090502181676129112
leaf_count=59 20178 466 21 446 43 98 160 10 63 37 14 77 561 17 7 185 134 512 50 974 41 63 24 138 4 4 14 9 99 292
internal_value=-0.000348698 0.00636141 0.00335773 0.00954506 -0.00407902 -0.0140079 0.0398161 0.0166157 -0.0115355 0.0312629 -0.0106001 -0.0186109 -0.00825679 -0.0241263 -0.0353256 -0.0415589 -0.0323701 -0.037222 -0.042292 -0.0334656 0.0361983 -0.046172 -8.26e-05 -0.0466848 -0.00320263 0.0354003 0.0423542 0.0182464 -0.0493659 -0.0403353
internal_weight=3.79176 3.34096 3.06571 2.12412 1.59008 1.07454 0.27525 0.515541 0.176437 0.339103 0.941591 0.993406 0.613418 0.452047 0.379989 0.351811 0.406918 0.382013 0.357084 0.129451 0.161371 0.341745 0.619137 0.333213 0.0252536 0.0249292 0.0811298 0.020448 0.329528 0.104197
internal_count=24800 4622 3996 3937 3491 2364 626 1127 1080 47 59 2282 1850 1248 432 334 1231 1154 1016 1017 602 966 45 327 142 138 82 68 903 391
cat_boundaries=0 1
cat_threshold=2
is_linear=0
shrinkage=0.05


Tree=150
num_leaves=31
num_cat=1
split_feature=18 19 13 4 11 17 17 1 15 1 4 5 4 2 6 8 0 4 4 15 17 14 4 4 4 15 5 4 1 4
split_gain=0.480564 0.128324 0.102428 0.152643 0.20611 0.121633 0.222916 0.169157 0.176657 0.145406 0.350483 0.127531 0.0979256 0.0853606 0.171402 0.154702 0.0998622 0.0765381 0.0668752 0.0623941 0.0570206 0.179965 0.0562571 0.0403552 0.0378588 0.0294853 0.0161017 0.00667053 0.00318056 0.00238942
threshold=inf inf 0.12242500000000002 0.65360989230155575 0.0036325431929383005 6.0299500000000012e-26 3.1047500000000005e-24 39.500000000000007 0.25450000000000006 66.500000000000014 0.57641196013289042 86.500000000000014 0.46813506261180676 76.500000000000014 0.00041250000000000005 43769096.500000007 0 0.40010890280424721 0.51056338028169035 0.87750000000000006 0.0025822000000000002 0.57550000000000001 0.43154493343989836 0.46813506261180676 0.60357142857142876 0.38150000000000006 73.500000000000014 0.62284482758620696 61.500000000000007 0.75020690094219522
decision_type=8 8 8 2 10 8 8 2 8 2 2 8 2 2 10 10 9 2 2 10 8 10 2 2 2 10 10 2 2 2
left_child=1 2 3 4 26 18 28 8 -8 11 19 -9 -3 15 -15 29 20 -10 -4 -11 21 -17 25 -21 -18 -6 27 -1 -7 -13
right_child=-2 12 5 -5 22 6 7 9 17 10 -12 13 -14 14 -16 16 24 -19 -20 23 -22 -23 -24 -25 -26 -27 -28 -29 -30 -31
leaf_value=-0.050006308860048088 -0.050074919538208175 -0.050217258227019015 -0.050315644579985414 0.050189400855846084 -0.050198610776607144 -0.052467980022662813 -0.051848569902515941 0.04708983602392576 -0.050141994181723493 -0.051333191040753103 0.050340281878265593 0.028326854836861079 0.050192459394615418 0.048224007127803524 -0.046610813267343114 0.048249526875140024 -0.050331488976378916 0.050388232813926029 0.050570356947620312 -0.050316095029263021 -0.052448170508463211 -0.043393841046695178 0.050835652486119709 0.050259833048343631 0.050348617023069919 0.038252106694822062 -0.053746593978401647 0.050277955365186255 -0.041112547783492395 0.050271740902448486
leaf_weight=0.0023743109941282148 0.42884419451365863 0.027082896875072371 0.018426462092975604 0.26415652729338035 0.025103477310040034 0.15621704445038664 0.055532687143568071 0.074571759239915658 0.020134719121415401 0.14927536661707552 0.30155220776214264 0.016401305398176191 0.23479384172242135 0.11510619423097523 0.081295179383232608 0.068173879439200391 0.011774014443290071 0.31728319125249982 0.15133792179403827 0.015096553250259603 0.38021860444496269 0.25008835740118229 0.12762174010276794 0.02939059236086905 0.045116247958503664 0.015083042446349282 0.12213415552832885 0.0054977796971797943 0.10188079731051403 0.050897004664875567
leaf_count=83 20178 466 159 179 409 30 60 120 526 607 136 128 160 161 28 80 150 127 46 226 92 23 12 6 17 17 517 1 38 18
internal_value=-0.000340867 0.00625489 0.00329809 0.0225203 -0.00202165 -0.00118464 -0.00427712 0.00141489 0.0307887 -0.00584928 0.0166258 -0.0160283 0.0398082 -0.0206471 0.00896963 -0.0277177 -0.0341895 0.0443893 0.0396201 -0.035844 -0.0393779 -0.0237632 0.0345903 0.0161298 0.0295119 -0.0170008 -0.0492792 0.0200311 -0.0479856 0.0449235
internal_weight=3.66246 3.23362 2.97174 0.561971 0.297815 2.40977 2.24001 1.98191 0.392951 1.58896 0.495315 1.09364 0.261877 1.01907 0.196401 0.822669 0.755371 0.337418 0.169764 0.193763 0.698481 0.318262 0.167808 0.0444871 0.0568903 0.0401865 0.130006 0.00787209 0.258098 0.0672983
internal_count=24800 4622 3996 1218 1039 2778 2573 2505 713 1792 975 817 626 697 189 508 362 653 205 839 195 103 438 232 167 426 601 84 68 146
cat_boundaries=0 1
cat_threshold=4
is_linear=0
shrinkage=0.05


Tree=151
num_leaves=31
num_cat=0
split_feature=4 8 11 5 2 10 4 11 4 6 7 2 14 17 11 11 4 17 2 4 4 15 5 19 2 4 11 1 18 5
split_gain=0.45707 0.116177 0.119906 0.163488 0.170906 0.152927 0.123731 0.116643 0.113981 0.109882 0.170304 0.108739 0.166927 0.140728 0.104762 0.240756 0.0671384 0.0481827 0.0414104 0.111183 0.0396266 0.0356717 0.0293957 0.0162664 0.0238936 0.0130641 0.00724947 0.00660306 0.00495901 0.00627957
threshold=0.14328485885372114 155083767.50000003 0.025979923956329753 10008.500000000002 29.500000000000004 438.50000000000006 0.74655719578933388 0.00014937442776370003 0.46813506261180676 6.226760000000002e-05 1787199.0000000002 63.500000000000007 0.55350000000000021 0.99999500000000008 0.0084122604638494514 0.021163737104077304 0.46813506261180676 1.0317500000000001e-08 67.500000000000014 0.99628718642629199 0.43154493343989836 0.21450000000000002 8001.5000000000009 1.0000000180025095e-35 73.500000000000014 0.64350460219812455 0.0010848871413994003 62.500000000000007 1.0000000180025095e-35 561.50000000000011
decision_type=2 8 10 10 2 10 2 10 2 10 10 2 10 10 10 10 2 8 2 2 2 10 10 8 2 2 10 2 8 10
left_child=-1 2 5 20 -5 6 11 -8 -6 14 -11 12 13 16 18 -16 17 -2 19 -7 22 -13 -4 -9 -25 -12 -18 -23 -3 -30
right_child=1 28 3 4 8 9 7 23 -10 10 25 21 -14 -15 15 -17 26 -19 -20 -21 -22 27 -24 24 -26 -27 -28 -29 29 -31
leaf_value=-0.050000882959631711 0.049083215457639155 0.049838624376246338 -0.050366175149637704 -0.038226751058610987 -0.050380161821580574 0.040638785264513401 -0.040861656235486474 0.05034807265555713 0.050349250543403223 -0.053772752588903641 0.018316424441319226 -0.015177132009162998 -0.046210277701864644 -0.033871056696621722 0.045943404158540507 -0.039018220313357617 0.030516771332642207 -0.050425197655413416 -0.051015364339832475 -0.05171308155975135 0.04822913395094431 0.049773249282594099 0.047140292297886854 0.050101576258166386 -0.019512501580029897 0.050311627589568621 0.050419619302237789 0.026996197399664863 0.049338726222828796 0.00098313241809438318
leaf_weight=0.4091043728640219 0.017920312753632262 0.14500194246647879 0.018653092989552422 0.17688596388325095 0.034790636800607899 0.051034353886279638 0.044706604618113488 0.26584289214224555 0.14568713199696504 0.065314764620779897 0.043515364146514912 0.03183740162239701 0.21538263461297902 0.12919658856299066 0.14143576287278847 0.20314261196108419 0.070131420827237889 0.03787811416805198 0.30924831317497592 0.090176872909069061 0.35910685919225216 0.10720177324947144 0.013199185317716911 0.027812659798655659 0.0221369001083076 0.11956926749553531 0.13161812024191022 0.04525031892262632 0.014200832178175804 0.012734663296214421
leaf_count=23569 14 100 44 11 25 60 5 154 74 3 44 34 20 29 86 15 19 44 27 3 179 39 7 31 11 50 28 35 19 21
internal_value=-0.000335938 0.00623821 0.00388533 0.0211444 -0.00329999 -0.00206548 0.010472 0.034728 0.0309317 -0.0161157 0.0144511 -0.000647054 -0.0109329 0.00871343 -0.0248969 -0.00414484 0.0300755 -0.0184669 -0.0407712 -0.0183367 0.0434883 0.0329599 -0.00996072 0.0454292 0.0192497 0.0417744 0.0435011 0.0430126 0.0461788 0.026477
internal_weight=3.49972 3.09061 2.91868 0.748323 0.357364 2.17035 1.14692 0.360499 0.180478 1.02344 0.228399 0.786417 0.602127 0.386745 0.795038 0.344578 0.257548 0.0557984 0.45046 0.141211 0.390959 0.184289 0.0318523 0.315792 0.0499496 0.163085 0.20175 0.152452 0.171937 0.0269355
internal_count=24800 1231 1091 340 110 751 463 201 99 288 97 262 154 134 191 101 105 58 90 63 230 108 51 196 42 94 47 74 140 40
is_linear=0
shrinkage=0.05


Tree=152
num_leaves=31
num_cat=1
split_feature=18 19 13 4 11 17 17 1 15 1 4 5 4 15 2 15 8 0 4 4 15 4 15 13 4 4 15 5 4 1
split_gain=0.437883 0.118975 0.0951102 0.140767 0.186532 0.108091 0.199333 0.154123 0.161701 0.130838 0.32051 0.114882 0.0890571 0.0789153 0.0922859 0.154766 0.133891 0.0977682 0.0694566 0.0641729 0.0573267 0.051875 0.0415286 0.193084 0.0368315 0.0340592 0.0267014 0.0147637 0.00609541 0.00331567
threshold=inf inf 0.12242500000000002 0.65360989230155575 0.0036325431929383005 6.0299500000000012e-26 3.1047500000000005e-24 39.500000000000007 0.25450000000000006 66.500000000000014 0.57641196013289042 86.500000000000014 0.46813506261180676 1.5580000000000001 76.500000000000014 0.51550000000000018 43769096.500000007 0 0.40010890280424721 0.51056338028169035 0.87750000000000006 0.43154493343989836 1.0675000000000001 0.30816500000000008 0.46813506261180676 0.60357142857142876 0.38150000000000006 73.500000000000014 0.62284482758620696 61.500000000000007
decision_type=8 8 8 2 10 8 8 2 8 2 2 8 2 10 2 8 10 9 2 2 10 2 8 10 2 2 10 10 2 2
left_child=1 2 3 4 27 19 29 8 -8 11 20 -9 -3 14 16 -16 -13 22 -10 -4 -11 26 23 -18 -22 -19 -6 28 -1 -7
right_child=-2 12 5 -5 21 6 7 9 18 10 -12 13 -14 -15 15 -17 17 25 -20 -21 24 -23 -24 -25 -26 -27 -28 -29 -30 -31
leaf_value=-0.050005758883655653 -0.050073326345528406 -0.050196624651326655 -0.05031112095381382 0.050178349346504031 -0.050181698489192905 -0.052233225410104167 -0.051700443496880827 0.046715143340453444 -0.050128087439586438 -0.051218435172873382 0.050311123612377967 0.044016496094548455 0.050177391447811741 0.049240501539923154 -0.045582737865259029 0.048505234436529772 -0.052512354357058394 -0.050300393115525921 0.050353793698132122 0.050516695964402995 -0.05028440803056955 0.050758385003526099 -0.053817248668883877 0.048051183989024623 0.050237106166548987 0.050325093155670846 0.037293502559138103 -0.053368621693475754 0.050256381861432144 -0.04016150619571722
leaf_weight=0.0021614714742103072 0.39096558450091867 0.024615977878966411 0.017825736606028264 0.24375499499728903 0.023083613455128216 0.1424956547261903 0.051064297738775966 0.068332555147207708 0.018285335431755811 0.13746390764572414 0.27485334331868216 0.054467947582452436 0.21609444814384915 0.038970634293946205 0.075739650532341329 0.10334091453114524 0.19205220119602018 0.010640544536727248 0.28921033829101361 0.13756589131662622 0.01375606767123827 0.11652641231194139 0.36381380913553585 0.063517959855744266 0.026995426742359996 0.040102386497892439 0.01402356227117707 0.11236273709164379 0.0050754132680594921 0.094673808840525453
leaf_count=83 20178 466 159 179 409 30 60 120 526 607 136 137 160 31 65 116 60 148 127 46 226 12 42 83 6 15 17 517 1 38
internal_value=-0.000328203 0.00621384 0.00324488 0.0225554 -0.00208742 -0.00126192 -0.00429556 0.00131534 0.0306955 -0.00588016 0.0164477 -0.0158864 0.0399128 -0.0204244 -0.0234286 0.00871203 -0.0313721 -0.0374997 0.0443786 0.0389502 -0.0357782 0.034363 -0.042966 -0.0275189 0.0163051 0.0292244 -0.017123 -0.0489103 0.0203107 -0.0474144
internal_weight=3.36383 2.97287 2.73216 0.516988 0.273233 2.21517 2.05978 1.82261 0.35856 1.46405 0.453069 1.01098 0.24071 0.942646 0.903675 0.179081 0.724595 0.670127 0.307496 0.155392 0.178215 0.153634 0.619384 0.25557 0.0407515 0.0507429 0.0371072 0.1196 0.00723688 0.237169
internal_count=24800 4622 3996 1218 1039 2778 2573 2505 713 1792 975 817 626 697 666 181 485 348 653 205 839 438 185 143 232 163 426 601 84 68
cat_boundaries=0 1
cat_threshold=4
is_linear=0
shrinkage=0.05


Tree=153
num_leaves=31
num_cat=1
split_feature=18 19 13 4 11 17 17 1 15 1 4 5 4 15 2 6 8 0 4 4 15 4 15 13 4 4 15 5 4 1
split_gain=0.416375 0.113246 0.0903315 0.134016 0.176904 0.102701 0.187518 0.146438 0.153714 0.123862 0.304734 0.108477 0.0846986 0.0746812 0.0874511 0.145596 0.12651 0.0924142 0.0660471 0.0610137 0.0544518 0.049426 0.0392833 0.182585 0.0350263 0.0323878 0.0252463 0.0139834 0.0057971 0.00364185
threshold=inf inf 0.12242500000000002 0.65360989230155575 0.0036325431929383005 6.0299500000000012e-26 3.1047500000000005e-24 39.500000000000007 0.25450000000000006 66.500000000000014 0.57641196013289042 86.500000000000014 0.46813506261180676 1.5580000000000001 76.500000000000014 0.00041250000000000005 43769096.500000007 0 0.40010890280424721 0.51056338028169035 0.87750000000000006 0.43154493343989836 1.0675000000000001 0.30816500000000008 0.46813506261180676 0.60357142857142876 0.38150000000000006 73.500000000000014 0.62284482758620696 61.500000000000007
decision_type=8 8 8 2 10 8 8 2 8 2 2 10 2 10 2 10 10 9 2 2 10 2 8 10 2 2 10 10 2 2
left_child=1 2 3 4 27 19 29 8 -8 11 20 -9 -3 14 16 -16 -13 22 -10 -4 -11 26 23 -18 -22 -19 -6 28 -1 -7
right_child=-2 12 5 -5 21 6 7 9 18 10 -12 13 -14 -15 15 -17 17 25 -20 -21 24 -23 -24 -25 -26 -27 -28 -29 -30 -31
leaf_value=-0.050005476254770399 -0.050069811707080775 -0.050187041436443272 -0.050295906055533801 0.050169667702700087 -0.050172857213166125 -0.052120831458311728 -0.051615564728381705 0.04635698215679851 -0.050121874682302982 -0.051158376821156905 0.050295974761254872 0.043471301098129647 0.050168761692445524 0.049125412051816919 0.047566566533553511 -0.04564837138008359 -0.05219228083324149 -0.050285712897636753 0.050336576501635144 0.050491667372135798 -0.050270542250711182 0.050721036159134106 -0.053513616167824657 0.047834807147346059 0.050225492707431096 0.050309232270061122 0.036398864102517164 -0.053201262386438686 0.050243811019642107 -0.039241790747678341
leaf_weight=0.0020560665661836222 0.3719234096406584 0.023419800801093849 0.016961365617135349 0.23190603576949798 0.021961583420306852 0.13583097125319876 0.048651720489942929 0.065489686170621786 0.017395650699654652 0.13090935449963581 0.26152534838183783 0.05244513384423044 0.20558986440300941 0.037154715348151512 0.10026318267955503 0.071953922648390289 0.18377796244476485 0.010124479337719094 0.2751971089746803 0.13091995427384973 0.013088694473481155 0.11092291586101055 0.34798456620046636 0.060686703500323347 0.025684631895273924 0.038158292882144451 0.013659240168635733 0.10721047474999068 0.0048290598206222057 0.092114055268211814
leaf_count=83 20178 466 159 179 409 30 60 120 526 607 136 137 160 31 154 27 60 148 127 46 226 12 42 83 6 15 17 517 1 38
internal_value=-0.000325499 0.00619385 0.00323456 0.0225201 -0.00208137 -0.00125389 -0.00427289 0.00131195 0.03068 -0.00585026 0.016439 -0.0157789 0.0399058 -0.0202875 -0.0232677 0.00862049 -0.0311902 -0.0373014 0.044364 0.0389318 -0.0357436 0.0342657 -0.0427223 -0.0273612 0.0163011 0.0292153 -0.0169759 -0.0487654 0.0203069 -0.0469163
internal_weight=3.2098 2.83787 2.60886 0.492545 0.260639 2.11632 1.96844 1.74049 0.341244 1.39925 0.431208 0.968039 0.22901 0.902549 0.865394 0.172217 0.693177 0.640732 0.292593 0.147881 0.169683 0.146544 0.592449 0.244465 0.0387733 0.0482828 0.0356208 0.114096 0.00688513 0.227945
internal_count=24800 4622 3996 1218 1039 2778 2573 2505 713 1792 975 817 626 697 666 181 485 348 653 205 839 438 185 143 232 163 426 601 84 68
cat_boundaries=0 1
cat_threshold=4
is_linear=0
shrinkage=0.05


Tree=154
num_leaves=31
num_cat=1
split_feature=18 19 13 4 11 17 17 1 15 1 4 5 4 15 2 15 8 0 4 4 15 4 15 13 4 4 15 5 4 4
split_gain=0.395918 0.107798 0.0857942 0.127591 0.167779 0.0975807 0.176306 0.139139 0.146127 0.117245 0.289741 0.102388 0.0805541 0.0706608 0.0828769 0.138902 0.119519 0.0873536 0.0628061 0.0580114 0.0517247 0.0471033 0.0371857 0.172633 0.0333101 0.0307989 0.0238673 0.013247 0.00704578 0.00678167
threshold=inf inf 0.12242500000000002 0.65360989230155575 0.0036325431929383005 6.0299500000000012e-26 3.1047500000000005e-24 39.500000000000007 0.25450000000000006 66.500000000000014 0.57641196013289042 86.500000000000014 0.46813506261180676 1.5580000000000001 76.500000000000014 0.51550000000000018 43769096.500000007 0 0.40010890280424721 0.51056338028169035 0.87750000000000006 0.43154493343989836 1.0675000000000001 0.30816500000000008 0.46813506261180676 0.60357142857142876 0.38150000000000006 73.500000000000014 0.70622756144711418 0.67809350017379222
decision_type=8 8 8 2 10 8 8 2 8 2 2 10 2 10 2 8 10 9 2 2 10 2 8 10 2 2 10 10 2 2
left_child=1 2 3 4 27 19 -7 8 -8 11 20 -9 -3 14 16 -16 28 22 -10 -4 -11 26 23 -18 -22 -19 -6 -1 29 -13
right_child=-2 12 5 -5 21 6 7 9 18 10 -12 13 -14 -15 15 -17 17 25 -20 -21 24 -23 -24 -25 -26 -27 -28 -29 -30 -31
leaf_value=0.020303389769810994 -0.050066461920459708 -0.050177923863248375 -0.050281434925668056 0.050161408355796883 -0.050164446919216371 -0.046399577814858123 -0.051535017013996959 0.04597220332529392 -0.050115960233982106 -0.051101304962349131 0.050281562706193134 -0.050003346368528746 0.05016055111846919 0.049000833378942663 -0.044759195942763196 0.047847432195613208 -0.051870827572460712 -0.050271754212016899 0.05032019504256216 0.050467842768739606 -0.050257354374097875 0.050685542930229144 -0.053216356134343959 0.047599983101897003 0.050214452035400314 0.050294145651097334 0.03548060157731777 -0.053042317168154024 0.050261440055750575 0.050156113465422127
leaf_weight=0.0065504098656677936 0.35380757969232979 0.022281549548097579 0.016138676296577947 0.2206312530906871 0.02089391843037447 0.21919043951584138 0.046349458081749728 0.06280418813912525 0.016549158396628627 0.12466039203081891 0.24884011354879476 0.0037116668972885227 0.19559433343238197 0.035430292906312388 0.070376207782828715 0.095354636074262089 0.17587122595614346 0.009633309601667861 0.26185865636216477 0.12459222023608163 0.012453535860004195 0.10558516683522612 0.33281565856850648 0.058004721795441583 0.024437214247882366 0.036307904170826077 0.013320863617991563 0.10227963658417139 0.043729714903747663 0.003102823393419385
leaf_count=84 20178 466 159 179 409 68 60 120 526 607 136 119 160 31 65 116 60 148 127 46 226 12 42 83 6 15 17 517 17 1
internal_value=-0.000322875 0.00617302 0.00322371 0.0224846 -0.00207542 -0.00124585 -0.00424973 0.00130817 0.0306653 -0.00581984 0.0164306 -0.0156688 0.0398992 -0.0201477 -0.0231034 0.00852281 -0.0310069 -0.0371038 0.0443501 0.0389142 -0.0357106 0.0341641 -0.0424795 -0.0272006 0.0162973 0.0292067 -0.0168202 -0.0486277 0.0428921 -0.00439801
internal_weight=3.06316 2.70935 2.49147 0.469261 0.24863 2.02221 1.88148 1.66229 0.324757 1.33753 0.410391 0.927142 0.217876 0.864338 0.828908 0.165731 0.663177 0.612633 0.278408 0.140731 0.161551 0.1398 0.566692 0.233876 0.0368908 0.0459412 0.0342148 0.10883 0.0505442 0.00681449
internal_count=24800 4622 3996 1218 1039 2778 2573 2505 713 1792 975 817 626 697 666 181 485 348 653 205 839 438 185 143 232 163 426 601 137 120
cat_boundaries=0 1
cat_threshold=4
is_linear=0
shrinkage=0.05


Tree=155
num_leaves=31
num_cat=1
split_feature=18 19 13 4 11 17 17 1 15 1 4 5 4 15 2 17 8 0 4 4 15 4 15 13 4 4 15 17 4 4
split_gain=0.376474 0.102611 0.0814227 0.121533 0.158883 0.0927157 0.16549 0.132209 0.138918 0.111022 0.275492 0.0966424 0.076613 0.0668782 0.0786472 0.130581 0.113169 0.0825676 0.059725 0.055158 0.0491375 0.0449001 0.0352249 0.163194 0.0316783 0.0292884 0.022561 0.0128442 0.00669959 0.00645045
threshold=inf inf 0.12242500000000002 0.65360989230155575 0.0036325431929383005 6.0299500000000012e-26 3.1047500000000005e-24 39.500000000000007 0.25450000000000006 66.500000000000014 0.57641196013289042 86.500000000000014 0.46813506261180676 1.5580000000000001 76.500000000000014 0.011168000000000003 43769096.500000007 0 0.40010890280424721 0.51056338028169035 0.87750000000000006 0.43154493343989836 1.0675000000000001 0.30816500000000008 0.46813506261180676 0.60357142857142876 0.38150000000000006 0.99930500000000011 0.70622756144711418 0.67809350017379222
decision_type=8 8 8 2 10 8 8 2 8 2 2 10 2 10 2 10 10 9 2 2 10 2 8 10 2 2 10 10 2 2
left_child=1 2 3 4 27 19 -7 8 -8 11 20 -9 -3 14 16 -16 28 22 -10 -4 -11 26 23 -18 -22 -19 -6 -1 29 -13
right_child=-2 12 5 -5 21 6 7 9 18 10 -12 13 -14 -15 15 -17 17 25 -20 -21 24 -23 -24 -25 -26 -27 -28 -29 -30 -31
leaf_value=0.019950762623803645 -0.050063267056598082 -0.050169250572245611 -0.050267675655007588 0.050153549750509667 -0.050156445139215189 -0.045820021271842815 -0.051458569302242865 0.045559333717299477 -0.050110333605109574 -0.051047072734546672 0.050267851731848827 -0.05000318343672952 0.050152738379618068 0.04886582775905883 0.047707993084442846 -0.043674941376208753 -0.051546303219971459 -0.050258477428280116 0.050304609799471246 0.050445164846450424 -0.050244806423578862 0.050651811462781193 -0.052923989874067115 0.047345295566308343 0.050203950933526566 0.050279797568806343 0.034541441314964949 -0.052889976444409952 0.050248661899666758 0.050148476175923877
leaf_weight=0.0064520180940238472 0.33657311206206975 0.021198437283601712 0.015355679845015069 0.20990299465483986 0.019878001005054102 0.21107180877697818 0.044152815292363923 0.060269143603363551 0.015743769528853591 0.11870343380269333 0.23676697458722629 0.0035306580211909014 0.18608333726297133 0.033793150349083589 0.090941746695534675 0.068565640080123558 0.16832077826529712 0.0091658472374547273 0.24916288538952358 0.11856772162718698 0.011849053433252266 0.10050091228913516 0.31828899569518398 0.055465268227635534 0.023250136757269502 0.034546754963230342 0.013007022818783298 0.097609063826894271 0.041607303981436417 0.0029519351664930582
leaf_count=94 20178 466 159 179 409 68 60 120 526 607 136 119 160 31 108 73 60 148 127 46 226 12 42 83 6 15 17 507 17 1
internal_value=-0.00031982 0.00615263 0.00321336 0.0224352 -0.0020678 -0.00123724 -0.00422641 0.00130529 0.0306513 -0.00579137 0.0164227 -0.0155679 0.0398929 -0.0200217 -0.0229559 0.00842624 -0.0308528 -0.036906 0.0443368 0.0388974 -0.0356793 0.0340577 -0.0422366 -0.0270361 0.0162937 0.0291985 -0.0166559 -0.0483737 0.0428822 -0.00439779
internal_weight=2.92328 2.5867 2.37942 0.44735 0.237447 1.93207 1.79815 1.58708 0.309059 1.27802 0.39057 0.887447 0.207282 0.827178 0.793385 0.159507 0.633878 0.585788 0.264907 0.133923 0.153803 0.133386 0.542075 0.223786 0.0350992 0.0437126 0.032885 0.104061 0.0480899 0.00648259
internal_count=24800 4622 3996 1218 1039 2778 2573 2505 713 1792 975 817 626 697 666 181 485 348 653 205 839 438 185 143 232 163 426 601 137 120
cat_boundaries=0 1
cat_threshold=4
is_linear=0
shrinkage=0.05


Tree=156
num_leaves=31
num_cat=0
split_feature=4 8 11 5 2 10 4 11 4 2 14 17 6 2 11 11 4 17 2 4 4 15 5 4 4 19 15 1 11 19
split_gain=0.358921 0.0905474 0.0948068 0.129553 0.130437 0.119467 0.0971153 0.0914122 0.0890402 0.083733 0.12816 0.107649 0.0819952 0.133733 0.0806067 0.183386 0.0518583 0.0373477 0.0308816 0.0874016 0.0303508 0.0300425 0.0237471 0.0193166 0.0237387 0.0132334 0.0189789 0.00677566 0.00628956 0.00453944
threshold=0.14328485885372114 155083767.50000003 0.025979923956329753 10008.500000000002 29.500000000000004 438.50000000000006 0.74655719578933388 0.00014937442776370003 0.46813506261180676 63.500000000000007 0.55350000000000021 0.99999500000000008 6.226760000000002e-05 98.500000000000014 0.0084122604638494514 0.021163737104077304 0.46813506261180676 1.0317500000000001e-08 67.500000000000014 0.99628718642629199 0.43154493343989836 0.20950000000000002 8001.5000000000009 0.63550352129022059 0.46813506261180676 1.0000000180025095e-35 0.69150000000000011 66.500000000000014 0.0010848871413994003 1.0000000180025095e-35
decision_type=2 8 8 10 2 10 2 10 2 2 10 10 10 2 10 10 2 8 2 2 2 8 10 2 2 8 10 2 10 8
left_child=-1 2 5 20 -5 6 9 -8 -6 10 11 16 14 23 18 -16 17 -2 19 -7 22 -11 -4 24 -14 -9 -27 -23 -18 -22
right_child=1 -3 3 4 8 12 7 25 -10 21 -12 -13 13 -15 15 -17 28 -19 -20 -21 29 27 -24 -25 -26 26 -28 -29 -30 -31
leaf_value=-0.050000709635547619 0.048477230748391366 0.045902357687151785 -0.050286357085833261 -0.036837260957578208 -0.050292871495888118 0.040067807955935772 -0.039798664625937397 0.050275572064783718 0.050272345187902939 -0.020522821912173493 -0.045100112216553689 -0.032549654759240099 -0.050272946699306591 -0.052987258409869537 0.045395833463108576 -0.037547608821804718 0.029623135910531829 -0.050328929320777371 -0.049744423264577967 -0.05136156721182833 0.050319112493001084 0.048876898171628734 0.046917159585835623 0.05028711586829207 0.050495517373521204 -0.019386422840953359 0.050078145357082583 0.022207674107214439 0.050329207143717414 0.031060277395034176
leaf_weight=0.32160279950767323 0.014120391757388218 0.13543126671538619 0.014710957178976858 0.1438468120759353 0.027287795795928105 0.040991108166053891 0.036146761616691947 0.21011320594698191 0.11381290593999438 0.022705045314069139 0.1733759871985967 0.10485798764875653 0.011701068731781561 0.053262822537362808 0.11180252803387702 0.16497864045777533 0.056877718569012359 0.029638279588652949 0.24866483829555364 0.072141822427511215 0.25140786959673278 0.092531244545170921 0.010967770092975115 0.10563562231254764 0.011676951893605292 0.017883502470795065 0.021842949703568593 0.032070608547655866 0.10324964509345591 0.034837033570511267
leaf_count=23569 14 140 44 11 25 60 5 154 74 26 20 29 42 2 86 15 19 44 27 3 146 48 7 51 2 10 32 34 28 33
internal_value=-0.000316678 0.0061561 0.00384896 0.0210394 -0.00333276 -0.00206054 0.0103591 0.0345196 0.0308238 -0.000618438 -0.0106989 0.00861922 -0.0159109 0.0136674 -0.0243537 -0.00404357 0.0297923 -0.0184454 -0.0398913 -0.0182342 0.0433038 0.0323738 -0.00876928 0.0411855 5.93088e-05 0.0452719 0.0188076 0.0420126 0.0429743 0.0479752
internal_weight=2.79017 2.46857 2.33314 0.596871 0.284948 1.73627 0.915413 0.285986 0.141101 0.629427 0.48212 0.308744 0.820855 0.182276 0.638579 0.276781 0.203886 0.0437587 0.361798 0.113133 0.311924 0.147307 0.0256787 0.129014 0.023378 0.24984 0.0397265 0.124602 0.160127 0.286245
internal_count=24800 1231 1091 340 110 751 463 201 99 262 154 134 288 97 191 101 105 58 90 63 230 108 51 95 44 196 42 82 47 179
is_linear=0
shrinkage=0.05


Tree=157
num_leaves=31
num_cat=1
split_feature=18 19 13 4 11 17 17 1 15 1 4 5 4 15 2 6 8 0 4 4 15 4 15 13 4 4 11 5 4 4
split_gain=0.343396 0.0955232 0.075637 0.112096 0.143641 0.0833988 0.147479 0.12023 0.127211 0.100415 0.252186 0.0873379 0.0697511 0.0602625 0.0715906 0.118264 0.10167 0.075703 0.0542564 0.0514267 0.0452053 0.0408951 0.0317328 0.147986 0.0289125 0.0266083 0.020487 0.012098 0.0061426 0.00586794
threshold=inf inf 0.12242500000000002 0.65360989230155575 0.0036325431929383005 6.0299500000000012e-26 3.1047500000000005e-24 39.500000000000007 0.25450000000000006 66.500000000000014 0.57641196013289042 86.500000000000014 0.46813506261180676 1.5580000000000001 76.500000000000014 0.00041250000000000005 43769096.500000007 0 0.40010890280424721 0.51056338028169035 0.87750000000000006 0.43154493343989836 1.0675000000000001 0.30816500000000008 0.46813506261180676 0.60357142857142876 0.19849856688470727 73.500000000000014 0.70622756144711418 0.67809350017379222
decision_type=8 8 8 2 10 8 8 2 8 2 2 10 2 10 2 10 10 9 2 2 10 2 8 8 2 2 10 10 2 2
left_child=1 2 3 4 27 19 -7 8 -8 11 20 -9 -3 14 16 -16 28 22 -10 -4 -11 26 23 -18 -22 -19 -6 -1 29 -13
right_child=-2 12 5 -5 21 6 7 9 18 10 -12 13 -14 -15 15 -17 17 25 -20 -21 24 -23 -24 -25 -26 -27 -28 -29 -30 -31
leaf_value=0.019920891545174409 -0.050062095521399133 -0.050153360617584811 -0.050248558710107263 0.050145277504689272 -0.050137455468571457 -0.045166055533136858 -0.05134391713786135 0.045069058268650625 -0.050099452969182036 -0.05095865112613264 0.050245442215947456 -0.050003159495884186 0.050141576788805368 0.048709715073250434 0.046465637531314302 -0.044554412109830882 -0.051122277739063429 -0.050233549507525524 0.050276229443674117 0.050402498938839108 -0.050220353608242257 0.050589386190466649 -0.052492698570832434 0.047072775301598875 0.050186494607715154 0.050253241451831202 0.033880496233110916 -0.052601998472829162 0.050224921389598269 0.050134478733654786
leaf_weight=0.0061445931032725323 0.30709311673945228 0.01928051439153966 0.014385434821633347 0.19366972593707033 0.018125053702533478 0.19450845963092422 0.040607953625112825 0.05542097812212865 0.0143125144077203 0.10934462018940394 0.21594483198714443 0.0032285880406561765 0.17183047227445059 0.030674432207888458 0.085327809803857235 0.061344882002231316 0.15557147893741785 0.0083071121689499705 0.22675107276882045 0.10773570477613248 0.010792140012199525 0.091373759787529707 0.29316154268690298 0.050930344223161228 0.021359926555305719 0.031829643936362118 0.012098904369850061 0.089656784995895578 0.03766510178684257 0.0026751190889626741
leaf_count=84 20178 466 159 179 409 68 60 120 526 607 136 119 160 31 154 27 60 148 127 46 226 12 42 83 6 15 17 517 17 1
internal_value=-0.000309252 0.00612646 0.00315889 0.0224819 -0.00216195 -0.00132397 -0.0042753 0.00119015 0.0305255 -0.00585065 0.0162493 -0.0155297 0.0400232 -0.0199446 -0.0228292 0.0083971 -0.0306803 -0.0366105 0.0443167 0.0385462 -0.0356338 0.0339128 -0.0419174 -0.0269041 0.016484 0.0294555 -0.0165044 -0.0479505 0.0427921 -0.00462826
internal_weight=2.68115 2.37406 2.18295 0.411069 0.217399 1.77188 1.64976 1.45525 0.281672 1.17358 0.357442 0.816137 0.191111 0.760716 0.730042 0.146673 0.583369 0.5398 0.241064 0.122121 0.141497 0.121598 0.499663 0.206502 0.0321521 0.0401368 0.030224 0.0958014 0.0435688 0.00590371
internal_count=24800 4622 3996 1218 1039 2778 2573 2505 713 1792 975 817 626 697 666 181 485 348 653 205 839 438 185 143 232 163 426 601 137 120
cat_boundaries=0 1
cat_threshold=4
is_linear=0
shrinkage=0.05


Tree=158
num_leaves=31
num_cat=1
split_feature=18 19 13 4 11 17 17 1 15 1 4 5 4 15 2 2 8 0 4 4 15 4 15 13 4 4 15 5 4 17
split_gain=0.326524 0.0909338 0.0717819 0.106779 0.136029 0.0792408 0.1382 0.114245 0.120945 0.095068 0.239796 0.0823666 0.0663399 0.0570181 0.0679526 0.111844 0.0962692 0.0715572 0.0515968 0.0489001 0.0429515 0.0389998 0.0301119 0.139846 0.0274969 0.0253043 0.0196712 0.013282 0.0121703 0.0117507
threshold=inf inf 0.12242500000000002 0.65360989230155575 0.0036325431929383005 6.0299500000000012e-26 3.1047500000000005e-24 39.500000000000007 0.25450000000000006 66.500000000000014 0.57641196013289042 86.500000000000014 0.46813506261180676 1.5580000000000001 76.500000000000014 98.500000000000014 43769096.500000007 0 0.40010890280424721 0.51056338028169035 0.87750000000000006 0.43154493343989836 1.0675000000000001 0.30816500000000008 0.46813506261180676 0.60357142857142876 0.38150000000000006 3497.5000000000005 0.84497318952234213 0.99930500000000011
decision_type=8 8 8 2 10 8 8 2 8 2 2 10 2 10 2 2 10 9 2 2 10 2 8 10 2 2 10 10 2 10
left_child=1 2 3 4 29 19 -7 8 -8 11 20 -9 -3 14 16 27 -13 22 -10 -4 -11 26 23 -18 -22 -19 -6 -16 -29 -1
right_child=-2 12 5 -5 21 6 7 9 18 10 -12 13 -14 -15 15 -17 17 25 -20 -21 24 -23 -24 -25 -26 -27 -28 28 -30 -31
leaf_value=0.019642814192883221 -0.050059105414283614 -0.050145885079449642 -0.050236406199936301 0.050138204191777981 -0.050134115537885472 -0.044535094226759331 -0.051277155122359711 0.044594249392352792 -0.050094623165340885 -0.050911499166496343 0.050233487801971122 0.042783660138038346 0.050134684979701964 0.048551306211025699 0.048207635679569961 -0.052696190209083976 -0.05079404738361927 -0.050222142656475149 0.050262781093466095 0.05038297136620129 -0.050209613307707714 0.050560422953792733 -0.052215350055956504 0.046774835274078025 0.0501773670405673 0.050240885067916352 0.033693247216954443 -0.050186713957488839 0.050105499811946633 -0.05247179517098112
leaf_weight=0.0060482272383527427 0.29213301474555953 0.018342857269999846 0.01368707539495484 0.18424967754981481 0.017352554936223896 0.18757805153563811 0.038676503476381296 0.053265421498508436 0.013615764436508471 0.10410572084219893 0.20546073003788479 0.041451912504271604 0.16347210330422968 0.029271272591358866 0.079857960540721251 0.049067073709011311 0.14891655223982525 0.0079037190525923506 0.21574855074868537 0.10252009041141719 0.01026794181598234 0.086965943686664104 0.28030796525490587 0.048747393158919294 0.020321792922914028 0.030284551699878648 0.011728692030374077 0.0071017906593624502 0.0052691958262585104 0.085538066856315709
leaf_count=94 20178 466 159 179 409 68 60 120 526 607 136 137 160 31 106 9 60 148 127 46 226 12 42 83 6 15 17 62 4 507
internal_value=-0.000306268 0.00610469 0.00314787 0.0224319 -0.00215415 -0.00131472 -0.00425055 0.00118718 0.0305134 -0.00582121 0.0162425 -0.0154253 0.0400176 -0.0198157 -0.022679 0.00829263 -0.0305271 -0.0364145 0.0443053 0.0385319 -0.0356065 0.0337988 -0.0416767 -0.0267319 0.0164808 0.0294483 -0.0163259 0.0407395 -0.00746908 -0.0477095
internal_weight=2.55926 2.26713 2.08531 0.391883 0.207633 1.69343 1.57722 1.38964 0.268041 1.1216 0.340156 0.781445 0.181815 0.728179 0.698908 0.141296 0.557612 0.51616 0.229364 0.116207 0.134695 0.116047 0.477972 0.197664 0.0305897 0.0381883 0.0290812 0.0922289 0.012371 0.0915863
internal_count=24800 4622 3996 1218 1039 2778 2573 2505 713 1792 975 817 626 697 666 181 485 348 653 205 839 438 185 143 232 163 426 172 66 601
cat_boundaries=0 1
cat_threshold=4
is_linear=0
shrinkage=0.05


Tree=159
num_leaves=31
num_cat=0
split_feature=4 8 11 5 2 10 4 11 4 2 14 17 6 2 11 11 4 6 4 4 4 15 18 4 4 19 2 1 19 18
split_gain=0.310531 0.0772425 0.0819977 0.112681 0.110059 0.102609 0.0836216 0.0794044 0.0770461 0.0709192 0.108809 0.0912261 0.0690935 0.115287 0.0691035 0.154706 0.0507119 0.0279616 0.0274984 0.111077 0.0257364 0.0254861 0.0208464 0.0167087 0.0204452 0.0118683 0.0165331 0.00652974 0.00442679 0.00418537
threshold=0.14328485885372114 155083767.50000003 0.025979923956329753 10008.500000000002 29.500000000000004 438.50000000000006 0.74655719578933388 0.00014937442776370003 0.46813506261180676 63.500000000000007 0.55350000000000021 0.99995500000000004 6.226760000000002e-05 98.500000000000014 0.0084122604638494514 0.021163737104077304 0.46813506261180676 3.190330000000001e-05 0.99628718642629199 0.69563998830181328 0.43154493343989836 0.20950000000000002 1.0000000180025095e-35 0.63550352129022059 0.46813506261180676 1.0000000180025095e-35 73.500000000000014 68.500000000000014 1.0000000180025095e-35 1.0000000180025095e-35
decision_type=2 8 8 10 2 10 2 10 2 2 10 10 10 2 10 10 2 10 2 2 2 8 10 2 2 8 2 2 8 8
left_child=-1 2 5 20 -5 6 9 -8 -6 10 11 16 14 23 18 -16 17 -2 19 -7 22 -11 -4 24 -14 -9 -27 -23 -22 -3
right_child=1 29 3 4 8 12 7 25 -10 21 -12 -13 13 -15 15 -17 -18 -19 -20 -21 28 27 -24 -25 -26 26 -28 -29 -30 -31
leaf_value=-0.050000622936223982 0.039573001677606148 0.049611955762680959 -0.050246432826647085 -0.0356690593338004 -0.050250491805530331 -0.049592418115097875 -0.038931175760673176 0.050240834378502935 0.050234516649264593 -0.019598113807502551 -0.044237692149363815 -0.026777501189070525 -0.050233996970960176 -0.052570572843375324 0.044885375245126799 -0.036350717173422517 0.047696332309551309 -0.050295214126610269 -0.052614992437401156 0.050107252580960583 0.050274374363038124 0.048509674488691569 0.046731275386486054 0.050247328579038048 0.050425872003388106 0.050067957549705847 -0.019004978752852519 0.02049031964403749 0.030069375360986313 0.024001158700938868
leaf_weight=0.27849330482513357 0.013413579225016958 0.098710090007443796 0.012723746381197887 0.12816298619145527 0.023678156808273343 0.104959062036869 0.032258722523692995 0.1825212521944195 0.098146978212753311 0.020344780367850035 0.15269872387943906 0.10940296455464704 0.010115949620740139 0.046562217225073255 0.097474892780155642 0.14697739480016025 0.12451334393699653 0.024400373536082043 0.17486962117254734 0.038069987640483305 0.21901605304447003 0.08137500898737926 0.0098170642950208276 0.091109592234715819 0.010062243090942502 0.018905452423496172 0.015990826330380514 0.027929823287195177 0.030938270065234974 0.019027458306481893
leaf_count=23569 22 100 42 11 25 59 5 154 74 26 20 38 42 2 86 15 43 31 5 26 146 49 9 51 2 31 11 33 33 40
internal_value=-0.000303768 0.00609139 0.00382565 0.0209188 -0.00332386 -0.00203467 0.0102465 0.0342716 0.0307041 -0.000579533 -0.0104662 0.0085117 -0.0157407 0.0134903 -0.0239457 -0.00395798 0.0322954 -0.0184167 -0.0393155 -0.0230554 0.043159 0.031786 -0.00801031 0.0411298 -3.80213e-05 0.0451328 0.0184161 0.0413501 0.0477735 0.045473
internal_weight=2.44267 2.16418 2.04644 0.522483 0.249988 1.52396 0.803755 0.249676 0.121825 0.554079 0.424429 0.27173 0.720201 0.15785 0.562351 0.244452 0.162327 0.037814 0.317899 0.143029 0.272495 0.12965 0.0225408 0.111288 0.0201782 0.217418 0.0348963 0.109305 0.249954 0.117738
internal_count=24800 1231 1091 340 110 751 463 201 99 262 154 134 288 97 191 101 96 53 90 85 230 108 51 95 44 196 42 82 179 140
is_linear=0
shrinkage=0.05


Tree=160
num_leaves=31
num_cat=0
split_feature=18 19 4 4 4 1 1 7 4 11 15 14 4 13 15 4 11 14 14 2 11 4 4 4 4 2 4 5 1 14
split_gain=0.297442 0.0845135 0.0674697 0.151428 0.16603 0.0967534 0.0660449 0.111775 0.0604181 0.0578755 0.0756416 0.0947841 0.0516245 0.0474608 0.0293845 0.026886 0.0209103 0.0135281 0.0499174 0.0062887 0.00091242 2.71819e-05 8.82501e-06 5.14846e-06 1.74508e-06 5.74114e-07 3.55408e-07 3.19238e-07 2.19776e-07 1.9462e-07
threshold=inf inf 0.51056338028169035 0.99628718642629199 0.71432308209708173 39.500000000000007 62.500000000000007 6946234.0000000009 0.46813506261180676 0.0010271337708847002 0.9275000000000001 0.059500000000000004 0.43154493343989836 0.50821000000000016 1.7205000000000001 0.36050541516245488 0.19849856688470727 0.23050000000000004 0.26250000000000007 24.500000000000004 0.031783438313766559 0.46813506261180676 0.46813506261180676 0.46813506261180676 0.46813506261180676 48.500000000000007 0.43154493343989836 42161.000000000007 15.500000000000002 0.58150000000000002
decision_type=8 8 2 2 2 2 2 10 2 10 10 8 2 10 10 2 10 10 10 2 10 2 2 2 2 2 2 10 2 10
left_child=1 2 9 4 5 -4 -7 -8 -3 14 11 12 16 -5 21 -12 -11 22 20 -20 -19 26 28 -21 -2 -9 -1 -10 -13 -6
right_child=24 8 3 13 29 6 7 25 27 10 15 17 -14 -15 -16 -17 -18 18 19 23 -22 -23 -24 -25 -26 -27 -28 -29 -30 -31
leaf_value=-0.050040358141156475 -0.050001529603119238 -0.050132271115685724 0.05025439786020202 0.0065659973350502268 0.050055931802407777 -0.023418417328239179 -0.03172963479792975 0.05038562228341429 0.05009360768112639 -0.05012297584563441 -0.050003767901861167 -0.050394227801860585 0.050488712676986951 -0.022119142700584529 0.050203572655012157 0.0437810138567125 0.032739865641597421 0.02570995420080481 0.026536973765652856 -0.050219065013399546 0.047414943524362499 -0.051834098861263889 -0.051235441389671135 -0.051187675141851498 -0.050352397681319133 0.050149686393435013 -0.050362073973595982 0.050293398187869487 -0.050081773495656345 0.050156059229764939
leaf_weight=0.023994792215489835 0.22414387590561125 0.016690607974851557 0.093280649045482056 0.24118970561539754 0.2684719986282289 0.23540670453803614 0.069523859419859946 0.053721607953775674 0.12704267280059867 0.024939665321653592 0.0083949778345413506 0.0079528147716700914 0.062129343277774751 0.35858231957536191 0.0076573942787945262 0.085189026838634163 0.010958935181406559 0.0071032579526217879 0.0027696024608303551 0.03475933159734268 0.015209105573376291 0.068022795021533966 0.069478753954172134 0.022663990035653114 0.042092839721590281 0.049580441758735105 0.013366957195103168 0.023728730651782826 0.019251513671406428 0.059239893511403352
leaf_count=1027 20171 466 37 36 405 36 6 13 151 611 487 9 9 23 2 13 19 53 24 347 17 2 3 1 7 27 2 9 746 41
internal_value=-0.000296274 0.0060721 0.00309023 0.00855436 0.0223969 0.00431132 -0.00618662 0.0172849 0.0401326 -0.0130477 -0.00349968 -0.0166208 0.0229075 -0.0105838 -0.0443673 0.035368 -0.024827 -0.0382454 -0.0233735 -0.0470521 0.040505 -0.051239 -0.0509365 -0.0506014 -0.050057 0.0502724 -0.0501555 0.0501251 -0.0501731 0.050074
internal_weight=2.34654 2.0803 1.91284 1.429 0.829225 0.501513 0.408233 0.172826 0.167462 0.483842 0.3708 0.277216 0.0980279 0.599772 0.113042 0.093584 0.0358986 0.179188 0.0825053 0.0601929 0.0223124 0.105385 0.0966831 0.0574233 0.266237 0.103302 0.0373617 0.150771 0.0272043 0.327712
internal_count=24800 4622 3996 624 565 119 82 46 626 3372 2339 1839 639 59 1033 500 630 1200 442 372 70 1031 758 348 20178 40 1029 160 755 446
is_linear=0
shrinkage=0.05


Tree=161
num_leaves=31
num_cat=0
split_feature=18 19 14 4 11 17 17 1 1 4 15 2 7 8 4 4 4 15 4 15 18 17 4 15 11 10 10 5 4 7
split_gain=0.282401 0.0807822 0.0646112 0.093369 0.118184 0.0704791 0.121852 0.110344 0.111214 0.218383 0.0854634 0.0615807 0.107751 0.103913 0.0574642 0.0440471 0.0435807 0.0368678 0.0345976 0.0345552 0.0698267 0.0728501 0.0249968 0.0215153 0.0168855 0.0121586 0.0112017 0.0110635 0.0110819 0.0103869
threshold=inf inf 0.061500000000000006 0.65360989230155575 0.0036325431929383005 6.0299500000000012e-26 8.4312500000000021e-25 39.500000000000007 66.500000000000014 0.57641196013289042 0.25450000000000006 76.500000000000014 2602857.0000000005 43769096.500000007 0.46813506261180676 0.40010890280424721 0.51056338028169035 0.87750000000000006 0.43154493343989836 1.0675000000000001 1.0000000180025095e-35 5.4502500000000007e-18 0.46813506261180676 1.2245000000000001 0.19849856688470727 4481.0000000000009 72.500000000000014 3497.5000000000005 0.84497318952234213 132672887.00000001
decision_type=8 8 8 2 10 8 8 2 2 2 8 2 10 10 2 2 2 10 2 8 10 10 2 10 10 10 10 10 2 10
left_child=1 2 3 4 26 16 -7 10 11 17 -8 13 -13 -9 -3 -12 -4 -10 24 20 21 -15 -19 -21 -6 -23 -1 -14 -29 -22
right_child=-2 14 5 -5 18 6 7 8 9 -11 15 12 27 19 -16 -17 -18 22 -20 23 29 25 -24 -25 -26 -27 -28 28 -30 -31
leaf_value=0.020305203010793648 -0.050054224758034505 -0.05012582248159278 -0.05021005600439387 0.050135309923961979 -0.05011049530786154 -0.051475447516510932 -0.03509993530575739 0.043024683714406042 -0.050792618258643667 0.050214170831429254 -0.050082251623343205 -0.052445796488251276 0.047012910728714524 -0.051616669511747273 0.050118951748996603 0.050233495207478655 0.050357677692479487 -0.050202309599954878 0.050473073373014515 -0.052838034159830183 -0.023056724652792817 0.047098251376604346 0.050155649583115247 -0.022348843284884859 0.031761489288927101 -0.015896643539162692 -0.052183992043408102 -0.050157699588421104 0.050090446929102465 -0.049809621939031379
leaf_weight=0.0057353441070516755 0.25326589149608514 0.015878588576015429 0.012218964681778632 0.16243303002556786 0.015231065605803451 0.1250053961539378 0.040771164980469732 0.05162706566716202 0.091499373836995801 0.19746316512464546 0.011622046946285991 0.044833033850409265 0.08751938803561643 0.030760783997720864 0.14343520798138343 0.18716543371556327 0.091000578860985115 0.0095011299727048026 0.077066359110176563 0.19157193388309679 0.058503047813246667 0.066099987294364837 0.017883580410853028 0.082901737082465843 0.010737442669778829 0.0086636875739714014 0.075297728234545502 0.0062325556509676971 0.0049433142703492194 0.0955182566840449
leaf_count=81 20178 466 159 177 409 55 87 178 634 141 512 10 147 10 160 125 46 231 13 55 79 140 6 50 19 41 474 67 5 45
internal_value=-0.000285665 0.00595699 0.00302988 0.0225059 -0.00187595 -0.00142954 -0.00434895 0.000235246 -0.00677799 0.0179801 0.0308436 -0.0175191 0.0118321 -0.0247124 0.0401277 0.0443686 0.0384526 -0.0355599 0.0336544 -0.031261 -0.0181814 0.0131505 0.0153364 -0.0436291 -0.0162581 0.0397983 -0.0470534 0.0410308 -0.00581591 -0.0396479
internal_weight=2.27239 2.01912 1.85981 0.346501 0.184068 1.51331 1.41009 1.28508 1.04552 0.316347 0.239559 0.729175 0.143528 0.585646 0.159314 0.198787 0.10322 0.118884 0.103035 0.534019 0.259546 0.105524 0.0273847 0.274474 0.0259685 0.0747637 0.0810331 0.0986953 0.0111759 0.154021
internal_count=24800 4622 3996 1173 996 2823 2618 2563 1839 1012 724 827 229 598 626 637 205 871 441 420 315 191 237 105 428 181 555 219 72 124
is_linear=0
shrinkage=0.05


Tree=162
num_leaves=31
num_cat=0
split_feature=18 19 13 4 11 17 17 1 15 1 4 2 8 14 4 4 4 15 15 18 17 4 4 15 15 10 7 4 17 5
split_gain=0.268474 0.0769418 0.0616658 0.0912288 0.11116 0.0670168 0.115704 0.0993621 0.102134 0.0996981 0.206242 0.0550391 0.109584 0.10193 0.0546552 0.042794 0.0414414 0.0350168 0.0328547 0.0641699 0.0688036 0.0323698 0.0237736 0.0222538 0.0166447 0.0117247 0.011213 0.0515817 0.0108881 0.0103973
threshold=inf inf 0.12242500000000002 0.65360989230155575 0.0036325431929383005 6.0299500000000012e-26 8.4312500000000021e-25 39.500000000000007 0.25450000000000006 66.500000000000014 0.57641196013289042 76.500000000000014 43769096.500000007 0.06950000000000002 0.46813506261180676 0.40010890280424721 0.51056338028169035 0.87750000000000006 1.0675000000000001 1.0000000180025095e-35 5.4502500000000007e-18 0.43154493343989836 0.46813506261180676 1.2245000000000001 0.38150000000000006 4481.0000000000009 132672887.00000001 0.70299970299970316 0.99930500000000011 3497.5000000000005
decision_type=8 8 8 2 10 8 8 2 8 2 2 2 10 8 2 2 2 10 8 10 10 2 2 10 10 10 10 2 10 10
left_child=1 2 3 4 28 16 -7 8 -8 11 17 12 -9 -13 -3 -10 -4 -11 19 20 -14 24 -19 -20 -6 -22 27 -21 -1 -15
right_child=-2 14 5 -5 21 6 7 9 15 10 -12 13 18 29 -16 -17 -18 22 23 26 25 -23 -24 -25 -26 -27 -28 -29 -30 -31
leaf_value=0.020073543422140908 -0.050051609880645956 -0.050119689494986054 -0.050199790732810549 0.050122983577531068 -0.050109637756886705 -0.05140186765010938 -0.051086852864033243 0.043294659395175433 -0.05007656595115613 -0.050755709618464873 0.050205693087194414 -0.052319343165618259 -0.051535372828735784 0.046595232535829319 0.050113158768141076 0.050220386500995223 0.050340316571063748 -0.050192444710549323 -0.052693076193080161 -0.052121359732152241 0.046824980987484242 0.050458040916824001 0.050148037951630503 -0.021383837463994561 0.033055695700648931 -0.015261499464428899 -0.049400211226470592 0.050238457260690053 -0.052061422832972194 -0.0058623851463346123
leaf_weight=0.0056393340300927566 0.24092624115291994 0.015105982362911052 0.011625356128206366 0.15698182732739951 0.014576609043615463 0.11907472856637458 0.032886874683754397 0.055428129627216327 0.0113027286806755 0.086869539529288886 0.18541685215313919 0.042774149346769264 0.029305556136932864 0.083952231249895704 0.13645516490214504 0.1800913838960696 0.086591528350254521 0.0090394861390450387 0.18271750122585217 0.040994668019266101 0.063249069826269988 0.071757776313461363 0.017013905337080359 0.082325945253614918 0.010244675004287274 0.0086431855906994315 0.091594002753481618 0.017588113259989768 0.072279595943655295 0.010643486267326807
leaf_count=94 20178 466 159 179 409 55 60 171 528 607 139 10 10 146 160 127 46 231 55 71 139 12 6 50 17 42 45 9 507 72
internal_value=-0.000282241 0.00592361 0.00301263 0.0224677 -0.00241151 -0.00143761 -0.00433687 0.000212636 0.030311 -0.00648722 0.0177628 -0.0166883 -0.0235152 0.0117308 0.040123 0.0442974 0.03844 -0.0355076 -0.030686 -0.0177361 0.0130384 0.0334335 0.0153339 -0.042968 -0.0157842 0.0393607 -0.0384737 -0.0213902 -0.0468407 0.0406929
internal_weight=2.1731 1.93217 1.78061 0.33148 0.174498 1.44913 1.35091 1.23184 0.224281 1.00756 0.29834 0.709216 0.571846 0.13737 0.151561 0.191394 0.0982169 0.112923 0.516418 0.251375 0.101198 0.0965791 0.0260534 0.265043 0.0248213 0.0718923 0.150177 0.0585828 0.0779189 0.0945957
internal_count=24800 4622 3996 1218 1039 2778 2573 2518 715 1803 983 820 592 228 626 655 205 844 421 316 191 438 237 105 426 181 125 80 601 218
is_linear=0
shrinkage=0.05


Tree=163
num_leaves=31
num_cat=0
split_feature=4 8 11 5 2 10 4 11 4 7 7 6 2 11 11 4 1 7 15 2 4 4 4 5 4 4 18 14 7 17
split_gain=0.255734 0.0641837 0.0663442 0.0971628 0.0942459 0.0852289 0.0699991 0.0669682 0.0653533 0.0582593 0.0903476 0.0557312 0.0990788 0.0597524 0.128886 0.05456 0.0259884 0.0233978 0.0489766 0.0465025 0.0229316 0.0921594 0.0224139 0.0180842 0.0138139 0.0167488 0.0115963 0.0217834 0.0101816 0.00433876
threshold=0.14328485885372114 155083767.50000003 0.025979923956329753 10008.500000000002 29.500000000000004 438.50000000000006 0.74655719578933388 0.00014937442776370003 0.46813506261180676 43833845.500000007 97083409.000000015 6.226760000000002e-05 98.500000000000014 0.0084122604638494514 0.021163737104077304 0.46813506261180676 29.500000000000004 83721940.500000015 0.24650000000000002 53.500000000000007 0.99628718642629199 0.69563998830181328 0.43154493343989836 8001.5000000000009 0.63550352129022059 0.46813506261180676 1.0000000180025095e-35 0.024500000000000004 23547589.000000004 2.5530500000000003e-10
decision_type=2 10 10 10 2 10 2 10 2 10 10 10 2 10 10 2 2 10 10 2 2 2 2 10 2 2 8 10 10 8
left_child=-1 2 5 22 -5 6 9 -8 -6 15 17 13 24 20 29 16 -2 18 -11 -20 21 -7 23 -4 25 -13 -12 -28 -9 -15
right_child=1 -3 3 4 8 11 7 28 -10 10 26 12 -14 14 -16 -17 -18 -19 19 -21 -22 -23 -24 -25 -26 -27 27 -29 -30 -31
leaf_value=-0.050000526120417367 0.042041295925527702 0.045160216377821721 -0.050219640466893672 -0.035299001836153247 -0.050210650767650633 -0.04897158239382654 -0.038225338259598909 0.017988411731870595 0.050200945728996416 -0.043566580366906998 0.049771237959747444 -0.050190897156292096 -0.052210902076882185 0.017557081112371153 -0.034886449622691107 0.050210215599581567 -0.050206419621067803 -0.04732889731518769 -0.028760989897341539 0.039948952831799195 -0.052193011759840771 0.050089625294206623 0.047612371606870013 0.046554774456481984 0.050211301966657365 0.050347937107420429 0.05000932795258916 -0.033253721715309506 0.050213291619275062 0.049357934516771132
leaf_weight=0.22996755460189922 0.010895209545196627 0.09861278467815271 0.011121681634904124 0.11313152033835649 0.020107824192564294 0.089129743741068523 0.02778291970025748 0.029152819275623187 0.083481234789360315 0.083111261563317385 0.050254341119398305 0.0083159414671172271 0.040598124045573059 0.012620402614629711 0.12978971026859654 0.087685735983541235 0.02551518026211852 0.082627423386838927 0.04544828597772721 0.053746083498481312 0.14864932745695114 0.031875189830316231 0.21131769449857529 0.0085299349530032487 0.077088029327569529 0.0082540250150486827 0.016808996390864195 0.014746888776244305 0.15396707275067456 0.071444834546127822
leaf_count=23569 13 140 44 11 25 59 5 35 74 21 35 42 2 22 15 39 58 14 16 24 5 26 179 7 51 2 10 32 161 64
internal_value=-0.000280199 0.0059144 0.00369935 0.0202991 -0.00374777 -0.00201938 0.0101698 0.0341086 0.0307099 -0.000553045 -0.0110749 -0.0154709 0.0130289 -0.0233845 -0.00364712 0.0288465 -0.0226028 -0.0252576 -0.0152541 0.00846784 -0.0390376 -0.0228768 0.0428625 -0.00821396 0.0413086 -0.00010932 0.0348543 0.0110983 0.0450831 0.0445838
internal_weight=2.07578 1.84581 1.7472 0.44769 0.216721 1.29951 0.681742 0.210903 0.103589 0.470839 0.346743 0.617765 0.134256 0.483509 0.213855 0.124096 0.0364104 0.264933 0.182306 0.0991944 0.269654 0.121005 0.230969 0.0196516 0.093658 0.01657 0.0818102 0.0315559 0.18312 0.0840652
internal_count=24800 1231 1091 340 110 751 463 201 99 262 152 288 97 191 101 110 71 75 61 40 90 85 230 51 95 44 77 42 196 86
is_linear=0
shrinkage=0.05


Tree=164
num_leaves=31
num_cat=0
split_feature=18 19 13 4 11 4 1 4 6 1 15 11 4 17 4 7 4 15 17 17 5 2 4 14 11 4 4 4 4 4
split_gain=0.244855 0.0708696 0.0570617 0.0831726 0.100797 0.0610494 0.124858 0.0917966 0.128511 0.0974303 0.0533833 0.0780663 0.0495701 0.0452368 0.0295518 0.028888 0.0224843 0.0149829 0.0100417 0.0306493 0.0099772 0.00494933 0.00454659 0.00448944 0.00243357 3.32623e-05 7.87142e-06 2.5726e-06 1.10956e-06 7.11152e-07
threshold=inf inf 0.12242500000000002 0.65360989230155575 0.0036325431929383005 0.51056338028169035 66.500000000000014 0.99628718642629199 3.5500000000000002e-05 39.500000000000007 0.87750000000000006 0.0010271337708847002 0.46813506261180676 8.4312500000000021e-25 0.43154493343989836 88902156.500000015 0.36050541516245488 0.38150000000000006 4.1435000000000006e-05 9.5596000000000008e-06 73.500000000000014 24.500000000000004 0.62284482758620696 0.057500000000000009 0.00068777162457570008 0.63550352129022059 0.46813506261180676 0.46813506261180676 0.46813506261180676 0.57641196013289042
decision_type=8 8 8 2 10 2 2 2 10 2 10 10 2 8 2 10 2 10 8 10 10 2 2 8 10 2 2 2 2 2
left_child=1 2 3 4 20 10 7 8 29 -10 18 24 -3 -8 17 -11 -13 -6 19 21 22 -4 -1 -20 -12 -22 -25 -23 -2 -7
right_child=28 12 5 -5 14 6 13 -9 9 15 11 16 -14 -15 -16 -17 -18 -19 23 -21 25 27 -24 26 -26 -27 -28 -29 -30 -31
leaf_value=-0.050005659820338812 -0.050001283307772197 -0.050108199114801237 0.02360212904295388 0.05011353570880446 -0.050098867809216699 0.050403512314334264 -0.0091100566086615344 -0.020985356871591997 0.050167847514826093 -0.00055537224612324998 -0.051534763441095643 -0.050003330098728788 0.0501053074362394 0.050188986415663585 0.050417021120868794 -0.040125527001427769 0.038123341225652169 0.031944944957937108 0.027572644677165355 0.047930430769949461 -0.050113103285929578 -0.050074217125585165 0.050185313915677654 -0.05018027992249792 -0.032182345247890813 -0.052585307286970029 -0.051027655062516178 -0.050984088039611554 -0.05030436406483077 0.050080941053401509
leaf_weight=0.0016357845643141236 0.18366047451127077 0.013691340965124144 0.0024156518829842035 0.14390411086787935 0.013241924548310635 0.019775085034779982 0.039708609168883413 0.41163684206549078 0.054616985798929818 0.073732084361836314 0.031740646691105212 0.0079405955757465563 0.12500194297172129 0.16921601572539657 0.065588420373387635 0.12317777663702145 0.08177238266216591 0.0095983023402368417 0.0018664293893380082 0.011798570847531664 0.019191494276128651 0.013176530502278183 0.003678963053971529 0.051790674396215763 0.033274484350840794 0.046746980398893356 0.058206535875797272 0.018929330632090569 0.036139788804575801 0.1256702882819809
leaf_count=83 20171 466 28 179 409 4 17 31 45 31 77 525 160 139 12 19 16 17 22 15 516 498 1 1131 23 1 3 1 7 153
internal_value=-0.000274108 0.00589775 0.00298517 0.0225452 -0.00229916 -0.00147811 0.00446138 -0.00444149 0.0127135 -0.00891955 -0.0207923 8.9076e-05 0.0402126 0.0389185 0.0333601 -0.0253086 0.0303232 -0.015621 -0.0412174 -0.0216402 -0.0465539 -0.0454176 0.0193483 -0.0493239 -0.0416303 -0.0518658 -0.0506287 -0.0506107 -0.0500511 0.0501248
internal_weight=1.99253 1.77272 1.63403 0.303586 0.159682 1.33045 1.01753 0.808609 0.396972 0.251527 0.312912 0.154728 0.138693 0.208925 0.0884286 0.19691 0.089713 0.0228402 0.158184 0.0463201 0.0712532 0.0345215 0.00531475 0.111864 0.0650151 0.0659385 0.109997 0.0321059 0.2198 0.145445
internal_count=24800 4622 3996 1218 1039 2778 439 283 252 95 2339 641 626 156 438 50 541 426 1698 542 601 527 84 1156 100 517 1134 499 20178 157
is_linear=0
shrinkage=0.05


Tree=165
num_leaves=31
num_cat=0
split_feature=18 19 14 4 11 17 17 1 1 4 15 2 7 8 4 4 4 15 4 15 18 4 7 4 15 11 7 4 10 5
split_gain=0.232561 0.0676739 0.0542349 0.0773977 0.0962842 0.0597836 0.102621 0.0934607 0.0887497 0.181237 0.0706305 0.0520999 0.0907184 0.0858065 0.0471476 0.0379955 0.0366692 0.0305333 0.0288317 0.0283553 0.0580471 0.0608103 0.0216002 0.0214923 0.0205343 0.0143605 0.00950468 0.0461264 0.00944827 0.00889636
threshold=inf inf 0.061500000000000006 0.65360989230155575 0.0036325431929383005 6.0299500000000012e-26 8.4312500000000021e-25 39.500000000000007 66.500000000000014 0.57641196013289042 0.25450000000000006 76.500000000000014 2602857.0000000005 43769096.500000007 0.46813506261180676 0.51056338028169035 0.40010890280424721 0.87750000000000006 0.43154493343989836 1.0675000000000001 1.0000000180025095e-35 0.51056338028169035 99428328.000000015 0.46813506261180676 1.2245000000000001 0.19849856688470727 132672887.00000001 0.70299970299970316 72.500000000000014 3497.5000000000005
decision_type=8 8 8 2 10 8 8 2 2 2 8 2 10 10 2 2 2 10 2 8 10 2 10 2 10 10 10 2 10 10
left_child=1 2 3 4 28 15 -7 10 11 17 -8 13 -13 -9 -3 -4 -12 -10 25 20 21 22 -15 -19 -21 -6 27 -22 -1 -14
right_child=-2 14 5 -5 18 6 7 8 9 -11 16 12 29 19 -16 -17 -18 23 -20 24 26 -23 -24 -25 -26 -27 -28 -29 -30 -31
leaf_value=0.01922113252924745 -0.050048621014220002 -0.050102924941787252 -0.050188911968736032 0.05011406626045866 -0.050089325787055806 -0.051245006886994605 -0.034121861540344516 0.042064804797903199 -0.050658147519390642 0.050178058830844564 -0.050069192902115478 -0.052046711883543921 0.046376799359111841 -0.051123627924936126 0.050100178152448598 0.050316455797321247 0.050198113100538504 -0.050185867013567788 0.050389381787673618 -0.052366830791012391 -0.051929459895779052 0.050114823270689626 0.038456146765403709 0.050131434888239582 -0.021019050716466134 0.031312636152338522 -0.048915557280860417 0.050228264391871516 -0.051782267915377711 -0.0040180882574710778
leaf_weight=0.0050652723430174565 0.20909062897044361 0.013024943066738737 0.010693345573599689 0.13522641187591944 0.012842604687648418 0.10635533459389979 0.034565680582090863 0.04495286222663708 0.076429957930486125 0.16312267146713566 0.0096788292830751743 0.038110423774924129 0.076305299618979916 0.03193241693861637 0.11891739249404054 0.077965507807675749 0.15750302220112644 0.0082596963429750758 0.063821870367974043 0.16223851593167637 0.037466186644451227 0.050245044389157556 0.008526216776772344 0.015099815675057471 0.077050197112839669 0.0093717758863931522 0.082496105994323443 0.015671491506509483 0.062451228101053857 0.0098928823690584977
leaf_count=81 20178 466 159 177 409 55 87 178 634 141 512 10 147 91 160 46 125 231 13 55 71 46 54 6 50 19 45 8 474 72
internal_value=-0.000264135 0.00580452 0.00293759 0.0225306 -0.00176085 -0.00143304 -0.00434647 0.000189865 -0.00672035 0.0177087 0.0309411 -0.0168366 0.0121916 -0.023904 0.0402084 0.0381943 0.0443932 -0.0353679 0.033313 -0.0302728 -0.0175861 0.0133777 -0.0322457 0.0146602 -0.0422729 -0.0157476 -0.0382927 -0.0218009 -0.0464554 0.040593
internal_weight=1.92437 1.71528 1.58334 0.288779 0.153553 1.29456 1.2059 1.09955 0.8978 0.262912 0.201748 0.634888 0.124309 0.510579 0.131942 0.0886589 0.167182 0.0997895 0.0860363 0.465626 0.226337 0.0907037 0.0404586 0.0233595 0.239289 0.0222144 0.135634 0.0531377 0.0675165 0.0861982
internal_count=24800 4622 3996 1173 996 2823 2618 2563 1839 1012 724 827 229 598 626 205 637 871 441 420 315 191 145 237 105 428 124 79 555 219
is_linear=0
shrinkage=0.05


Tree=166
num_leaves=31
num_cat=0
split_feature=18 19 13 4 11 17 17 1 15 1 4 15 2 8 14 15 18 4 4 4 4 15 4 7 4 15 4 17 5 4
split_gain=0.22111 0.0644426 0.0518048 0.0756139 0.0905776 0.0568647 0.097447 0.0838426 0.0855512 0.0795713 0.171189 0.0469473 0.0522122 0.0920751 0.0840052 0.0458399 0.0542041 0.0577849 0.0448437 0.0361318 0.0356556 0.0290056 0.0269238 0.0204889 0.0204411 0.0137538 0.00959452 0.00922248 0.00873725 0.00953043
threshold=inf inf 0.12242500000000002 0.65360989230155575 0.0036325431929383005 6.0299500000000012e-26 8.4312500000000021e-25 39.500000000000007 0.25450000000000006 66.500000000000014 0.57641196013289042 1.5580000000000001 76.500000000000014 43769096.500000007 0.06950000000000002 1.0675000000000001 1.0000000180025095e-35 0.51056338028169035 0.46813506261180676 0.51056338028169035 0.40010890280424721 0.87750000000000006 0.43154493343989836 99428328.000000015 0.46813506261180676 0.38150000000000006 0.70299970299970316 0.99930500000000011 3497.5000000000005 0.84497318952234213
decision_type=8 8 8 2 10 8 8 2 8 2 2 10 2 10 8 8 10 2 2 2 2 10 2 10 2 10 2 10 10 2
left_child=1 2 3 4 27 19 -7 8 -8 11 21 12 13 -9 -14 16 17 23 -3 -4 -10 -11 25 -15 -23 -6 -18 -1 -16 -30
right_child=-2 18 5 -5 22 6 7 9 20 10 -12 -13 14 15 28 -17 26 -19 -20 -21 -22 24 -24 -25 -26 -27 -28 -29 29 -31
leaf_value=0.019182225352718713 -0.05004627372882825 -0.050097906849486853 -0.050179677701376074 0.050103244293582809 -0.050089684872959818 -0.051183125727767342 -0.050909315857410202 0.042105959499205314 -0.050064356149568716 -0.050627400379095779 0.050171017648684382 0.048151930405135657 -0.051941806915155077 -0.05106778581494148 0.045929546397993438 -0.050061679953090833 -0.051648905138497209 0.050109222280577438 0.050095298922926357 0.05030108960961497 0.05018697770580325 -0.050176799187431599 0.050377134104064997 0.037637062808544931 0.050125006492306307 0.031250719308034684 -0.024501728589025377 -0.05168222642798527 -0.050135622851202745 0.050089315938083682
leaf_weight=0.0049721407976902601 0.19890226464394811 0.012390918729579092 0.010173649531225126 0.13071459870843682 0.012128285705784947 0.10128754943480078 0.027632913526304037 0.044440836587455124 0.0094205715972748294 0.072568858736758557 0.15316672310291324 0.027211021779294242 0.036343623393804592 0.03041459128689894 0.07001914752254379 0.21157136959072886 0.063426919425637607 0.04779977178259287 0.11312846306827851 0.074185169418342412 0.15155321182101034 0.0078582501291748486 0.059393084608018398 0.0082824605397036066 0.014365184004418552 0.009093501956158434 0.066852012212621048 0.059934150262051844 0.0052644985980805359 0.004316911508794874
leaf_count=94 20178 466 159 179 409 55 60 162 528 607 139 37 10 91 139 88 111 46 160 46 127 231 12 54 6 17 14 507 64 4
internal_value=-0.000261654 0.00577665 0.00292312 0.0225018 -0.00229124 -0.00144494 -0.00434231 0.000165383 0.0303679 -0.00642842 0.017488 -0.0160564 -0.0190241 -0.0263978 0.011044 -0.0335051 -0.017346 0.0133384 0.0402045 0.0381831 0.04432 -0.0353216 0.0331047 -0.032082 0.0146581 -0.0152355 -0.0377185 -0.0462537 0.0398017 -0.0049792
internal_weight=1.83881 1.63991 1.51439 0.276236 0.145521 1.23816 1.1538 1.05251 0.188607 0.863902 0.247959 0.615943 0.588732 0.472788 0.115944 0.428347 0.216776 0.0864968 0.125519 0.0843588 0.160974 0.0947923 0.0806149 0.0386971 0.0222234 0.0212218 0.130279 0.0649063 0.0796006 0.00958141
internal_count=24800 4622 3996 1218 1039 2778 2573 2518 715 1803 983 820 783 566 217 404 316 191 626 205 655 844 438 145 237 426 125 601 207 68
is_linear=0
shrinkage=0.05


Tree=167
num_leaves=31
num_cat=0
split_feature=4 8 11 5 2 10 4 13 14 4 17 11 1 14 1 4 4 4 2 2 16 4 18 17 15 4 19 18 11 4
split_gain=0.210707 0.0529617 0.0538009 0.082899 0.079275 0.0707155 0.0641699 0.0640862 0.0636279 0.0542948 0.0419837 0.0365245 0.0640946 0.101756 0.0412227 0.0620479 0.0352172 0.0280548 0.026425 0.0347881 0.0201899 0.0194185 0.0157256 0.0114128 0.00987187 0.00740178 0.00398655 0.00358706 0.00420079 0.00111659
threshold=0.14328485885372114 155083767.50000003 0.025979923956329753 10008.500000000002 29.500000000000004 250.50000000000003 0.74655719578933388 0.63680000000000014 0.55350000000000021 0.46813506261180676 0.99995500000000004 0.0037336898812398503 60.500000000000007 0.41650000000000004 64.500000000000014 0.62284482758620696 0.66084751292855803 0.46813506261180676 67.500000000000014 39.500000000000007 9953.5000000000018 0.43154493343989836 1.0000000180025095e-35 0.99999500000000008 0.34250000000000008 0.64350460219812455 1.0000000180025095e-35 1.0000000180025095e-35 0.0032552357812106508 0.65360989230155575
decision_type=2 10 10 10 2 10 2 10 10 2 10 10 2 10 2 2 2 2 2 2 10 2 10 10 8 2 8 8 10 2
left_child=-1 2 5 21 -5 6 8 11 10 -6 17 18 13 29 -14 -16 -12 20 19 -7 -2 22 -4 -8 -21 -9 -23 -3 -29 -13
right_child=1 27 3 4 9 7 23 25 -10 -11 16 12 14 -15 15 -17 -18 -19 -20 24 -22 26 -24 -25 -26 -27 -28 28 -30 -31
leaf_value=-0.05000045133759138 -0.050175103710497417 0.049390121303888687 -0.050195145698955515 -0.034737598668174531 -0.050173720256745241 -0.035485295100842161 0.050169472741188763 0.0043849583895312931 -0.024411261304728218 0.050166999186730836 -0.050724812260303891 0.036788199865225781 -0.042295040746962331 -0.041289465906552712 -0.043079488602215762 0.050166682601978624 0.028879477103672009 0.047837412749546067 -0.044578236344143769 0.045616384960763437 0.046654448779378965 0.050198473343330309 0.046448984554932515 0.0089403488960006754 -0.0014507703147767219 0.050102665850457362 0.027436116551461404 0.0488863280317803 -0.0063885595501282479 0.050321299303116268
leaf_weight=0.18988357358102814 0.014166697363634517 0.068865871411617263 0.0097134915472451011 0.098875389900058508 0.016707146653516247 0.066072061733848386 0.10592895650188439 0.011244384633755544 0.13605808314696333 0.069831988090300001 0.031116431512145937 0.018836294454558811 0.124672720651688 0.04755947847115749 0.03436052472989104 0.037106730364030227 0.02510232082568109 0.10344689287012443 0.15197706864364591 0.02190210521894187 0.0086830114332769881 0.15644519805209711 0.0074279215414208002 0.019945701729739085 0.02267313183801889 0.041634751876699738 0.021932087722234428 0.0069169303860688869 0.0068327034050525981 0.079873740512994118
leaf_count=23569 64 100 42 11 25 22 145 37 25 74 42 41 11 7 38 38 8 65 35 29 6 146 9 19 11 48 33 18 22 60
internal_value=-0.000259662 0.00577195 0.00360182 0.0198008 -0.0041512 -0.00199593 0.0134118 -0.0124045 0.00146947 0.0307953 0.0207625 -0.0170179 -0.00625903 0.0187913 -0.0249401 0.00533514 -0.0151806 0.036762 -0.0310453 -0.0124575 -0.0133794 0.0425151 -0.00831616 0.0436364 0.0216757 0.0403811 0.0473998 0.0447348 0.0214182 0.0477389
internal_weight=1.75579 1.56591 1.48329 0.380933 0.185415 1.10236 0.444448 0.657913 0.318573 0.0865391 0.182515 0.605034 0.342409 0.14627 0.19614 0.0714673 0.0562188 0.126297 0.262624 0.110647 0.0228497 0.195519 0.0171414 0.125875 0.0445752 0.0528791 0.178377 0.0826155 0.0137496 0.09871
internal_count=24800 1231 1091 340 110 751 374 377 210 99 185 292 195 108 87 76 50 135 97 62 70 230 51 164 40 85 179 140 40 101
is_linear=0
shrinkage=0.05


Tree=168
num_leaves=31
num_cat=0
split_feature=18 19 13 4 11 17 17 1 15 1 4 2 8 14 4 4 4 15 4 15 18 4 15 4 7 11 4 5 5 4
split_gain=0.202109 0.0598833 0.0488242 0.0692983 0.0823747 0.0516628 0.0889743 0.0766184 0.0774228 0.0715623 0.155652 0.04417 0.08341 0.0783738 0.0410481 0.0335538 0.0323964 0.0268171 0.0251446 0.0242105 0.0479415 0.0532944 0.01952 0.0186459 0.0185425 0.01278 0.00942202 0.00851351 0.00779072 0.00895247
threshold=inf inf 0.12242500000000002 0.65360989230155575 0.0036325431929383005 6.0299500000000012e-26 8.4312500000000021e-25 39.500000000000007 0.25450000000000006 66.500000000000014 0.57641196013289042 76.500000000000014 43769096.500000007 0.06950000000000002 0.46813506261180676 0.51056338028169035 0.40010890280424721 0.87750000000000006 0.43154493343989836 1.0675000000000001 1.0000000180025095e-35 0.51056338028169035 1.2245000000000001 0.46813506261180676 99428328.000000015 0.19849856688470727 0.70299970299970316 73.500000000000014 3497.5000000000005 0.84497318952234213
decision_type=8 8 8 2 10 8 8 2 8 2 2 2 10 8 2 2 2 10 2 8 10 2 10 2 10 10 2 10 10 2
left_child=1 2 3 4 27 15 -7 8 -8 11 17 12 -9 -13 -3 -4 -10 -11 25 20 21 24 -21 -19 -14 -6 -22 -1 -15 -30
right_child=-2 14 5 -5 18 6 7 9 16 10 -12 13 19 28 -16 -17 -18 23 -20 22 26 -23 -24 -25 -26 -27 -28 -29 29 -31
leaf_value=0.018701917637161759 -0.050046686308009694 -0.050090629889526797 -0.050170134929441369 0.050096559311193826 -0.050079488321643412 -0.051080143022945369 -0.050821821653389158 0.041850872610991088 -0.050058033723297791 -0.05057569620730297 0.050155519191983439 -0.051767304888119217 -0.050993887018590069 0.045610100052121454 0.050089405421346371 0.050271738635444485 0.0501699489166538 -0.050159530889523955 0.050351816173529511 -0.052058802925678153 -0.051507525544845306 0.050099936212248578 -0.019980513589238497 0.05011560350193707 0.036617276367850497 0.031219891230320592 -0.023664652941563776 -0.05153019893021657 -0.050120914536900145 0.0500769496123099
leaf_weight=0.0046838988992020649 0.18185902136701781 0.011333989421018154 0.0094784406041980018 0.12093882967019454 0.011343346096964524 0.093203186950176931 0.025051942757272738 0.045139562423173629 0.0085634512411161268 0.066397652346950053 0.13910827423387673 0.033297331176072476 0.028158936373984034 0.068836135860692593 0.10451887252565939 0.067728227673796937 0.13776417645567562 0.0071340871445499934 0.05477249575778842 0.14304196977900574 0.058218287736963248 0.043582344587775879 0.070944968688309018 0.0132390724029392 0.0076882606645085607 0.0084234516480137245 0.063554648717399687 0.054781717902187665 0.0048354264745285036 0.004136215997277759
leaf_count=84 20178 466 159 179 409 55 60 171 528 607 139 10 91 146 160 46 127 231 12 55 111 46 50 6 54 17 14 517 67 5
internal_value=-0.000249969 0.00574777 0.00287723 0.0226564 -0.00210821 -0.00154957 -0.00442077 6.85818e-05 0.030399 -0.00645083 0.0173747 -0.0158687 -0.0226981 0.0124268 0.0402887 0.0379408 0.0443044 -0.0351785 0.0329062 -0.0297159 -0.0172643 0.0129557 -0.0414236 0.0150022 -0.0322036 -0.0154345 -0.036976 -0.0459983 0.0398983 -0.00392647
internal_weight=1.69176 1.5099 1.39405 0.254944 0.134005 1.1391 1.0619 0.968693 0.17138 0.797313 0.225879 0.571434 0.460329 0.111105 0.115853 0.0772067 0.146328 0.0867708 0.0745393 0.415189 0.201202 0.0794295 0.213987 0.0203732 0.0358472 0.0197668 0.121773 0.0594656 0.0778078 0.00897164
internal_count=24800 4622 3996 1218 1039 2778 2573 2518 715 1803 983 820 592 228 626 205 655 844 438 421 316 191 105 237 145 426 125 601 218 72
is_linear=0
shrinkage=0.05


Tree=169
num_leaves=31
num_cat=1
split_feature=18 19 13 4 11 17 17 1 15 1 4 15 2 8 7 15 14 17 0 4 4 4 15 4 4 15 4 4 17 5
split_gain=0.192144 0.0570342 0.0463383 0.0660247 0.0780054 0.0490747 0.0846031 0.072731 0.0736237 0.0674257 0.148027 0.042003 0.0463978 0.079296 0.0728878 0.0402861 0.0452316 0.0510299 0.050095 0.0390427 0.0319092 0.0308115 0.0254915 0.0240017 0.0177342 0.0121264 0.00832905 0.0121147 0.00828754 0.00735615
threshold=inf inf 0.12242500000000002 0.65360989230155575 0.0036325431929383005 6.0299500000000012e-26 8.4312500000000021e-25 39.500000000000007 0.25450000000000006 66.500000000000014 0.57641196013289042 1.5580000000000001 76.500000000000014 43769096.500000007 2602857.0000000005 1.0675000000000001 0.16750000000000004 5.4502500000000007e-18 0 0.46813506261180676 0.51056338028169035 0.40010890280424721 0.87750000000000006 0.43154493343989836 0.46813506261180676 0.38150000000000006 0.51056338028169035 0.46813506261180676 0.99930500000000011 3497.5000000000005
decision_type=8 8 8 2 10 8 8 2 8 2 2 10 2 10 10 8 10 10 9 2 2 2 10 2 2 10 2 2 10 10
left_child=1 2 3 4 28 20 -7 8 -8 11 22 12 13 -9 -14 16 18 -18 -15 -3 -4 -10 -11 25 -24 -6 27 -19 -1 -16
right_child=-2 19 5 -5 23 6 7 9 21 10 -12 -13 14 15 29 -17 17 26 -20 -21 -22 -23 24 -25 -26 -27 -28 -29 -30 -31
leaf_value=0.018452500966233604 -0.050044428750734671 -0.050086209262655071 -0.050161822788590375 0.050091854898256738 -0.050079364264360805 -0.051026586026730859 -0.05078128296177218 0.040896748841043128 -0.050055209059778338 -0.050547471936378846 0.050147939224635278 0.047916864915541681 -0.051677936004122106 -0.049070673925030145 0.045154682435773322 -0.049444565920413998 -0.051127880231141724 -0.050117764956707847 0.046006456495389876 0.050085049291773633 0.050258534962047144 0.050161667707871421 -0.0501517501066207 0.050334582654240095 0.050109953171470246 0.030417152100567332 0.050132499813040778 0.050111395724224586 -0.051453834867662987 -0.005022942968686139
leaf_weight=0.0046142821111060375 0.17299725586008219 0.010782151643979554 0.0090176281714774431 0.11505110522557516 0.010809299184529664 0.088748320516515267 0.023848688700582099 0.040119116376445163 0.0081462546991133422 0.063193776822572545 0.13234337880567182 0.024818803995913186 0.031731215955915104 0.10271064110156658 0.063306421449851769 0.18866118513278707 0.021865777722723578 0.0056891636850195937 0.016014334409646835 0.099429855705238879 0.064441581736900844 0.13106642759521492 0.006787179754155658 0.052118598774541169 0.012594779254868627 0.0082490644617791986 0.041535782438586466 0.0064135913271456957 0.052222560582777078 0.008256820645328844
leaf_count=94 20178 466 159 179 409 55 60 162 528 607 139 37 10 76 140 88 10 104 80 160 46 127 231 12 6 17 43 3 507 67
internal_value=-0.000247532 0.00571592 0.00286069 0.0226037 -0.00210093 -0.00153663 -0.00438506 7.01562e-05 0.0303915 -0.00638411 0.0173702 -0.0156475 -0.018645 -0.0259811 0.0113976 -0.0329885 -0.0170042 0.0132523 -0.0362461 0.0402852 0.0379312 0.0442973 -0.0351623 0.0327769 0.0150003 -0.0152379 0.0394969 0.00299649 -0.0457785 0.0393653
internal_weight=1.61759 1.44459 1.33438 0.243065 0.128014 1.09131 1.01785 0.929103 0.163061 0.766042 0.214919 0.551123 0.526304 0.42301 0.103294 0.38289 0.194229 0.0755043 0.118725 0.110212 0.0734592 0.139213 0.0825757 0.071177 0.019382 0.0190584 0.0536385 0.0121028 0.0568368 0.0715632
internal_count=24800 4622 3996 1218 1039 2778 2573 2518 715 1803 983 820 783 566 217 404 316 160 156 626 205 655 844 438 237 426 150 107 601 207
cat_boundaries=0 1
cat_threshold=4
is_linear=0
shrinkage=0.05


Tree=170
num_leaves=31
num_cat=0
split_feature=4 4 4 17 17 6 8 4 18 7 7 5 5 17 1 14 14 1 19 5 11 2 2 4 14 7 11 17 7 4
split_gain=0.182819 0.0460764 0.147977 0.0446142 0.050205 0.0659988 0.0449468 0.0448675 0.0421176 0.0373708 0.0361919 0.0495861 0.0345413 0.0311577 0.039116 0.0174919 0.0219083 0.0114088 0.014492 0.0113319 0.00269736 7.48428e-08 7.09562e-08 4.87478e-08 2.35611e-08 2.60811e-08 1.79723e-08 8.62696e-09 7.92519e-09 5.18766e-09
threshold=0.14328485885372114 0.99628718642629199 0.7219242814777862 0.99999500000000008 2.4121500000000004e-14 6.8500000000000012e-05 151020127.00000003 0.46813506261180676 inf 153932044.00000003 53784244.000000007 5998.5000000000009 2612.5000000000005 1.4406000000000005e-17 52.500000000000007 0.031500000000000007 0.42350000000000004 89.500000000000014 1.0000000180025095e-35 231.50000000000003 0.0063341303162108504 20.500000000000004 40.500000000000007 0.38080925261899745 0.58150000000000002 93234945.000000015 0.0054246976972647512 2.8879500000000002e-22 2250539.5000000005 0.36050541516245488
decision_type=2 2 2 10 10 8 10 2 8 10 10 10 10 10 2 10 10 2 8 10 10 2 2 2 10 10 10 8 10 2
left_child=-1 2 3 4 5 13 7 15 21 -8 -3 -12 19 14 -2 -6 23 18 22 -5 -11 -4 -9 29 27 -26 -24 -23 -29 -17
right_child=1 10 8 12 6 -7 9 17 -10 20 11 -13 -14 -15 -16 16 -18 -19 -20 -21 -22 24 26 -25 25 -27 -28 28 -30 -31
leaf_value=-0.05000040758753687 0.031481893398930559 0.012094499216224875 0.050194526963863145 -0.017864714019598167 0.028211720183687207 0.043397198745498133 -0.050967481730061916 0.050175744864757343 -0.050314032828780213 0.045197410380153014 0.0011421455415504692 -0.040716758951636463 0.019797592031411716 -0.048931063353176117 -0.029920644029758248 -0.050005011010435058 0.044225667119309794 0.012182129790373548 0.013012002281940081 -0.051707709314519734 0.010975871871930479 0.050060796969801237 0.050126798909645512 -0.050199701998361157 0.050044728243871107 0.050127170724568848 0.05008158412079159 0.050077065183703307 0.050026720906083282 -0.050091531106231872
leaf_weight=0.16490389537557359 0.040894843391924729 0.15017891279421747 0.0082725259999278933 0.039478659121868986 0.018433070065839274 0.044595050452244323 0.037228266809961497 0.05792380879574921 0.010946863796561956 0.012805027168724337 0.15275917702820152 0.13178542058449239 0.032607134850877628 0.076142719055951602 0.070912786272401718 0.0034216649369227517 0.007702602641984412 0.03491906110139098 0.032075017705210485 0.066229026192104357 0.010463118792358728 0.025323413574369624 0.044504798832349479 0.023514379034168087 0.025550106161972508 0.015360553516075015 0.043419389359769411 0.0082489420892670751 0.14934670945513062 0.0035095240455120802
leaf_count=23569 35 33 3 39 30 35 12 32 2 19 32 8 19 35 29 132 15 14 35 41 26 32 24 9 50 16 41 9 422 2
internal_value=-0.000246273 0.00570537 0.0119092 0.000249737 0.00650582 -0.0112871 0.0190472 0.0277923 0.0455266 -0.0198993 -0.0077637 -0.0182446 -0.025191 -0.024262 -0.00746201 -0.0117818 -0.0311066 0.0383125 0.0434408 -0.0390684 0.0298088 0.0500468 0.0501328 -0.0501654 0.0500414 0.0500757 0.0501045 0.0500337 0.0500294 -0.0500488
internal_weight=1.54346 1.37855 0.943829 0.70078 0.562465 0.232545 0.32992 0.269423 0.243049 0.0604964 0.434724 0.284545 0.138315 0.18795 0.111808 0.0565812 0.0381482 0.212842 0.177923 0.105708 0.0232681 0.232102 0.145848 0.0304456 0.22383 0.0409107 0.0879242 0.182919 0.157596 0.00693119
internal_count=24800 1231 1158 624 525 134 391 334 534 57 73 40 99 99 64 188 158 146 132 80 45 532 97 143 529 66 65 463 431 134
is_linear=0
shrinkage=0.05


Tree=171
num_leaves=31
num_cat=1
split_feature=18 19 13 4 11 17 17 1 15 1 4 15 2 8 15 15 14 17 0 4 4 4 15 4 4 11 4 4 5 4
split_gain=0.175113 0.0539976 0.0435099 0.0605144 0.0706611 0.0447959 0.0793189 0.06614 0.0691565 0.0623356 0.136978 0.0381169 0.041504 0.0725941 0.0692682 0.0369227 0.0405306 0.0470476 0.045761 0.0358252 0.030214 0.0279686 0.023119 0.0229815 0.0160678 0.0114605 0.00758738 0.0109752 0.0075524 0.00388244
threshold=inf inf 0.12242500000000002 0.65360989230155575 0.0036325431929383005 6.0299500000000012e-26 8.4312500000000021e-25 39.500000000000007 0.25450000000000006 66.500000000000014 0.57641196013289042 1.5580000000000001 76.500000000000014 43769096.500000007 0.51550000000000018 1.0675000000000001 0.16750000000000004 5.4502500000000007e-18 0 0.46813506261180676 0.51056338028169035 0.40010890280424721 0.87750000000000006 0.43154493343989836 0.46813506261180676 0.19849856688470727 0.51056338028169035 0.46813506261180676 73.500000000000014 0.62284482758620696
decision_type=8 8 8 2 10 8 8 2 8 2 2 10 2 10 8 8 10 10 9 2 2 2 10 2 2 10 2 2 10 2
left_child=1 2 3 4 28 20 -7 8 -8 11 22 12 13 -9 -14 16 18 -18 -15 -3 -4 -10 -11 25 -24 -6 27 -19 29 -1
right_child=-2 19 5 -5 23 6 7 9 21 10 -12 -13 14 15 -16 -17 17 26 -20 -21 -22 -23 24 -25 -26 -27 -28 -29 -30 -31
leaf_value=-0.050006138208457951 -0.050042679583884246 -0.050079407155551883 -0.050157321695644241 0.050087462687915821 -0.050075553162482633 -0.050974483728376367 -0.050728179584927174 0.040329905377387433 -0.050049852169653963 -0.050505258505777431 0.050139801486217585 0.04770526184175776 -0.041812960915126166 -0.048655796560704151 0.044427281349407904 -0.049092846139386047 -0.051040067953479464 -0.050106262309581678 0.045705387692698905 0.05008196159555172 0.05024490824992698 0.050150093522422071 -0.050136990989674439 0.050312406725448344 0.050099470495654552 0.030099120253437035 0.050124249102938424 0.050100774557742866 -0.051306920942297024 0.050148165331200249
leaf_weight=0.0014409141290342422 0.15790109622912507 0.0098767263693840812 0.0085771726080564603 0.10603581204486545 0.010375680744800775 0.083681522959977994 0.022483741930955148 0.037520739218052768 0.0073914733325182161 0.05830752914016557 0.12246903222694527 0.022734557239346032 0.03829029033840925 0.094209579759990447 0.059410559630123316 0.17552449818185778 0.020233423248555482 0.00516299060154779 0.014877398035423539 0.092886319340323098 0.059285942916176282 0.12049422912241425 0.0061578610457218011 0.048269415099639446 0.011398626491427422 0.0078141888388927327 0.038089857480372302 0.0058044454781338573 0.047667769994404807 0.0029458710923790932
leaf_count=83 20178 466 159 179 409 55 60 162 528 607 139 37 79 76 138 88 10 104 80 160 46 127 231 12 6 17 43 3 517 1
internal_value=-0.000241739 0.00562919 0.00273522 0.0226464 -0.0019055 -0.00168235 -0.00450236 1.66198e-05 0.0301411 -0.00636166 0.0174356 -0.0155825 -0.0185242 -0.0258008 0.0106286 -0.032812 -0.0167916 0.0131131 -0.0357867 0.0404553 0.0375551 0.0443588 -0.0353594 0.0322631 0.014942 -0.0156333 0.0395728 0.00292767 -0.0455294 0.0172508
internal_weight=1.49732 1.33942 1.23666 0.22455 0.118514 1.01211 0.944242 0.860561 0.150369 0.710191 0.198333 0.511858 0.489124 0.391423 0.0977008 0.353902 0.178378 0.0692907 0.109087 0.102763 0.0678631 0.127886 0.075864 0.0664593 0.0175565 0.0181899 0.0490573 0.0109674 0.0520546 0.00438679
internal_count=24800 4622 3996 1218 1039 2778 2573 2518 715 1803 983 820 783 566 217 404 316 160 156 626 205 655 844 438 237 426 150 107 601 84
cat_boundaries=0 1
cat_threshold=4
is_linear=0
shrinkage=0.05


Tree=172
num_leaves=31
num_cat=0
split_feature=18 19 13 4 11 4 4 6 4 15 11 4 2 4 4 15 5 17 17 4 2 12 11 4 4 4 4 4 4 5
split_gain=0.166514 0.051401 0.041323 0.057623 0.067053 0.0426731 0.0869521 0.0853518 0.0667985 0.0382194 0.0530643 0.0340752 0.023951 0.021938 0.0167769 0.0109188 0.00717161 0.00664788 0.020817 0.00369272 0.00333857 0.00292859 0.00175112 1.01333e-05 2.78723e-06 8.59758e-07 4.34224e-07 2.52247e-07 9.60977e-08 8.81336e-08
threshold=inf inf 0.12242500000000002 0.65360989230155575 0.0036325431929383005 0.51056338028169035 0.99628718642629199 3.5500000000000002e-05 0.71432308209708173 0.87750000000000006 0.0010271337708847002 0.46813506261180676 55.500000000000007 0.43154493343989836 0.36050541516245488 0.38150000000000006 73.500000000000014 4.1435000000000006e-05 9.5596000000000008e-06 0.62284482758620696 24.500000000000004 0.28789408685801449 0.00068777162457570008 0.63550352129022059 0.46813506261180676 0.46813506261180676 0.46813506261180676 0.57641196013289042 0.38080925261899745 42161.000000000007
decision_type=8 8 8 2 10 2 2 10 2 10 10 2 2 2 2 10 10 8 10 2 2 10 10 2 2 2 2 2 2 10
left_child=1 2 3 4 16 9 7 27 -9 17 22 -3 -8 15 -12 -6 19 18 20 -1 -4 -19 -11 -18 28 -22 -2 -7 -23 -13
right_child=26 11 5 -5 13 6 12 8 -10 10 14 29 -14 -15 -16 -17 23 21 -20 -21 25 24 -24 -25 -26 -27 -28 -29 -30 -31
leaf_value=-0.050005838269374152 -0.050000932753059051 -0.050075535929120146 0.021632810392446564 0.050083201433886948 -0.050075792923018114 0.050285327294628104 -0.027983745727606459 -0.014793361931458896 0.050050105987213794 -0.051043225710649544 -0.05000253709615754 0.050055316271993305 -0.0023146189396229112 0.050297110969507557 0.037010546895109873 0.029462530739498199 -0.050077346004955163 0.024033320459996541 0.047177850700731605 0.050140919078992333 -0.050047610450057324 -0.050001509556680014 -0.031620778123218583 -0.05172153977122388 -0.050717757523961196 -0.050667908544626251 -0.050222744525065671 0.050061883186876911 -0.050174761185776733 0.05018804709163685
leaf_weight=0.0013706479289793396 0.12333507256971654 0.0093957407198100862 0.001730598444282915 0.10087275005935226 0.0099039748311042786 0.013901487225666642 0.15351361175999045 0.16189089757972397 0.052628118748543784 0.022367952476088249 0.0061098108126316211 0.073282906916574575 0.22271201369585469 0.045928899722639471 0.059362161438912153 0.007645794465133803 0.013221512042946415 0.0013429168247967018 0.0080885253410087898 0.0028025940991938114 0.0097905687230195326 0.011644755174074817 0.024118389130762807 0.032176870852708817 0.041106480173766613 0.013008300215005875 0.026871145935729146 0.13817183203354944 0.025598706910386682 0.015080161276273429
leaf_count=83 20171 466 28 179 409 4 17 35 107 77 525 151 32 12 16 17 516 12 15 1 498 1132 23 1 3 1 7 244 9 9
internal_value=-0.000240017 0.00560964 0.00272554 0.0226113 -0.00190132 -0.00167327 0.00409782 0.0214279 0.00111474 -0.0207881 -0.000114816 0.0404521 -0.0127885 0.0321274 0.0288905 -0.0154238 -0.0454766 -0.0413965 -0.0223822 0.017249 -0.0453194 -0.049179 -0.0409663 -0.0512427 -0.0504339 -0.0504015 -0.0500406 0.0500823 -0.0501206 0.050078
internal_weight=1.42898 1.27877 1.18101 0.213923 0.11305 0.967087 0.742818 0.366592 0.214519 0.224269 0.111958 0.0977588 0.376226 0.0634787 0.065472 0.0175498 0.0495716 0.112311 0.032618 0.00417324 0.0245295 0.0796929 0.0464863 0.0453984 0.0783499 0.0227989 0.150206 0.152073 0.0372435 0.0883631
internal_count=24800 4622 3996 1218 1039 2778 439 390 142 2339 641 626 49 438 541 426 601 1698 542 84 527 1156 100 517 1144 499 20178 248 1141 160
is_linear=0
shrinkage=0.05


Tree=173
num_leaves=31
num_cat=1
split_feature=18 19 14 4 11 17 17 1 1 4 15 5 15 2 2 0 4 4 4 15 15 4 15 4 4 11 10 8 4 15
split_gain=0.158092 0.0491227 0.0392665 0.0537454 0.0640159 0.0413301 0.0749026 0.0633158 0.0519252 0.123701 0.0497774 0.041733 0.0345497 0.0374197 0.0636805 0.0461151 0.0324108 0.0285295 0.0247812 0.022649 0.0957953 0.0214571 0.02075 0.0186071 0.0151149 0.0104986 0.00677814 0.00661343 0.00776842 0.0053378
threshold=inf inf 0.061500000000000006 0.65360989230155575 0.0036325431929383005 6.0299500000000012e-26 3.1047500000000005e-24 39.500000000000007 66.500000000000014 0.57641196013289042 0.25450000000000006 86.500000000000014 1.5580000000000001 76.500000000000014 97.500000000000014 0 0.46813506261180676 0.51056338028169035 0.40010890280424721 1.1010000000000002 0.58450000000000013 0.43154493343989836 0.87750000000000006 0.60357142857142876 0.46813506261180676 0.19849856688470727 72.500000000000014 79769338.000000015 0.74655719578933388 0.18850000000000003
decision_type=8 8 8 2 10 8 8 2 2 2 8 10 10 2 2 9 2 2 2 8 10 2 10 2 2 10 10 10 2 10
left_child=1 2 3 4 26 17 -7 10 11 22 29 -9 13 15 27 19 -3 -4 -12 20 -13 25 -10 -17 -24 -6 -1 -15 -29 -8
right_child=-2 16 5 -5 21 6 7 8 9 -11 18 12 -14 14 -16 23 -18 -19 -20 -21 -22 -23 24 -25 -26 -27 -28 28 -30 -31
leaf_value=0.016962347667740171 -0.050038634245827586 -0.050071853423673644 -0.050153617104293863 0.050084202736462906 -0.050067404847092149 -0.044257017992790429 -0.0025060496133287933 0.041630747039450744 -0.050455587974533769 0.050133219490747144 -0.05004616014873469 -0.04806193671546128 0.047755250458505497 0.047205829887517869 -0.050469857367440765 -0.050078898655649733 0.050074165041478262 0.050237255726164498 0.050143896684295489 -0.047676731812768845 0.046430376484762254 0.050277485177843244 -0.050139701229508518 0.050155854691702043 0.050091173050132491 0.028881227457839876 -0.051187452890283973 -0.050095761215373208 0.050027220344283509 -0.050780455445258214
leaf_weight=0.0039869683155301363 0.14288608412152837 0.0089381459347347425 0.008116273947962438 0.094889920757850632 0.0096351514494017465 0.10407627031599986 0.0089656907966855215 0.030601251775806304 0.052949176199945214 0.10935534654709045 0.0065344077556801486 0.089336509424811084 0.018638470758560288 0.046608542615103943 0.030193038231118408 0.0057706779443833503 0.08405977362417616 0.055264647438889369 0.11122151091694832 0.16671958447022917 0.038330047595991346 0.04467141698114574 0.0058761061504810632 0.023423443242791109 0.010451172012835741 0.0074800737957048105 0.042985597422557476 0.0040856807099771677 0.003684389273985289 0.015848150063902722
leaf_count=81 20178 466 159 177 409 68 25 122 634 138 510 101 31 87 18 210 160 46 125 54 106 13 226 18 6 19 474 69 8 62
internal_value=-0.000230889 0.00549604 0.00266873 0.0225848 -0.00140771 -0.00161846 -0.00441891 0.000906343 -0.00584435 0.0170162 0.0310221 -0.0147724 -0.0188166 -0.0218566 0.00775675 -0.0295964 0.040449 0.0373817 0.0445842 -0.0355406 -0.019692 0.0320392 -0.0352601 0.0303429 0.0140186 -0.0155635 -0.045403 0.0400863 -0.00261974 -0.033338
internal_weight=1.38558 1.2427 1.1497 0.203649 0.108759 0.94605 0.882669 0.778593 0.636023 0.178632 0.14257 0.457392 0.42679 0.408152 0.0845717 0.32358 0.0929979 0.0633809 0.117756 0.294386 0.127667 0.0617866 0.0692765 0.0291941 0.0163273 0.0171152 0.0469726 0.0543786 0.00777007 0.0248138
internal_count=24800 4622 3996 1173 996 2823 2618 2550 1828 1004 722 824 702 671 182 489 626 205 635 261 207 441 866 228 232 428 555 164 77 87
cat_boundaries=0 1
cat_threshold=4
is_linear=0
shrinkage=0.05


Tree=174
num_leaves=31
num_cat=0
split_feature=4 8 11 5 2 10 4 11 4 2 14 17 11 1 4 4 4 1 8 4 4 6 4 15 5 19 14 4 13 19
split_gain=0.150546 0.0392462 0.0407207 0.0623159 0.0571566 0.0532286 0.0425885 0.0448608 0.0412827 0.0372698 0.0533756 0.04871 0.0317106 0.113547 0.0365504 0.090205 0.025677 0.0149749 0.0329343 0.0347477 0.0142034 0.0131716 0.0130204 0.029531 0.0122527 0.00724681 0.0116625 0.0047716 0.00591011 0.00344681
threshold=0.14328485885372114 155083767.50000003 0.025979923956329753 10008.500000000002 29.500000000000004 438.50000000000006 0.74655719578933388 0.00014937442776370003 0.46813506261180676 63.500000000000007 0.55350000000000021 0.99995500000000004 0.0084122604638494514 60.500000000000007 0.99628718642629199 0.66084751292855803 0.46813506261180676 62.500000000000007 133142986.00000001 0.63550352129022059 0.43154493343989836 3.190330000000001e-05 0.46813506261180676 1.1865000000000003 8001.5000000000009 1.0000000180025095e-35 0.15850000000000003 0.57641196013289042 0.75053000000000003 1.0000000180025095e-35
decision_type=2 10 10 10 2 10 2 10 2 2 10 10 10 2 2 2 2 2 10 2 2 10 2 10 10 8 8 2 10 8
left_child=-1 2 5 20 -5 6 9 -8 -6 10 11 16 14 -14 15 -7 21 -15 19 -19 24 -2 23 -11 -4 -9 -27 28 -3 -22
right_child=1 27 3 4 8 12 7 25 -10 22 -12 -13 13 17 -16 -17 -18 18 -20 -21 29 -23 -24 -25 -26 26 -28 -29 -30 -31
leaf_value=-0.050000353969942637 0.035649392416686548 -0.030787938694758727 -0.050148854935957089 -0.033764844913433616 -0.050132911848435061 -0.046998244433740184 -0.038627917324551071 0.050150126818436502 0.050129622616036498 -0.050104043711273395 -0.042702870883249595 -0.026228169005110154 0.047704943460086816 -0.050434344721235216 -0.050659659313697702 0.050096790766478209 0.047112039195316327 -0.044741570283237976 -0.049657598926852127 0.050232599462973954 0.050151577676202021 -0.050140403762576363 0.050083579668571437 0.050704543086360611 0.046327818093929767 -0.032007389299313363 0.050031130892375458 0.050079528503905318 0.050122253795248574 0.025836201249796083
leaf_weight=0.13628393730823529 0.0070799035411253089 0.00439653681769403 0.0073592719122643757 0.07569441688247025 0.012804059876998508 0.059421401667805185 0.018682198890019208 0.098465619987109676 0.051807932060910389 0.01298889427607719 0.081760430582562549 0.061314743207731226 0.074776647948510799 0.051802022120682523 0.10055714339250699 0.04003908448794391 0.065741340469685383 0.015307624512388429 0.037644530850229785 0.025968365589505993 0.11766736833669711 0.012156238876286807 0.039966964061022736 0.016484923501593585 0.0059532238665269688 0.0074878613522741935 0.010278812711476348 0.052645558185759 0.0046378519618883729 0.016635020001558587
leaf_count=23569 22 41 44 11 25 94 5 154 74 61 20 38 85 4 6 45 43 23 7 24 146 31 44 3 7 5 37 97 2 33
internal_value=-0.000227756 0.00548429 0.00335674 0.0195787 -0.00428065 -0.00221733 0.00998654 0.0332878 0.0302607 -0.000580656 -0.0103463 0.00773733 -0.0152305 -0.00143626 -0.0294027 -0.0079114 0.0322448 -0.0295463 -0.0158358 0.0150105 0.0422568 -0.0185653 0.0314909 0.00627894 -0.00700539 0.0448469 0.0154556 0.0443185 0.0107477 0.0471398
internal_weight=1.32381 1.18753 1.12585 0.287921 0.140306 0.837925 0.432408 0.134914 0.064612 0.297493 0.228053 0.146292 0.405517 0.205499 0.200018 0.0994605 0.0849775 0.130723 0.0789205 0.041276 0.147615 0.0192361 0.0694408 0.0294738 0.0133125 0.116232 0.0177667 0.0616799 0.00903439 0.134302
internal_count=24800 1231 1091 340 110 751 463 201 99 262 154 134 288 143 145 139 96 58 54 47 230 53 108 64 51 196 42 140 43 179
is_linear=0
shrinkage=0.05


Tree=175
num_leaves=31
num_cat=1
split_feature=18 19 13 4 11 17 17 1 15 1 4 15 2 8 7 15 14 17 0 4 4 4 4 15 4 15 4 4 17 5
split_gain=0.143926 0.0458595 0.0366396 0.0506933 0.0572181 0.0376184 0.0677186 0.0564226 0.0584631 0.0548237 0.114396 0.0312256 0.0344998 0.0617514 0.0590717 0.0303339 0.0339815 0.0397768 0.0381258 0.0294866 0.0258891 0.0230625 0.0194559 0.01921 0.0138252 0.00963692 0.00643447 0.00918708 0.00627994 0.00561851
threshold=inf inf 0.12242500000000002 0.65360989230155575 0.0036325431929383005 6.0299500000000012e-26 8.4312500000000021e-25 39.500000000000007 0.25450000000000006 66.500000000000014 0.57641196013289042 1.5580000000000001 76.500000000000014 43769096.500000007 2602857.0000000005 1.0675000000000001 0.16750000000000004 5.4502500000000007e-18 0 0.46813506261180676 0.51056338028169035 0.40010890280424721 0.43154493343989836 0.87750000000000006 0.46813506261180676 0.38150000000000006 0.51056338028169035 0.46813506261180676 0.99930500000000011 3497.5000000000005
decision_type=8 8 8 2 10 8 8 2 8 2 2 10 2 10 10 8 10 10 9 2 2 2 2 10 2 10 2 2 10 10
left_child=1 2 3 4 28 20 -7 8 -8 11 23 12 13 -9 -14 16 18 -18 -15 -3 -4 -10 25 -11 -25 -6 27 -19 -1 -16
right_child=-2 19 5 -5 22 6 7 9 21 10 -12 -13 14 15 29 -17 17 26 -20 -21 -22 -23 -24 24 -26 -27 -28 -29 -30 -31
leaf_value=0.016512970086350227 -0.050036935359891926 -0.050065438088268077 -0.050139533075473579 0.050075649461546926 -0.050067216371891203 -0.050838587840813049 -0.050608786925384744 0.039695100007716755 -0.05004062295486679 -0.050419171850170898 0.050122750855682144 0.047211329650261633 -0.051394748655290458 -0.047975257145188417 0.044196376227096608 -0.048390582579788899 -0.05087741703641116 -0.050084689352394421 0.045329588917936425 0.05006960645661819 0.050214549241130939 0.050129604089373572 0.050255392772225016 -0.050125681853765564 0.050084828873584834 0.028593306477226618 0.050107224804353381 0.050083635977098785 -0.051070530442907505 -0.0042756730239224602
leaf_weight=0.0037657120756192644 0.13012410355713666 0.0081193724204237094 0.0073720897380554753 0.088719898019917309 0.0088245868305421027 0.071879183578403172 0.018996637482359802 0.03274053978293523 0.0060886246751579156 0.048269843972320814 0.10452535243530292 0.018949548195450916 0.026680985248276556 0.081507757588042296 0.051119558266691456 0.15188972169471526 0.017194155128890998 0.0043468683397804853 0.012647224808461033 0.077765141424606554 0.050113958466681652 0.10212774956016801 0.039690577483270317 0.0053487104296436891 0.0096538306679576635 0.0069684403206338166 0.032237704785075039 0.0048353517195209861 0.039409846822309191 0.0067700513518502694
leaf_count=94 20178 466 159 179 409 55 60 162 528 607 139 37 10 76 140 88 10 104 80 160 46 127 12 231 6 17 43 3 507 67
internal_value=-0.000221772 0.00547152 0.00260525 0.0226509 -0.00201101 -0.00173561 -0.0045167 7.60955e-06 0.0302921 -0.00632141 0.0180025 -0.0155782 -0.0183979 -0.0255556 0.0101583 -0.0325679 -0.0168362 0.0130516 -0.0354422 0.040603 0.037345 0.0444937 0.0315786 -0.0350599 0.0143577 -0.0153594 0.0395897 0.00266389 -0.045176 0.0385277
internal_weight=1.26868 1.13856 1.05267 0.187379 0.0986592 0.865295 0.807809 0.73593 0.127213 0.608717 0.167798 0.440919 0.42197 0.337399 0.0845706 0.304659 0.152769 0.0586141 0.094155 0.0858845 0.057486 0.108216 0.0554836 0.0632724 0.0150025 0.015793 0.0414199 0.00918222 0.0431756 0.0578896
internal_count=24800 4622 3996 1218 1039 2778 2573 2518 715 1803 983 820 783 566 217 404 316 160 156 626 205 655 438 844 237 426 150 107 601 207
cat_boundaries=0 1
cat_threshold=4
is_linear=0
shrinkage=0.05


Tree=176
num_leaves=31
num_cat=1
split_feature=4 17 17 1 1 4 11 1 1 4 17 1 15 15 0 4 8 11 10 4 14 15 5 4 14 4 15 19 2 4
split_gain=0.136985 0.0360053 0.0843144 0.0499632 0.063818 0.0915912 0.0448883 0.0366785 0.0703869 0.0358717 0.0326318 0.0672972 0.0276493 0.0287614 0.0255775 0.0232726 0.023145 0.0219681 0.0488482 0.0199702 0.0105265 0.00869312 0.00601558 0.00503195 0.00907167 0.00472623 0.0054194 0.00467545 0.0077538 0.00232599
threshold=0.14328485885372114 6.0299500000000012e-26 8.4312500000000021e-25 39.500000000000007 69.500000000000014 0.51056338028169035 0.12327149981638566 60.500000000000007 48.500000000000007 0.99628718642629199 8.3375999999999994e-22 67.500000000000014 0.20950000000000002 0.19150000000000003 0 0.46813506261180676 47123753.000000007 0.0039322517042124508 99.500000000000014 0.57641196013289042 0.024500000000000004 0.68150000000000011 7816.0000000000009 0.46813506261180676 0.42350000000000004 0.57641196013289042 0.9275000000000001 2.0000000000000004 41.500000000000007 0.60357142857142876
decision_type=2 8 8 2 2 2 10 2 2 2 10 2 8 10 9 2 10 10 10 2 8 10 10 2 10 2 10 8 2 2
left_child=-1 19 -3 12 6 14 7 8 16 10 -9 -12 13 15 21 -4 -5 -18 -19 -2 -16 -6 -22 24 -14 26 -10 -25 -29 -8
right_child=1 2 3 4 5 -7 29 9 25 -11 11 -13 23 -15 20 -17 17 18 -20 -21 22 -23 -24 27 -26 -27 -28 28 -30 -31
leaf_value=-0.050000330905870541 -0.012691277901092205 -0.050800407017754602 -0.050150723217633267 0.011414763567827113 -0.044658059403226272 0.050095138149671849 0.026408931781491729 -0.047991053046891698 -0.026829512697064864 -0.050515934969443538 0.045626035795220003 -0.043338150169033654 -0.05005894815225246 -0.048759677130581019 0.049128711805141889 0.050109093190949021 -0.041013683030556296 -0.049869220597622867 0.041465073370510828 0.050177745610723072 -0.050066161617689668 -0.00010409903852032318 0.02828595031102818 0.050109739855057511 0.048811071093677195 0.050176320825866719 0.048386808362317964 -0.015065686204845958 0.050040287947382259 0.050097620813753713
leaf_weight=0.12404288552170339 0.015732194290194124 0.068151863986713468 0.0074341622876091798 0.061083772809070069 0.045857152330427198 0.13233594562916551 0.017156312244424043 0.038817884701074945 0.0046112774512039323 0.095906128641217947 0.049183930890649208 0.037437825657889334 0.0039429771313734818 0.019243841992192756 0.016666905893089279 0.02613986224605469 0.088032198876589973 0.027663113636663184 0.031094566690171632 0.064084475801791996 0.0056088631549755519 0.014381800874161854 0.004349322251528065 0.099607089592609555 0.0056366958460785099 0.056781493782182224 0.0049822194796433905 0.0078349355462705716 0.010984745429595932 0.026168469252297655
leaf_count=23569 24 8 37 34 61 238 19 7 52 4 69 20 58 9 12 39 29 3 40 67 41 27 5 141 11 86 10 9 34 37
internal_value=-0.000220533 0.00546054 0.00289861 0.00679628 0.00116334 0.0239098 -0.00808857 -0.0123551 -0.000135007 -0.027496 -0.00989583 0.00717581 0.0304128 -2.47519e-05 -0.0159831 0.027909 -0.0144485 -0.025211 -0.00153511 0.037786 0.0248275 -0.034021 -0.0158452 0.0429719 0.00811634 0.0446922 0.0122328 0.0457914 0.0229356 0.0407171
internal_weight=1.21095 1.08691 1.0071 0.938943 0.758119 0.2192 0.538919 0.495594 0.274249 0.221346 0.12544 0.0866218 0.180824 0.0528179 0.086864 0.033574 0.207874 0.14679 0.0587577 0.0798167 0.0266251 0.060239 0.00995819 0.128006 0.00957967 0.066375 0.0095935 0.118427 0.0188197 0.0433248
internal_count=24800 1231 1140 1132 794 384 410 354 254 100 96 89 338 85 146 76 106 72 43 91 58 88 46 253 69 148 62 184 43 56
cat_boundaries=0 1
cat_threshold=4
is_linear=0
shrinkage=0.05


Tree=177
num_leaves=31
num_cat=0
split_feature=18 19 13 4 11 4 1 4 6 1 15 11 4 17 4 7 4 11 5 17 17 4 2 14 11 4 4 4 4 4
split_gain=0.130921 0.0421791 0.0333664 0.0461903 0.0519361 0.0344188 0.0698672 0.0504491 0.0724872 0.0517642 0.0309825 0.0422484 0.0272539 0.0260028 0.0179642 0.0179414 0.0136601 0.00920416 0.00578838 0.00508817 0.0163538 0.00320966 0.00261511 0.00230557 0.00160814 4.91328e-06 1.40686e-06 4.42326e-07 2.36401e-07 1.31711e-07
threshold=inf inf 0.12242500000000002 0.65360989230155575 0.0036325431929383005 0.51056338028169035 66.500000000000014 0.99628718642629199 3.5500000000000002e-05 39.500000000000007 0.87750000000000006 0.0010271337708847002 0.46813506261180676 8.4312500000000021e-25 0.43154493343989836 88902156.500000015 0.36050541516245488 0.19849856688470727 73.500000000000014 4.1435000000000006e-05 9.5596000000000008e-06 0.62284482758620696 24.500000000000004 0.057500000000000009 0.00068777162457570008 0.63550352129022059 0.46813506261180676 0.46813506261180676 0.46813506261180676 0.57641196013289042
decision_type=8 8 8 2 10 2 2 2 10 2 10 10 2 8 2 10 2 10 10 8 10 2 2 8 10 2 2 2 2 2
left_child=1 2 3 4 18 10 7 8 29 -10 19 24 -3 -8 17 -11 -13 -6 21 20 22 -1 -4 -21 -12 -20 -25 -24 -2 -7
right_child=28 12 5 -5 14 6 13 -9 9 15 11 16 -14 -15 -16 -17 -18 -19 25 23 -22 -23 27 26 -26 -27 -28 -29 -30 -31
leaf_value=-0.050005971985168422 -0.050000816920021743 -0.050061440363562165 0.020076213984074887 0.050068542494825757 -0.050058980855593418 0.05023204099950334 -0.0093279708334620664 -0.019461782808314402 0.050096780132132472 0.0011052100945687815 -0.05087221260444709 -0.050002198394887211 0.050064408306080527 0.050110960378431713 0.050231458606714123 -0.038726098928500485 0.035995560359321638 0.029277693057377666 -0.050060159128194705 0.023113798359265105 0.046625803702165874 0.050117599681472828 -0.050038522511961871 -0.050097853893422618 -0.03047197429018187 -0.051348375027469806 -0.050569672020293166 -0.05053069746645749 -0.050181966624294999 0.050048429887502077
leaf_weight=0.0012163265341769139 0.096284365607971378 0.0075098782444908965 0.0014206055070644643 0.080740753357531503 0.0082874829354295798 0.011308038665447384 0.02283216585055925 0.25971393223153427 0.030293751740828156 0.046462579572107643 0.018858355536849558 0.0050948411235367521 0.071532768306497019 0.094787362082570326 0.036375153460539877 0.07220905514259357 0.049300280690658838 0.0065411660889367349 0.010417253223749867 0.0010865673953048818 0.0063862323454486605 0.0023409838322550058 0.0081413461698502942 0.030500267854677077 0.019806247668384458 0.025569850578904152 0.032779358327388763 0.010392096824944019 0.022153932601213455 0.071671361227345187
leaf_count=83 20171 466 28 179 409 4 17 31 45 31 77 525 160 139 12 19 16 17 516 22 15 1 498 1131 23 1 3 1 7 153
internal_value=-0.000216891 0.00543707 0.00255948 0.0225579 -0.00191887 -0.00176501 0.00395562 -0.00432584 0.0126222 -0.00823953 -0.0207318 -0.000462754 0.0405514 0.0385727 0.0313224 -0.0231313 0.0279407 -0.0150622 -0.0449611 -0.0415267 -0.0230148 0.015883 -0.0453031 -0.0491022 -0.040422 -0.0509755 -0.0503423 -0.0503145 -0.0500347 0.0500735
internal_weight=1.16201 1.04358 0.964533 0.171489 0.0907482 0.793044 0.609278 0.491659 0.231945 0.148965 0.183766 0.0930597 0.0790426 0.11762 0.0512038 0.118672 0.0543951 0.0148286 0.0395444 0.0907065 0.0263403 0.00355731 0.019954 0.0643662 0.0386646 0.0359871 0.0632796 0.0185334 0.118438 0.0829794
internal_count=24800 4622 3996 1218 1039 2778 439 283 252 95 2339 641 626 156 438 50 541 426 601 1698 542 84 527 1156 100 517 1134 499 20178 157
is_linear=0
shrinkage=0.05


Tree=178
num_leaves=31
num_cat=0
split_feature=18 19 14 4 11 4 4 6 4 15 11 4 18 4 17 17 11 10 17 17 4 2 11 4 4 4 4 4 4 4
split_gain=0.124349 0.0402691 0.0317575 0.0431725 0.0495759 0.0332464 0.0674841 0.0654909 0.0513346 0.0307612 0.0393725 0.0259231 0.0187229 0.0176074 0.0131744 0.0137558 0.00865357 0.00545916 0.00533832 0.0154877 0.00309074 0.00252361 0.00170543 0.00110963 0.00976215 4.15258e-06 1.22163e-06 3.80354e-07 2.03451e-07 1.16593e-07
threshold=inf inf 0.061500000000000006 0.65360989230155575 0.0036325431929383005 0.51056338028169035 0.99628718642629199 3.5500000000000002e-05 0.71432308209708173 0.87750000000000006 0.0010271337708847002 0.46813506261180676 2.0000000000000004 0.43154493343989836 1.4406000000000005e-17 0.0056770500000000012 0.19849856688470727 72.500000000000014 4.1435000000000006e-05 9.5596000000000008e-06 0.62284482758620696 24.500000000000004 0.00068777162457570008 0.40010890280424721 0.36050541516245488 0.63550352129022059 0.46813506261180676 0.46813506261180676 0.46813506261180676 0.57641196013289042
decision_type=8 8 8 2 10 2 2 10 2 10 10 2 10 2 10 10 10 10 8 10 2 2 10 2 2 2 2 2 2 2
left_child=1 2 3 4 17 9 7 29 -9 18 22 -3 -8 16 -12 23 -6 20 19 21 -1 -4 -11 24 -16 -19 -20 -23 -2 -7
right_child=28 11 5 -5 13 6 12 8 -10 10 14 -13 -14 -15 15 -17 -18 25 26 -21 -22 27 -24 -25 -26 -27 -28 -29 -30 -31
leaf_value=-0.050005634567111837 -0.050000774474337456 -0.05005844169390742 0.01922669991639472 0.050069800110172979 -0.050055351711621225 0.050220687824809832 -0.00056680230098185493 -0.013466463858145726 0.050038978527084346 -0.050829032545026721 -0.050140224963877135 0.050061269537924329 -0.025380623976964691 0.050216160869452492 -0.050002276197305962 -0.050151688164821767 0.027679379319998278 -0.050058356593318754 -0.050092103173306951 0.046294824690100211 0.050111848660694729 -0.050036645700340679 -0.029463748661902531 0.050152932891686514 0.050738386794249885 -0.051280888067502854 -0.050541592724753087 -0.050504539537513507 -0.050173068317023152 0.050047952567713529
leaf_weight=0.0011789554805545768 0.091588593332289858 0.0071440341066588689 0.0014094974239924332 0.076099146630440373 0.0079934783866519865 0.010758909513242543 0.1573803165811114 0.13301705601043068 0.041828947913018055 0.017953478220988472 0.0049766090583034375 0.068048232860746793 0.14704845345113426 0.035384721821174026 0.002889273316213802 0.0042857717762672101 0.0064845235219763717 0.009717646009676173 0.029324644697226177 0.0061171274110165532 0.0022270616609603167 0.0077445710394385961 0.019468604309167858 0.026437788503244519 0.014341034926474094 0.0243539959192276 0.031197575852274895 0.0098902583122253418 0.021077115903608501 0.10617870636633597
leaf_count=80 20171 466 28 177 409 4 35 36 109 77 161 160 13 13 274 92 19 473 1196 15 1 498 23 13 1 1 3 1 7 244
internal_value=-0.000207749 0.00534543 0.00251647 0.0225394 -0.00144767 -0.00172121 0.003916 0.0210984 0.00172614 -0.0208137 -0.00045975 0.0405489 -0.0125526 0.0312108 0.0272931 0.0353291 -0.0152389 -0.0448986 -0.0422768 -0.0229209 0.0154573 -0.0451534 -0.0397139 0.0437185 0.0338456 -0.0509322 -0.0503238 -0.0502991 -0.050033 0.0500638
internal_weight=1.12355 1.01088 0.935688 0.16344 0.0873404 0.772249 0.596212 0.291784 0.174846 0.176036 0.0903526 0.0751923 0.304429 0.0498627 0.0529305 0.0479539 0.014478 0.0374777 0.0856837 0.0251615 0.00340602 0.0190443 0.0374221 0.0436681 0.0172303 0.0340716 0.0605222 0.0176348 0.112666 0.116938
internal_count=24800 4622 3996 1173 996 2823 441 393 145 2382 641 626 48 441 541 380 428 555 1741 542 81 527 100 288 275 474 1199 499 20178 248
is_linear=0
shrinkage=0.05


Tree=179
num_leaves=31
num_cat=1
split_feature=18 19 13 4 11 17 17 1 15 1 4 2 8 15 4 4 4 0 4 4 6 4 15 11 15 4 15 7 5 4
split_gain=0.118079 0.0384666 0.03018 0.0419195 0.0467719 0.0333115 0.0597032 0.0500281 0.0484722 0.046924 0.0953885 0.0280102 0.0534674 0.0527746 0.0246573 0.0229634 0.0190155 0.0174771 0.0302178 0.0216917 0.0502396 0.0163758 0.0160728 0.0160262 0.034909 0.0122818 0.00833373 0.00747598 0.0052239 0.00359132
threshold=inf inf 0.12242500000000002 0.65360989230155575 0.0036325431929383005 6.0299500000000012e-26 8.4312500000000021e-25 39.500000000000007 0.25450000000000006 66.500000000000014 0.57641196013289042 76.500000000000014 43769096.500000007 0.51550000000000018 0.46813506261180676 0.51056338028169035 0.40010890280424721 0 0.60357142857142876 0.99628718642629199 1.7500000000000002e-05 0.43154493343989836 0.87750000000000006 0.0044608234654607507 0.59150000000000003 0.46813506261180676 0.38150000000000006 125139029.50000001 73.500000000000014 0.6658887592376509
decision_type=8 8 8 2 10 8 8 2 8 2 2 2 10 8 2 2 2 9 2 2 10 2 10 10 10 2 10 10 10 2
left_child=1 2 3 4 28 15 -7 8 -8 11 22 12 29 -13 -3 -4 -10 19 27 20 -14 26 -11 -22 -25 -24 -6 -19 -1 -9
right_child=-2 14 5 -5 21 6 7 9 16 10 -12 13 17 -15 -16 -17 -18 18 -20 -21 23 -23 25 24 -26 -27 -28 -29 -30 -31
leaf_value=0.015880595262695984 -0.05003140123677452 -0.05005559363796365 -0.050128795227985037 0.050062177536664879 -0.050057284728223073 -0.05073357099023032 -0.050498524175180463 0.012314333216815318 -0.050033106353669435 -0.050343970502332747 0.050107194259177396 -0.041559235753050504 0.045207956963957296 0.043577528045048351 0.050058283247556373 0.050209107481956776 0.050114971560200616 -0.050633304454576061 0.050144616800144315 -0.051779822324062155 -0.046523323942461718 0.05020937047007034 -0.050122318725668052 -0.051003098700160655 0.048890493938106482 0.050073149960284016 0.027866822112457491 0.036245990030156994 -0.050880940694336109 0.05010555955058691
leaf_weight=0.0032192579947150071 0.10717429617852758 0.0067959924585920808 0.0065408890209255324 0.073171902593458071 0.0075433254646668502 0.063517775111904484 0.015612024430083693 0.0086572318496109801 0.0050098966416953763 0.040007804075230524 0.088774664342054166 0.029113270819379977 0.023660294237288326 0.048569714919722173 0.064733245686511509 0.044474524620454758 0.087927966633287724 0.017880667018744134 0.017833353136666119 0.099184557795524597 0.083497809179334581 0.032927844440564513 0.0048290387117049258 0.019574945687963918 0.015809225689281448 0.0083416835404932499 0.0062939523704699241 0.002874158697522943 0.032621420855321048 0.022957067412789911
leaf_count=84 20178 466 159 179 409 55 60 147 528 607 139 79 112 149 160 46 127 118 18 3 59 12 231 27 32 6 17 52 517 24
internal_value=-0.000198345 0.00524062 0.00246676 0.0225035 -0.00190791 -0.00166931 -0.00449791 8.99883e-05 0.0310223 -0.00622663 0.0183846 -0.0151936 -0.0218839 0.0116708 0.0405465 0.0373444 0.0447164 -0.0288358 0.00241178 -0.0338241 -0.02133 0.0310291 -0.0345722 -0.0345726 -0.00637183 0.0133365 -0.0146131 -0.0386021 -0.0448843 0.0397568
internal_weight=1.08913 0.981956 0.910426 0.155778 0.0826058 0.754649 0.703633 0.640115 0.10855 0.531565 0.141953 0.389612 0.311929 0.077683 0.0715292 0.0510154 0.0929379 0.280315 0.0385882 0.241727 0.142542 0.0467651 0.0531785 0.118882 0.0353842 0.0131707 0.0138373 0.0207548 0.0358407 0.0316143
internal_count=24800 4622 3996 1218 1039 2778 2573 2518 715 1803 983 820 592 228 626 205 655 421 188 233 230 438 844 118 59 237 426 170 601 171
cat_boundaries=0 1
cat_threshold=4
is_linear=0
shrinkage=0.05


Tree=180
num_leaves=31
num_cat=1
split_feature=4 17 17 1 1 4 11 1 1 4 17 1 15 15 0 8 11 1 4 4 14 15 5 4 15 19 18 11 11 4
split_gain=0.11258 0.0315743 0.0736689 0.0439436 0.0540314 0.07622 0.0381265 0.0311055 0.0609774 0.0315275 0.0287448 0.0556748 0.0232502 0.0237022 0.020493 0.020192 0.01945 0.0391764 0.0126718 0.0103572 0.0086659 0.00712147 0.00483038 0.0041046 0.00501062 0.00368943 0.0131289 0.00219013 0.00134433 0.00120081
threshold=0.14328485885372114 6.0299500000000012e-26 8.4312500000000021e-25 39.500000000000007 69.500000000000014 0.51056338028169035 0.12327149981638566 60.500000000000007 48.500000000000007 0.99628718642629199 8.3375999999999994e-22 67.500000000000014 0.20950000000000002 0.19150000000000003 0 47123753.000000007 0.0039322517042124508 40.500000000000007 0.66084751292855803 0.66084751292855803 0.024500000000000004 0.68150000000000011 7816.0000000000009 0.57641196013289042 0.68150000000000011 2.0000000000000004 1.0000000180025095e-35 0.45274006127130401 0.0079859630062239523 0.51056338028169035
decision_type=2 8 8 2 2 2 10 2 2 2 10 2 8 10 9 10 10 2 2 2 8 10 10 2 10 8 8 10 10 2
left_child=-1 18 -3 12 6 14 7 8 15 10 -9 -12 13 19 21 -5 -17 -18 -2 -4 -16 28 -22 24 -10 29 -27 -8 -6 -14
right_child=1 2 3 4 5 -7 27 9 23 -11 11 -13 25 -15 20 16 17 -19 -20 -21 22 -23 -24 -25 -26 26 -28 -29 -30 -31
leaf_value=-0.050000284482626979 0.0012226564265335979 -0.050700054060968149 -0.014463090956026806 0.01156903884431895 -0.030155326417638607 0.050082392335497578 0.049430912844545934 -0.047707472814950566 -0.050060039479545682 -0.050241237321072101 0.045401714484701969 -0.042545880297776534 0.036820872347666192 -0.048502816347092373 0.048961151606306381 -0.040382285857215455 -0.046051109675147896 0.041038899244669219 0.050173490568644577 0.05007489850328694 -0.050054113420749495 -0.00087511636237613908 0.026184662986370177 0.050166878689610339 0.036644797382977039 0.0497197151485958 -0.050101436851882758 0.024254854146859725 -0.050438099383245671 0.050092831839829835
leaf_weight=0.10230318204980904 0.01775792672924581 0.060232203990381095 0.00945535516120799 0.053666494316075841 0.011885504400879654 0.11088071560516255 0.024010143034502107 0.033500502240258356 0.0023316668139159447 0.083799863234162331 0.042485020851017907 0.031217369095656977 0.022452807388617657 0.016009569244033628 0.013693106927803456 0.079398611299438926 0.024950741358225059 0.026764947861920518 0.05174520039872732 0.01814884979830822 0.0045943371510475117 0.012719070270122756 0.0037928126266706386 0.04925533891946543 0.0058388753918734437 0.011426361710618949 0.0046281991876639941 0.013492916052200599 0.026129340036959547 0.070735010456701275
leaf_count=23569 27 8 38 34 39 238 35 7 43 4 69 20 53 9 12 29 5 38 64 38 41 27 5 86 19 46 22 21 22 132
internal_value=-0.000197345 0.00524023 0.00264225 0.00662227 0.000984233 0.0239827 -0.00799087 -0.0121777 -0.000279948 -0.0272651 -0.0093048 0.00815065 0.0307598 -0.000102285 -0.0157617 -0.0142657 -0.0248402 -0.00097853 0.0376666 0.0279685 0.0244462 -0.0332609 -0.0155776 0.0447225 0.0119014 0.0430811 0.0209433 0.040373 -0.0440966 0.0468951
internal_weight=1.0393 0.936999 0.867496 0.807264 0.654407 0.183695 0.470712 0.433209 0.242207 0.191003 0.107203 0.0737024 0.152856 0.0436138 0.0728142 0.184781 0.131114 0.0517157 0.0695031 0.0276042 0.0220803 0.0507339 0.00838715 0.0574259 0.00817054 0.109242 0.0160546 0.0375031 0.0380148 0.0931878
internal_count=24800 1231 1140 1132 794 384 410 354 254 100 96 89 338 85 146 106 72 43 91 76 58 88 46 148 62 253 68 56 61 185
cat_boundaries=0 1
cat_threshold=4
is_linear=0
shrinkage=0.05


Tree=181
num_leaves=31
num_cat=1
split_feature=18 19 13 4 11 17 17 1 15 1 4 2 8 6 4 4 4 0 4 4 6 4 15 11 15 4 11 6 17 4
split_gain=0.107226 0.0350611 0.0273636 0.0383285 0.0426177 0.0297505 0.0539259 0.0448598 0.0440421 0.0419438 0.0863971 0.0256472 0.0488238 0.0479558 0.0229982 0.0216353 0.0179419 0.0164938 0.0276439 0.0196413 0.04562 0.0154608 0.0150367 0.0144226 0.0316425 0.0115556 0.00775516 0.00718841 0.0048069 0.00344087
threshold=inf inf 0.12242500000000002 0.65360989230155575 0.0036325431929383005 6.0299500000000012e-26 8.4312500000000021e-25 39.500000000000007 0.25450000000000006 66.500000000000014 0.57641196013289042 76.500000000000014 43769096.500000007 0.00041250000000000005 0.46813506261180676 0.51056338028169035 0.40010890280424721 0 0.60357142857142876 0.99628718642629199 1.7500000000000002e-05 0.43154493343989836 0.87750000000000006 0.0044608234654607507 0.59150000000000003 0.46813506261180676 0.19849856688470727 3.5500000000000002e-05 0.99930500000000011 0.6658887592376509
decision_type=8 8 8 2 10 8 8 2 8 2 2 2 10 10 2 2 2 9 2 2 10 2 10 10 10 2 10 10 10 2
left_child=1 2 3 4 28 15 -7 8 -8 11 22 12 29 -13 -3 -4 -10 19 27 20 -14 26 -11 -22 -25 -24 -6 -19 -1 -9
right_child=-2 14 5 -5 21 6 7 9 16 10 -12 13 17 -15 -16 -17 -18 18 -20 -21 23 -23 25 24 -26 -27 -28 -29 -30 -31
leaf_value=0.015080899143032511 -0.050029248776943508 -0.050053161210901989 -0.050123283180897149 0.050056362486476026 -0.05005045832772026 -0.050663017157910342 -0.050450694672235445 0.012332908531502188 -0.050034066530707792 -0.050310288034728305 0.050096903273812332 0.042142026697601732 0.044738147180959441 -0.042639720365672436 0.050053799836376547 0.05018955720489067 0.050104604273473144 -0.050570340814250929 0.050135389614890218 -0.051613860823278859 -0.04610884746595964 0.050190698602454467 -0.050117544630131794 -0.050908821039203113 0.048756893099057182 0.050068882881489363 0.027675076086999002 0.036132026348977886 -0.050800788608243698 0.050096739695919761
leaf_weight=0.0030511451686834326 0.097408419881503505 0.0063516321843053438 0.0061983304019577181 0.066621840203879401 0.0071196421013155486 0.05755127894940415 0.01427731262629095 0.0084520083346433239 0.0047386379260387903 0.036513837197617249 0.08051450971106533 0.046389298426674941 0.021789439578697056 0.026043001020298107 0.059315795195288956 0.040472803942975588 0.079810836308752187 0.016417929113231367 0.016605841854470782 0.090463919565081596 0.07775194193459356 0.03043496998725459 0.0045391881542400378 0.017801043980171016 0.014410845880320267 0.007865395222324878 0.0058430692652109428 0.002798047880332887 0.029908926848065676 0.021066302586405072
leaf_count=94 20178 466 159 179 409 55 60 147 528 607 139 199 112 29 160 46 127 107 18 3 59 12 231 27 32 6 17 63 507 24
internal_value=-0.000194466 0.00519253 0.00242747 0.0223415 -0.00183956 -0.00168433 -0.0044704 4.88511e-05 0.030776 -0.00615574 0.0182552 -0.0149326 -0.0216307 0.0116588 0.040371 0.0368671 0.0444923 -0.028599 0.00288593 -0.0336744 -0.0213569 0.030714 -0.0341528 -0.0344536 -0.00632071 0.0134078 -0.0150149 -0.0379456 -0.0447021 0.0392838
internal_weight=0.998527 0.901119 0.835451 0.14298 0.0763578 0.692472 0.645801 0.588249 0.0988268 0.489423 0.129433 0.35999 0.287557 0.0724323 0.0656674 0.0466711 0.0845495 0.258039 0.0358218 0.222217 0.131753 0.0433977 0.0489184 0.109964 0.0322119 0.0124046 0.0129627 0.019216 0.0329601 0.0295183
internal_count=24800 4622 3996 1218 1039 2778 2573 2518 715 1803 983 820 592 228 626 205 655 421 188 233 230 438 844 118 59 237 426 170 601 171
cat_boundaries=0 1
cat_threshold=4
is_linear=0
shrinkage=0.05


Tree=182
num_leaves=31
num_cat=0
split_feature=4 8 11 5 2 10 4 11 4 7 7 4 11 1 4 4 4 1 15 1 1 8 4 18 18 13 19 14 4 13
split_gain=0.102484 0.0286297 0.0280522 0.043773 0.0388811 0.0380531 0.0312056 0.0330067 0.0309506 0.0272743 0.0391322 0.0246694 0.0237353 0.0815409 0.0256709 0.0626575 0.011604 0.0114644 0.0142653 0.0108031 0.010415 0.0231782 0.0238936 0.00968072 0.00553231 0.00823074 0.00508645 0.00792542 0.00336539 0.00431701
threshold=0.14328485885372114 155083767.50000003 0.025979923956329753 10008.500000000002 29.500000000000004 438.50000000000006 0.74655719578933388 0.00014937442776370003 0.46813506261180676 43833845.500000007 97083409.000000015 0.46813506261180676 0.0084122604638494514 60.500000000000007 0.99628718642629199 0.66084751292855803 0.43154493343989836 42.500000000000007 0.24650000000000002 29.500000000000004 62.500000000000007 133142986.00000001 0.63550352129022059 1.0000000180025095e-35 1.0000000180025095e-35 0.044291500000000004 1.0000000180025095e-35 0.15850000000000003 0.57641196013289042 0.75053000000000003
decision_type=2 10 10 10 2 10 2 10 2 10 10 2 10 2 2 2 2 2 10 2 2 10 2 10 8 10 8 8 2 10
left_child=-1 2 5 16 -5 6 9 -8 -6 11 17 19 14 -14 15 -7 23 -11 -19 -2 -15 22 -22 -4 -12 -26 -9 -28 29 -3
right_child=1 28 3 4 8 12 7 26 -10 10 24 -13 13 20 -16 -17 -18 18 -20 -21 21 -23 -24 -25 25 -27 27 -29 -30 -31
leaf_value=-0.05000027227977321 0.040060396103071362 -0.030406096147281753 -0.050123098571898096 -0.033244120154727337 -0.050093320971503243 -0.046290342590102576 -0.038478640450954699 0.050118875975052705 0.050093127134102813 -0.040426065488354784 0.049523030716902561 0.050102238658787573 0.047275384740015629 -0.050015915838687447 -0.05027374093079845 0.050068116903809523 0.046682431532700887 -0.038441784515808625 0.0095533190266159623 -0.05008128412078075 -0.044239882145101724 -0.049022558656308009 0.050161631743740012 0.046308551700572666 0.049906577471371255 -0.02579588204357532 -0.031229244047482438 0.050020837066222318 0.050058452860753645 0.050091577249333163
leaf_weight=0.093182282279258288 0.0047209839121933319 0.0031959242223820175 0.0060188391375959327 0.054665872623445466 0.0097650034406342456 0.042608427184404718 0.013785193616058677 0.071482105930044781 0.036611447649192996 0.060031324963802035 0.022400080397346755 0.040126802821760066 0.054629914346151054 0.037475630146218464 0.074138167721685022 0.027929245545237791 0.096340398857137188 0.02614429884420133 0.037962604925724008 0.011231035294485991 0.010623825992297498 0.027241715845775616 0.018161677806347143 0.0045853664869355271 0.0067790777652589895 0.0076337395944392483 0.0052452847594395289 0.0070157055597519493 0.037784333449963015 0.0034781997092068195
leaf_count=23569 13 41 42 11 25 94 5 154 74 32 35 39 85 4 6 45 179 12 31 58 23 7 24 9 8 34 5 37 97 2
internal_value=-0.000193638 0.00520416 0.00307367 0.0189222 -0.00467624 -0.0023535 0.00972132 0.0332139 0.0289979 -0.000835696 -0.0112983 0.0291929 -0.0153252 -0.00125674 -0.0297299 -0.00813741 0.0412182 -0.024724 -0.0100202 -0.0234039 -0.0296121 -0.0159643 0.015321 -0.00842507 0.0339751 0.00981082 0.0450154 0.0152618 0.0442768 0.011545
internal_weight=0.952995 0.859812 0.815354 0.207987 0.101042 0.607367 0.314558 0.0975283 0.0463765 0.21703 0.160951 0.0560788 0.292809 0.148133 0.144676 0.0705377 0.106945 0.124138 0.0641069 0.015952 0.0935028 0.0560272 0.0287855 0.0106042 0.0368129 0.0144128 0.0837431 0.012261 0.0444585 0.00667412
internal_count=24800 1231 1091 340 110 751 463 201 99 262 152 110 288 143 145 139 230 75 43 71 58 54 47 51 77 42 196 42 140 43
is_linear=0
shrinkage=0.05


Tree=183
num_leaves=31
num_cat=0
split_feature=18 19 4 4 4 1 2 2 5 4 11 15 14 4 15 4 11 11 14 14 2 11 4 4 4 4 18 5 4 13
split_gain=0.0976193 0.0324199 0.0252914 0.0536149 0.0601797 0.0338429 0.0272244 0.0559031 0.0220622 0.0208705 0.020029 0.0284337 0.0326798 0.0190056 0.0133012 0.0116165 0.0082199 0.00806778 0.00422828 0.0170611 0.0021142 0.000516052 1.6262e-06 3.88359e-07 1.92952e-07 1.11505e-07 4.52877e-08 2.39659e-08 1.41358e-08 1.29398e-08
threshold=inf inf 0.51056338028169035 0.99628718642629199 0.71432308209708173 39.500000000000007 26.500000000000004 61.500000000000007 5998.5000000000009 0.46813506261180676 0.0010271337708847002 0.9275000000000001 0.059500000000000004 0.43154493343989836 1.7205000000000001 0.36050541516245488 0.19849856688470727 0.0039322517042124508 0.23050000000000004 0.26250000000000007 24.500000000000004 0.031783438313766559 0.46813506261180676 0.46813506261180676 0.46813506261180676 0.46813506261180676 2.0000000000000004 42161.000000000007 0.43154493343989836 1.1694000000000002
decision_type=8 8 2 2 2 2 2 2 10 2 10 10 8 2 10 2 10 10 10 10 2 8 2 2 2 2 10 10 2 10
left_child=1 2 10 4 5 -4 -7 26 17 -3 14 12 13 16 22 -13 -12 -5 23 21 -21 -20 28 -14 -22 -2 -8 -11 -1 -6
right_child=25 9 3 8 29 6 7 -9 -10 27 11 15 18 -15 -16 -17 -18 -19 19 20 24 -23 -24 -25 -26 -27 -28 -29 -30 -31
leaf_value=-0.050011258250315799 -0.050000681921751201 -0.050048101622707668 0.050096041494071042 -0.010266568523405448 0.050024203836640718 -0.041539567514857205 0.050073497581871712 -0.019143688618401978 -0.029131584572006569 0.050034769164294939 -0.050045650865484209 -0.050002032767554744 -0.050068384366129329 0.050163150929127792 0.050092565916026094 0.041740425989580159 0.026133643890950166 0.011364466216527182 0.01914318272038644 0.019341294244714282 -0.050092431372797223 0.045293171220534563 -0.050699793117297769 -0.050425852638756735 -0.050398946026798556 -0.050142471479001527 0.050172669643619786 0.050121615374138409 -0.050118123399994288 0.050088071307616361
leaf_weight=0.010048151021919693 0.071515892610932497 0.0057576784463435607 0.033990591342444532 0.080102404113858938 0.10797539564373437 0.038433746085502207 0.025063370390853379 0.078413300674583297 0.090040171518921852 0.044828582955233287 0.0098172782238634682 0.0038349394649230808 0.010984897799971804 0.021639480022713542 0.0035699590807780615 0.034413441695505753 0.0055389186491083828 0.093331375828711316 0.0028843977629549053 0.0011483273938210905 0.014831140470278115 0.0054541087579309524 0.027131258510053158 0.024642881006002426 0.0078529985621571541 0.017200845060870051 0.021290717078954913 0.0096547260181978345 0.0044715915573760876 0.0085592848336091265
leaf_count=1027 20171 466 37 21 437 4 31 35 14 151 611 487 755 9 2 13 19 24 53 24 347 17 2 3 1 7 12 9 2 9
internal_value=-0.000188603 0.00516634 0.00238697 0.00757752 0.0215426 0.00470799 -0.00474518 0.00658908 -0.0090511 0.040483 -0.0135268 -0.00435718 -0.0178248 0.0199738 -0.0425323 0.032542 -0.0225681 0.00137392 -0.0384503 -0.0253101 -0.0468479 0.0362476 -0.0504712 -0.0503156 -0.0501985 -0.0500282 0.050119 0.0500502 -0.0500442 0.0500289
internal_weight=0.914422 0.825705 0.765464 0.5772 0.313726 0.197192 0.163201 0.124767 0.263474 0.060241 0.188264 0.143043 0.104794 0.0369957 0.045221 0.0382484 0.0153562 0.173434 0.0677988 0.032171 0.0238325 0.00833851 0.041651 0.0356278 0.0226841 0.0887167 0.0463541 0.0544833 0.0145197 0.116535
internal_count=24800 4622 3996 624 565 119 82 78 59 626 3372 2339 1839 639 1033 500 630 45 1200 442 372 70 1031 758 348 20178 43 160 1029 446
is_linear=0
shrinkage=0.05


Tree=184
num_leaves=31
num_cat=0
split_feature=18 19 14 4 11 17 17 1 1 4 15 5 18 6 5 4 4 4 15 4 4 4 15 4 5 6 11 15 4 10
split_gain=0.0927025 0.0309618 0.0240288 0.033845 0.0373687 0.0265848 0.0488355 0.040585 0.0328804 0.0748868 0.030104 0.0264599 0.0225076 0.0497452 0.0527111 0.0198516 0.0187541 0.0167713 0.0160075 0.0249401 0.0153229 0.0141649 0.0130605 0.0104595 0.00826401 0.0390471 0.00666393 0.00508324 0.00484244 0.00417141
threshold=inf inf 0.061500000000000006 0.65360989230155575 0.0036325431929383005 6.0299500000000012e-26 3.1047500000000005e-24 39.500000000000007 66.500000000000014 0.57641196013289042 0.25450000000000006 86.500000000000014 2.0000000000000004 6.2821800000000016e-05 1031.5000000000002 0.46813506261180676 0.51056338028169035 0.46813506261180676 1.0675000000000001 0.62284482758620696 0.40010890280424721 0.43154493343989836 0.87750000000000006 0.46813506261180676 5163.5000000000009 8.3190100000000015e-05 0.19849856688470727 0.58450000000000013 0.71432308209708173 72.500000000000014
decision_type=8 8 8 2 10 8 8 2 2 2 8 10 10 10 10 2 2 2 8 2 2 2 10 2 10 10 10 8 2 10
left_child=1 2 3 4 29 16 -7 10 11 22 -8 -9 13 14 18 -3 -4 -16 19 -13 -12 26 -10 -24 25 -14 -6 28 -15 -1
right_child=-2 15 5 -5 21 6 7 8 9 -11 20 12 24 27 17 -17 -18 -19 -20 -21 -22 -23 23 -25 -26 -27 -28 -29 -30 -31
leaf_value=0.013658913011745131 -0.050026801133762337 -0.05004575526483912 -0.05010653020074185 0.050055087223066709 -0.050044400414133862 -0.044173916235718529 -0.032673160517644004 0.040238852914537854 -0.050270053228858073 0.050087883962048912 -0.050030221053921291 -0.047419822088967514 0.046267535846729241 -0.050075099992655539 -0.050042083100319171 0.050047711801051345 0.050173211934032416 0.050198118150031647 -0.0496953104596419 0.050086451891232245 0.05009501245806517 0.050161195777147831 -0.050114005507392957 0.050061601479447208 -0.050578722162756599 -0.049161739333843046 0.025164988375434062 0.046778543101924509 0.050036072778345743 -0.050722274200594643
leaf_weight=0.002781165720534772 0.084392230073717656 0.0054771233435531022 0.0053610901052252294 0.058549633031361736 0.0063860486368412239 0.068368578112085743 0.015179734542016377 0.020863372300482297 0.031991415555467029 0.068432280320848804 0.0040419441404537784 0.015075763920322061 0.014854552292263179 0.0028239242540166734 0.0049374192344657777 0.051828596704581287 0.035774357522313949 0.026943136952468194 0.080439213266117804 0.011607183514570352 0.069949067605193704 0.027137017692439258 0.004161542695328535 0.006969774782191962 0.052189241803944242 0.038505210641233134 0.0054664153421981609 0.036923647107414581 0.0021108131913933903 0.026385312518186765
leaf_count=81 20178 466 159 177 409 68 87 122 634 138 510 86 62 70 218 160 46 37 33 18 125 13 226 6 24 23 19 127 4 474
internal_value=-0.000181278 0.005067 0.00234004 0.022174 -0.0017773 -0.00172969 -0.00450126 0.000838048 -0.00568295 0.0175679 0.0314667 -0.0141241 -0.0180842 -0.00737649 -0.0217662 0.0404811 0.037104 0.0346737 -0.0385633 -0.00500422 0.0446254 0.0302441 -0.0340387 0.0126101 -0.036432 -0.0225957 -0.0153575 0.0404087 -0.00725297 -0.0445832
internal_weight=0.885907 0.801515 0.744209 0.126706 0.068156 0.617503 0.576368 0.507999 0.418828 0.111555 0.0891707 0.307273 0.28641 0.180861 0.139003 0.0573057 0.0411354 0.0318806 0.107122 0.0266829 0.073991 0.0389895 0.0431227 0.0111313 0.105549 0.0533598 0.0118525 0.0418584 0.00493474 0.0291665
internal_count=24800 4622 3996 1173 996 2823 2618 2550 1828 1004 722 824 702 593 392 626 205 255 137 104 635 441 866 232 109 85 428 201 74 555
is_linear=0
shrinkage=0.05


Tree=185
num_leaves=31
num_cat=1
split_feature=4 17 17 1 1 4 11 1 1 4 17 1 15 15 11 8 15 6 0 4 4 14 10 4 5 4 14 4 15 19
split_gain=0.0885485 0.0254035 0.0598851 0.0347595 0.0439589 0.0612225 0.0306784 0.0250264 0.0489262 0.0254867 0.023136 0.0445966 0.0188127 0.019001 0.0168368 0.0315675 0.0248558 0.0385279 0.0161816 0.0144184 0.0084309 0.00664447 0.00568963 0.0181016 0.00396163 0.00387295 0.00632255 0.00355257 0.00381626 0.00324171
threshold=0.14328485885372114 6.0299500000000012e-26 8.4312500000000021e-25 39.500000000000007 69.500000000000014 0.51056338028169035 0.12327149981638566 60.500000000000007 48.500000000000007 0.99628718642629199 8.3375999999999994e-22 67.500000000000014 0.20950000000000002 0.19150000000000003 0.00054326861247235003 47123753.000000007 1.1010000000000002 0.00015688850000000003 0 0.57641196013289042 0.66084751292855803 0.024500000000000004 2298.5000000000005 0.46813506261180676 7816.0000000000009 0.46813506261180676 0.42350000000000004 0.57641196013289042 0.9275000000000001 2.0000000000000004
decision_type=2 8 8 2 2 2 10 2 2 2 10 2 8 10 10 10 10 10 9 2 2 8 10 2 10 2 10 2 10 8
left_child=-1 19 -3 12 6 18 7 8 14 10 -9 -12 13 20 -5 -16 17 -17 22 -2 -4 -20 23 -6 -23 26 -14 28 -10 -27
right_child=1 2 3 4 5 -7 -8 9 27 -11 11 -13 25 -15 15 16 -18 -19 21 -21 -22 24 -24 -25 -26 29 -28 -29 -30 -31
leaf_value=-0.050000244315404223 -0.013004797419805517 -0.050576755893728488 -0.014243922899532411 -0.050653618336156031 -0.050101954583400082 0.050068498316051029 0.039988450137348169 -0.047345595744190221 -0.027427090181886632 -0.049812025510574821 0.045099963616243237 -0.042000720347918359 -0.050040808827827923 -0.048303838371653474 0.036138628658257559 0.049562044888238434 -0.04487235424842459 -0.043476521810224225 0.048785353951972386 0.050141869342149072 0.050059811545413738 -0.050042814140166328 -0.050330584306799632 0.050054052398036432 0.026114769173448057 0.050080860381567754 0.048502288453738718 0.050137658669350375 0.047956948526696436 0.022245157156987213
leaf_weight=0.080678363666038422 0.011318709338866029 0.049422240107105608 0.007833222304498122 0.025954378238338904 0.012197754581393383 0.089816565036016982 0.030809592516789053 0.027244525668493225 0.0033072619819449747 0.068714256805833429 0.034678643119150365 0.0255039495816618 0.0028552905855576674 0.013037884423511059 0.032428569743387925 0.023894195803222829 0.050833350014272582 0.020825540168516454 0.010837577103757212 0.044896684914419893 0.014594237698474899 0.0036200312852088237 0.021739549483982046 0.0071590631268918506 0.0032323276041097415 0.068814662889053579 0.0037860238676330482 0.039996247920498718 0.0034098210740012291 0.012334201135672629
leaf_count=23569 24 8 38 17 52 238 56 7 52 4 69 20 58 9 26 36 12 15 12 67 38 41 29 7 5 141 11 86 10 43
internal_value=-0.000179208 0.00507435 0.00250869 0.00648711 0.000983444 0.0241045 -0.00788098 -0.0120146 -0.000332988 -0.027026 -0.00911716 0.00818877 0.0304299 -0.000303702 -0.013934 -0.00648737 -0.0209537 0.0062349 -0.0155646 0.0374276 0.0276005 0.024419 -0.0327755 -0.0130595 -0.0141185 0.0428456 0.0061358 0.044487 0.0108404 0.04585
internal_weight=0.845775 0.765096 0.708881 0.659459 0.536203 0.148603 0.3876 0.356791 0.200649 0.156141 0.0874271 0.0601826 0.123256 0.0354653 0.153936 0.127982 0.0955531 0.0447197 0.0587863 0.0562154 0.0224275 0.0176899 0.0410964 0.0193568 0.00685236 0.0877902 0.00664131 0.0467133 0.00671708 0.0811489
internal_count=24800 1231 1140 1132 794 384 410 354 254 100 96 89 338 85 106 89 63 51 146 91 76 58 88 59 46 253 69 148 62 184
cat_boundaries=0 1
cat_threshold=4
is_linear=0
shrinkage=0.05


Tree=186
num_leaves=31
num_cat=0
split_feature=18 19 4 1 5 11 1 11 4 10 6 17 4 11 15 14 4 15 13 4 11 11 14 14 2 11 4 4 4 4
split_gain=0.0846875 0.0284019 0.0220854 0.0480814 0.036094 0.0372158 0.0342074 0.087887 0.0216801 0.0212021 0.0295585 0.0193979 0.0183466 0.0173271 0.0246118 0.028392 0.016707 0.0115483 0.0104448 0.00989085 0.00766972 0.00717797 0.00362466 0.0146742 0.00184485 0.000483393 1.06293e-06 2.53628e-07 2.26585e-07 1.21791e-07
threshold=inf inf 0.51056338028169035 68.500000000000014 96.500000000000014 0.12327149981638566 60.500000000000007 0.0084122604638494514 0.99628718642629199 496.50000000000006 5.2655850000000008e-05 8.4312500000000021e-25 0.46813506261180676 0.0010271337708847002 0.9275000000000001 0.059500000000000004 0.43154493343989836 1.7205000000000001 0.97259000000000018 0.36050541516245488 0.0031756182622506503 0.19849856688470727 0.23050000000000004 0.26250000000000007 24.500000000000004 0.031783438313766559 0.46813506261180676 0.46813506261180676 0.99628718642629199 0.46813506261180676
decision_type=8 8 2 2 10 10 2 10 2 10 10 8 2 8 10 8 2 10 8 2 10 10 10 10 2 10 2 2 2 2
left_child=1 2 13 4 -4 6 7 9 20 10 -6 -5 -3 17 15 16 21 26 19 -16 -8 -15 27 25 -25 -24 -1 -17 -9 -26
right_child=-2 12 3 11 5 -7 8 28 -10 -11 -12 -13 -14 14 18 22 -18 -19 -20 -21 -22 -23 23 24 29 -27 -28 -29 -30 -31
leaf_value=-0.050037799197658661 -0.050025904058318062 -0.050042897820183119 0.050084040798179033 -0.010027381914106711 0.050125719045124598 0.050058931482596027 -0.030173780318643907 0.050048090430984897 -0.049614256664240797 -0.036304599493052009 -0.01663506100457279 0.050070091304308922 0.050043861861168638 -0.050040626456657203 -0.050002286710509651 -0.050061661688421848 0.050142026580851873 0.050080118082398206 -0.050111358227342473 0.050287173292362389 0.0079129845928333185 0.024374081748026799 0.017959347893605093 0.01829986494373775 -0.050082285994690959 0.04476553736175673 -0.050603907948604067 -0.050370112059855393 0.050230541517947272 -0.05034302593857895
leaf_weight=0.012808361836277982 0.077091645718383006 0.0050655089839892744 0.033382142704795115 0.016219874829403125 0.021800114067445975 0.029312586986634415 0.021838490079971962 0.031027202712721191 0.065617094398476183 0.076915826881304383 0.069237664160027634 0.077982327929930761 0.047644526952353772 0.008660721031446883 0.0026983832249243269 0.0096779216676168289 0.018858785333577543 0.0031036352738738051 0.0034776848835917909 0.027649806666886434 0.033486562795587815 0.0051780804806185196 0.0026054452187054258 0.0010346433018639791 0.013242019090057511 0.0047439416707675264 0.023513773456215858 0.021403616759926081 0.037685052637243643 0.0067673930898308745
leaf_count=1029 20178 466 67 17 40 68 7 113 4 30 36 193 160 611 349 755 9 2 139 12 35 19 53 24 347 17 2 3 14 1
internal_value=-0.000177547 0.00506772 0.0023267 0.0074364 0.000200149 -0.00410366 -0.00854328 0.00251142 -0.0301757 -0.0169775 -0.000648372 0.0397224 0.0404254 -0.0135656 -0.00451364 -0.0179006 0.0195256 -0.042494 0.0319647 0.04137 -0.00712103 -0.0221968 -0.0384764 -0.0255619 -0.0468041 0.0352624 -0.0504043 -0.0502741 0.0501482 -0.0501705
internal_weight=0.809731 0.732639 0.679929 0.514505 0.420303 0.386921 0.357608 0.236666 0.120942 0.167954 0.0910378 0.0942022 0.05271 0.165424 0.125998 0.0921726 0.0326976 0.0394258 0.0338259 0.0303482 0.0553251 0.0138388 0.059475 0.0283934 0.0210441 0.00734939 0.0363221 0.0310815 0.0687123 0.0200094
internal_count=24800 4622 3996 624 414 347 279 233 46 106 76 210 626 3372 2339 1839 639 1033 500 361 42 630 1200 442 372 70 1031 758 127 348
is_linear=0
shrinkage=0.05


Tree=187
num_leaves=31
num_cat=1
split_feature=18 19 13 4 11 17 17 1 15 1 4 2 8 7 4 4 4 0 4 4 6 4 5 15 15 4 15 7 4 1
split_gain=0.0804817 0.0270774 0.0208834 0.0306717 0.0323477 0.0232704 0.0428544 0.0347402 0.0338755 0.033003 0.0658395 0.0198948 0.0383429 0.0375028 0.0174511 0.0166607 0.0135854 0.0123662 0.0219417 0.0152366 0.0345014 0.012327 0.0115186 0.02536 0.0113507 0.0090638 0.00623249 0.00547028 0.00438159 0.0126766
threshold=inf inf 0.12242500000000002 0.65360989230155575 0.0036325431929383005 6.0299500000000012e-26 8.4312500000000021e-25 39.500000000000007 0.25450000000000006 66.500000000000014 0.57641196013289042 76.500000000000014 43769096.500000007 2602857.0000000005 0.46813506261180676 0.51056338028169035 0.40010890280424721 0 0.60357142857142876 0.99628718642629199 1.7500000000000002e-05 0.43154493343989836 561.50000000000011 0.59150000000000003 0.87750000000000006 0.46813506261180676 0.38150000000000006 125139029.50000001 0.46813506261180676 43.500000000000007
decision_type=8 8 8 2 10 8 8 2 8 2 2 2 10 10 2 2 2 9 2 2 10 2 10 10 10 2 10 10 2 2
left_child=1 2 3 4 -1 15 -7 8 -8 11 24 12 -9 -13 -3 -4 -10 19 27 20 -14 26 -22 -24 -11 -26 -6 -19 29 -15
right_child=-2 14 5 -5 21 6 7 9 16 10 -12 13 17 28 -16 -17 -18 18 -20 -21 22 -23 23 -25 25 -27 -28 -29 -30 -31
leaf_value=-0.044482119989239732 -0.050024647217835595 -0.050040807323929619 -0.0500954598193597 0.05004464653163733 -0.050044563021665905 -0.050531623021677047 -0.050342864889863663 0.038849538255272681 -0.050025249084788719 -0.050232179731933016 0.050076832893323021 -0.050872783178292004 0.04400379117873307 0.046953711723190072 0.050041723892809246 0.050147400523608957 0.050082761338874383 -0.050450497621858596 0.050105213498941807 -0.051245824171572155 -0.045592841435736255 0.050144865376725328 -0.050720487021735219 0.048616129217860918 -0.050097630360825943 0.050053669359792531 0.026640741484725717 0.03538008960309396 0.050205045675990746 -0.050034347988221442
leaf_weight=0.025928416155238665 0.073333639481688806 0.0048186574999817813 0.0047734783026953656 0.052043500341824256 0.0057622616232038126 0.04600322255600986 0.010979862365047666 0.023687795356636343 0.0035860676789525306 0.027586634778572261 0.062518681341316551 0.017053911340553896 0.016994489612443431 0.010751742571301293 0.045322763362491969 0.03148416612384608 0.061677433797740377 0.013110520227883171 0.012988006485102233 0.070679493248462677 0.061701482695070808 0.023228950973134488 0.014235578218631417 0.011710116812082561 0.0036007917774441012 0.0060629636282101274 0.0049049643484977423 0.0021625824360853594 0.025341685250168666 0.0049065029102166582
leaf_count=601 20178 466 159 179 409 55 60 171 528 607 139 10 112 24 160 46 127 118 18 3 56 12 31 31 231 6 17 52 29 165
internal_value=-0.000171075 0.0050102 0.00230116 0.0219747 -0.00244442 -0.00174749 -0.00451305 7.5797e-05 0.0309119 -0.00602934 0.0187241 -0.0146849 -0.0213578 0.0114384 0.0404237 0.03695 0.0445821 -0.0283632 0.00232995 -0.0333108 -0.0211967 0.0297117 -0.0338389 -0.00588671 -0.0338964 0.0127365 -0.0147834 -0.0382974 0.0373567 0.0165626
internal_weight=0.77894 0.705607 0.655465 0.111868 0.0598246 0.543597 0.50734 0.461336 0.0762434 0.385093 0.0997691 0.285324 0.22727 0.0580538 0.0501414 0.0362576 0.0652635 0.203582 0.0282611 0.175321 0.104642 0.0338962 0.0876472 0.0259457 0.0372504 0.00966376 0.0106672 0.0152731 0.0409999 0.0156582
internal_count=24800 4622 3996 1218 1039 2778 2573 2518 715 1803 983 820 592 228 626 205 655 421 188 233 230 438 118 62 844 237 426 170 218 189
cat_boundaries=0 1
cat_threshold=4
is_linear=0
shrinkage=0.05


Tree=188
num_leaves=31
num_cat=0
split_feature=4 8 11 5 10 2 4 4 11 2 14 17 11 15 17 4 1 11 2 4 4 5 4 15 6 19 14 19 4 4
split_gain=0.0766449 0.0223731 0.021533 0.0329601 0.0301711 0.0288234 0.024879 0.024282 0.0267503 0.0211325 0.0302121 0.0288342 0.0185677 0.029736 0.033212 0.0139312 0.0105758 0.0171649 0.00906177 0.0211725 0.00866247 0.00782414 0.00700495 0.0170741 0.0064743 0.00390356 0.00591347 0.00314531 0.00291992 0.00159387
threshold=0.14328485885372114 155083767.50000003 0.025979923956329753 10008.500000000002 438.50000000000006 29.500000000000004 0.46813506261180676 0.74655719578933388 0.00014937442776370003 63.500000000000007 0.55350000000000021 0.99995500000000004 0.0037336898812398503 0.9275000000000001 0.73689000000000016 0.46813506261180676 60.500000000000007 0.0082035660756168017 67.500000000000014 0.99628718642629199 0.43154493343989836 8001.5000000000009 0.46813506261180676 1.1865000000000003 2.4500000000000003e-05 1.0000000180025095e-35 0.15850000000000003 1.0000000180025095e-35 0.51056338028169035 0.63550352129022059
decision_type=2 10 10 10 10 2 2 2 10 2 10 10 10 10 10 2 2 10 2 2 2 10 2 10 8 8 8 8 2 2
left_child=-1 2 4 20 7 -5 -7 9 -9 10 11 15 18 14 16 24 17 -14 19 -6 21 -4 23 -11 -2 -10 -27 -22 -3 -16
right_child=1 28 3 5 12 6 -8 8 25 22 -12 -13 13 -15 29 -17 -18 -19 -20 -21 27 -23 -24 -25 -26 26 -28 -29 -30 -31
leaf_value=-0.05000022099668338 0.031559264861404458 0.0078286468446683109 -0.050097860218530334 -0.032418612523510193 0.041241440391060959 -0.050073787629625048 0.050074430849446218 -0.038393813720278849 0.050097673778378531 -0.050057019621855436 -0.042296320037999269 -0.026727838475248091 -0.040924927985283154 0.049014304320652666 0.016915424110931061 0.046975994359599219 -0.037790666472363267 0.025000621874512702 -0.046344252961792363 -0.050392493777384487 0.050086432282263962 0.046285414610009068 0.050046093500458771 0.050364248535366696 -0.050071656050972406 -0.03036779891833994 0.050015416768800829 0.01936557320070267 0.050045221109247411 0.05008747619687666
leaf_weight=0.069908422920889279 0.003943045274581892 0.0047500882619715403 0.0047183759020299476 0.042544552183244377 0.011202902148397698 0.0079329033010253625 0.02841098031058209 0.011216569197131321 0.056439294152369257 0.0073846644468176228 0.047610612773496541 0.035158902393732205 0.018232978166906832 0.021719555369372756 0.0046319361940732042 0.037643695337465033 0.066816894240218971 0.021535498556659149 0.054797860081180261 0.014414847828447819 0.064809767114638817 0.003802432374413911 0.021952189075818751 0.009917114610743738 0.0063257260756017777 0.0040393272065557548 0.0052770007823710321 0.0095608770789112896 0.029738693352555856 0.01659418817871483
leaf_count=23569 22 42 44 11 49 25 74 5 154 61 20 38 8 55 41 43 39 36 19 2 146 7 44 3 31 5 37 33 98 39
internal_value=-0.000170257 0.00500492 0.00288657 0.0186491 -0.00246111 -0.00448484 0.0282147 0.00967609 0.0329742 -0.000876743 -0.0105403 0.00766002 -0.0154936 -0.00507424 -0.0142657 0.0328944 -0.0256399 -0.0052248 -0.0348681 -0.01032 0.0406659 -0.00708658 0.0312945 0.00750291 -0.0187267 0.0451481 0.0151633 0.046137 0.0442308 0.0428487
internal_weight=0.743032 0.673123 0.638635 0.16178 0.476855 0.0788884 0.0363439 0.246908 0.0769722 0.169936 0.130682 0.0830714 0.229947 0.149531 0.127811 0.0479125 0.106585 0.0397685 0.0804156 0.0256177 0.0828915 0.00852081 0.039254 0.0173018 0.0102688 0.0657556 0.00931633 0.0743706 0.0344888 0.0212261
internal_count=24800 1231 1091 340 751 110 99 463 201 262 154 134 288 218 163 96 83 44 70 51 230 51 108 64 53 196 42 179 140 80
is_linear=0
shrinkage=0.05


Tree=189
num_leaves=31
num_cat=1
split_feature=18 19 13 4 11 17 17 1 15 1 4 2 8 7 4 4 4 4 0 4 4 6 15 11 15 4 15 7 4 14
split_gain=0.0734374 0.0254497 0.0195447 0.0284085 0.0290069 0.0213868 0.0391249 0.0317106 0.0311504 0.0303509 0.0604031 0.0178705 0.0345634 0.0341773 0.0159232 0.0152094 0.0123635 0.0114492 0.0113656 0.0200408 0.0138903 0.031117 0.010295 0.0102781 0.0231001 0.00821726 0.0056382 0.00496301 0.00400191 0.0115206
threshold=inf inf 0.12242500000000002 0.65360989230155575 0.0036325431929383005 6.0299500000000012e-26 8.4312500000000021e-25 39.500000000000007 0.25450000000000006 66.500000000000014 0.57641196013289042 76.500000000000014 43769096.500000007 2602857.0000000005 0.46813506261180676 0.51056338028169035 0.40010890280424721 0.43154493343989836 0 0.60357142857142876 0.99628718642629199 1.7500000000000002e-05 0.87750000000000006 0.0044608234654607507 0.59150000000000003 0.46813506261180676 0.38150000000000006 125139029.50000001 0.46813506261180676 0.64250000000000018
decision_type=8 8 8 2 10 8 8 2 8 2 2 2 10 10 2 2 2 2 9 2 2 10 10 10 10 2 10 10 2 10
left_child=1 2 3 4 -1 15 -7 8 -8 11 22 12 -9 -13 -3 -4 -10 26 20 27 21 -14 -11 -23 -25 -24 -6 -20 29 -15
right_child=-2 14 5 -5 17 6 7 9 16 10 -12 13 18 28 -16 -17 -18 -19 19 -21 -22 23 25 24 -26 -27 -28 -29 -30 -31
leaf_value=-0.043931129271602219 -0.050023806854058973 -0.05003724270338137 -0.050087301661385843 0.050043334940760013 -0.050041324665595278 -0.050485127385116457 -0.050318028278175601 0.038059853677593181 -0.050022751606689821 -0.050213620463035825 0.050071351559808332 -0.050798804778253062 0.043422780146854828 -0.050030361736109058 0.050039567684963662 0.050132686680362686 0.050075476119934341 0.050131513347912909 -0.050410948860708141 0.050096937608857417 -0.051137427416714343 -0.045191241039209178 -0.050088085081897826 -0.050660056598371299 0.048509963447463611 0.050048597599695002 0.02539352700316206 0.034426681293355431 0.050185693834570291 0.046853225037869907
leaf_weight=0.023913173875371285 0.066934139390241398 0.0043884116003027876 0.0043593542097823948 0.048227592880721204 0.0053174769798260968 0.04229954200195607 0.010116874374716645 0.021915320190146304 0.0032638620230045481 0.025289924964909005 0.057230579957831651 0.015651389626782475 0.015608007312721384 0.0044714408163599737 0.042161170706094708 0.02876733044104185 0.056234947966004256 0.02114079098100774 0.011955545605360385 0.011911934860108886 0.064843511208891869 0.057074183788699884 0.00326816655933726 0.013049503063712109 0.010676251973563922 0.0054905950091779232 0.0046372496353797032 0.0020143355079653711 0.022957787674386054 0.0097790307167997526
leaf_count=601 20178 466 159 179 409 55 60 171 528 607 139 10 112 179 160 46 127 12 118 18 3 59 231 27 32 6 17 52 29 10
internal_value=-0.000162941 0.00498724 0.00223066 0.0220312 -0.00252779 -0.00187214 -0.00463681 -4.9889e-05 0.0307928 -0.0061292 0.0186988 -0.0147822 -0.0213497 0.011191 0.0406049 0.0369441 0.0445845 0.0293123 -0.0283072 0.0024499 -0.0332439 -0.0212088 -0.0340336 -0.0336936 -0.00603496 0.0126845 -0.0149012 -0.0381781 0.0372666 0.0164536
internal_weight=0.714949 0.648015 0.601466 0.103236 0.0550087 0.498229 0.465103 0.422803 0.0696157 0.353188 0.0912793 0.261908 0.209049 0.0528596 0.0465496 0.0331267 0.0594988 0.0310955 0.187133 0.0258818 0.161251 0.0964079 0.0340487 0.0807999 0.0237258 0.00875876 0.00995473 0.0139699 0.0372083 0.0142505
internal_count=24800 4622 3996 1218 1039 2778 2573 2518 715 1803 983 820 592 228 626 205 655 438 421 188 233 230 844 118 59 237 426 170 218 189
cat_boundaries=0 1
cat_threshold=4
is_linear=0
shrinkage=0.05


Tree=190
num_leaves=31
num_cat=0
split_feature=18 19 4 1 5 11 17 17 17 5 11 1 17 4 11 15 14 4 15 4 11 14 14 2 14 4 4 13 4 4
split_gain=0.0698354 0.0242228 0.0188276 0.0400548 0.0306103 0.0307045 0.0276221 0.0237729 0.036689 0.0166368 0.0231414 0.0453563 0.0161961 0.015146 0.0142955 0.0202456 0.0232706 0.0139803 0.00947293 0.00883357 0.00628161 0.00300968 0.0118691 0.00141339 0.000693997 6.17111e-07 1.50137e-07 1.37449e-07 7.07642e-08 4.79934e-08
threshold=inf inf 0.51056338028169035 68.500000000000014 96.500000000000014 0.12327149981638566 5.5709500000000008e-27 1.6764500000000001e-13 0.0036026500000000002 250.50000000000003 0.0037336898812398503 60.500000000000007 8.4312500000000021e-25 0.46813506261180676 0.0010271337708847002 0.9275000000000001 0.059500000000000004 0.43154493343989836 1.7205000000000001 0.36050541516245488 0.19849856688470727 0.23050000000000004 0.26250000000000007 25.500000000000004 0.24750000000000003 0.46813506261180676 0.46813506261180676 0.32724500000000006 0.46813506261180676 0.46813506261180676
decision_type=8 8 2 2 10 10 8 10 10 10 10 2 8 2 10 10 8 2 10 2 10 10 10 2 10 2 2 10 2 2
left_child=1 2 14 4 -4 6 -6 -8 -9 -10 -11 27 -5 -3 18 16 17 20 25 -17 -16 26 24 -24 -23 -1 -18 -12 -25 -2
right_child=29 13 3 12 5 -7 7 8 9 10 11 -13 -14 -15 15 19 21 -19 -20 -21 -22 22 23 28 -26 -27 -28 -29 -30 -31
leaf_value=-0.050030516885213594 -0.050000564902455982 -0.050035427504198565 0.050072549137157613 -0.0091767863831655593 0.050172926117452193 0.050048888300373899 -0.032081563163741306 0.050062393570144942 0.050028091451125779 -0.035480572482065313 0.050042260351531156 -0.029285411195947016 0.050059528140745581 0.050037638677091337 -0.050034288804998231 -0.050001711619421851 -0.050049371610418107 0.050116926446619317 0.050065726487535371 0.041154143386246636 0.024368577667049671 0.044137241868134509 0.01092473995391543 -0.05006758816427842 0.007100881356949979 -0.050500478227763379 -0.050308719318666976 0.050253080948288821 -0.050285603582350714 -0.050107970673690598
leaf_weight=0.010866898046288043 0.050577884849417387 0.0041745339754015722 0.028315796400420368 0.014031078557309229 0.018864009471144527 0.024239581522124354 0.099109226764994673 0.02885176594281802 0.010340676344640087 0.073289950232720003 0.016607084460702026 0.042639418847102206 0.06497356851468794 0.040106453168846201 0.0074436937500195199 0.0029722898850650372 0.0081133547134868422 0.01554247282911092 0.002546112402342259 0.0251110672543291 0.0045836716881240136 0.0044696231493617225 0.0010050181422229789 0.010917302929556172 0.0017640687215134676 0.019555275328457355 0.017874422017484903 0.01446595999004785 0.0056473766453564158 0.013093272573314607
leaf_count=1029 20171 466 67 17 20 68 35 79 34 23 58 22 193 160 611 487 755 9 2 13 19 24 29 342 46 2 3 8 1 7
internal_value=-0.000162118 0.0049714 0.00222326 0.00732641 0.00019213 -0.00410863 -0.00842452 -0.0122989 -0.00176887 -0.0112731 -0.0155852 0.00419606 0.0395393 0.0406034 -0.0138417 -0.00485665 -0.018057 0.0187959 -0.0425789 0.0315064 -0.0216791 -0.0384628 -0.0256183 -0.0466488 0.0336563 -0.0503326 -0.0502278 0.0501404 -0.0501419 -0.0500227
internal_weight=0.682093 0.618422 0.574141 0.435728 0.356723 0.328408 0.304168 0.285304 0.186195 0.157343 0.147002 0.0737125 0.0790046 0.044281 0.138413 0.105444 0.077361 0.0275698 0.0329683 0.0280834 0.0120274 0.0497912 0.0238034 0.0175697 0.00623369 0.0304222 0.0259878 0.031073 0.0165647 0.0636712
internal_count=24800 4622 3996 624 414 347 279 259 224 145 111 88 210 626 3372 2339 1839 639 1033 500 630 1200 442 372 70 1031 758 66 343 20178
is_linear=0
shrinkage=0.05


Tree=191
num_leaves=31
num_cat=0
split_feature=18 19 13 4 11 17 17 1 15 1 4 15 2 8 7 14 17 4 4 4 4 15 4 17 11 15 4 4 17 4
split_gain=0.0663719 0.0230904 0.0179802 0.0260265 0.0263643 0.0197283 0.0361734 0.029582 0.0282925 0.0271913 0.0549832 0.0159619 0.0176781 0.0321742 0.0309202 0.0166736 0.0384592 0.0144068 0.0137838 0.0112395 0.0104936 0.00910295 0.00777767 0.00706346 0.0218921 0.00523361 0.00428872 0.00529084 0.00385333 0.00339392
threshold=inf inf 0.12242500000000002 0.65360989230155575 0.0036325431929383005 6.0299500000000012e-26 8.4312500000000021e-25 39.500000000000007 0.25450000000000006 66.500000000000014 0.57641196013289042 1.5580000000000001 76.500000000000014 43769096.500000007 2602857.0000000005 0.57550000000000001 0.0025822000000000002 0.46813506261180676 0.51056338028169035 0.40010890280424721 0.43154493343989836 0.87750000000000006 0.46813506261180676 0.057405500000000005 0.0027054219082336003 0.38150000000000006 0.51056338028169035 0.46813506261180676 0.99930500000000011 0.46813506261180676
decision_type=8 8 8 2 10 8 8 2 8 2 2 10 2 10 10 8 10 2 2 2 2 10 2 10 10 10 2 2 10 2
left_child=1 2 3 4 28 18 -7 8 -8 11 21 12 13 -9 -14 16 26 -3 -4 -10 25 -11 -23 -18 -25 -6 27 -15 -1 -16
right_child=-2 17 5 -5 20 6 7 9 19 10 -12 -13 14 15 29 -17 23 -19 -20 -21 -22 22 -24 24 -26 -27 -28 -29 -30 -31
leaf_value=0.017589959990527416 -0.050021544993067296 -0.05003369914353778 -0.050078970809209748 0.050039397137783007 -0.050038037764050608 -0.050448558256808565 -0.05028762900866246 0.03710506702750449 -0.050020506317863513 -0.050193061690809816 0.050064534210754942 0.046388736148116123 -0.050737420159500883 -0.050044413660066955 0.01718276695193853 -0.050742835327566495 -0.049732032464369441 0.050035803672558554 0.050119178405940004 0.050070984106953542 0.05012263955648899 -0.050089300653865659 0.050044320254610787 -0.042117499593077298 0.047657294000772281 0.024921701771178594 0.050063162558617161 0.050044361166419964 -0.050539712799035443 0.050175645519524407
leaf_weight=0.002318104992809821 0.060567182779550421 0.0039710731982722782 0.0039459381425785969 0.044229387345694704 0.0048952233655654709 0.039188257234172852 0.009160049609363341 0.019140914827403321 0.0029653110341314451 0.022912068893219839 0.051863177599443588 0.010267614975418837 0.014480185972388426 0.002708753623210213 0.012923999344366166 0.066475484930379025 0.04061628742783796 0.038151802382344613 0.026369935920229182 0.051795706724078627 0.019420137425186113 0.0031646410461689811 0.0050081021618098021 0.026677977823283072 0.0091095764610145125 0.0044410553537090891 0.017723939832649194 0.0025760411517694592 0.019823062690193183 0.019640085556602571
leaf_count=94 20178 466 159 179 409 55 60 162 528 607 139 37 10 118 182 64 23 160 46 127 12 231 6 84 71 17 41 3 507 25
internal_value=-0.000153122 0.00491495 0.00220075 0.0219838 -0.00239612 -0.00190181 -0.0046602 -4.99192e-05 0.0310461 -0.00616046 0.0185489 -0.0146179 -0.017317 -0.0242754 0.0100509 -0.0313578 -0.0183953 0.0406019 0.0370773 0.044651 0.0291803 -0.0340332 0.0112707 -0.0354616 -0.0192657 -0.0143814 0.0382757 -0.00125675 -0.0434068 0.0370815
internal_weight=0.656531 0.595964 0.553841 0.095127 0.0508976 0.458714 0.428398 0.38921 0.0639211 0.325289 0.082948 0.242341 0.232073 0.185029 0.0470443 0.165888 0.0994126 0.0421229 0.0303159 0.054761 0.0287564 0.0310848 0.00817274 0.0764038 0.0357876 0.00933628 0.0230087 0.00528479 0.0221412 0.0325641
internal_count=24800 4622 3996 1218 1039 2778 2573 2518 715 1803 983 820 783 566 217 404 340 626 205 655 438 844 237 178 155 426 162 121 601 207
is_linear=0
shrinkage=0.05


Tree=192
num_leaves=31
num_cat=1
split_feature=4 17 17 1 1 4 11 2 7 15 1 4 6 15 15 0 4 11 4 14 10 4 4 13 19 18 11 4 14 1
split_gain=0.0635893 0.0189801 0.0445828 0.0256531 0.0306584 0.044735 0.0214584 0.0166884 0.0330839 0.0148653 0.0213509 0.0333973 0.0313788 0.0133297 0.0141404 0.0110693 0.0103973 0.00660009 0.00609612 0.00509539 0.00397407 0.0129867 0.00306332 0.00297555 0.00229519 0.00778072 0.00163578 0.000853761 0.00149344 0.000692392
threshold=0.14328485885372114 6.0299500000000012e-26 8.4312500000000021e-25 39.500000000000007 69.500000000000014 0.51056338028169035 0.12327149981638566 76.500000000000014 6383911.0000000009 1.0915000000000001 61.500000000000007 0.66822160465819735 4.7500000000000009e-05 0.20950000000000002 0.19150000000000003 0 0.57641196013289042 0.021163737104077304 0.66084751292855803 0.024500000000000004 2298.5000000000005 0.46813506261180676 0.46813506261180676 0.53276000000000012 2.0000000000000004 1.0000000180025095e-35 0.45274006127130401 0.51056338028169035 0.36150000000000004 22.500000000000004
decision_type=2 8 8 2 2 2 10 2 10 10 2 2 10 8 10 9 2 10 2 8 10 2 2 8 8 8 10 2 10 2
left_child=-1 16 -3 13 6 15 7 9 -9 10 11 12 -5 14 18 20 -2 -12 -4 -17 21 -6 -10 -21 27 -26 -8 28 29 -15
right_child=1 2 3 4 5 -7 26 8 22 -11 17 -13 -14 24 -16 19 -18 -19 -20 23 -22 -23 -24 -25 25 -27 -28 -29 -30 -31
leaf_value=-0.050000203112999075 -0.011879777798832423 -0.050428017376302196 -0.013020150559288363 0.042439624361358619 -0.050074644782424731 0.050050024919586017 0.049249632926877195 -0.05068941703802983 0.019441922344692414 -0.035281129371999093 -0.014206763711478707 0.050060664280144343 -0.048337392146874415 -0.0017004534977416747 -0.048082828832510277 0.048528429125880207 0.050098998062279847 -0.045354795552024908 0.050046393227253586 -0.050035130242872844 -0.050236272482399869 0.050038497767793899 0.050133410829746344 0.025915900998877868 0.049620280313316924 -0.050061358084661826 0.021391634955792164 0.050059181194719304 0.04953040955330959 0.033839456457005597
leaf_weight=0.058051579060702352 0.008503682982563987 0.03716357237954071 0.0058878794891370481 0.014309422722135423 0.0088725964287732495 0.064508674815442646 0.0145006172824651 0.014019992167959572 0.012292250996324583 0.075832458139984737 0.038698615706834971 0.031239556479704333 0.028440495863833348 0.0028291696773976591 0.0095664781433697499 0.0076790460959728088 0.033126304828329012 0.030341185884026345 0.010972377494908869 0.002841032554215416 0.015600206157841967 0.0051020839018747219 0.02401106980687473 0.0023614011481640773 0.0065233557120336627 0.0027969847267286241 0.0082774404781957855 0.041689750032674056 0.0078334460938549455 0.0026579230625429773
leaf_count=23569 24 8 38 58 52 238 35 3 30 38 38 86 34 14 9 12 67 12 38 30 29 7 55 16 46 22 21 132 13 26
internal_value=-0.000152967 0.0049373 0.00236914 0.00637606 0.000917536 0.0238178 -0.00747232 -0.0114154 0.0145475 -0.0173851 -0.00789685 0.010764 -0.0179521 0.0303693 0.000472382 -0.0160397 0.0374387 -0.0278955 0.0280225 0.0226448 -0.032889 -0.0135239 0.0397413 -0.0155607 0.0426508 0.0197063 0.0391262 0.0465382 0.0355185 0.0155149
internal_weight=0.626531 0.568479 0.526849 0.489686 0.398928 0.106965 0.291963 0.269185 0.0503233 0.218862 0.143029 0.0739895 0.0427499 0.0907574 0.0264267 0.0424564 0.04163 0.0690398 0.0168603 0.0128815 0.0295749 0.0139747 0.0363033 0.00520243 0.0643306 0.00932034 0.0227781 0.0550103 0.0133205 0.00548709
internal_count=24800 1231 1140 1132 794 384 410 354 88 266 228 178 92 338 85 146 91 50 76 58 88 59 85 46 253 68 56 185 53 40
cat_boundaries=0 1
cat_threshold=4
is_linear=0
shrinkage=0.05


Tree=193
num_leaves=31
num_cat=2
split_feature=4 17 17 1 1 4 11 18 1 17 14 1 15 15 0 4 4 14 10 4 1 4 5 0 19 18 4 11 4 15
split_gain=0.0604367 0.0178815 0.0423185 0.0242906 0.0290074 0.0425675 0.020048 0.016152 0.0324463 0.0474786 0.0155231 0.0307901 0.0127084 0.0133296 0.0105144 0.0100805 0.00586105 0.00483904 0.00377856 0.0123526 0.00285977 0.00222371 0.00234741 0.00304894 0.0021559 0.00739667 0.00307933 0.00169035 0.00119121 0.00151457
threshold=0.14328485885372114 6.0299500000000012e-26 8.4312500000000021e-25 39.500000000000007 69.500000000000014 0.51056338028169035 0.12327149981638566 2.0000000000000004 43.500000000000007 3.1047500000000005e-24 0.065500000000000017 67.500000000000014 0.20950000000000002 0.19150000000000003 0 0.57641196013289042 0.66084751292855803 0.024500000000000004 2298.5000000000005 0.46813506261180676 87.500000000000014 0.51056338028169035 146.50000000000003 1 2.0000000000000004 1.0000000180025095e-35 0.46813506261180676 0.45274006127130401 0.63550352129022059 0.071500000000000008
decision_type=2 8 8 2 2 2 10 8 2 10 10 2 8 10 9 2 2 8 10 2 2 2 10 9 8 8 2 10 2 10
left_child=-1 15 -3 12 6 14 7 8 -5 -10 11 28 13 16 18 -2 -4 -16 19 -6 -19 22 -11 -24 26 -26 -14 -8 29 -9
right_child=1 2 3 4 5 -7 27 10 9 21 -12 -13 24 -15 17 -17 -18 20 -20 -21 -22 -23 23 -25 25 -27 -28 -29 -30 -31
leaf_value=-0.050000193217914213 -0.011317563349926381 -0.050407004112873355 -0.012411209034861285 -0.02476541266654235 -0.050071001001903294 0.050047586934800659 0.049161112487166612 0.049011461731741972 -0.042735245787878497 0.0452863760311722 -0.038828534462677006 -0.048323956834002924 0.0069196815931580865 -0.04785807091938498 0.048362296242350472 0.050094177545402047 0.050044131053067924 0.025597492975527904 -0.050224702727695802 0.050036619125316865 -0.050034051689553063 0.050085233011018228 0.036729969936498776 -0.050060252522790998 0.049577985648852158 -0.050058365018585918 0.050058369093942047 0.020509066220393557 0.050082942890720933 0.0016468909231086197
leaf_weight=0.055220379317802326 0.0084804246646399406 0.035365448120501242 0.0058684367215846569 0.071074906083595124 0.0084404735335965597 0.061365463501715567 0.013817638207910932 0.0032614913989164043 0.020732072349346709 0.0053107955041014066 0.074187082271691906 0.017547686048601463 0.0045267455532211889 0.0091415950705595606 0.0073290075397380869 0.031513671296124812 0.010437708147946978 0.002310783209395594 0.014842707630123186 0.0048534300003666439 0.0027223595109262533 0.047359204378153663 0.0020923763854625577 0.0019596661818468419 0.0062103711914005544 0.0026607292911648983 0.048020566715422319 0.0082038957134500379 0.013923391732532764 0.0034979963525074709
leaf_count=23569 24 8 38 39 52 238 35 4 11 18 39 6 44 9 12 67 38 24 29 7 22 119 20 21 46 22 141 21 41 36
internal_value=-0.000147467 0.0048847 0.00234594 0.00630107 0.000910352 0.0237899 -0.00732592 -0.0111921 -0.000369858 0.0220165 -0.0254908 0.000391365 0.0301829 0.000472047 -0.015997 0.0370723 0.027567 0.0224384 -0.032884 -0.013523 -0.0153106 0.0456834 0.0234179 -0.00524389 0.0424931 0.0196938 0.0463421 0.0384871 0.0417222 0.0245006
internal_weight=0.602279 0.547058 0.507064 0.471699 0.384832 0.101864 0.282968 0.260947 0.148529 0.0774541 0.112418 0.0382306 0.0868662 0.0254477 0.0404988 0.0399941 0.0163061 0.0123622 0.0281366 0.0132939 0.00503314 0.056722 0.00936284 0.00405204 0.0614184 0.0088711 0.0525473 0.0220215 0.0206829 0.00675949
internal_count=24800 1231 1140 1132 794 384 410 354 228 189 126 87 338 85 146 91 76 58 88 59 46 178 59 41 253 68 185 56 81 40
cat_boundaries=0 1 2
cat_threshold=4 4
is_linear=0
shrinkage=0.05


Tree=194
num_leaves=31
num_cat=0
split_feature=4 8 11 5 10 11 4 11 4 2 14 17 11 15 17 4 1 11 4 2 4 17 5 15 19 14 19 4 14 4
split_gain=0.0574435 0.0172806 0.0154139 0.0257519 0.0227018 0.0210357 0.0184234 0.02008 0.0172088 0.0163943 0.0232917 0.0219416 0.0150073 0.0225009 0.0257689 0.0108188 0.00814495 0.012965 0.00719072 0.00710212 0.0162237 0.00652272 0.00633761 0.00549155 0.00311881 0.00488367 0.00260639 0.00231007 0.00164479 0.00371817
threshold=0.14328485885372114 155083767.50000003 0.025979923956329753 10008.500000000002 438.50000000000006 0.13965332614278322 0.74655719578933388 0.00014937442776370003 0.51056338028169035 63.500000000000007 0.55350000000000021 0.99995500000000004 0.0037336898812398503 0.9275000000000001 0.73689000000000016 0.46813506261180676 60.500000000000007 0.0082035660756168017 0.43154493343989836 67.500000000000014 0.99628718642629199 1.0317500000000001e-08 8001.5000000000009 0.20950000000000002 1.0000000180025095e-35 0.15150000000000002 1.0000000180025095e-35 0.51056338028169035 0.33250000000000007 0.57641196013289042
decision_type=2 10 10 10 10 10 2 10 2 2 10 10 10 10 10 2 2 10 2 2 2 8 10 8 8 8 8 2 10 2
left_child=-1 2 4 18 6 -5 9 -8 -7 10 11 15 19 14 16 21 17 -14 22 20 -6 -2 -4 -11 -9 -26 -20 -3 29 -25
right_child=1 27 3 5 12 8 7 24 -10 23 -12 -13 13 -15 -16 -17 -18 -19 26 -21 -22 -23 -24 28 25 -27 -28 -29 -30 -31
leaf_value=-0.05000018297122643 0.045232108938140142 0.0091161632341391578 -0.050080139263900841 -0.03735721126637196 0.040630526979994058 -0.023217988402951566 -0.03739124110975791 0.050073862661126449 0.050057667626615003 -0.020742398336292441 -0.041488943046012097 -0.025878033529505459 -0.040142750744271878 0.048863608770229161 0.042471729985038807 0.046785464859633002 -0.036956795831929901 0.024472271279316442 0.050065031870759051 -0.046009387065419634 -0.050301411742952454 -0.05004895658772264 0.045937479703230318 -0.022231965739990821 -0.033441527301334179 0.050011256649462592 0.018346783310808204 0.050035080262026146 0.0473768809172204 0.050021769558704438
leaf_weight=0.052527260140095677 0.0026876340371018168 0.0040622994579280194 0.0039074941388435027 0.02785796948251118 0.0088221363182583445 0.01316250961554033 0.0086721672996645793 0.043095948418340413 0.020478919526794925 0.0043683250130470688 0.037799361351972038 0.027778564694017405 0.014165408127610135 0.016907749218717072 0.017096577370466548 0.029484440678061219 0.052367715386253622 0.01717702253108655 0.049647989610093646 0.04349000553361293 0.011047978419810534 0.0054154954892737797 0.0030678124255700823 0.0030813603329988828 0.0030543106404365963 0.0041149836870317813 0.0074484986398601896 0.022853077047329862 0.019332579652200366 0.0042176509741693735
leaf_count=23569 14 42 44 32 49 17 5 154 61 26 20 38 8 55 80 43 39 36 146 19 2 39 7 33 4 38 33 98 33 16
internal_value=-0.000139991 0.00483286 0.00273098 0.017889 -0.00235595 -0.00522243 0.00957008 0.0328717 0.0213879 -0.000666058 -0.010247 0.00781928 -0.0150742 -0.00451368 -0.0134664 0.0327228 -0.0248909 -0.00473089 0.0400726 -0.0346942 -0.00992852 -0.0184463 -0.00785059 0.0312187 0.044994 0.0144581 0.0459272 0.0438592 0.0397418 0.019519
internal_weight=0.579191 0.526664 0.499749 0.125571 0.374177 0.0614994 0.193103 0.0589374 0.0336414 0.134165 0.103165 0.0653661 0.181075 0.117714 0.100807 0.0375876 0.0837101 0.0313424 0.0640718 0.0633601 0.0198701 0.00810313 0.00697531 0.0309999 0.0502652 0.00716929 0.0570965 0.0269154 0.0266316 0.00729901
internal_count=24800 1231 1091 340 751 110 463 201 78 262 154 134 288 218 163 96 83 44 230 70 51 53 51 108 196 42 179 140 82 49
is_linear=0
shrinkage=0.05


Tree=195
num_leaves=31
num_cat=1
split_feature=18 19 13 4 11 17 17 1 15 1 4 5 15 2 15 8 0 4 4 4 4 15 4 4 15 13 4 11 17 11
split_gain=0.0551136 0.0199783 0.0150345 0.0225327 0.0224973 0.0159422 0.0300063 0.0230904 0.0240279 0.0180924 0.0443978 0.0151617 0.0134967 0.014383 0.0260782 0.0213279 0.0204003 0.0124845 0.0121402 0.0097688 0.00924234 0.00787085 0.00658947 0.00649138 0.00623436 0.0306464 0.0046412 0.00442692 0.00318989 0.00118083
threshold=inf inf 0.12242500000000002 0.65360989230155575 0.0036325431929383005 6.0299500000000012e-26 3.1047500000000005e-24 39.500000000000007 0.25450000000000006 66.500000000000014 0.57641196013289042 86.500000000000014 1.5580000000000001 76.500000000000014 0.51550000000000018 43769096.500000007 0 0.46813506261180676 0.51056338028169035 0.40010890280424721 0.43154493343989836 0.87750000000000006 0.60357142857142876 0.46813506261180676 1.0675000000000001 0.30816500000000008 0.70622756144711418 0.19849856688470727 0.99930500000000011 0.00041977544215845004
decision_type=8 8 8 2 10 8 8 2 8 2 2 10 10 2 8 10 9 2 2 2 2 10 2 2 8 10 2 10 10 10
left_child=1 2 3 4 28 18 -7 8 -8 11 21 29 13 15 -15 26 24 -3 -4 -10 27 -11 -18 -23 25 -17 -13 -6 -1 -9
right_child=-2 17 5 -5 20 6 7 9 19 10 -12 12 -14 14 -16 16 22 -19 -20 -21 -22 23 -24 -25 -26 -27 -28 -29 -30 -31
leaf_value=0.015700443795585696 -0.050019438504616855 -0.050030027909155707 -0.050070934098742331 0.05003505328429822 -0.050030401235068273 -0.043906340595646853 -0.050241320356268951 0.0016545137906904602 -0.050019476876997183 -0.050160350064679761 0.050054322002678321 -0.025544097274620023 0.046671077444930348 -0.042342283051817302 0.042969583341439646 -0.047400944769314043 -0.050055989548178241 0.050031309135397245 0.050096846174211666 0.050059632327084061 0.050105334135577398 -0.050072800712115242 0.050084754473267303 0.050037757590782266 -0.048307357763048335 0.044590834549239608 0.050069563816619693 0.024215670445037557 -0.050457624333588913 0.044417680314876314
leaf_weight=0.0020391692587509161 0.05036762863619515 0.0034437769859323444 0.0035093699132175962 0.037551144541794201 0.0042717883193290618 0.043012927299287185 0.0078584639752534713 0.0018765373556561835 0.0025844078877526036 0.019160862155104041 0.040352219584747218 0.0025312206594207973 0.0080795136227607145 0.015080179971846519 0.022063756025545445 0.037302827273606454 0.0020029857532790638 0.03288202014300623 0.021910584429861046 0.043142313788848696 0.016627849545329809 0.00260447180983192 0.0091337550911703147 0.0042806403653230518 0.069774732524933825 0.011955207294704451 0.010236682453978574 0.0037879823557886994 0.017108960623090752 0.011552133477380266
leaf_count=94 20178 466 159 179 409 68 60 72 526 607 136 120 31 65 116 60 148 160 46 127 12 226 15 6 42 83 17 17 507 48
internal_value=-0.000132764 0.00481619 0.00206288 0.0216099 -0.00273997 -0.00201622 -0.00468551 0.000560588 0.0305233 -0.00543058 0.0172063 -0.0128866 -0.0165498 -0.0193862 0.00833356 -0.0265895 -0.0326384 0.0405452 0.0362681 0.0444033 0.0288061 -0.0336841 0.0320741 0.0121683 -0.038693 -0.025074 0.0350793 -0.0151358 -0.0434122 0.0384419
internal_weight=0.558086 0.507718 0.471393 0.0813869 0.0438358 0.390006 0.364586 0.321573 0.0535852 0.267988 0.0663982 0.20159 0.188161 0.180081 0.0371439 0.142937 0.13017 0.0363258 0.02542 0.0457267 0.0246876 0.026046 0.0111367 0.00688511 0.119033 0.049258 0.0127679 0.00805977 0.0191481 0.0134287
internal_count=24800 4622 3996 1218 1039 2778 2573 2505 713 1792 975 817 697 666 181 485 348 626 205 653 438 839 163 232 185 143 137 426 601 120
cat_boundaries=0 1
cat_threshold=4
is_linear=0
shrinkage=0.05


Tree=196
num_leaves=31
num_cat=0
split_feature=4 7 11 10 15 4 2 14 17 4 4 2 4 12 12 19 4 17 1 4 11 17 4 10 6 6 4 4 4 4
split_gain=0.0525614 0.0184892 0.0145086 0.0212688 0.0200691 0.0293904 0.0167949 0.0173729 0.0330009 0.0143394 0.0314058 0.00931755 0.00835975 0.00404713 0.00639122 0.00355479 0.00116645 0.000536217 2.60019e-06 3.11133e-08 2.92019e-08 1.40383e-08 8.25107e-09 4.03319e-09 2.76883e-09 2.66899e-09 1.97682e-09 1.87476e-09 1.51084e-09 6.9623e-10
threshold=0.36050541516245488 153932044.00000003 0.023094618389865155 496.50000000000006 1.4375000000000002 0.57641196013289042 78.500000000000014 0.50250000000000006 0.99999500000000008 0.99628718642629199 0.69563998830181328 52.500000000000007 0.46813506261180676 0.32045752213721845 0.31800317690468421 1.0000000180025095e-35 0.46813506261180676 0.99999500000000008 43.500000000000007 0.99628718642629199 0.026785960962616505 2.2663000000000002e-15 0.99628718642629199 185.50000000000003 0.00045250000000000005 0.00039750000000000007 0.71432308209708173 0.64350460219812455 0.70622756144711418 0.99628718642629199
decision_type=2 10 10 10 10 2 2 10 10 2 2 2 2 8 10 8 2 10 2 2 10 10 2 10 10 8 2 2 2 2
left_child=13 2 3 6 5 -4 7 8 12 10 -5 -9 -2 14 -1 21 -8 18 -3 28 -7 -14 24 27 -22 -12 -20 -23 -18 -28
right_child=1 17 4 9 -6 20 16 11 -10 -11 25 -13 15 -15 -16 -17 19 -19 26 -21 22 23 -24 -25 -26 -27 29 -29 -30 -31
leaf_value=-0.050013103780106143 -0.014743165800293785 0.048621002429344112 -0.0084534306118102583 -0.021648644346197718 -0.020403159797706499 0.050128722292435215 0.029210138928400811 0.0048245428100182003 -0.02747846367994998 -0.029342497858580414 0.050019514875048576 -0.036632229868331 0.05010925555985403 -0.050000826988961147 0.049841621889222386 0.010258926583700066 0.050043115258177943 0.031428385292115626 0.050053474913827251 0.050154047007870566 0.050015206377188183 0.050051774179671431 0.050064666129374803 0.050062940662495607 0.050055673678770209 0.050057752004489378 0.050007844465451479 0.050019115165306043 0.050007166505525197 0.050037833447159945
leaf_weight=0.0038421959135348507 0.0065959782623394849 0.0039979357570700804 0.033661323752312455 0.048393667784694117 0.026600018154567806 0.010905596878728829 0.0099090725707355887 0.023276266820175806 0.028548537564347498 0.086811104789376259 0.015939426633849507 0.032446871937281685 0.0094250189504236914 0.051015965337001035 0.002748964520037589 0.0064159691683016709 0.0074655409189290367 0.0049124735360237528 0.0089566876413300633 0.0083760013803839684 0.024993150942464126 0.0059889633557759217 0.018248917156597599 0.012832586624426767 0.0050873644358944139 0.0063945352994778651 0.0050003472497337498 0.016502026057423791 0.0048032045051513705 0.0031575125030940399
leaf_count=818 8 18 25 30 31 14 4 32 26 18 86 24 10 23117 5 33 15 22 12 4 177 7 22 32 14 16 47 84 43 6
internal_value=-0.00013059 0.00533243 0.00296074 -0.00244305 0.0178894 0.0288541 0.00968226 0.002448 0.0164988 -0.0157265 0.00098577 -0.0193152 0.0382349 -0.0452372 -0.00836686 0.0450647 0.0433114 0.0463071 0.0497691 0.0500798 0.0500548 0.050055 0.0500381 0.0500406 0.0500221 0.0500305 0.0500373 0.0500278 0.050029 0.0500195
internal_weight=0.533253 0.475646 0.449621 0.330125 0.119496 0.0928964 0.172586 0.142032 0.0863091 0.157539 0.0707276 0.0557231 0.0577605 0.0576071 0.00659116 0.0511646 0.0305538 0.026025 0.0211125 0.0206447 0.059235 0.0447486 0.0483294 0.0353236 0.0300805 0.022334 0.0171145 0.022491 0.0122687 0.00815786
internal_count=24800 860 755 472 283 252 322 256 200 150 132 56 174 23940 823 166 66 105 83 62 227 133 213 123 191 102 65 91 58 53
is_linear=0
shrinkage=0.05


Tree=197
num_leaves=31
num_cat=1
split_feature=18 19 14 4 11 17 17 1 1 4 15 15 2 15 8 14 17 4 4 0 4 4 15 4 4 4 11 1 10 15
split_gain=0.0503889 0.0185817 0.0142546 0.0204082 0.0213201 0.0144199 0.0277113 0.0239369 0.0213253 0.0425556 0.0173311 0.0134944 0.0148882 0.0241285 0.0218573 0.0134682 0.0307106 0.0116222 0.0112266 0.0109248 0.0089034 0.00880301 0.00763993 0.00708022 0.0061042 0.00525629 0.00398628 0.00301741 0.00293876 0.00190426
threshold=inf inf 0.061500000000000006 0.65360989230155575 0.0036325431929383005 6.0299500000000012e-26 8.4312500000000021e-25 39.500000000000007 66.500000000000014 0.57641196013289042 0.25450000000000006 1.5580000000000001 76.500000000000014 0.51550000000000018 43769096.500000007 0.57550000000000001 0.00030838500000000005 0.46813506261180676 0.51056338028169035 0 0.43154493343989836 0.40010890280424721 0.87750000000000006 0.51056338028169035 0.46813506261180676 0.62284482758620696 0.19849856688470727 48.500000000000007 72.500000000000014 0.18050000000000002
decision_type=8 8 8 2 10 8 8 2 2 2 8 10 2 8 10 8 10 2 2 9 2 2 10 2 2 2 10 2 10 8
left_child=1 2 3 4 28 18 -7 10 11 22 29 12 14 -14 23 16 -16 -3 -4 27 26 -12 -10 -9 -24 -21 -6 -18 -1 -8
right_child=-2 17 5 -5 20 6 7 8 9 -11 21 -13 13 -15 15 -17 19 -19 -20 25 -22 -23 24 -25 -26 -27 -28 -29 -30 -31
leaf_value=0.014842873617046212 -0.050018937304348088 -0.050028914064736696 -0.0500662649770936 0.05003581455957859 -0.050028128344345196 -0.050343958877956452 -0.003134015909780324 -0.050002261871286306 -0.050151486590804401 0.050050073744905402 -0.050018976396881631 0.046157129036673371 -0.040531942962157973 0.041428488179152664 0.044374045040675207 -0.0505884720859116 -0.04916372351319509 0.050028673597776609 0.050087353488515333 -0.050057244501685409 0.050099539742618084 0.050056824522360335 -0.050068074910835425 0.050073116831680309 0.050036329224862654 0.050046712749306201 0.02255891041340843 -0.024932200089827702 -0.050428076187952003 -0.050266639668697766
leaf_weight=0.0019349004896866964 0.04609362867620348 0.0032071860337055105 0.0032550565329074735 0.034595282842929009 0.0039865166905883589 0.030325179265560109 0.0035115013616859878 0.0020808840465633702 0.018085997522803154 0.040233486884972081 0.0023261550313691251 0.0086814718179084593 0.014500652787091894 0.023585099052525038 0.015780852192733619 0.053134184205191559 0.03720414605629685 0.030518647468852578 0.019928522640839219 0.0017431642651217763 0.016122201253892854 0.039705580154986819 0.0024192373643927558 0.011731363036233233 0.0041101125243585557 0.0052936096035409719 0.0035989832231280161 0.019623794731046473 0.015859345712783579 0.005498863423781585
leaf_count=81 20178 466 159 177 409 55 25 147 634 141 512 37 81 137 149 64 35 160 46 84 13 125 231 22 6 12 19 59 474 62
internal_value=-0.000118133 0.00474898 0.00200049 0.0216753 -0.00196547 -0.00212677 -0.00473151 -0.000258739 -0.00644358 0.0183685 0.0310287 -0.0147651 -0.0176289 0.0102231 -0.0248651 -0.0310921 -0.0180855 0.0405136 0.0360254 -0.0335191 0.0290819 0.0445183 -0.0334146 0.0349963 0.0129459 0.0252488 -0.0155888 -0.0407961 -0.0433307 -0.0318982
internal_weight=0.518676 0.472582 0.438856 0.0760972 0.0415019 0.362759 0.339575 0.30925 0.258208 0.0648488 0.0510421 0.193359 0.184678 0.0380858 0.146592 0.13278 0.0796456 0.0337258 0.0231836 0.0638647 0.0237077 0.0420317 0.0246153 0.0138122 0.00652935 0.00703677 0.0075855 0.0568279 0.0177942 0.00901036
internal_count=24800 4622 3996 1173 996 2823 2618 2563 1839 1012 724 827 790 218 572 403 339 626 205 190 441 637 871 169 237 96 428 94 555 87
cat_boundaries=0 1
cat_threshold=4
is_linear=0
shrinkage=0.05


Tree=198
num_leaves=31
num_cat=0
split_feature=18 19 13 4 11 15 15 7 6 2 7 15 7 4 4 1 4 6 1 4 1 4 4 4 17 10 13 15 4 12
split_gain=0.0479117 0.0176905 0.0135313 0.0197803 0.0200134 0.0141526 0.0170015 0.0183131 0.0220253 0.0218933 0.0176789 0.0314413 0.0208597 0.0200193 0.0163841 0.0187141 0.0146154 0.0138858 0.0115242 0.011055 0.00844604 0.00825264 0.00601477 0.00506956 0.00488933 0.00474924 0.0107694 0.00402867 0.00377338 0.00305508
threshold=inf inf 0.12242500000000002 0.65360989230155575 0.0036325431929383005 0.24650000000000002 0.36150000000000004 52992621.000000007 0.019478000000000006 78.500000000000014 66509900.000000007 0.47650000000000003 95787019.500000015 0.7219242814777862 0.51056338028169035 24.500000000000004 0.46813506261180676 7.1500000000000017e-05 39.500000000000007 0.46813506261180676 36.500000000000007 0.43154493343989836 0.40010890280424721 0.57641196013289042 6.8809000000000005e-13 692.50000000000011 0.65240500000000001 0.38150000000000006 0.46813506261180676 0.25557890745541573
decision_type=8 8 8 2 10 8 8 10 8 2 10 10 10 2 2 2 2 10 2 2 2 2 2 2 10 10 10 10 2 10
left_child=1 2 3 4 -1 -4 23 8 14 10 25 -12 13 18 17 -16 -11 20 -13 -3 22 27 -8 -7 -20 26 -9 -6 -26 -22
right_child=-2 19 5 -5 21 6 7 9 -10 16 11 12 -14 -15 15 -17 -18 -19 24 -21 29 -23 -24 -25 28 -27 -28 -29 -30 -31
leaf_value=-0.043114180225946153 -0.050018016413295598 -0.050027502091918696 -0.043724935804845877 0.050031987657564253 -0.050030693324705104 -0.050000353754700723 -0.050067519621037296 -0.046308383735349817 -0.048117952197889273 -0.050041592283527961 -0.043232848646439372 0.047360057338975206 0.046303478234839185 0.050046666094828218 -0.015004036809730253 0.050072420428386305 0.050114474722048302 0.040745991946333882 -0.049884169290816426 0.050027275611972399 0.039104951408271554 0.050096547605727015 0.050072708938354055 0.050044231896583719 -0.050057902339148336 -0.047855784023424427 0.049976028208210094 0.024569832035791828 0.050028582046759695 -0.050219237123930074
leaf_weight=0.017060389147218302 0.043846403679708601 0.0030508535171520626 0.019297677783015388 0.033225157010747353 0.0038382867585369232 0.0013526222559221415 0.0021588959515383968 0.0085559462575020007 0.012970304497912366 0.0044465323240956414 0.037893427506901389 0.0042512887745260733 0.028453984866246174 0.010676330526621314 0.014091415770963067 0.051141649531928124 0.020143570138316136 0.010987151811264084 0.023259323080878858 0.029031026391749037 0.0010151748050475353 0.014970923453802243 0.0049092566478066146 0.019832368740026141 0.0015597244253058298 0.046567228871253974 0.0043964237290765604 0.003424305778935377 0.0023766850426909514 0.016775643434243648
leaf_count=601 20178 466 118 179 409 415 112 59 15 308 208 59 342 32 26 138 48 197 86 160 15 12 5 53 56 102 8 17 7 369
internal_value=-0.000117227 0.00472648 0.00199056 0.0216339 -0.00237825 -0.00211335 0.000336227 -0.00265677 0.0132215 -0.0120601 -0.0185101 -0.00649495 0.0132299 -0.00911111 0.0210925 0.0360148 0.0320036 -0.00606342 -0.0291953 0.0405125 -0.0267522 0.0288796 0.0194859 0.0436566 -0.0411626 -0.040407 -0.0136266 -0.0148566 0.0103713 -0.0451222
internal_weight=0.49556 0.451714 0.419632 0.0725191 0.0392939 0.347113 0.327815 0.30663 0.114049 0.19258 0.16799 0.108471 0.0705773 0.0421234 0.101079 0.0652331 0.0245901 0.0358461 0.031447 0.0320819 0.024859 0.0222335 0.00706815 0.021185 0.0271957 0.0595196 0.0129524 0.00726259 0.00393641 0.0177908
internal_count=24800 4622 3996 1218 1039 2778 2660 2192 877 1315 959 790 582 240 862 164 356 698 208 626 501 438 117 468 149 169 67 426 63 384
is_linear=0
shrinkage=0.05


Tree=199
num_leaves=31
num_cat=0
split_feature=4 7 8 1 1 11 7 8 17 4 6 6 2 4 17 15 18 12 12 17 2 17 1 4 4 4 15 14 6 4
split_gain=0.0455975 0.0160032 0.0129793 0.0147839 0.0242111 0.0392628 0.0185805 0.0246609 0.0138681 0.0123403 0.0115407 0.0182229 0.0226835 0.00943862 0.00860887 0.00488817 0.00438868 0.00370448 0.00575245 0.00329407 0.000544691 0.000524326 2.27036e-06 4.65433e-08 8.51669e-09 6.52231e-09 4.44848e-09 3.99152e-09 2.31783e-09 1.42307e-09
threshold=0.36050541516245488 153932044.00000003 154303116.00000003 74.500000000000014 60.500000000000007 0.0084122604638494514 89571937.000000015 47123753.000000007 3.0038500000000009e-17 0.51056338028169035 9.5000000000000022e-06 0.023600000000000003 20.500000000000004 0.57641196013289042 8.4312500000000021e-25 0.79350000000000021 1.0000000180025095e-35 0.32045752213721845 0.31800317690468421 6.3598000000000021e-14 65.500000000000014 0.99999500000000008 45.500000000000007 0.99628718642629199 0.57641196013289042 0.99628718642629199 0.58450000000000013 1.0215000000000003 0.00043737300000000007 0.71432308209708173
decision_type=2 10 10 2 2 10 10 10 8 2 10 10 2 2 8 10 8 8 10 8 2 10 2 2 2 2 10 8 10 2
left_child=17 2 3 4 5 6 7 8 -2 -5 19 12 -12 -7 -11 -9 26 18 -1 -6 -14 22 -3 27 -10 28 -8 -15 -16 -24
right_child=1 21 -4 9 10 13 16 15 24 14 11 -13 20 23 25 -17 -18 -19 -20 -21 -22 -23 29 -25 -26 -27 -28 -29 -30 -31
leaf_value=-0.050012199297202679 -0.0054919749070303711 0.048686237928614859 -0.050294390012809512 -0.0067187647221212555 -0.049876251370986842 0.0069950079960844798 0.050083667070031791 -0.015364459190599767 0.050088895591420816 0.00082878884586846133 -0.050435917563803515 -0.050428364496136982 0.050068157510355683 0.050017488446377226 0.050019443113444285 -0.042799622439182033 0.0056574223908119475 -0.050000787161973974 0.049814946082350653 -0.025371434721787985 0.033939397482175102 0.030453767275472433 0.050048413132437297 0.050118058739388495 0.050017681788388092 0.050072662754449118 0.050029249975364211 0.050071191490882697 0.050053620220191386 0.050016945266320868
leaf_weight=0.0034199888757484578 0.033699506981065497 0.0039996297018660689 0.011139359878143296 0.021434506341392989 0.022618939179665176 0.016637297740089707 0.0062137545210134695 0.025564078750903718 0.0078966471046442166 0.011566476321604569 0.0085682924836874008 0.013314176467247307 0.015539279236691073 0.024608952553535346 0.020037291436892701 0.044493301829788834 0.0086237916730169673 0.044509276054668589 0.0024965307455886432 0.03483534654151299 0.0078938269361970015 0.0043602137702691826 0.0073510671427357011 0.025355066347401589 0.0089645298248797189 0.011722409093636088 0.0094935468951007351 0.0040261090907733879 0.0065931106837524558 0.0070274040190270171
leaf_count=818 22 20 3 23 6 19 12 29 6 17 1 3 35 180 143 22 24 23117 5 37 30 22 11 20 52 15 30 8 18 52
internal_value=-0.000113898 0.00523679 0.00292206 0.00444322 -0.000167378 0.00935312 -0.00554181 -0.013582 0.0130307 0.0250135 -0.0201382 -0.00127168 0.0191799 0.0399221 0.0386388 -0.0327885 0.0343162 -0.0450598 -0.0078892 -0.0350186 0.0446349 0.0460417 0.0497399 0.0500687 0.050051 0.0500416 0.0500508 0.050025 0.0500279 0.050033
internal_weight=0.474004 0.423578 0.40084 0.3897 0.318346 0.215577 0.144949 0.120618 0.0505607 0.0713538 0.10277 0.0453156 0.0320014 0.0706274 0.0499193 0.0700574 0.0243311 0.0504258 0.00591652 0.0574543 0.0234331 0.0227383 0.0183781 0.0539901 0.0168612 0.0383528 0.0157073 0.0286351 0.0266304 0.0143785
internal_count=24800 860 755 752 536 424 197 131 80 216 112 69 66 227 193 51 66 23940 823 43 65 105 83 208 58 176 42 188 161 63
is_linear=0
shrinkage=0.05


end of trees

feature_importances:
phenotype_similarity_score=1865
pLI=571
overlap_fraction_of_gene=546
simulated_genotype_quality=381
oe_lof_upper=367
deletion_size=352
simulated_read_depth=290
gene_start_position=272
oe_lof_lower=254
oe_lof=234
haploinsufficiency_score=212
allele_frequency=175
triplosensitivity_score=130
overlap_length=121
overlap_fraction_of_deletion=86
gene_end_position=72
zygosity=44
oe_lof_upper_rank=23
simulated_filter_status=1

parameters:
[boosting: gbdt]
[objective: binary]
[metric: auc]
[tree_learner: serial]
[device_type: cpu]
[data_sample_strategy: bagging]
[data: ]
[valid: ]
[num_iterations: 200]
[learning_rate: 0.05]
[num_leaves: 31]
[num_threads: 0]
[seed: 42]
[deterministic: 0]
[force_col_wise: 0]
[force_row_wise: 0]
[histogram_pool_size: -1]
[max_depth: -1]
[min_data_in_leaf: 20]
[min_sum_hessian_in_leaf: 0.001]
[bagging_fraction: 1]
[pos_bagging_fraction: 1]
[neg_bagging_fraction: 1]
[bagging_freq: 0]
[bagging_seed: 400]
[bagging_by_query: 0]
[feature_fraction: 1]
[feature_fraction_bynode: 1]
[feature_fraction_seed: 30056]
[extra_trees: 0]
[extra_seed: 12879]
[early_stopping_round: 0]
[early_stopping_min_delta: 0]
[first_metric_only: 0]
[max_delta_step: 0]
[lambda_l1: 0]
[lambda_l2: 0]
[linear_lambda: 0]
[min_gain_to_split: 0]
[drop_rate: 0.1]
[max_drop: 50]
[skip_drop: 0.5]
[xgboost_dart_mode: 0]
[uniform_drop: 0]
[drop_seed: 17869]
[top_rate: 0.2]
[other_rate: 0.1]
[min_data_per_group: 100]
[max_cat_threshold: 32]
[cat_l2: 10]
[cat_smooth: 10]
[max_cat_to_onehot: 4]
[top_k: 20]
[monotone_constraints: ]
[monotone_constraints_method: basic]
[monotone_penalty: 0]
[feature_contri: ]
[forcedsplits_filename: ]
[refit_decay_rate: 0.9]
[cegb_tradeoff: 1]
[cegb_penalty_split: 0]
[cegb_penalty_feature_lazy: ]
[cegb_penalty_feature_coupled: ]
[path_smooth: 0]
[interaction_constraints: ]
[verbosity: -1]
[saved_feature_importance_type: 0]
[use_quantized_grad: 0]
[num_grad_quant_bins: 4]
[quant_train_renew_leaf: 0]
[stochastic_rounding: 1]
[linear_tree: 0]
[max_bin: 255]
[max_bin_by_feature: ]
[min_data_in_bin: 3]
[bin_construct_sample_cnt: 200000]
[data_random_seed: 175]
[is_enable_sparse: 1]
[enable_bundle: 1]
[use_missing: 1]
[zero_as_missing: 0]
[feature_pre_filter: 1]
[pre_partition: 0]
[two_round: 0]
[header: 0]
[label_column: ]
[weight_column: ]
[group_column: ]
[ignore_column: ]
[categorical_feature: 0,3,9]
[forcedbins_filename: ]
[precise_float_parser: 0]
[parser_config_file: ]
[objective_seed: 16083]
[num_class: 1]
[is_unbalance: 0]
[scale_pos_weight: 1]
[sigmoid: 1]
[boost_from_average: 1]
[reg_sqrt: 0]
[alpha: 0.9]
[fair_c: 1]
[poisson_max_delta_step: 0.7]
[tweedie_variance_power: 1.5]
[lambdarank_truncation_level: 30]
[lambdarank_norm: 1]
[label_gain: ]
[lambdarank_position_bias_regularization: 0]
[eval_at: ]
[multi_error_top_k: 1]
[auc_mu_weights: ]
[num_machines: 1]
[local_listen_port: 12400]
[time_out: 120]
[machine_list_filename: ]
[machines: ]
[gpu_platform_id: -1]
[gpu_device_id: -1]
[gpu_device_id_list: ]
[gpu_use_dp: 0]
[num_gpu: 1]

end of parameters

pandas_categorical:[["hemizygous", "heterozygous", "homozygous"], ["LOWQUAL", "PASS"], ["TEC", "TR_C_gene", "TR_J_gene", "TR_V_gene", "TR_V_pseudogene", "lncRNA", "miRNA", "misc_RNA", "processed_pseudogene", "protein_coding", "rRNA_pseudogene", "snRNA", "snoRNA", "transcribed_processed_pseudogene", "transcribed_unitary_pseudogene", "transcribed_unprocessed_pseudogene", "unitary_pseudogene", "unprocessed_pseudogene", "vault_RNA"]]
